0 1
0 2
0 3
0 4
0 5
0 6
0 7
0 8
0 9
0 10
0 11
0 12
0 13
0 14
0 15
0 16
0 17
0 18
0 19
0 20
0 21
0 22
0 24
0 25
0 28
0 29
0 32
0 35
0 39
0 40
0 47
0 50
0 51
0 57
0 61
0 64
0 65
0 78
0 79
0 80
0 84
0 87
0 90
0 95
0 96
0 104
0 107
0 108
0 109
0 119
0 125
0 126
0 127
0 129
0 132
0 141
0 142
0 143
0 145
0 146
0 147
0 148
0 152
0 156
0 157
0 164
0 170
0 172
0 176
0 178
0 185
0 186
0 188
0 189
0 195
0 199
0 203
0 204
0 223
0 224
0 232
0 233
0 250
0 252
0 254
0 258
0 265
0 272
0 275
0 297
0 308
0 311
0 321
0 324
0 328
0 333
0 354
0 355
0 356
0 364
0 395
0 397
0 398
0 411
0 414
0 418
0 419
0 427
0 431
0 444
0 451
0 478
0 481
0 492
0 499
0 520
0 541
0 559
0 579
0 591
0 598
0 613
0 621
0 635
0 641
0 645
0 652
0 672
0 681
0 684
0 687
0 716
0 728
0 743
0 757
0 775
0 784
0 822
0 825
0 831
0 836
0 856
0 875
0 890
0 911
0 914
0 916
0 917
0 934
0 949
0 988
0 989
0 1007
0 1019
0 1033
0 1043
0 1046
0 1079
0 1084
0 1089
0 1101
0 1109
0 1110
0 1153
0 1159
0 1161
0 1165
0 1182
0 1189
0 1223
0 1234
0 1250
0 1262
0 1274
0 1279
0 1313
0 1360
0 1428
0 1466
0 1476
0 1477
0 1492
0 1534
0 1549
0 1559
0 1564
0 1567
0 1669
0 1680
0 1690
0 1702
0 1725
0 1794
0 1818
0 1852
0 1858
0 1884
0 1891
0 1917
0 1922
0 1929
0 1937
0 1966
0 1974
0 1987
0 1991
0 1997
0 2013
0 2017
0 2053
0 2061
0 2064
0 2066
0 2072
0 2074
0 2112
0 2117
0 2140
0 2178
0 2182
0 2209
0 2223
0 2267
0 2294
0 2310
0 2325
0 2326
0 2346
0 2370
0 2372
0 2383
0 2418
0 2441
0 2444
0 2448
0 2462
0 2488
0 2503
0 2529
0 2534
0 2576
0 2581
0 2588
0 2659
0 2665
0 2746
0 2747
0 2749
0 2766
0 2767
0 2807
0 2821
0 2837
0 2864
0 2992
0 3007
0 3030
0 3037
0 3070
0 3082
0 3117
0 3147
0 3184
0 3190
0 3192
0 3286
0 3311
0 3313
0 3321
0 3327
0 3339
0 3348
0 3364
0 3379
0 3410
0 3423
0 3455
0 3457
0 3458
0 3538
0 3552
0 3557
0 3573
0 3581
0 3598
0 3612
0 3613
0 3625
0 3688
0 3783
0 3833
0 3837
0 3873
0 3899
0 3964
0 4008
0 4026
0 4065
0 4113
0 4133
0 4143
0 4146
0 4156
0 4241
0 4245
0 4252
0 4290
0 4302
0 4304
0 4333
0 4337
0 4344
0 4372
0 4373
0 4385
0 4390
0 4447
0 4522
0 4533
0 4583
0 4615
0 4645
0 4659
0 4686
0 4689
0 4693
0 4730
0 4799
0 4802
0 4868
0 4876
0 4880
0 4925
0 4964
0 4967
0 4980
0 4997
0 4998
0 5008
0 5021
0 5050
0 5058
0 5084
0 5106
0 5168
0 5176
0 5181
0 5198
0 5252
0 5257
0 5334
0 5345
0 5371
0 5428
0 5450
0 5466
0 5538
0 5542
0 5547
0 5786
0 5801
0 5820
0 5822
0 5834
0 5843
0 5851
0 5860
0 5869
0 5889
0 5913
0 5939
0 5951
0 5958
0 5965
0 5996
0 6005
0 6022
0 6046
0 6059
0 6122
0 6135
0 6140
0 6153
0 6170
0 6173
0 6204
0 6238
0 6262
0 6265
0 6342
0 6344
0 6366
0 6406
0 6407
0 6522
0 6542
0 6577
0 6588
0 6597
0 6599
0 6609
0 6724
0 6728
0 6739
0 6756
0 6810
0 6813
0 6840
0 6862
0 6898
0 6901
0 6922
0 6971
0 7004
0 7032
0 7038
0 7079
0 7099
0 7134
0 7159
0 7207
0 7442
0 7482
0 7525
0 7571
0 7582
0 7611
0 7676
0 7754
0 7784
0 7798
0 7803
0 7853
0 7895
0 7920
0 7938
0 7995
0 8008
0 8049
0 8052
0 8089
0 8112
0 8126
0 8180
0 8190
0 8238
0 8268
0 8285
0 8286
0 8291
0 8306
0 8323
0 8341
0 8349
0 8511
0 8527
0 8563
0 8605
0 8694
0 8709
0 8761
0 8852
0 8948
0 8974
0 9019
0 9030
0 9054
0 9070
0 9102
0 9106
0 9130
0 9149
0 9191
0 9194
0 9200
0 9201
0 9208
0 9212
0 9215
0 9237
0 9253
0 9256
0 9267
0 9306
0 9402
0 9418
0 9444
0 9557
0 9587
0 9625
0 9647
0 9668
0 9699
0 9751
0 9752
0 9755
0 9792
0 9916
0 9970
1 11
1 12
1 13
1 16
1 33
1 34
1 38
1 39
1 53
1 72
1 73
1 93
1 109
1 140
1 174
1 190
1 243
1 296
1 347
1 549
1 567
1 575
1 813
1 966
1 973
1 1036
1 1103
1 1180
1 1187
1 1221
1 1529
1 1590
1 1613
1 1662
1 1668
1 1712
1 1721
1 1879
1 1929
1 1987
1 2248
1 2517
1 2623
1 2633
1 2854
1 2876
1 2984
1 3045
1 3079
1 3173
1 3177
1 3301
1 3650
1 3748
1 3819
1 4120
1 4320
1 4763
1 4808
1 4980
1 5106
1 5425
1 5577
1 5885
1 5997
1 6068
1 6237
1 6277
1 6354
1 6372
1 6664
1 6930
1 7319
1 7340
1 7547
1 7596
1 7798
1 8196
1 8361
1 8947
1 9448
1 9827
2 11
2 12
2 13
2 14
2 17
2 19
2 21
2 23
2 27
2 30
2 33
2 34
2 35
2 37
2 38
2 40
2 42
2 43
2 48
2 49
2 56
2 62
2 89
2 93
2 94
2 105
2 120
2 128
2 143
2 155
2 192
2 194
2 206
2 216
2 227
2 235
2 240
2 277
2 294
2 322
2 335
2 337
2 340
2 343
2 362
2 395
2 396
2 424
2 439
2 447
2 476
2 495
2 498
2 569
2 634
2 639
2 641
2 655
2 672
2 678
2 702
2 707
2 763
2 849
2 850
2 871
2 936
2 961
2 971
2 985
2 990
2 997
2 1040
2 1086
2 1100
2 1152
2 1210
2 1215
2 1223
2 1225
2 1266
2 1281
2 1285
2 1334
2 1362
2 1365
2 1390
2 1443
2 1479
2 1492
2 1515
2 1566
2 1604
2 1620
2 1653
2 1658
2 1663
2 1710
2 1725
2 1787
2 1794
2 1826
2 1866
2 1882
2 1979
2 1984
2 2007
2 2142
2 2193
2 2218
2 2354
2 2408
2 2479
2 2487
2 2528
2 2557
2 2562
2 2605
2 2656
2 2723
2 2730
2 2858
2 2903
2 2910
2 2963
2 2969
2 3040
2 3377
2 3426
2 3482
2 3489
2 3495
2 3516
2 3567
2 3662
2 3699
2 3734
2 3788
2 3810
2 3813
2 3826
2 3904
2 4146
2 4151
2 4169
2 4226
2 4228
2 4281
2 4406
2 4409
2 4482
2 4529
2 4548
2 4638
2 4643
2 4667
2 4768
2 4834
2 4878
2 4927
2 4948
2 5031
2 5117
2 5271
2 5484
2 5490
2 5732
2 5840
2 5841
2 5905
2 5950
2 5967
2 6016
2 6093
2 6250
2 6321
2 6337
2 6521
2 6822
2 6853
2 6877
2 6917
2 6950
2 6991
2 6995
2 7019
2 7102
2 7182
2 7232
2 7544
2 7818
2 7913
2 7923
2 7969
2 8073
2 8191
2 8499
2 8509
2 8515
2 8639
2 8644
2 8687
2 8827
2 8897
2 8984
2 9076
2 9162
2 9271
2 9461
2 9605
2 9669
2 9875
2 9912
3 11
3 13
3 14
3 21
3 23
3 25
3 34
3 36
3 39
3 40
3 41
3 43
3 45
3 53
3 62
3 81
3 83
3 89
3 99
3 109
3 120
3 124
3 127
3 148
3 150
3 157
3 175
3 185
3 190
3 202
3 217
3 226
3 239
3 259
3 260
3 269
3 282
3 306
3 317
3 326
3 330
3 343
3 355
3 368
3 382
3 397
3 423
3 437
3 476
3 480
3 506
3 550
3 579
3 584
3 600
3 674
3 685
3 687
3 708
3 738
3 756
3 782
3 787
3 808
3 827
3 844
3 887
3 900
3 935
3 943
3 948
3 1014
3 1033
3 1061
3 1062
3 1080
3 1082
3 1172
3 1232
3 1290
3 1319
3 1321
3 1355
3 1367
3 1392
3 1395
3 1410
3 1445
3 1614
3 1658
3 1666
3 1754
3 1773
3 1869
3 1872
3 1945
3 2036
3 2062
3 2086
3 2222
3 2251
3 2310
3 2335
3 2471
3 2477
3 2490
3 2571
3 2621
3 2642
3 2815
3 2846
3 2879
3 2922
3 2926
3 3015
3 3019
3 3032
3 3033
3 3064
3 3128
3 3135
3 3165
3 3189
3 3242
3 3302
3 3375
3 3568
3 3642
3 3649
3 3698
3 3716
3 3719
3 3729
3 3985
3 4063
3 4088
3 4101
3 4184
3 4261
3 4273
3 4328
3 4338
3 4353
3 4378
3 4382
3 4698
3 4718
3 4810
3 4835
3 4838
3 4889
3 4952
3 4957
3 4958
3 5058
3 5075
3 5088
3 5145
3 5146
3 5272
3 5286
3 5518
3 5746
3 5834
3 5970
3 6216
3 6301
3 6343
3 6356
3 6437
3 6443
3 6506
3 6532
3 6620
3 6624
3 6632
3 6694
3 6765
3 6852
3 7000
3 7190
3 7352
3 7441
3 7478
3 7557
3 7585
3 7748
3 8022
3 8036
3 8051
3 8347
3 8361
3 8366
3 8384
3 8454
3 8515
3 8596
3 8645
3 8729
3 8740
3 8874
3 9068
3 9260
3 9468
3 9490
3 9683
3 9692
3 9922
3 9954
4 11
4 12
4 17
4 19
4 20
4 21
4 24
4 31
4 32
4 46
4 61
4 79
4 86
4 88
4 102
4 111
4 117
4 134
4 147
4 179
4 184
4 201
4 202
4 208
4 226
4 235
4 248
4 249
4 261
4 288
4 302
4 314
4 319
4 322
4 340
4 490
4 556
4 574
4 580
4 585
4 613
4 616
4 622
4 631
4 637
4 639
4 716
4 735
4 772
4 774
4 776
4 804
4 827
4 857
4 888
4 893
4 913
4 963
4 972
4 1010
4 1022
4 1051
4 1105
4 1148
4 1259
4 1269
4 1278
4 1315
4 1444
4 1509
4 1538
4 1553
4 1575
4 1644
4 1671
4 1687
4 1770
4 1783
4 1860
4 1863
4 1894
4 1923
4 1998
4 2070
4 2203
4 2325
4 2345
4 2414
4 2498
4 2519
4 2666
4 2690
4 2737
4 2783
4 2857
4 2861
4 2931
4 2990
4 3002
4 3009
4 3031
4 3039
4 3042
4 3051
4 3061
4 3123
4 3142
4 3241
4 3266
4 3292
4 3335
4 3348
4 3423
4 3442
4 3497
4 3559
4 3602
4 3642
4 3783
4 3841
4 3903
4 3987
4 4365
4 4394
4 4591
4 4608
4 4657
4 4866
4 4868
4 4892
4 4899
4 4937
4 5125
4 5135
4 5676
4 5736
4 5772
4 5797
4 6096
4 6113
4 6229
4 6415
4 6504
4 6551
4 6579
4 6711
4 6764
4 6833
4 6842
4 7131
4 7426
4 7499
4 7579
4 7806
4 7818
4 8170
4 8196
4 8372
4 8402
4 8429
4 8484
4 8503
4 8527
4 8762
4 8784
4 8973
4 9071
4 9248
4 9323
4 9412
4 9589
4 9701
4 9810
4 9826
4 9881
4 9913
4 9978
5 11
5 12
5 13
5 14
5 15
5 17
5 28
5 33
5 39
5 43
5 45
5 48
5 49
5 53
5 87
5 106
5 177
5 289
5 332
5 336
5 356
5 381
5 408
5 423
5 497
5 499
5 509
5 552
5 561
5 572
5 589
5 608
5 658
5 706
5 727
5 823
5 889
5 893
5 900
5 969
5 992
5 1072
5 1113
5 1154
5 1166
5 1191
5 1230
5 1238
5 1311
5 1503
5 1548
5 1629
5 1642
5 1651
5 1713
5 1792
5 1798
5 1829
5 1877
5 1952
5 2055
5 2066
5 2107
5 2125
5 2155
5 2245
5 2267
5 2496
5 2640
5 2717
5 3590
5 3952
5 3976
5 4241
5 4275
5 4295
5 4358
5 4366
5 4480
5 4499
5 4544
5 4869
5 4927
5 4945
5 4990
5 5043
5 5050
5 5134
5 5283
5 5398
5 5420
5 5454
5 5518
5 5546
5 5684
5 5695
5 5898
5 5942
5 6139
5 6511
5 6522
5 6616
5 6745
5 6748
5 6875
5 7042
5 7092
5 7112
5 7145
5 7171
5 7457
5 7521
5 7573
5 7582
5 7726
5 7787
5 7902
5 7963
5 8058
5 8150
5 8224
5 8289
5 8386
5 8709
5 8793
5 9195
5 9377
5 9427
5 9495
5 9714
5 9885
6 12
6 13
6 14
6 15
6 19
6 25
6 26
6 29
6 30
6 39
6 41
6 51
6 53
6 54
6 67
6 74
6 80
6 94
6 97
6 111
6 112
6 132
6 134
6 147
6 151
6 196
6 234
6 245
6 252
6 259
6 275
6 293
6 297
6 354
6 360
6 374
6 401
6 414
6 430
6 442
6 446
6 458
6 477
6 511
6 530
6 551
6 557
6 562
6 587
6 588
6 597
6 598
6 605
6 620
6 640
6 641
6 644
6 665
6 751
6 759
6 771
6 842
6 904
6 1024
6 1060
6 1091
6 1120
6 1124
6 1143
6 1170
6 1182
6 1197
6 1249
6 1264
6 1292
6 1307
6 1326
6 1443
6 1451
6 1539
6 1610
6 1649
6 1688
6 1728
6 1736
6 1745
6 1818
6 1827
6 2030
6 2054
6 2155
6 2189
6 2302
6 2342
6 2352
6 2405
6 2422
6 2466
6 2515
6 2593
6 2664
6 2753
6 2764
6 2806
6 2830
6 2840
6 2904
6 2949
6 2966
6 2975
6 2981
6 2992
6 3142
6 3182
6 3195
6 3398
6 3449
6 3464
6 3591
6 3692
6 3902
6 4019
6 4109
6 4118
6 4163
6 4195
6 4279
6 4284
6 4298
6 4391
6 4520
6 4711
6 4764
6 4783
6 4806
6 4869
6 4910
6 4925
6 4933
6 4968
6 4981
6 5033
6 5049
6 5053
6 5087
6 5088
6 5193
6 5213
6 5367
6 5368
6 5510
6 5520
6 5751
6 5786
6 5888
6 5907
6 5938
6 6063
6 6188
6 6194
6 6281
6 6300
6 6448
6 6460
6 6515
6 6808
6 7104
6 7133
6 7220
6 7409
6 7559
6 7597
6 7621
6 7633
6 7812
6 7825
6 8008
6 8119
6 8187
6 8336
6 8346
6 8450
6 8637
6 8772
6 8795
6 8849
6 8996
6 9018
6 9069
6 9084
6 9132
6 9139
6 9163
6 9242
6 9331
6 9453
6 9612
6 9762
6 9772
6 9867
6 9958
6 9967
7 11
7 18
7 22
7 23
7 30
7 34
7 36
7 40
7 48
7 50
7 62
7 64
7 67
7 73
7 91
7 92
7 94
7 105
7 118
7 121
7 124
7 126
7 152
7 157
7 161
7 212
7 237
7 375
7 386
7 425
7 454
7 500
7 528
7 536
7 546
7 569
7 609
7 620
7 651
7 668
7 678
7 684
7 701
7 748
7 972
7 1038
7 1043
7 1083
7 1103
7 1111
7 1134
7 1139
7 1184
7 1235
7 1260
7 1268
7 1357
7 1410
7 1439
7 1455
7 1471
7 1474
7 1527
7 1528
7 1540
7 1635
7 1767
7 1822
7 1824
7 1871
7 1902
7 1925
7 1986
7 2006
7 2058
7 2063
7 2295
7 2351
7 2354
7 2405
7 2437
7 2626
7 2704
7 2815
7 2848
7 2951
7 3022
7 3027
7 3096
7 3115
7 3182
7 3218
7 3233
7 3309
7 3694
7 3714
7 3966
7 4008
7 4275
7 4296
7 4382
7 4577
7 4634
7 4684
7 4885
7 4958
7 4994
7 5007
7 5023
7 5333
7 5468
7 5503
7 5517
7 5963
7 5969
7 6235
7 6248
7 6450
7 6789
7 7106
7 7322
7 7495
7 7549
7 7568
7 7629
7 7671
7 7723
7 7730
7 7742
7 7973
7 8078
7 8089
7 8526
7 8741
7 8783
7 8846
7 8927
7 8956
7 9047
7 9359
7 9367
7 9814
7 9853
7 9859
7 9915
7 9966
8 11
8 12
8 15
8 16
8 17
8 18
8 20
8 23
8 26
8 27
8 28
8 31
8 34
8 40
8 43
8 58
8 62
8 75
8 82
8 103
8 116
8 149
8 156
8 168
8 171
8 173
8 182
8 201
8 203
8 214
8 224
8 256
8 262
8 288
8 294
8 317
8 326
8 363
8 365
8 390
8 392
8 416
8 456
8 505
8 526
8 537
8 548
8 578
8 579
8 588
8 613
8 677
8 688
8 693
8 759
8 766
8 788
8 844
8 861
8 899
8 943
8 951
8 953
8 961
8 992
8 998
8 1014
8 1083
8 1106
8 1112
8 1123
8 1164
8 1177
8 1206
8 1212
8 1274
8 1292
8 1318
8 1450
8 1481
8 1486
8 1496
8 1543
8 1568
8 1597
8 1632
8 1659
8 1683
8 1734
8 1767
8 1789
8 1841
8 1868
8 1887
8 1990
8 2082
8 2099
8 2121
8 2216
8 2243
8 2294
8 2399
8 2468
8 2490
8 2528
8 2533
8 2555
8 2563
8 2690
8 2695
8 2803
8 2873
8 2884
8 2955
8 3097
8 3107
8 3112
8 3122
8 3155
8 3186
8 3300
8 3307
8 3345
8 3347
8 3509
8 3534
8 3611
8 3655
8 3662
8 3689
8 3863
8 3931
8 3946
8 4020
8 4140
8 4163
8 4240
8 4287
8 4361
8 4377
8 4414
8 4444
8 4471
8 4587
8 4590
8 4654
8 4718
8 4726
8 4732
8 4743
8 4813
8 5037
8 5051
8 5181
8 5230
8 5296
8 5511
8 5579
8 5614
8 5624
8 5631
8 5644
8 5677
8 5741
8 5767
8 5835
8 5950
8 6108
8 6122
8 6162
8 6212
8 6241
8 6373
8 6403
8 6412
8 6495
8 6528
8 6747
8 6828
8 6862
8 6915
8 6965
8 6985
8 7001
8 7025
8 7059
8 7201
8 7231
8 7235
8 7297
8 7493
8 7497
8 7531
8 7681
8 7710
8 7895
8 8066
8 8079
8 8091
8 8296
8 8348
8 8363
8 8416
8 8465
8 8629
8 8679
8 8988
8 9088
8 9122
8 9250
8 9275
8 9280
8 9297
8 9350
8 9352
8 9459
8 9548
8 9807
8 9847
8 9861
9 11
9 12
9 13
9 14
9 15
9 16
9 18
9 19
9 47
9 76
9 102
9 112
9 131
9 140
9 156
9 185
9 199
9 205
9 217
9 281
9 287
9 317
9 356
9 413
9 498
9 640
9 697
9 720
9 795
9 808
9 862
9 863
9 917
9 944
9 970
9 1066
9 1122
9 1158
9 1202
9 1204
9 1263
9 1323
9 1470
9 1662
9 1679
9 1760
9 1768
9 1780
9 1814
9 1886
9 1914
9 1928
9 2178
9 2225
9 2350
9 2369
9 2406
9 2442
9 2498
9 2627
9 2647
9 2655
9 2835
9 2998
9 3027
9 3143
9 3235
9 3251
9 3328
9 3450
9 3570
9 4100
9 4497
9 4550
9 5034
9 5695
9 5796
9 5887
9 6048
9 6380
9 6568
9 6704
9 6863
9 7134
9 7320
9 7824
9 7832
9 8209
9 8477
9 8542
9 8822
9 9154
9 9995
10 11
10 12
10 13
10 14
10 15
10 16
10 17
10 18
10 20
10 22
10 24
10 27
10 29
10 32
10 33
10 34
10 35
10 44
10 48
10 52
10 55
10 58
10 63
10 64
10 68
10 73
10 76
10 82
10 88
10 97
10 106
10 107
10 116
10 117
10 119
10 132
10 135
10 146
10 148
10 166
10 169
10 179
10 183
10 184
10 211
10 217
10 219
10 227
10 271
10 272
10 276
10 279
10 287
10 305
10 308
10 335
10 351
10 352
10 363
10 364
10 369
10 371
10 389
10 393
10 408
10 430
10 436
10 441
10 446
10 459
10 469
10 475
10 489
10 499
10 536
10 542
10 564
10 574
10 589
10 594
10 602
10 610
10 647
10 681
10 702
10 709
10 712
10 730
10 734
10 765
10 784
10 795
10 817
10 832
10 852
10 858
10 866
10 868
10 869
10 871
10 876
10 887
10 900
10 901
10 909
10 916
10 967
10 968
10 971
10 1002
10 1039
10 1061
10 1065
10 1070
10 1079
10 1090
10 1095
10 1097
10 1112
10 1116
10 1119
10 1133
10 1197
10 1233
10 1235
10 1257
10 1262
10 1275
10 1308
10 1315
10 1338
10 1348
10 1377
10 1390
10 1396
10 1409
10 1437
10 1448
10 1479
10 1499
10 1562
10 1589
10 1600
10 1611
10 1618
10 1638
10 1641
10 1649
10 1652
10 1735
10 1747
10 1750
10 1765
10 1801
10 1816
10 1877
10 1893
10 1922
10 1934
10 1945
10 2001
10 2007
10 2028
10 2065
10 2083
10 2096
10 2121
10 2162
10 2163
10 2173
10 2186
10 2187
10 2199
10 2201
10 2292
10 2307
10 2331
10 2391
10 2400
10 2459
10 2517
10 2609
10 2621
10 2666
10 2726
10 2774
10 2793
10 2804
10 2826
10 2857
10 2872
10 2877
10 2891
10 2927
10 2954
10 2964
10 3011
10 3014
10 3025
10 3041
10 3054
10 3056
10 3220
10 3306
10 3462
10 3577
10 3581
10 3589
10 3608
10 3616
10 3667
10 3683
10 3685
10 3689
10 3727
10 3757
10 3793
10 3829
10 3855
10 3865
10 3929
10 3945
10 3994
10 4021
10 4052
10 4089
10 4105
10 4231
10 4242
10 4253
10 4266
10 4325
10 4519
10 4595
10 4723
10 4793
10 4803
10 4830
10 4907
10 4908
10 4910
10 4922
10 4941
10 4956
10 4985
10 5012
10 5076
10 5081
10 5098
10 5201
10 5240
10 5457
10 5538
10 5575
10 5874
10 5893
10 5960
10 5986
10 5990
10 6067
10 6195
10 6254
10 6301
10 6473
10 6500
10 6506
10 6624
10 6628
10 6707
10 6744
10 6780
10 6786
10 6805
10 6883
10 6897
10 6986
10 7048
10 7131
10 7165
10 7286
10 7338
10 7380
10 7390
10 7464
10 7468
10 7575
10 7616
10 7621
10 7751
10 7773
10 7812
10 7867
10 7886
10 7902
10 7905
10 7923
10 7944
10 7953
10 7975
10 8014
10 8146
10 8156
10 8187
10 8222
10 8277
10 8282
10 8303
10 8467
10 8482
10 8505
10 8575
10 8602
10 8611
10 8660
10 8698
10 8713
10 8753
10 8790
10 8911
10 8938
10 8970
10 9016
10 9224
10 9546
10 9612
10 9637
10 9804
10 9830
10 9871
10 9927
10 9984
11 12
11 13
11 14
11 15
11 16
11 17
11 18
11 19
11 22
11 24
11 26
11 27
11 28
11 30
11 32
11 34
11 44
11 47
11 49
11 54
11 55
11 58
11 65
11 68
11 69
11 71
11 72
11 75
11 78
11 80
11 82
11 86
11 101
11 106
11 107
11 121
11 139
11 144
11 148
11 153
11 156
11 158
11 159
11 166
11 171
11 178
11 183
11 205
11 206
11 218
11 221
11 223
11 224
11 225
11 250
11 253
11 264
11 272
11 275
11 282
11 283
11 284
11 293
11 324
11 333
11 345
11 371
11 373
11 375
11 385
11 388
11 397
11 408
11 422
11 423
11 425
11 432
11 452
11 455
11 457
11 467
11 479
11 498
11 499
11 500
11 502
11 520
11 536
11 548
11 570
11 583
11 597
11 617
11 622
11 656
11 686
11 692
11 709
11 714
11 720
11 765
11 787
11 789
11 792
11 799
11 815
11 832
11 882
11 892
11 916
11 924
11 943
11 990
11 1001
11 1005
11 1013
11 1015
11 1016
11 1046
11 1063
11 1100
11 1184
11 1189
11 1221
11 1227
11 1229
11 1236
11 1244
11 1245
11 1286
11 1319
11 1320
11 1324
11 1350
11 1362
11 1383
11 1412
11 1430
11 1431
11 1455
11 1465
11 1480
11 1488
11 1490
11 1551
11 1574
11 1602
11 1652
11 1661
11 1663
11 1683
11 1701
11 1706
11 1709
11 1728
11 1800
11 1816
11 1823
11 1830
11 1853
11 1867
11 1878
11 1909
11 1911
11 1920
11 1952
11 2017
11 2043
11 2046
11 2062
11 2068
11 2074
11 2091
11 2111
11 2115
11 2118
11 2133
11 2136
11 2157
11 2179
11 2318
11 2326
11 2327
11 2402
11 2411
11 2438
11 2499
11 2519
11 2522
11 2583
11 2637
11 2651
11 2664
11 2739
11 2763
11 2790
11 2797
11 2801
11 2805
11 2806
11 2818
11 2896
11 2924
11 2934
11 2936
11 2965
11 2998
11 3002
11 3082
11 3171
11 3191
11 3263
11 3330
11 3331
11 3346
11 3356
11 3459
11 3463
11 3576
11 3624
11 3699
11 3703
11 3714
11 3722
11 3766
11 3785
11 3832
11 3886
11 3939
11 3963
11 3998
11 4010
11 4013
11 4042
11 4083
11 4112
11 4122
11 4130
11 4147
11 4172
11 4203
11 4308
11 4330
11 4350
11 4367
11 4376
11 4410
11 4413
11 4445
11 4471
11 4564
11 4618
11 4633
11 4655
11 4680
11 4685
11 4723
11 4746
11 4748
11 4798
11 4801
11 4816
11 4862
11 4888
11 4932
11 4940
11 4952
11 4955
11 4963
11 4989
11 5045
11 5081
11 5197
11 5208
11 5306
11 5353
11 5396
11 5397
11 5506
11 5584
11 5594
11 5643
11 5648
11 5662
11 5718
11 5723
11 5802
11 5852
11 5883
11 5889
11 5909
11 5972
11 6000
11 6141
11 6216
11 6286
11 6294
11 6311
11 6398
11 6411
11 6425
11 6529
11 6558
11 6593
11 6679
11 6758
11 6809
11 6816
11 6855
11 6868
11 6916
11 6926
11 6935
11 7035
11 7052
11 7110
11 7113
11 7149
11 7175
11 7177
11 7184
11 7217
11 7296
11 7300
11 7301
11 7330
11 7396
11 7480
11 7591
11 7631
11 7698
11 7773
11 7784
11 7887
11 7986
11 7987
11 8014
11 8149
11 8152
11 8192
11 8294
11 8310
11 8329
11 8452
11 8473
11 8503
11 8547
11 8617
11 8675
11 8713
11 8816
11 8817
11 8941
11 8992
11 9008
11 9039
11 9226
11 9231
11 9336
11 9413
11 9468
11 9490
11 9511
11 9525
11 9568
11 9663
11 9749
11 9819
11 9848
11 9937
11 9978
11 9997
12 13
12 14
12 15
12 16
12 17
12 18
12 20
12 21
12 22
12 23
12 24
12 26
12 30
12 32
12 33
12 38
12 41
12 42
12 44
12 45
12 47
12 51
12 52
12 57
12 59
12 61
12 62
12 64
12 68
12 69
12 71
12 72
12 81
12 89
12 90
12 92
12 97
12 103
12 107
12 108
12 112
12 113
12 120
12 122
12 124
12 131
12 134
12 137
12 138
12 140
12 147
12 149
12 150
12 154
12 156
12 168
12 169
12 174
12 186
12 192
12 193
12 195
12 205
12 210
12 211
12 214
12 223
12 229
12 234
12 245
12 246
12 251
12 263
12 274
12 282
12 299
12 301
12 304
12 305
12 310
12 314
12 322
12 323
12 330
12 334
12 344
12 346
12 363
12 376
12 380
12 383
12 390
12 396
12 400
12 402
12 410
12 412
12 416
12 427
12 429
12 434
12 437
12 448
12 453
12 462
12 468
12 476
12 489
12 497
12 506
12 508
12 510
12 531
12 543
12 545
12 556
12 557
12 564
12 567
12 573
12 588
12 614
12 622
12 627
12 628
12 631
12 634
12 636
12 655
12 659
12 660
12 668
12 672
12 701
12 720
12 730
12 735
12 738
12 751
12 758
12 760
12 768
12 800
12 811
12 818
12 861
12 863
12 864
12 872
12 894
12 899
12 972
12 986
12 991
12 1016
12 1017
12 1022
12 1024
12 1025
12 1029
12 1038
12 1050
12 1076
12 1078
12 1113
12 1118
12 1135
12 1148
12 1151
12 1178
12 1184
12 1186
12 1213
12 1216
12 1258
12 1314
12 1340
12 1342
12 1345
12 1430
12 1461
12 1469
12 1497
12 1508
12 1509
12 1519
12 1529
12 1536
12 1544
12 1546
12 1559
12 1601
12 1607
12 1625
12 1666
12 1672
12 1676
12 1692
12 1694
12 1742
12 1749
12 1774
12 1782
12 1830
12 1836
12 1878
12 1879
12 1889
12 1890
12 1907
12 1923
12 1943
12 1954
12 1983
12 1992
12 1998
12 2001
12 2006
12 2016
12 2018
12 2059
12 2068
12 2081
12 2085
12 2086
12 2108
12 2109
12 2128
12 2134
12 2141
12 2188
12 2190
12 2205
12 2207
12 2228
12 2244
12 2250
12 2263
12 2281
12 2343
12 2370
12 2392
12 2399
12 2487
12 2493
12 2506
12 2530
12 2572
12 2592
12 2596
12 2625
12 2636
12 2637
12 2645
12 2648
12 2656
12 2687
12 2696
12 2702
12 2725
12 2728
12 2733
12 2740
12 2750
12 2762
12 2773
12 2778
12 2822
12 2825
12 2836
12 2839
12 2842
12 2852
12 2881
12 2914
12 2916
12 2919
12 2921
12 2924
12 2982
12 3045
12 3062
12 3072
12 3085
12 3094
12 3102
12 3106
12 3120
12 3185
12 3307
12 3314
12 3384
12 3439
12 3456
12 3483
12 3499
12 3525
12 3547
12 3548
12 3570
12 3600
12 3619
12 3632
12 3634
12 3692
12 3711
12 3724
12 3781
12 3788
12 3868
12 3878
12 3932
12 3991
12 4018
12 4077
12 4086
12 4100
12 4111
12 4139
12 4142
12 4172
12 4209
12 4283
12 4294
12 4324
12 4344
12 4380
12 4391
12 4417
12 4432
12 4470
12 4508
12 4537
12 4540
12 4578
12 4597
12 4612
12 4615
12 4616
12 4630
12 4640
12 4660
12 4681
12 4691
12 4692
12 4702
12 4727
12 4755
12 4869
12 4870
12 4878
12 4920
12 4943
12 4945
12 4989
12 4990
12 5029
12 5103
12 5108
12 5118
12 5179
12 5185
12 5196
12 5198
12 5211
12 5251
12 5267
12 5292
12 5308
12 5384
12 5408
12 5450
12 5511
12 5512
12 5528
12 5553
12 5560
12 5582
12 5604
12 5738
12 5774
12 5799
12 5837
12 5875
12 5882
12 5932
12 6015
12 6047
12 6073
12 6086
12 6148
12 6162
12 6163
12 6184
12 6199
12 6226
12 6256
12 6268
12 6280
12 6316
12 6320
12 6359
12 6378
12 6379
12 6402
12 6408
12 6496
12 6559
12 6605
12 6634
12 6710
12 6782
12 6858
12 6874
12 6896
12 6899
12 6904
12 6925
12 6937
12 6943
12 6967
12 6970
12 7005
12 7024
12 7027
12 7030
12 7047
12 7053
12 7072
12 7172
12 7187
12 7203
12 7211
12 7216
12 7253
12 7355
12 7394
12 7417
12 7503
12 7513
12 7536
12 7577
12 7688
12 7730
12 7731
12 7740
12 7790
12 7830
12 7843
12 7848
12 7860
12 7908
12 8013
12 8029
12 8030
12 8060
12 8108
12 8212
12 8216
12 8294
12 8300
12 8374
12 8376
12 8485
12 8493
12 8505
12 8515
12 8589
12 8647
12 8668
12 8735
12 8771
12 8789
12 8852
12 8871
12 8988
12 9001
12 9007
12 9028
12 9043
12 9053
12 9059
12 9061
12 9074
12 9106
12 9113
12 9147
12 9177
12 9249
12 9288
12 9295
12 9313
12 9344
12 9359
12 9517
12 9521
12 9617
12 9619
12 9624
12 9797
12 9846
12 9851
12 9873
12 9881
12 9953
12 9971
13 14
13 15
13 16
13 17
13 18
13 19
13 23
13 24
13 25
13 28
13 29
13 31
13 32
13 35
13 36
13 37
13 38
13 41
13 45
13 51
13 53
13 58
13 59
13 68
13 69
13 71
13 75
13 76
13 77
13 82
13 83
13 87
13 90
13 94
13 99
13 103
13 107
13 110
13 114
13 120
13 126
13 131
13 142
13 146
13 148
13 150
13 152
13 169
13 179
13 180
13 187
13 189
13 191
13 192
13 194
13 196
13 197
13 200
13 205
13 209
13 219
13 221
13 225
13 230
13 231
13 234
13 237
13 247
13 251
13 254
13 259
13 262
13 264
13 267
13 268
13 269
13 272
13 273
13 280
13 288
13 293
13 325
13 326
13 331
13 332
13 337
13 340
13 360
13 363
13 370
13 372
13 382
13 387
13 397
13 399
13 402
13 413
13 416
13 418
13 420
13 431
13 434
13 443
13 451
13 460
13 475
13 495
13 510
13 538
13 565
13 589
13 597
13 599
13 606
13 610
13 611
13 614
13 623
13 644
13 645
13 646
13 648
13 656
13 687
13 696
13 737
13 741
13 745
13 747
13 767
13 779
13 798
13 802
13 815
13 818
13 829
13 867
13 868
13 869
13 874
13 928
13 952
13 966
13 995
13 1002
13 1023
13 1024
13 1036
13 1049
13 1062
13 1065
13 1081
13 1090
13 1140
13 1141
13 1142
13 1153
13 1192
13 1201
13 1203
13 1222
13 1241
13 1253
13 1261
13 1267
13 1300
13 1330
13 1366
13 1373
13 1405
13 1423
13 1447
13 1456
13 1462
13 1488
13 1578
13 1628
13 1631
13 1640
13 1643
13 1652
13 1699
13 1719
13 1740
13 1746
13 1754
13 1759
13 1780
13 1805
13 1812
13 1821
13 1828
13 1841
13 1848
13 1862
13 1887
13 1901
13 1920
13 1947
13 1984
13 2009
13 2011
13 2032
13 2039
13 2057
13 2065
13 2067
13 2085
13 2098
13 2106
13 2156
13 2194
13 2199
13 2241
13 2278
13 2323
13 2325
13 2350
13 2356
13 2361
13 2388
13 2392
13 2393
13 2418
13 2422
13 2465
13 2498
13 2502
13 2509
13 2510
13 2517
13 2539
13 2568
13 2571
13 2577
13 2582
13 2583
13 2590
13 2637
13 2638
13 2655
13 2658
13 2683
13 2767
13 2779
13 2794
13 2814
13 2843
13 2848
13 2900
13 2901
13 2907
13 2908
13 2947
13 2987
13 3023
13 3030
13 3043
13 3087
13 3089
13 3120
13 3172
13 3191
13 3245
13 3280
13 3284
13 3290
13 3322
13 3330
13 3343
13 3365
13 3372
13 3411
13 3443
13 3445
13 3452
13 3469
13 3480
13 3494
13 3499
13 3512
13 3539
13 3554
13 3576
13 3581
13 3603
13 3609
13 3632
13 3646
13 3661
13 3743
13 3751
13 3772
13 3779
13 3787
13 3797
13 3857
13 3924
13 3930
13 3964
13 3978
13 3995
13 4019
13 4073
13 4125
13 4143
13 4206
13 4225
13 4232
13 4257
13 4260
13 4282
13 4338
13 4361
13 4400
13 4421
13 4456
13 4458
13 4469
13 4534
13 4592
13 4624
13 4649
13 4735
13 4761
13 4772
13 4890
13 4910
13 4924
13 4974
13 4987
13 5009
13 5034
13 5046
13 5084
13 5088
13 5162
13 5171
13 5192
13 5223
13 5227
13 5312
13 5331
13 5333
13 5351
13 5357
13 5396
13 5438
13 5461
13 5467
13 5537
13 5551
13 5620
13 5646
13 5711
13 5734
13 5770
13 5838
13 5843
13 5859
13 5913
13 5917
13 5972
13 5996
13 6003
13 6076
13 6088
13 6089
13 6093
13 6107
13 6174
13 6409
13 6432
13 6446
13 6456
13 6540
13 6598
13 6613
13 6659
13 6712
13 6738
13 6764
13 6796
13 6807
13 6810
13 6826
13 6867
13 6880
13 6888
13 6945
13 6955
13 6957
13 6966
13 7012
13 7036
13 7049
13 7068
13 7070
13 7126
13 7171
13 7173
13 7216
13 7226
13 7349
13 7371
13 7385
13 7434
13 7453
13 7711
13 7723
13 7779
13 7840
13 7902
13 7941
13 7945
13 7969
13 8019
13 8071
13 8101
13 8173
13 8190
13 8200
13 8222
13 8274
13 8389
13 8469
13 8509
13 8609
13 8677
13 8725
13 8798
13 8799
13 8808
13 8863
13 8978
13 8994
13 9028
13 9037
13 9098
13 9118
13 9141
13 9166
13 9187
13 9221
13 9250
13 9359
13 9371
13 9385
13 9391
13 9505
13 9552
13 9625
13 9640
13 9680
13 9742
13 9792
13 9934
13 9953
13 9966
13 9994
14 15
14 16
14 17
14 18
14 20
14 21
14 22
14 24
14 25
14 31
14 33
14 38
14 44
14 45
14 49
14 52
14 55
14 58
14 59
14 60
14 69
14 79
14 83
14 86
14 90
14 102
14 114
14 127
14 129
14 136
14 140
14 148
14 152
14 165
14 178
14 190
14 191
14 192
14 202
14 216
14 232
14 261
14 270
14 323
14 325
14 328
14 346
14 355
14 377
14 390
14 400
14 414
14 422
14 435
14 443
14 460
14 463
14 480
14 516
14 528
14 529
14 535
14 543
14 553
14 556
14 599
14 601
14 606
14 618
14 642
14 659
14 662
14 669
14 674
14 675
14 677
14 683
14 737
14 746
14 765
14 778
14 782
14 804
14 828
14 830
14 836
14 839
14 848
14 858
14 895
14 898
14 910
14 914
14 924
14 927
14 954
14 1000
14 1012
14 1040
14 1058
14 1072
14 1073
14 1088
14 1098
14 1129
14 1132
14 1199
14 1202
14 1205
14 1208
14 1209
14 1215
14 1226
14 1228
14 1246
14 1258
14 1271
14 1272
14 1293
14 1310
14 1348
14 1353
14 1372
14 1400
14 1416
14 1420
14 1445
14 1457
14 1459
14 1461
14 1470
14 1478
14 1501
14 1507
14 1545
14 1572
14 1621
14 1623
14 1638
14 1643
14 1762
14 1775
14 1802
14 1817
14 1858
14 1887
14 1906
14 1921
14 1923
14 1969
14 1979
14 2027
14 2040
14 2056
14 2071
14 2109
14 2138
14 2169
14 2207
14 2209
14 2313
14 2322
14 2329
14 2352
14 2353
14 2356
14 2410
14 2428
14 2442
14 2510
14 2546
14 2564
14 2567
14 2602
14 2610
14 2619
14 2649
14 2736
14 2860
14 2904
14 2932
14 2996
14 3009
14 3093
14 3101
14 3150
14 3166
14 3185
14 3190
14 3253
14 3257
14 3296
14 3342
14 3345
14 3382
14 3478
14 3584
14 3597
14 3600
14 3623
14 3632
14 3651
14 3661
14 3664
14 3695
14 3710
14 3744
14 3746
14 3781
14 3816
14 3844
14 3872
14 3881
14 3955
14 3966
14 4040
14 4056
14 4084
14 4126
14 4131
14 4228
14 4249
14 4258
14 4263
14 4288
14 4307
14 4345
14 4366
14 4367
14 4444
14 4489
14 4542
14 4597
14 4629
14 4636
14 4648
14 4712
14 4736
14 4764
14 4776
14 4816
14 4851
14 4866
14 4872
14 4873
14 4907
14 4952
14 4987
14 5005
14 5036
14 5066
14 5070
14 5089
14 5094
14 5179
14 5184
14 5466
14 5479
14 5519
14 5598
14 5617
14 5664
14 5701
14 5804
14 5839
14 5864
14 5889
14 5955
14 5957
14 5958
14 6008
14 6046
14 6114
14 6182
14 6186
14 6208
14 6310
14 6500
14 6568
14 6611
14 6730
14 6791
14 6824
14 6846
14 6926
14 6929
14 6969
14 7045
14 7084
14 7116
14 7153
14 7186
14 7249
14 7319
14 7329
14 7339
14 7412
14 7462
14 7558
14 7776
14 7878
14 7974
14 7999
14 8007
14 8071
14 8091
14 8133
14 8153
14 8161
14 8204
14 8208
14 8226
14 8374
14 8402
14 8415
14 8734
14 8774
14 8831
14 8871
14 8876
14 8901
14 8976
14 9011
14 9091
14 9107
14 9116
14 9162
14 9270
14 9411
14 9420
14 9448
14 9493
14 9498
14 9596
14 9599
14 9882
14 9989
14 9992
15 16
15 18
15 19
15 21
15 22
15 24
15 29
15 31
15 38
15 39
15 45
15 46
15 53
15 54
15 56
15 57
15 58
15 60
15 66
15 71
15 72
15 80
15 84
15 90
15 100
15 115
15 116
15 118
15 121
15 127
15 137
15 138
15 151
15 155
15 160
15 164
15 177
15 184
15 186
15 190
15 191
15 195
15 198
15 207
15 210
15 215
15 227
15 241
15 245
15 261
15 274
15 275
15 281
15 288
15 307
15 311
15 316
15 332
15 342
15 344
15 345
15 373
15 411
15 420
15 455
15 473
15 481
15 487
15 491
15 492
15 541
15 542
15 544
15 545
15 548
15 555
15 578
15 613
15 635
15 640
15 645
15 649
15 673
15 705
15 709
15 711
15 720
15 762
15 775
15 778
15 785
15 880
15 891
15 906
15 929
15 953
15 970
15 973
15 983
15 997
15 1005
15 1028
15 1065
15 1078
15 1106
15 1129
15 1136
15 1141
15 1147
15 1156
15 1179
15 1192
15 1207
15 1250
15 1310
15 1343
15 1356
15 1361
15 1445
15 1461
15 1481
15 1520
15 1545
15 1563
15 1610
15 1627
15 1633
15 1638
15 1733
15 1742
15 1750
15 1760
15 1784
15 1827
15 1851
15 1862
15 1872
15 1891
15 1909
15 1918
15 1949
15 1951
15 1973
15 1977
15 1992
15 2018
15 2020
15 2035
15 2097
15 2104
15 2114
15 2350
15 2362
15 2365
15 2404
15 2415
15 2420
15 2429
15 2435
15 2436
15 2490
15 2522
15 2543
15 2577
15 2593
15 2696
15 2732
15 2744
15 3067
15 3115
15 3206
15 3224
15 3277
15 3364
15 3373
15 3391
15 3408
15 3487
15 3651
15 3671
15 3687
15 3698
15 3725
15 3929
15 3981
15 3990
15 4022
15 4067
15 4103
15 4104
15 4125
15 4185
15 4206
15 4343
15 4380
15 4404
15 4425
15 4524
15 4551
15 4556
15 4631
15 4649
15 4677
15 4751
15 4939
15 4990
15 4991
15 5086
15 5099
15 5111
15 5157
15 5226
15 5242
15 5294
15 5301
15 5370
15 5404
15 5465
15 5541
15 5596
15 5671
15 5696
15 5718
15 5749
15 5817
15 5832
15 5863
15 5914
15 6028
15 6090
15 6121
15 6130
15 6261
15 6299
15 6315
15 6361
15 6366
15 6407
15 6487
15 6521
15 6642
15 6649
15 6664
15 6754
15 6845
15 6865
15 6973
15 7022
15 7029
15 7044
15 7094
15 7159
15 7218
15 7458
15 7469
15 7527
15 7561
15 7613
15 7691
15 7733
15 7915
15 8002
15 8024
15 8211
15 8269
15 8331
15 8430
15 8431
15 8524
15 8540
15 8579
15 8655
15 8664
15 8676
15 8684
15 8705
15 8768
15 8789
15 8798
15 8802
15 8813
15 8899
15 8961
15 9079
15 9087
15 9146
15 9466
15 9473
15 9575
15 9584
15 9592
15 9624
15 9717
15 9770
15 9785
15 9839
15 9841
15 9868
15 9916
15 9919
15 9961
16 19
16 20
16 21
16 22
16 24
16 28
16 29
16 33
16 35
16 36
16 37
16 40
16 41
16 42
16 43
16 44
16 45
16 50
16 51
16 52
16 54
16 55
16 56
16 61
16 70
16 71
16 77
16 84
16 85
16 87
16 88
16 91
16 92
16 96
16 100
16 104
16 106
16 108
16 116
16 119
16 123
16 130
16 131
16 135
16 138
16 141
16 153
16 157
16 187
16 188
16 204
16 212
16 215
16 226
16 227
16 231
16 242
16 244
16 248
16 255
16 257
16 258
16 276
16 284
16 290
16 291
16 304
16 305
16 307
16 315
16 318
16 332
16 333
16 336
16 345
16 357
16 362
16 372
16 375
16 398
16 399
16 400
16 405
16 416
16 423
16 428
16 432
16 438
16 439
16 442
16 445
16 446
16 455
16 463
16 464
16 467
16 475
16 488
16 537
16 591
16 594
16 602
16 607
16 612
16 627
16 633
16 637
16 640
16 656
16 670
16 677
16 690
16 701
16 722
16 755
16 789
16 794
16 807
16 817
16 849
16 850
16 871
16 873
16 879
16 901
16 903
16 904
16 912
16 918
16 919
16 926
16 931
16 932
16 934
16 935
16 942
16 993
16 996
16 1001
16 1006
16 1016
16 1032
16 1035
16 1037
16 1056
16 1058
16 1061
16 1064
16 1095
16 1113
16 1116
16 1117
16 1124
16 1137
16 1178
16 1180
16 1183
16 1190
16 1201
16 1202
16 1209
16 1226
16 1231
16 1240
16 1246
16 1284
16 1289
16 1377
16 1380
16 1391
16 1395
16 1429
16 1443
16 1461
16 1480
16 1532
16 1581
16 1585
16 1598
16 1630
16 1643
16 1645
16 1667
16 1669
16 1708
16 1713
16 1777
16 1786
16 1813
16 1822
16 1830
16 1869
16 1871
16 1877
16 1888
16 1894
16 1920
16 1934
16 1955
16 1959
16 1963
16 1968
16 1983
16 1986
16 2026
16 2032
16 2035
16 2069
16 2071
16 2084
16 2092
16 2117
16 2124
16 2136
16 2137
16 2139
16 2186
16 2242
16 2250
16 2252
16 2323
16 2341
16 2375
16 2385
16 2390
16 2394
16 2397
16 2404
16 2419
16 2425
16 2442
16 2452
16 2465
16 2513
16 2534
16 2563
16 2568
16 2596
16 2602
16 2608
16 2609
16 2616
16 2619
16 2676
16 2689
16 2716
16 2736
16 2763
16 2778
16 2804
16 2818
16 2865
16 2887
16 2906
16 2961
16 2978
16 3055
16 3101
16 3145
16 3160
16 3204
16 3219
16 3230
16 3250
16 3251
16 3273
16 3275
16 3277
16 3283
16 3301
16 3316
16 3321
16 3394
16 3445
16 3475
16 3482
16 3575
16 3581
16 3587
16 3591
16 3605
16 3650
16 3716
16 3791
16 3797
16 3801
16 3823
16 3824
16 3843
16 3852
16 3856
16 3875
16 3911
16 3912
16 3933
16 3945
16 3949
16 4010
16 4016
16 4022
16 4030
16 4064
16 4074
16 4082
16 4113
16 4118
16 4148
16 4164
16 4179
16 4196
16 4214
16 4234
16 4268
16 4333
16 4354
16 4355
16 4387
16 4457
16 4467
16 4494
16 4543
16 4579
16 4614
16 4619
16 4622
16 4635
16 4668
16 4693
16 4703
16 4712
16 4719
16 4750
16 4772
16 4785
16 4819
16 4829
16 4835
16 4856
16 4858
16 4859
16 4901
16 4914
16 4939
16 4942
16 4997
16 5023
16 5030
16 5085
16 5086
16 5108
16 5125
16 5174
16 5402
16 5428
16 5443
16 5504
16 5539
16 5574
16 5584
16 5589
16 5590
16 5604
16 5617
16 5696
16 5708
16 5719
16 5748
16 5783
16 5854
16 5870
16 5873
16 5896
16 5921
16 5931
16 5966
16 5992
16 6003
16 6068
16 6088
16 6094
16 6103
16 6145
16 6147
16 6202
16 6244
16 6268
16 6271
16 6274
16 6400
16 6415
16 6422
16 6483
16 6488
16 6519
16 6562
16 6578
16 6584
16 6588
16 6595
16 6645
16 6697
16 6718
16 6732
16 6778
16 6784
16 6794
16 6924
16 6927
16 6960
16 7042
16 7095
16 7125
16 7131
16 7207
16 7239
16 7259
16 7306
16 7335
16 7365
16 7401
16 7431
16 7438
16 7457
16 7522
16 7548
16 7589
16 7598
16 7654
16 7657
16 7664
16 7693
16 7733
16 7857
16 7924
16 7980
16 8027
16 8075
16 8106
16 8108
16 8170
16 8226
16 8284
16 8293
16 8306
16 8355
16 8428
16 8505
16 8518
16 8582
16 8608
16 8609
16 8638
16 8641
16 8673
16 8684
16 8715
16 8737
16 8773
16 8821
16 8853
16 8864
16 8865
16 8868
16 8903
16 8963
16 8971
16 8974
16 8990
16 9132
16 9222
16 9234
16 9332
16 9415
16 9457
16 9464
16 9514
16 9546
16 9551
16 9556
16 9615
16 9876
16 9899
16 9931
16 9982
16 9989
17 20
17 21
17 22
17 23
17 25
17 26
17 27
17 29
17 30
17 31
17 32
17 39
17 43
17 44
17 48
17 49
17 50
17 65
17 73
17 75
17 78
17 80
17 85
17 86
17 99
17 103
17 106
17 112
17 123
17 124
17 128
17 133
17 135
17 136
17 141
17 153
17 164
17 166
17 171
17 179
17 197
17 212
17 216
17 226
17 236
17 248
17 249
17 250
17 257
17 260
17 271
17 275
17 276
17 290
17 298
17 301
17 319
17 332
17 339
17 354
17 357
17 358
17 375
17 390
17 396
17 401
17 404
17 421
17 439
17 464
17 478
17 493
17 496
17 523
17 543
17 560
17 575
17 582
17 611
17 612
17 619
17 643
17 676
17 679
17 682
17 689
17 690
17 692
17 701
17 707
17 732
17 742
17 780
17 781
17 795
17 811
17 833
17 879
17 911
17 923
17 939
17 941
17 944
17 954
17 1018
17 1044
17 1073
17 1075
17 1092
17 1101
17 1102
17 1138
17 1151
17 1160
17 1170
17 1174
17 1177
17 1196
17 1221
17 1233
17 1269
17 1308
17 1313
17 1315
17 1317
17 1348
17 1351
17 1354
17 1359
17 1423
17 1427
17 1436
17 1463
17 1471
17 1477
17 1504
17 1509
17 1560
17 1585
17 1590
17 1613
17 1615
17 1622
17 1645
17 1663
17 1674
17 1715
17 1757
17 1772
17 1779
17 1792
17 1836
17 1910
17 1911
17 1921
17 1959
17 1977
17 1992
17 1993
17 2000
17 2030
17 2032
17 2040
17 2053
17 2113
17 2116
17 2164
17 2192
17 2196
17 2231
17 2247
17 2262
17 2273
17 2304
17 2307
17 2316
17 2363
17 2365
17 2395
17 2429
17 2463
17 2551
17 2604
17 2615
17 2628
17 2650
17 2735
17 2739
17 2750
17 2785
17 2801
17 2816
17 2824
17 2870
17 2938
17 2999
17 3082
17 3098
17 3162
17 3188
17 3198
17 3258
17 3275
17 3319
17 3322
17 3330
17 3350
17 3351
17 3355
17 3366
17 3372
17 3386
17 3405
17 3466
17 3485
17 3516
17 3529
17 3531
17 3542
17 3571
17 3588
17 3633
17 3637
17 3644
17 3678
17 3695
17 3722
17 3759
17 3784
17 3799
17 3810
17 3813
17 3867
17 3953
17 3960
17 3971
17 3975
17 3977
17 3998
17 4019
17 4026
17 4042
17 4087
17 4155
17 4157
17 4181
17 4202
17 4225
17 4233
17 4293
17 4297
17 4318
17 4328
17 4372
17 4452
17 4477
17 4501
17 4590
17 4596
17 4601
17 4611
17 4627
17 4660
17 4708
17 4801
17 4808
17 4881
17 4899
17 4906
17 4921
17 4951
17 4975
17 5003
17 5048
17 5068
17 5086
17 5102
17 5106
17 5143
17 5194
17 5197
17 5202
17 5235
17 5246
17 5329
17 5407
17 5417
17 5462
17 5505
17 5533
17 5548
17 5571
17 5586
17 5644
17 5646
17 5647
17 5656
17 5677
17 5681
17 5743
17 5756
17 5775
17 5787
17 5816
17 5849
17 5866
17 5924
17 5933
17 5956
17 6059
17 6061
17 6144
17 6153
17 6246
17 6284
17 6289
17 6338
17 6401
17 6462
17 6470
17 6475
17 6482
17 6588
17 6621
17 6622
17 6684
17 6714
17 6764
17 6845
17 6916
17 6994
17 6998
17 7180
17 7182
17 7191
17 7230
17 7269
17 7302
17 7387
17 7449
17 7450
17 7454
17 7483
17 7534
17 7545
17 7645
17 7663
17 7690
17 7716
17 7729
17 7734
17 7850
17 7877
17 7970
17 8041
17 8174
17 8313
17 8334
17 8352
17 8363
17 8392
17 8454
17 8490
17 8617
17 8643
17 8644
17 8670
17 8684
17 8755
17 8793
17 8804
17 8825
17 8836
17 8961
17 8993
17 9022
17 9080
17 9107
17 9115
17 9122
17 9136
17 9138
17 9140
17 9164
17 9241
17 9254
17 9343
17 9385
17 9412
17 9467
17 9481
17 9553
17 9625
17 9634
17 9657
17 9672
17 9745
17 9809
17 9819
17 9850
17 9855
17 9867
17 9904
17 9963
17 9983
18 19
18 20
18 23
18 25
18 26
18 28
18 30
18 31
18 32
18 40
18 41
18 42
18 52
18 70
18 78
18 102
18 115
18 153
18 155
18 157
18 162
18 170
18 171
18 197
18 208
18 215
18 228
18 233
18 252
18 256
18 274
18 284
18 285
18 300
18 310
18 326
18 341
18 343
18 347
18 348
18 356
18 360
18 409
18 427
18 429
18 441
18 446
18 457
18 460
18 461
18 471
18 473
18 478
18 492
18 501
18 503
18 508
18 547
18 572
18 600
18 606
18 608
18 612
18 641
18 651
18 760
18 795
18 800
18 828
18 886
18 908
18 952
18 955
18 965
18 1006
18 1011
18 1017
18 1067
18 1110
18 1123
18 1134
18 1138
18 1147
18 1149
18 1151
18 1158
18 1179
18 1230
18 1233
18 1244
18 1281
18 1295
18 1311
18 1360
18 1363
18 1404
18 1407
18 1412
18 1437
18 1488
18 1492
18 1506
18 1527
18 1573
18 1594
18 1697
18 1708
18 1795
18 1851
18 1857
18 1920
18 1944
18 1994
18 2000
18 2018
18 2078
18 2142
18 2205
18 2240
18 2274
18 2361
18 2371
18 2406
18 2454
18 2481
18 2482
18 2502
18 2633
18 2667
18 2771
18 2819
18 2867
18 2882
18 2956
18 2985
18 3055
18 3103
18 3140
18 3147
18 3266
18 3270
18 3272
18 3318
18 3332
18 3351
18 3439
18 3532
18 3541
18 3585
18 3642
18 3655
18 3657
18 3750
18 3826
18 4003
18 4105
18 4117
18 4131
18 4197
18 4232
18 4389
18 4390
18 4411
18 4480
18 4537
18 4584
18 4608
18 4644
18 4739
18 4817
18 4904
18 5151
18 5162
18 5461
18 5519
18 5521
18 5581
18 5591
18 5597
18 5661
18 5734
18 5740
18 5774
18 5900
18 5911
18 5923
18 6005
18 6012
18 6141
18 6159
18 6346
18 6366
18 6421
18 6493
18 6497
18 6516
18 6634
18 6745
18 6779
18 6837
18 6931
18 7108
18 7155
18 7243
18 7470
18 7496
18 7525
18 7550
18 7598
18 7907
18 7952
18 7956
18 7981
18 8073
18 8211
18 8258
18 8325
18 8338
18 8383
18 8384
18 8558
18 8664
18 8728
18 8766
18 8818
18 8916
18 8920
18 8936
18 8964
18 8984
18 9063
18 9099
18 9126
18 9191
18 9284
18 9381
18 9383
18 9482
18 9505
18 9554
18 9617
18 9686
18 9756
18 9768
18 9842
19 20
19 23
19 25
19 26
19 27
19 30
19 31
19 34
19 38
19 39
19 48
19 63
19 69
19 86
19 87
19 93
19 98
19 100
19 101
19 112
19 115
19 120
19 126
19 128
19 129
19 136
19 137
19 144
19 153
19 156
19 161
19 163
19 179
19 182
19 186
19 188
19 191
19 205
19 217
19 224
19 228
19 236
19 238
19 242
19 244
19 254
19 264
19 269
19 270
19 281
19 285
19 287
19 311
19 333
19 334
19 340
19 344
19 352
19 361
19 371
19 407
19 412
19 439
19 478
19 479
19 510
19 515
19 530
19 538
19 595
19 601
19 631
19 646
19 647
19 666
19 676
19 695
19 740
19 746
19 768
19 857
19 869
19 876
19 892
19 907
19 908
19 914
19 929
19 950
19 968
19 969
19 1007
19 1020
19 1069
19 1101
19 1104
19 1108
19 1131
19 1137
19 1143
19 1186
19 1277
19 1284
19 1314
19 1315
19 1316
19 1332
19 1358
19 1363
19 1367
19 1432
19 1460
19 1496
19 1520
19 1579
19 1582
19 1592
19 1602
19 1629
19 1641
19 1690
19 1896
19 1921
19 1938
19 1961
19 1980
19 1986
19 1995
19 2051
19 2055
19 2062
19 2098
19 2146
19 2166
19 2261
19 2304
19 2334
19 2372
19 2386
19 2388
19 2390
19 2394
19 2445
19 2480
19 2509
19 2526
19 2527
19 2531
19 2562
19 2595
19 2620
19 2677
19 2686
19 2738
19 2865
19 2893
19 2946
19 2980
19 2986
19 3017
19 3024
19 3078
19 3122
19 3153
19 3177
19 3294
19 3350
19 3429
19 3453
19 3478
19 3494
19 3506
19 3539
19 3564
19 3619
19 3629
19 3636
19 3664
19 3693
19 3704
19 3739
19 3755
19 3787
19 3819
19 3923
19 4005
19 4104
19 4207
19 4260
19 4338
19 4386
19 4399
19 4465
19 4500
19 4544
19 4661
19 4702
19 4741
19 4743
19 4755
19 4776
19 4777
19 4794
19 4819
19 4846
19 4980
19 5009
19 5153
19 5177
19 5278
19 5304
19 5344
19 5348
19 5407
19 5560
19 5598
19 5692
19 5702
19 5750
19 5806
19 5845
19 5851
19 5879
19 5899
19 5915
19 5962
19 6141
19 6192
19 6196
19 6210
19 6247
19 6491
19 6495
19 6513
19 6579
19 6583
19 6627
19 6651
19 6680
19 6719
19 6806
19 6906
19 6923
19 6939
19 6957
19 6971
19 6993
19 7011
19 7014
19 7086
19 7146
19 7303
19 7347
19 7375
19 7420
19 7529
19 7606
19 7624
19 7663
19 7695
19 7705
19 7727
19 7746
19 7865
19 7932
19 7949
19 7980
19 8053
19 8068
19 8105
19 8130
19 8197
19 8252
19 8378
19 8484
19 8768
19 8798
19 8866
19 8931
19 9346
19 9445
19 9456
19 9500
19 9616
19 9796
19 9865
19 9871
19 9898
20 21
20 22
20 26
20 27
20 28
20 30
20 36
20 41
20 44
20 46
20 49
20 52
20 55
20 58
20 63
20 67
20 68
20 70
20 74
20 75
20 80
20 85
20 91
20 95
20 96
20 105
20 106
20 107
20 110
20 113
20 116
20 117
20 122
20 129
20 138
20 144
20 145
20 146
20 200
20 218
20 222
20 224
20 228
20 230
20 243
20 263
20 265
20 280
20 287
20 296
20 305
20 314
20 322
20 324
20 343
20 361
20 385
20 392
20 403
20 404
20 425
20 474
20 485
20 505
20 512
20 513
20 532
20 549
20 568
20 569
20 576
20 588
20 613
20 639
20 640
20 643
20 654
20 658
20 665
20 711
20 716
20 757
20 763
20 796
20 806
20 810
20 827
20 841
20 866
20 874
20 878
20 903
20 913
20 962
20 977
20 993
20 1025
20 1032
20 1083
20 1092
20 1096
20 1157
20 1163
20 1172
20 1181
20 1197
20 1199
20 1221
20 1297
20 1314
20 1328
20 1332
20 1350
20 1381
20 1382
20 1387
20 1464
20 1477
20 1489
20 1558
20 1567
20 1622
20 1647
20 1698
20 1764
20 1799
20 1901
20 1947
20 1997
20 2024
20 2055
20 2082
20 2088
20 2095
20 2141
20 2168
20 2175
20 2203
20 2292
20 2353
20 2361
20 2382
20 2396
20 2412
20 2448
20 2503
20 2526
20 2534
20 2547
20 2548
20 2558
20 2581
20 2593
20 2595
20 2641
20 2689
20 2691
20 2753
20 2807
20 2821
20 2857
20 2933
20 2941
20 2959
20 3003
20 3005
20 3028
20 3043
20 3060
20 3065
20 3109
20 3157
20 3262
20 3325
20 3379
20 3385
20 3441
20 3450
20 3590
20 3607
20 3671
20 3686
20 3707
20 3767
20 3805
20 3829
20 3860
20 3902
20 3980
20 3991
20 4097
20 4154
20 4269
20 4297
20 4339
20 4360
20 4436
20 4481
20 4537
20 4601
20 4647
20 4690
20 4695
20 4713
20 4737
20 4748
20 4783
20 4802
20 4916
20 5116
20 5267
20 5283
20 5364
20 5493
20 5521
20 5562
20 5564
20 5595
20 5632
20 5679
20 5697
20 5764
20 5809
20 5877
20 5879
20 6034
20 6073
20 6106
20 6165
20 6267
20 6343
20 6362
20 6429
20 6523
20 6712
20 6759
20 6819
20 6831
20 6872
20 7024
20 7030
20 7102
20 7137
20 7199
20 7231
20 7269
20 7315
20 7342
20 7553
20 7563
20 7632
20 7648
20 7658
20 7706
20 7756
20 7815
20 7961
20 8056
20 8069
20 8160
20 8162
20 8358
20 8390
20 8428
20 8434
20 8488
20 8497
20 8564
20 8602
20 8650
20 8692
20 8739
20 9040
20 9044
20 9081
20 9131
20 9134
20 9158
20 9205
20 9230
20 9281
20 9299
20 9305
20 9338
20 9596
20 9672
20 9762
20 9842
20 9861
20 9919
20 9993
21 23
21 24
21 25
21 27
21 32
21 33
21 34
21 35
21 37
21 38
21 40
21 43
21 46
21 47
21 49
21 50
21 55
21 57
21 58
21 59
21 62
21 64
21 67
21 70
21 73
21 74
21 75
21 81
21 85
21 88
21 89
21 97
21 98
21 101
21 111
21 118
21 122
21 132
21 133
21 137
21 139
21 140
21 160
21 170
21 194
21 196
21 199
21 206
21 209
21 232
21 234
21 238
21 239
21 240
21 262
21 265
21 266
21 287
21 290
21 318
21 321
21 334
21 338
21 349
21 387
21 394
21 417
21 431
21 432
21 435
21 442
21 458
21 463
21 466
21 468
21 476
21 478
21 479
21 485
21 486
21 496
21 497
21 520
21 526
21 543
21 545
21 549
21 556
21 573
21 580
21 586
21 590
21 609
21 618
21 624
21 632
21 672
21 690
21 696
21 737
21 749
21 758
21 771
21 790
21 845
21 848
21 886
21 888
21 892
21 923
21 952
21 964
21 1003
21 1014
21 1017
21 1033
21 1041
21 1052
21 1085
21 1132
21 1146
21 1148
21 1151
21 1165
21 1172
21 1185
21 1196
21 1210
21 1216
21 1228
21 1230
21 1273
21 1282
21 1284
21 1313
21 1319
21 1338
21 1340
21 1344
21 1345
21 1370
21 1374
21 1379
21 1380
21 1381
21 1406
21 1424
21 1444
21 1469
21 1494
21 1535
21 1555
21 1581
21 1582
21 1619
21 1659
21 1707
21 1727
21 1736
21 1738
21 1750
21 1802
21 1807
21 1828
21 1861
21 1867
21 1881
21 1892
21 1905
21 1931
21 1933
21 1948
21 1949
21 1965
21 1998
21 1999
21 2009
21 2017
21 2019
21 2046
21 2061
21 2062
21 2105
21 2116
21 2140
21 2167
21 2191
21 2202
21 2266
21 2290
21 2295
21 2302
21 2310
21 2321
21 2339
21 2455
21 2508
21 2560
21 2580
21 2611
21 2618
21 2621
21 2635
21 2651
21 2701
21 2719
21 2748
21 2767
21 2808
21 2809
21 2827
21 2963
21 2965
21 3026
21 3029
21 3035
21 3071
21 3081
21 3128
21 3147
21 3178
21 3184
21 3185
21 3260
21 3304
21 3315
21 3327
21 3360
21 3388
21 3409
21 3467
21 3497
21 3508
21 3521
21 3523
21 3562
21 3639
21 3732
21 3750
21 3777
21 3804
21 3805
21 3893
21 3922
21 3943
21 3976
21 4007
21 4046
21 4072
21 4171
21 4225
21 4277
21 4304
21 4316
21 4333
21 4341
21 4373
21 4401
21 4437
21 4484
21 4504
21 4649
21 4671
21 4673
21 4693
21 4771
21 4789
21 4790
21 4883
21 4887
21 4892
21 4912
21 4939
21 5005
21 5008
21 5015
21 5020
21 5076
21 5083
21 5124
21 5180
21 5241
21 5249
21 5272
21 5330
21 5375
21 5386
21 5475
21 5516
21 5534
21 5545
21 5595
21 5596
21 5600
21 5657
21 5717
21 5743
21 5810
21 5840
21 5893
21 5903
21 5929
21 5934
21 5989
21 6030
21 6038
21 6044
21 6061
21 6068
21 6091
21 6162
21 6168
21 6179
21 6216
21 6246
21 6420
21 6426
21 6444
21 6464
21 6530
21 6566
21 6607
21 6631
21 6663
21 6815
21 6846
21 6888
21 6900
21 6925
21 7026
21 7091
21 7106
21 7155
21 7228
21 7238
21 7258
21 7259
21 7273
21 7285
21 7328
21 7364
21 7458
21 7524
21 7537
21 7547
21 7722
21 7745
21 7764
21 7780
21 7824
21 7933
21 7960
21 8074
21 8172
21 8182
21 8208
21 8221
21 8274
21 8300
21 8324
21 8325
21 8409
21 8414
21 8442
21 8487
21 8589
21 8645
21 8744
21 8785
21 8838
21 8842
21 8844
21 9039
21 9183
21 9225
21 9396
21 9400
21 9440
21 9442
21 9481
21 9502
21 9525
21 9554
21 9558
21 9568
21 9616
21 9658
21 9666
21 9687
21 9819
21 9836
21 9907
21 9927
22 27
22 33
22 37
22 42
22 48
22 50
22 51
22 56
22 61
22 76
22 77
22 109
22 116
22 121
22 139
22 174
22 193
22 219
22 230
22 233
22 234
22 265
22 294
22 303
22 311
22 320
22 326
22 333
22 346
22 373
22 375
22 377
22 386
22 400
22 417
22 462
22 464
22 514
22 539
22 563
22 584
22 587
22 670
22 703
22 718
22 742
22 749
22 755
22 765
22 774
22 782
22 803
22 805
22 868
22 879
22 930
22 933
22 937
22 951
22 955
22 999
22 1113
22 1193
22 1218
22 1257
22 1263
22 1273
22 1277
22 1336
22 1362
22 1378
22 1391
22 1411
22 1429
22 1534
22 1544
22 1554
22 1570
22 1627
22 1703
22 1772
22 1786
22 1912
22 1963
22 1985
22 2092
22 2107
22 2114
22 2166
22 2213
22 2250
22 2275
22 2373
22 2641
22 2739
22 2823
22 2979
22 2994
22 3035
22 3064
22 3065
22 3088
22 3108
22 3132
22 3247
22 3332
22 3444
22 3577
22 3631
22 3660
22 3668
22 3869
22 3998
22 3999
22 4071
22 4258
22 4303
22 4320
22 4323
22 4415
22 4428
22 4429
22 4470
22 4552
22 4694
22 4799
22 4839
22 4970
22 5158
22 5275
22 5334
22 5360
22 5421
22 5535
22 5609
22 5652
22 5721
22 5823
22 5832
22 5874
22 5905
22 5975
22 6160
22 6256
22 6318
22 6373
22 6395
22 6423
22 6508
22 6540
22 6595
22 6682
22 6706
22 6823
22 6981
22 6994
22 7062
22 7096
22 7192
22 7207
22 7242
22 7266
22 7326
22 7486
22 7629
22 7785
22 7837
22 7892
22 7925
22 7971
22 8123
22 8196
22 8403
22 8723
22 8810
22 8894
22 8902
22 8908
22 8955
22 8975
22 8986
22 9065
22 9172
22 9259
22 9275
22 9350
22 9430
22 9560
22 9600
22 9941
22 9960
23 29
23 30
23 42
23 45
23 46
23 50
23 56
23 57
23 64
23 78
23 88
23 124
23 125
23 179
23 195
23 203
23 204
23 247
23 268
23 279
23 291
23 307
23 321
23 329
23 332
23 349
23 364
23 370
23 381
23 391
23 396
23 405
23 409
23 436
23 455
23 460
23 487
23 520
23 525
23 540
23 552
23 572
23 573
23 577
23 578
23 630
23 642
23 655
23 710
23 717
23 721
23 740
23 766
23 769
23 797
23 811
23 822
23 856
23 901
23 919
23 922
23 930
23 983
23 990
23 991
23 996
23 1020
23 1025
23 1031
23 1052
23 1054
23 1072
23 1139
23 1235
23 1251
23 1254
23 1260
23 1261
23 1296
23 1329
23 1342
23 1343
23 1371
23 1385
23 1412
23 1418
23 1427
23 1428
23 1436
23 1461
23 1475
23 1489
23 1498
23 1505
23 1510
23 1532
23 1539
23 1543
23 1545
23 1571
23 1585
23 1622
23 1665
23 1698
23 1706
23 1709
23 1727
23 1739
23 1747
23 1796
23 1833
23 1837
23 1890
23 1910
23 1925
23 1941
23 1981
23 2013
23 2027
23 2035
23 2044
23 2059
23 2060
23 2077
23 2100
23 2125
23 2128
23 2168
23 2170
23 2172
23 2192
23 2235
23 2246
23 2257
23 2260
23 2299
23 2323
23 2346
23 2370
23 2400
23 2427
23 2429
23 2437
23 2460
23 2495
23 2501
23 2557
23 2604
23 2606
23 2612
23 2619
23 2627
23 2632
23 2746
23 2773
23 2867
23 2889
23 2905
23 2970
23 3006
23 3037
23 3100
23 3156
23 3200
23 3202
23 3243
23 3417
23 3439
23 3477
23 3586
23 3687
23 3772
23 3790
23 3802
23 3832
23 3880
23 3902
23 3903
23 3928
23 4041
23 4064
23 4135
23 4144
23 4159
23 4169
23 4208
23 4274
23 4280
23 4335
23 4386
23 4427
23 4602
23 4643
23 4724
23 4733
23 4745
23 4780
23 4838
23 4844
23 4857
23 4859
23 4882
23 4957
23 4987
23 5023
23 5077
23 5198
23 5355
23 5443
23 5479
23 5494
23 5671
23 5734
23 5874
23 5891
23 5939
23 6183
23 6185
23 6186
23 6215
23 6259
23 6300
23 6342
23 6361
23 6432
23 6454
23 6506
23 6589
23 6619
23 6849
23 6873
23 6897
23 7084
23 7117
23 7211
23 7263
23 7267
23 7382
23 7406
23 7443
23 7475
23 7558
23 7587
23 7655
23 7667
23 7678
23 7715
23 7752
23 7789
23 7801
23 7836
23 7886
23 7907
23 7914
23 7963
23 7998
23 8178
23 8189
23 8192
23 8322
23 8364
23 8369
23 8549
23 8571
23 8594
23 8757
23 8768
23 8858
23 8877
23 8930
23 8949
23 9111
23 9165
23 9231
23 9337
23 9383
23 9550
23 9572
23 9626
23 9658
23 9789
23 9927
23 9938
24 25
24 26
24 31
24 41
24 43
24 47
24 52
24 53
24 56
24 59
24 60
24 63
24 65
24 66
24 67
24 71
24 79
24 96
24 99
24 104
24 105
24 107
24 114
24 122
24 123
24 130
24 135
24 136
24 143
24 147
24 165
24 177
24 180
24 184
24 187
24 198
24 207
24 209
24 215
24 220
24 224
24 225
24 239
24 263
24 273
24 274
24 290
24 315
24 324
24 325
24 344
24 345
24 362
24 369
24 388
24 411
24 417
24 434
24 440
24 455
24 470
24 479
24 491
24 508
24 515
24 525
24 527
24 533
24 547
24 550
24 560
24 596
24 602
24 614
24 616
24 631
24 659
24 669
24 699
24 741
24 751
24 805
24 809
24 829
24 846
24 852
24 894
24 945
24 957
24 966
24 983
24 985
24 1012
24 1030
24 1031
24 1038
24 1042
24 1068
24 1087
24 1101
24 1103
24 1114
24 1117
24 1128
24 1138
24 1153
24 1157
24 1166
24 1174
24 1196
24 1197
24 1204
24 1243
24 1292
24 1314
24 1323
24 1374
24 1392
24 1397
24 1398
24 1413
24 1420
24 1424
24 1450
24 1452
24 1505
24 1519
24 1556
24 1601
24 1639
24 1659
24 1684
24 1700
24 1757
24 1778
24 1802
24 1808
24 1812
24 1881
24 1923
24 1945
24 1985
24 1992
24 2055
24 2084
24 2114
24 2117
24 2208
24 2214
24 2218
24 2271
24 2274
24 2297
24 2304
24 2369
24 2500
24 2539
24 2562
24 2565
24 2598
24 2650
24 2659
24 2704
24 2706
24 2738
24 2779
24 2791
24 2793
24 2939
24 2944
24 2945
24 2975
24 2983
24 3028
24 3050
24 3069
24 3070
24 3085
24 3093
24 3116
24 3118
24 3150
24 3167
24 3171
24 3183
24 3264
24 3283
24 3303
24 3311
24 3336
24 3375
24 3376
24 3379
24 3383
24 3444
24 3470
24 3474
24 3477
24 3518
24 3536
24 3551
24 3570
24 3585
24 3656
24 3682
24 3699
24 3748
24 3784
24 3806
24 3847
24 3862
24 3876
24 3910
24 3933
24 3942
24 3967
24 4037
24 4043
24 4135
24 4186
24 4264
24 4282
24 4300
24 4337
24 4349
24 4357
24 4378
24 4425
24 4510
24 4520
24 4568
24 4596
24 4603
24 4617
24 4620
24 4730
24 4731
24 4784
24 4798
24 4897
24 4953
24 4962
24 4981
24 5160
24 5187
24 5207
24 5210
24 5279
24 5290
24 5302
24 5313
24 5378
24 5399
24 5461
24 5471
24 5479
24 5733
24 5764
24 5765
24 5779
24 5840
24 5855
24 5892
24 5911
24 6061
24 6092
24 6135
24 6158
24 6177
24 6213
24 6233
24 6258
24 6272
24 6342
24 6428
24 6496
24 6543
24 6630
24 6691
24 6714
24 6727
24 6735
24 6751
24 6823
24 6926
24 6961
24 6968
24 7013
24 7038
24 7090
24 7105
24 7246
24 7257
24 7285
24 7295
24 7311
24 7329
24 7336
24 7387
24 7416
24 7451
24 7452
24 7486
24 7503
24 7506
24 7550
24 7595
24 7708
24 7878
24 7965
24 8044
24 8125
24 8142
24 8157
24 8184
24 8259
24 8299
24 8328
24 8368
24 8383
24 8407
24 8424
24 8596
24 8635
24 8833
24 8885
24 8912
24 8951
24 8953
24 9403
24 9415
24 9572
24 9795
24 9799
24 9833
24 9967
25 26
25 35
25 36
25 39
25 42
25 44
25 49
25 54
25 61
25 63
25 65
25 69
25 70
25 72
25 73
25 79
25 82
25 97
25 116
25 126
25 132
25 133
25 145
25 151
25 158
25 160
25 161
25 170
25 180
25 204
25 212
25 229
25 241
25 250
25 262
25 267
25 270
25 331
25 346
25 407
25 418
25 419
25 426
25 437
25 450
25 477
25 488
25 489
25 499
25 517
25 534
25 537
25 556
25 558
25 567
25 570
25 578
25 597
25 601
25 649
25 659
25 664
25 730
25 739
25 740
25 777
25 785
25 799
25 811
25 828
25 839
25 843
25 849
25 860
25 867
25 900
25 912
25 925
25 939
25 946
25 969
25 979
25 1018
25 1032
25 1049
25 1069
25 1089
25 1112
25 1167
25 1337
25 1341
25 1366
25 1434
25 1442
25 1443
25 1451
25 1466
25 1486
25 1490
25 1492
25 1493
25 1512
25 1580
25 1600
25 1704
25 1711
25 1776
25 1804
25 1806
25 1821
25 1899
25 1913
25 1958
25 2041
25 2108
25 2175
25 2185
25 2246
25 2252
25 2323
25 2370
25 2372
25 2402
25 2449
25 2453
25 2465
25 2496
25 2596
25 2601
25 2641
25 2653
25 2705
25 2713
25 2757
25 2791
25 2819
25 2831
25 2878
25 2936
25 2981
25 2984
25 3224
25 3390
25 3435
25 3440
25 3477
25 3488
25 3579
25 3592
25 3630
25 3657
25 3742
25 3861
25 3889
25 3898
25 3961
25 4035
25 4142
25 4316
25 4391
25 4430
25 4439
25 4457
25 4461
25 4539
25 4574
25 4639
25 4640
25 4988
25 5023
25 5060
25 5087
25 5089
25 5111
25 5116
25 5127
25 5138
25 5172
25 5173
25 5176
25 5283
25 5419
25 5443
25 5507
25 5573
25 5590
25 5599
25 5638
25 5686
25 5727
25 5728
25 5837
25 5906
25 5972
25 6004
25 6021
25 6135
25 6144
25 6167
25 6168
25 6233
25 6316
25 6317
25 6328
25 6362
25 6391
25 6408
25 6428
25 6433
25 6443
25 6479
25 6490
25 6538
25 6596
25 6730
25 6737
25 6772
25 6906
25 6961
25 7065
25 7080
25 7293
25 7366
25 7461
25 7572
25 7586
25 7602
25 7611
25 7696
25 7736
25 7782
25 7809
25 7811
25 7947
25 8007
25 8212
25 8284
25 8308
25 8331
25 8341
25 8402
25 8477
25 8510
25 8800
25 8817
25 8892
25 8948
25 9116
25 9151
25 9265
25 9301
25 9310
25 9345
25 9386
25 9445
25 9558
25 9611
25 9656
25 9670
25 9702
25 9716
25 9755
25 9852
25 9906
26 27
26 28
26 29
26 43
26 66
26 77
26 81
26 84
26 98
26 119
26 123
26 130
26 138
26 145
26 169
26 210
26 218
26 276
26 286
26 289
26 291
26 308
26 311
26 319
26 332
26 358
26 382
26 385
26 386
26 440
26 448
26 465
26 472
26 478
26 557
26 577
26 582
26 592
26 596
26 637
26 674
26 695
26 701
26 726
26 744
26 769
26 772
26 821
26 876
26 954
26 992
26 1016
26 1055
26 1111
26 1147
26 1150
26 1220
26 1223
26 1237
26 1239
26 1297
26 1433
26 1498
26 1560
26 1614
26 1629
26 1700
26 1712
26 1754
26 1855
26 1859
26 1875
26 1883
26 1925
26 2133
26 2180
26 2189
26 2190
26 2197
26 2309
26 2365
26 2526
26 2536
26 2677
26 2702
26 2860
26 2945
26 3022
26 3115
26 3158
26 3188
26 3402
26 3430
26 3525
26 3777
26 3793
26 3899
26 3931
26 3965
26 4085
26 4121
26 4123
26 4250
26 4260
26 4276
26 4375
26 4437
26 4475
26 4899
26 4924
26 4938
26 4954
26 5015
26 5019
26 5083
26 5215
26 5245
26 5304
26 5345
26 5513
26 5548
26 5624
26 5729
26 6008
26 6088
26 6090
26 6215
26 6381
26 6587
26 6813
26 6822
26 6847
26 6866
26 7138
26 7412
26 7436
26 7588
26 7634
26 7660
26 7723
26 7730
26 7987
26 8047
26 8076
26 8094
26 8285
26 8306
26 8334
26 8390
26 8432
26 8466
26 9028
26 9034
26 9152
26 9220
26 9350
26 9596
26 9727
26 9926
27 28
27 32
27 33
27 37
27 40
27 44
27 45
27 47
27 49
27 54
27 55
27 59
27 61
27 62
27 65
27 67
27 71
27 83
27 84
27 123
27 139
27 148
27 150
27 156
27 162
27 181
27 198
27 199
27 200
27 215
27 226
27 234
27 246
27 268
27 269
27 311
27 316
27 334
27 364
27 383
27 386
27 397
27 419
27 436
27 474
27 480
27 481
27 483
27 501
27 512
27 515
27 531
27 544
27 551
27 559
27 568
27 576
27 577
27 587
27 597
27 620
27 627
27 643
27 675
27 694
27 705
27 781
27 797
27 814
27 821
27 826
27 839
27 929
27 1062
27 1080
27 1155
27 1168
27 1200
27 1210
27 1218
27 1241
27 1251
27 1261
27 1281
27 1295
27 1332
27 1338
27 1345
27 1493
27 1506
27 1535
27 1568
27 1592
27 1625
27 1705
27 1714
27 1734
27 1787
27 1853
27 1857
27 1897
27 1914
27 1936
27 1940
27 1957
27 1960
27 1964
27 1988
27 2014
27 2054
27 2064
27 2115
27 2130
27 2153
27 2200
27 2247
27 2265
27 2283
27 2356
27 2504
27 2520
27 2535
27 2663
27 2691
27 2756
27 2842
27 2880
27 2933
27 3034
27 3051
27 3057
27 3142
27 3158
27 3202
27 3214
27 3218
27 3293
27 3399
27 3401
27 3509
27 3517
27 3539
27 3549
27 3559
27 3564
27 3591
27 3619
27 3628
27 3735
27 3742
27 3747
27 3755
27 3788
27 3887
27 3901
27 3954
27 3956
27 3962
27 4130
27 4139
27 4185
27 4211
27 4317
27 4459
27 4542
27 4566
27 4581
27 4618
27 4623
27 4650
27 4757
27 4817
27 4818
27 4821
27 4831
27 4877
27 4986
27 5097
27 5111
27 5118
27 5216
27 5219
27 5241
27 5314
27 5383
27 5407
27 5416
27 5424
27 5514
27 5547
27 5552
27 5575
27 5634
27 5749
27 5792
27 5852
27 5899
27 5970
27 5975
27 6165
27 6185
27 6195
27 6231
27 6357
27 6393
27 6484
27 6512
27 6564
27 6604
27 6623
27 6730
27 6782
27 6870
27 6911
27 6971
27 7115
27 7254
27 7342
27 7369
27 7449
27 7520
27 7636
27 7677
27 7680
27 7698
27 7758
27 7834
27 7882
27 7894
27 7909
27 7922
27 7986
27 7988
27 8175
27 8191
27 8246
27 8250
27 8311
27 8332
27 8369
27 8436
27 8579
27 8620
27 8743
27 8786
27 8832
27 8869
27 8898
27 8919
27 9061
27 9094
27 9131
27 9136
27 9207
27 9310
27 9317
27 9430
27 9509
27 9543
27 9561
27 9704
27 9736
27 9803
27 9894
27 9946
27 9984
28 29
28 42
28 50
28 51
28 62
28 64
28 68
28 123
28 129
28 136
28 138
28 154
28 156
28 159
28 164
28 183
28 189
28 194
28 201
28 231
28 250
28 254
28 270
28 320
28 326
28 332
28 377
28 434
28 437
28 441
28 451
28 497
28 508
28 517
28 524
28 563
28 622
28 625
28 630
28 634
28 641
28 653
28 654
28 658
28 717
28 728
28 734
28 747
28 777
28 814
28 855
28 873
28 927
28 940
28 978
28 998
28 1055
28 1075
28 1093
28 1096
28 1101
28 1115
28 1168
28 1175
28 1186
28 1235
28 1247
28 1272
28 1450
28 1517
28 1582
28 1656
28 1751
28 1865
28 1906
28 1916
28 1940
28 2047
28 2073
28 2123
28 2188
28 2219
28 2279
28 2345
28 2352
28 2388
28 2389
28 2456
28 2491
28 2551
28 2706
28 2834
28 2847
28 2873
28 2893
28 2905
28 3063
28 3072
28 3119
28 3198
28 3233
28 3264
28 3297
28 3346
28 3366
28 3503
28 3534
28 3723
28 3828
28 3854
28 3921
28 3989
28 4053
28 4058
28 4190
28 4356
28 4359
28 4375
28 4440
28 4537
28 4624
28 4728
28 4854
28 4921
28 5218
28 5246
28 5288
28 5302
28 5316
28 5371
28 5376
28 5397
28 5492
28 5495
28 5658
28 5699
28 5724
28 5725
28 5730
28 5769
28 5962
28 5992
28 5996
28 6309
28 6393
28 6493
28 6514
28 6517
28 6560
28 6621
28 6760
28 6777
28 6813
28 6861
28 6965
28 6976
28 7069
28 7091
28 7114
28 7126
28 7129
28 7220
28 7417
28 7435
28 7519
28 7538
28 7561
28 7737
28 7747
28 7751
28 7766
28 7847
28 7872
28 7925
28 8060
28 8063
28 8099
28 8219
28 8264
28 8411
28 8428
28 8437
28 8543
28 8584
28 8659
28 8844
28 8946
28 9034
28 9100
28 9145
28 9173
28 9238
28 9308
28 9388
28 9507
28 9582
28 9658
28 9660
28 9667
28 9684
28 9735
28 9785
28 9898
29 31
29 35
29 37
29 53
29 54
29 60
29 63
29 73
29 88
29 89
29 90
29 92
29 94
29 96
29 99
29 111
29 159
29 168
29 175
29 193
29 197
29 202
29 205
29 207
29 215
29 220
29 221
29 222
29 226
29 241
29 274
29 276
29 294
29 300
29 305
29 309
29 330
29 340
29 348
29 374
29 377
29 380
29 409
29 411
29 430
29 467
29 604
29 605
29 621
29 637
29 707
29 747
29 787
29 808
29 837
29 861
29 864
29 901
29 934
29 990
29 1071
29 1077
29 1108
29 1144
29 1157
29 1159
29 1349
29 1355
29 1402
29 1448
29 1475
29 1494
29 1510
29 1543
29 1601
29 1707
29 1738
29 1803
29 1817
29 1923
29 1961
29 2057
29 2082
29 2126
29 2278
29 2296
29 2344
29 2367
29 2375
29 2472
29 2514
29 2543
29 2693
29 2694
29 2731
29 2778
29 2854
29 2889
29 2904
29 2954
29 2962
29 2974
29 2981
29 3003
29 3007
29 3015
29 3137
29 3178
29 3232
29 3255
29 3272
29 3281
29 3292
29 3322
29 3334
29 3361
29 3373
29 3715
29 3739
29 3744
29 3792
29 3834
29 3844
29 4019
29 4044
29 4078
29 4151
29 4198
29 4214
29 4217
29 4222
29 4245
29 4341
29 4479
29 4510
29 4531
29 4539
29 4604
29 4605
29 4626
29 4755
29 4786
29 5101
29 5121
29 5135
29 5149
29 5202
29 5231
29 5290
29 5382
29 5540
29 5580
29 5593
29 5675
29 5682
29 5701
29 5723
29 5828
29 5918
29 6002
29 6052
29 6069
29 6092
29 6301
29 6341
29 6440
29 6458
29 6636
29 6688
29 6712
29 6718
29 6744
29 6788
29 6830
29 6866
29 6879
29 6900
29 6909
29 7042
29 7051
29 7111
29 7169
29 7211
29 7230
29 7268
29 7327
29 7420
29 7436
29 7506
29 7511
29 7526
29 7671
29 7689
29 7706
29 7755
29 7836
29 7876
29 7910
29 8006
29 8075
29 8179
29 8249
29 8336
29 8348
29 8361
29 8392
29 8493
29 8514
29 8581
29 8730
29 8794
29 8879
29 8892
29 8895
29 8921
29 9019
29 9160
29 9234
29 9268
29 9297
29 9451
29 9700
29 9761
29 9826
29 9985
30 35
30 36
30 38
30 39
30 41
30 42
30 51
30 59
30 60
30 64
30 66
30 70
30 75
30 87
30 107
30 114
30 116
30 118
30 119
30 132
30 133
30 153
30 163
30 181
30 195
30 196
30 204
30 227
30 229
30 234
30 243
30 247
30 257
30 261
30 281
30 311
30 315
30 332
30 356
30 410
30 421
30 424
30 451
30 461
30 470
30 501
30 520
30 536
30 540
30 544
30 561
30 579
30 600
30 616
30 657
30 673
30 684
30 696
30 697
30 711
30 731
30 796
30 812
30 837
30 850
30 901
30 947
30 988
30 1013
30 1049
30 1058
30 1076
30 1162
30 1240
30 1298
30 1315
30 1337
30 1387
30 1441
30 1481
30 1485
30 1494
30 1500
30 1581
30 1605
30 1692
30 1702
30 1718
30 1719
30 1794
30 1900
30 1944
30 1946
30 1947
30 1963
30 2002
30 2039
30 2076
30 2110
30 2111
30 2114
30 2123
30 2203
30 2208
30 2226
30 2237
30 2240
30 2295
30 2296
30 2312
30 2323
30 2378
30 2428
30 2454
30 2489
30 2516
30 2521
30 2556
30 2565
30 2591
30 2594
30 2630
30 2657
30 2660
30 2667
30 2677
30 2678
30 2849
30 2943
30 2958
30 3000
30 3066
30 3091
30 3151
30 3161
30 3168
30 3288
30 3445
30 3511
30 3559
30 3571
30 3666
30 3670
30 3675
30 3691
30 3742
30 3792
30 3813
30 3835
30 3856
30 3896
30 3942
30 3967
30 3970
30 4017
30 4040
30 4056
30 4072
30 4116
30 4223
30 4291
30 4455
30 4509
30 4514
30 4528
30 4545
30 4655
30 4689
30 4692
30 4727
30 4755
30 4801
30 4949
30 4986
30 4996
30 5019
30 5200
30 5243
30 5257
30 5287
30 5503
30 5595
30 5753
30 5815
30 5899
30 6098
30 6245
30 6315
30 6369
30 6460
30 6492
30 6586
30 6641
30 7019
30 7030
30 7048
30 7107
30 7154
30 7243
30 7258
30 7290
30 7373
30 7475
30 7607
30 7641
30 7650
30 7703
30 7756
30 7768
30 7830
30 7903
30 7916
30 7931
30 8309
30 8394
30 8556
30 8610
30 8620
30 8857
30 8880
30 8923
30 9014
30 9159
30 9219
30 9288
30 9289
30 9380
30 9463
30 9569
30 9602
30 9674
30 9971
30 9980
31 36
31 38
31 69
31 78
31 82
31 88
31 89
31 96
31 108
31 110
31 115
31 132
31 139
31 183
31 184
31 185
31 199
31 218
31 221
31 225
31 244
31 248
31 257
31 273
31 278
31 286
31 298
31 305
31 306
31 316
31 318
31 331
31 355
31 358
31 380
31 384
31 391
31 446
31 456
31 466
31 489
31 496
31 512
31 519
31 572
31 583
31 603
31 617
31 627
31 633
31 645
31 646
31 654
31 684
31 694
31 711
31 721
31 725
31 738
31 742
31 773
31 774
31 807
31 827
31 830
31 853
31 870
31 895
31 949
31 961
31 982
31 1003
31 1006
31 1042
31 1050
31 1051
31 1054
31 1056
31 1102
31 1126
31 1154
31 1160
31 1170
31 1171
31 1193
31 1209
31 1210
31 1223
31 1250
31 1266
31 1318
31 1355
31 1403
31 1404
31 1457
31 1483
31 1658
31 1681
31 1698
31 1741
31 1744
31 1746
31 1757
31 1767
31 1768
31 1790
31 1816
31 1818
31 1843
31 1987
31 1990
31 2049
31 2114
31 2170
31 2226
31 2227
31 2243
31 2278
31 2359
31 2397
31 2426
31 2491
31 2522
31 2535
31 2538
31 2546
31 2555
31 2568
31 2573
31 2596
31 2671
31 2681
31 2740
31 2804
31 2855
31 2882
31 2991
31 3209
31 3210
31 3273
31 3335
31 3485
31 3531
31 3535
31 3571
31 3623
31 3709
31 3779
31 3793
31 3864
31 3918
31 3977
31 4025
31 4344
31 4351
31 4527
31 4528
31 4615
31 4655
31 4686
31 4720
31 4787
31 4828
31 4870
31 4871
31 4886
31 4902
31 4920
31 4950
31 5071
31 5094
31 5100
31 5114
31 5127
31 5155
31 5160
31 5180
31 5339
31 5406
31 5457
31 5474
31 5546
31 5589
31 5608
31 5664
31 5688
31 5697
31 5784
31 5797
31 5800
31 5876
31 5919
31 5943
31 5976
31 6011
31 6172
31 6212
31 6302
31 6459
31 6470
31 6587
31 6591
31 6649
31 6746
31 6758
31 6844
31 6959
31 6962
31 7015
31 7058
31 7066
31 7327
31 7395
31 7398
31 7442
31 7661
31 7681
31 7725
31 7892
31 7903
31 8139
31 8215
31 8285
31 8400
31 8401
31 8451
31 8467
31 8610
31 8625
31 8800
31 8817
31 8869
31 8886
31 8902
31 8939
31 9043
31 9090
31 9102
31 9188
31 9214
31 9218
31 9227
31 9365
31 9451
31 9478
31 9568
31 9590
31 9592
31 9634
31 9872
31 9891
31 9941
31 9976
32 34
32 35
32 37
32 45
32 46
32 47
32 48
32 50
32 51
32 57
32 71
32 82
32 86
32 91
32 93
32 105
32 110
32 114
32 120
32 127
32 129
32 131
32 143
32 144
32 150
32 151
32 159
32 167
32 204
32 215
32 224
32 232
32 268
32 292
32 298
32 302
32 312
32 316
32 350
32 377
32 385
32 388
32 408
32 417
32 458
32 509
32 536
32 566
32 580
32 596
32 630
32 657
32 717
32 750
32 802
32 830
32 874
32 882
32 917
32 949
32 970
32 991
32 1035
32 1071
32 1121
32 1122
32 1123
32 1212
32 1243
32 1276
32 1278
32 1280
32 1314
32 1393
32 1433
32 1452
32 1486
32 1550
32 1582
32 1619
32 1648
32 1650
32 1702
32 1708
32 1754
32 1755
32 1760
32 1788
32 1805
32 1852
32 1873
32 1880
32 1953
32 2117
32 2227
32 2244
32 2282
32 2287
32 2291
32 2362
32 2394
32 2472
32 2476
32 2487
32 2538
32 2543
32 2546
32 2605
32 2613
32 2634
32 2657
32 2680
32 2735
32 2744
32 2789
32 2794
32 2800
32 2849
32 2951
32 2995
32 3067
32 3143
32 3233
32 3281
32 3371
32 3374
32 3475
32 3620
32 3688
32 3771
32 3772
32 3825
32 3850
32 3866
32 3868
32 3880
32 3951
32 4012
32 4086
32 4149
32 4160
32 4166
32 4175
32 4218
32 4274
32 4283
32 4483
32 4506
32 4585
32 4602
32 4607
32 4633
32 4654
32 4693
32 4935
32 4983
32 5036
32 5105
32 5166
32 5202
32 5273
32 5284
32 5302
32 5305
32 5322
32 5417
32 5463
32 5479
32 5523
32 5592
32 5653
32 5731
32 5742
32 5759
32 6004
32 6074
32 6100
32 6115
32 6137
32 6154
32 6179
32 6283
32 6386
32 6448
32 6451
32 6543
32 6586
32 6635
32 6731
32 6958
32 7039
32 7059
32 7268
32 7286
32 7364
32 7373
32 7408
32 7441
32 7493
32 7518
32 7521
32 7550
32 7636
32 7798
32 8120
32 8243
32 8249
32 8393
32 8422
32 8457
32 8585
32 8654
32 9008
32 9179
32 9252
32 9391
32 9397
32 9429
32 9435
32 9519
32 9561
32 9564
32 9579
32 9640
32 9758
32 9796
32 9833
32 9854
33 40
33 42
33 72
33 85
33 89
33 93
33 95
33 98
33 104
33 106
33 115
33 122
33 131
33 134
33 144
33 161
33 183
33 193
33 217
33 219
33 228
33 237
33 245
33 249
33 270
33 272
33 273
33 276
33 280
33 289
33 293
33 297
33 315
33 318
33 324
33 355
33 369
33 405
33 504
33 522
33 535
33 549
33 555
33 663
33 672
33 680
33 730
33 777
33 831
33 890
33 970
33 971
33 973
33 1008
33 1082
33 1096
33 1182
33 1203
33 1514
33 1526
33 1531
33 1591
33 1594
33 1597
33 1605
33 1609
33 1634
33 1749
33 1765
33 1780
33 1804
33 1835
33 1931
33 2140
33 2147
33 2194
33 2250
33 2316
33 2385
33 2396
33 2398
33 2545
33 2572
33 2598
33 2611
33 2695
33 2699
33 2703
33 2764
33 2820
33 2931
33 3002
33 3009
33 3032
33 3042
33 3118
33 3126
33 3130
33 3228
33 3303
33 3317
33 3437
33 3478
33 3583
33 3624
33 3821
33 3838
33 3905
33 3972
33 4154
33 4177
33 4541
33 4661
33 4678
33 4752
33 5216
33 5313
33 5320
33 5389
33 5398
33 5444
33 5529
33 5639
33 6182
33 6198
33 6221
33 6292
33 6298
33 6474
33 6522
33 6557
33 6728
33 6766
33 6804
33 6830
33 6851
33 6970
33 7269
33 7324
33 7474
33 7477
33 7483
33 7529
33 7688
33 7708
33 7884
33 7972
33 8215
33 8235
33 8282
33 8453
33 8458
33 8459
33 8483
33 8511
33 8534
33 8605
33 8666
33 8837
33 9023
33 9082
33 9144
33 9226
33 9388
33 9511
33 9539
33 9588
33 9662
33 9664
33 9690
33 9745
33 9813
33 9820
33 9860
33 9972
34 36
34 37
34 43
34 54
34 60
34 61
34 65
34 70
34 71
34 75
34 77
34 90
34 97
34 102
34 113
34 117
34 125
34 126
34 136
34 151
34 161
34 171
34 189
34 199
34 203
34 237
34 267
34 275
34 278
34 284
34 292
34 300
34 301
34 331
34 358
34 368
34 477
34 496
34 509
34 537
34 564
34 626
34 656
34 689
34 777
34 785
34 791
34 803
34 826
34 839
34 859
34 876
34 891
34 893
34 921
34 942
34 958
34 997
34 1015
34 1031
34 1054
34 1071
34 1130
34 1243
34 1263
34 1275
34 1382
34 1403
34 1502
34 1512
34 1542
34 1543
34 1583
34 1584
34 1604
34 1611
34 1616
34 1684
34 1708
34 1730
34 1766
34 1778
34 1798
34 1873
34 1896
34 1940
34 1943
34 1945
34 2012
34 2067
34 2105
34 2120
34 2136
34 2326
34 2458
34 2473
34 2475
34 2488
34 2510
34 2639
34 2651
34 2790
34 2917
34 2939
34 2947
34 3289
34 3442
34 3448
34 3465
34 3526
34 3533
34 3621
34 3643
34 3689
34 3783
34 3980
34 4097
34 4133
34 4162
34 4177
34 4261
34 4269
34 4489
34 4535
34 4538
34 4541
34 4573
34 4586
34 4930
34 4963
34 4973
34 5045
34 5204
34 5234
34 5384
34 5392
34 5635
34 5688
34 5700
34 5821
34 6008
34 6020
34 6124
34 6154
34 6176
34 6203
34 6387
34 6484
34 6541
34 6732
34 6777
34 6796
34 6848
34 6879
34 6928
34 6942
34 7036
34 7206
34 7227
34 7390
34 7537
34 7630
34 7779
34 7844
34 7922
34 7932
34 7981
34 8052
34 8070
34 8323
34 8373
34 8411
34 8426
34 8485
34 8662
34 8910
34 8928
34 8979
34 9013
34 9127
34 9230
34 9303
34 9447
34 9649
34 9690
34 9765
34 9811
35 36
35 46
35 54
35 56
35 57
35 59
35 60
35 67
35 69
35 70
35 79
35 81
35 84
35 90
35 98
35 104
35 106
35 129
35 147
35 151
35 172
35 218
35 232
35 240
35 245
35 284
35 294
35 295
35 298
35 313
35 316
35 329
35 339
35 340
35 342
35 347
35 351
35 364
35 368
35 384
35 390
35 402
35 404
35 407
35 509
35 547
35 566
35 587
35 598
35 603
35 661
35 726
35 771
35 778
35 781
35 810
35 824
35 827
35 854
35 868
35 962
35 969
35 984
35 1009
35 1071
35 1164
35 1208
35 1241
35 1244
35 1254
35 1261
35 1263
35 1295
35 1328
35 1383
35 1389
35 1408
35 1442
35 1446
35 1448
35 1473
35 1502
35 1515
35 1525
35 1547
35 1570
35 1575
35 1583
35 1707
35 1724
35 1748
35 1807
35 1883
35 1930
35 1990
35 2016
35 2033
35 2145
35 2241
35 2266
35 2298
35 2310
35 2327
35 2344
35 2388
35 2397
35 2413
35 2449
35 2457
35 2478
35 2479
35 2501
35 2505
35 2602
35 2617
35 2643
35 2703
35 2720
35 2842
35 2893
35 2979
35 2994
35 3007
35 3026
35 3053
35 3274
35 3334
35 3337
35 3346
35 3347
35 3387
35 3422
35 3487
35 3497
35 3501
35 3513
35 3536
35 3558
35 3599
35 3626
35 3641
35 3644
35 3860
35 3877
35 3883
35 3932
35 3977
35 4005
35 4039
35 4064
35 4113
35 4135
35 4168
35 4175
35 4189
35 4195
35 4314
35 4325
35 4342
35 4372
35 4380
35 4446
35 4603
35 4610
35 4673
35 4704
35 4786
35 4806
35 4859
35 5049
35 5082
35 5250
35 5277
35 5293
35 5342
35 5360
35 5419
35 5515
35 5520
35 5522
35 5584
35 5712
35 5832
35 5870
35 5874
35 5914
35 5957
35 6211
35 6242
35 6318
35 6396
35 6417
35 6447
35 6831
35 6957
35 7028
35 7066
35 7080
35 7125
35 7129
35 7220
35 7280
35 7292
35 7342
35 7395
35 7492
35 7508
35 7578
35 7603
35 7613
35 7630
35 7643
35 7663
35 7666
35 7709
35 7731
35 7745
35 7828
35 7832
35 7839
35 7900
35 7927
35 7936
35 7971
35 8013
35 8185
35 8262
35 8263
35 8327
35 8372
35 8386
35 8433
35 8449
35 8637
35 8674
35 8840
35 9020
35 9056
35 9082
35 9509
35 9635
35 9738
35 9756
35 9783
35 9853
35 9919
36 37
36 41
36 82
36 104
36 126
36 136
36 142
36 169
36 179
36 191
36 210
36 213
36 216
36 244
36 255
36 260
36 266
36 269
36 283
36 284
36 289
36 294
36 338
36 358
36 431
36 459
36 483
36 497
36 524
36 564
36 584
36 621
36 694
36 712
36 754
36 824
36 860
36 940
36 986
36 1057
36 1064
36 1176
36 1293
36 1349
36 1384
36 1386
36 1474
36 1540
36 1565
36 1571
36 1577
36 1697
36 1744
36 1750
36 1761
36 1941
36 1996
36 2000
36 2088
36 2113
36 2286
36 2305
36 2360
36 2366
36 2376
36 2456
36 2470
36 2643
36 2647
36 2681
36 2755
36 2767
36 2769
36 2956
36 2968
36 2988
36 3001
36 3050
36 3118
36 3131
36 3207
36 3232
36 3268
36 3380
36 3573
36 3595
36 3601
36 3636
36 3648
36 3660
36 3806
36 3838
36 3871
36 4036
36 4419
36 4457
36 4510
36 4563
36 4610
36 4754
36 4864
36 4911
36 5012
36 5047
36 5108
36 5179
36 5550
36 5576
36 5592
36 5675
36 5683
36 5834
36 6025
36 6061
36 6179
36 6220
36 6240
36 6428
36 6462
36 6526
36 6548
36 6598
36 6786
36 6931
36 6999
36 7188
36 7317
36 7357
36 7686
36 7699
36 7715
36 7809
36 7853
36 7912
36 7917
36 7919
36 7932
36 8388
36 8513
36 8886
36 9343
37 46
37 55
37 65
37 66
37 67
37 72
37 77
37 92
37 110
37 125
37 129
37 144
37 146
37 150
37 154
37 162
37 193
37 198
37 211
37 219
37 225
37 232
37 248
37 256
37 280
37 291
37 297
37 365
37 414
37 473
37 594
37 603
37 649
37 661
37 720
37 820
37 893
37 943
37 944
37 1052
37 1072
37 1125
37 1135
37 1159
37 1230
37 1231
37 1425
37 1428
37 1508
37 1720
37 1815
37 1836
37 1929
37 1963
37 2111
37 2271
37 2288
37 2327
37 2363
37 2364
37 2504
37 2582
37 2685
37 2754
37 2802
37 3059
37 3316
37 3421
37 3494
37 3512
37 3685
37 3864
37 3969
37 4002
37 4079
37 4088
37 4205
37 4231
37 4496
37 4645
37 4786
37 4949
37 5074
37 5076
37 5103
37 5318
37 5421
37 5515
37 5516
37 5597
37 5644
37 5773
37 5870
37 5908
37 6069
37 6076
37 6113
37 6283
37 6326
37 6704
37 6878
37 6884
37 6901
37 7077
37 7110
37 7174
37 7656
37 7675
37 7803
37 8039
37 8052
37 8222
37 8439
37 8510
37 8738
37 8833
37 8878
37 9033
37 9158
37 9171
37 9325
37 9471
37 9767
37 9867
37 9985
38 44
38 48
38 49
38 54
38 81
38 92
38 101
38 126
38 155
38 171
38 176
38 178
38 195
38 213
38 253
38 273
38 283
38 355
38 392
38 402
38 409
38 458
38 506
38 511
38 542
38 544
38 580
38 639
38 645
38 664
38 677
38 700
38 776
38 794
38 837
38 903
38 922
38 954
38 955
38 1039
38 1054
38 1161
38 1229
38 1237
38 1243
38 1271
38 1278
38 1448
38 1455
38 1621
38 1665
38 1688
38 1692
38 1841
38 1844
38 1981
38 2051
38 2056
38 2139
38 2147
38 2306
38 2347
38 2354
38 2459
38 2515
38 2615
38 2626
38 2696
38 2701
38 2776
38 2797
38 2805
38 2826
38 2854
38 3060
38 3339
38 3436
38 3499
38 3560
38 3696
38 3723
38 3769
38 3846
38 3901
38 3932
38 3933
38 3941
38 3957
38 4136
38 4143
38 4305
38 4338
38 4381
38 4431
38 4779
38 5035
38 5127
38 5148
38 5196
38 5347
38 5435
38 5452
38 5634
38 5658
38 5692
38 5750
38 5858
38 6082
38 6088
38 6105
38 6260
38 6468
38 6646
38 6793
38 6877
38 6896
38 6936
38 6947
38 7031
38 7158
38 7159
38 7195
38 7202
38 7341
38 7347
38 7512
38 7753
38 7760
38 7864
38 7963
38 8091
38 8095
38 8115
38 8249
38 8357
38 8649
38 8692
38 8971
38 9004
38 9051
38 9119
38 9575
38 9805
38 9903
38 9996
39 53
39 63
39 74
39 80
39 92
39 100
39 109
39 121
39 143
39 154
39 161
39 170
39 202
39 230
39 245
39 336
39 421
39 461
39 478
39 491
39 536
39 650
39 668
39 823
39 845
39 892
39 909
39 913
39 984
39 994
39 997
39 1051
39 1057
39 1127
39 1144
39 1169
39 1204
39 1253
39 1463
39 1472
39 1478
39 1504
39 1654
39 1778
39 1786
39 1801
39 1841
39 1861
39 1873
39 1935
39 1973
39 2053
39 2124
39 2170
39 2198
39 2316
39 2379
39 2582
39 2619
39 2649
39 2669
39 2740
39 2761
39 2816
39 2831
39 2861
39 2955
39 3248
39 3504
39 3621
39 3659
39 3690
39 3776
39 3825
39 3911
39 4061
39 4094
39 4148
39 4274
39 4290
39 4591
39 4817
39 4902
39 4948
39 5605
39 5817
39 5840
39 6310
39 6329
39 6521
39 6676
39 7034
39 7036
39 7262
39 7277
39 7297
39 7401
39 7465
39 7525
39 7531
39 7682
39 7692
39 8035
39 8223
39 8405
39 8558
39 8804
39 8893
39 8914
39 9309
39 9458
39 9489
39 9636
39 9652
39 9667
39 9683
40 46
40 55
40 56
40 61
40 68
40 73
40 80
40 84
40 100
40 108
40 110
40 126
40 128
40 131
40 154
40 162
40 176
40 185
40 186
40 193
40 204
40 208
40 209
40 211
40 243
40 246
40 264
40 266
40 292
40 301
40 320
40 321
40 343
40 363
40 364
40 384
40 401
40 418
40 431
40 457
40 503
40 527
40 531
40 590
40 650
40 660
40 661
40 665
40 683
40 698
40 709
40 754
40 775
40 788
40 796
40 801
40 813
40 830
40 837
40 841
40 949
40 958
40 964
40 965
40 985
40 1026
40 1075
40 1103
40 1107
40 1111
40 1214
40 1241
40 1252
40 1289
40 1306
40 1350
40 1365
40 1368
40 1410
40 1419
40 1486
40 1496
40 1536
40 1623
40 1690
40 1696
40 1815
40 1850
40 1854
40 1949
40 1983
40 1991
40 2003
40 2049
40 2070
40 2101
40 2103
40 2107
40 2115
40 2116
40 2126
40 2234
40 2235
40 2271
40 2332
40 2468
40 2498
40 2538
40 2551
40 2655
40 2674
40 2682
40 2893
40 2912
40 2927
40 3004
40 3038
40 3101
40 3254
40 3278
40 3386
40 3428
40 3438
40 3480
40 3516
40 3569
40 3619
40 3639
40 3640
40 3684
40 3833
40 3857
40 3871
40 3921
40 3963
40 4014
40 4024
40 4137
40 4152
40 4368
40 4392
40 4393
40 4398
40 4434
40 4459
40 4497
40 4507
40 4644
40 4707
40 4737
40 4745
40 4831
40 4905
40 4984
40 4996
40 5115
40 5128
40 5255
40 5274
40 5326
40 5333
40 5363
40 5513
40 5631
40 5655
40 5664
40 5696
40 5707
40 5716
40 5731
40 5748
40 5860
40 6007
40 6127
40 6200
40 6231
40 6243
40 6328
40 6332
40 6379
40 6469
40 6507
40 6559
40 6849
40 6872
40 6910
40 6923
40 6940
40 6946
40 7012
40 7107
40 7216
40 7264
40 7352
40 7407
40 7512
40 7740
40 7840
40 7849
40 7880
40 7927
40 8008
40 8021
40 8063
40 8076
40 8110
40 8189
40 8589
40 8600
40 8711
40 8849
40 8986
40 9020
40 9056
40 9091
40 9366
40 9455
40 9626
40 9637
40 9664
40 9707
40 9740
40 9768
40 9880
41 81
41 82
41 93
41 97
41 98
41 105
41 108
41 111
41 122
41 125
41 135
41 137
41 160
41 168
41 169
41 173
41 185
41 192
41 201
41 205
41 232
41 246
41 256
41 264
41 269
41 313
41 351
41 357
41 363
41 374
41 375
41 384
41 386
41 393
41 403
41 404
41 416
41 422
41 425
41 447
41 456
41 463
41 474
41 478
41 515
41 529
41 551
41 560
41 575
41 580
41 621
41 647
41 671
41 714
41 776
41 811
41 841
41 894
41 903
41 937
41 950
41 952
41 971
41 1059
41 1067
41 1082
41 1104
41 1105
41 1166
41 1167
41 1171
41 1190
41 1219
41 1229
41 1299
41 1310
41 1316
41 1357
41 1404
41 1522
41 1536
41 1559
41 1561
41 1563
41 1594
41 1612
41 1629
41 1636
41 1679
41 1689
41 1693
41 1698
41 1704
41 1712
41 1730
41 1737
41 1740
41 1763
41 1768
41 1831
41 1873
41 1903
41 1909
41 1924
41 1981
41 2013
41 2055
41 2069
41 2106
41 2115
41 2140
41 2159
41 2170
41 2214
41 2263
41 2278
41 2282
41 2337
41 2403
41 2405
41 2448
41 2453
41 2525
41 2539
41 2599
41 2622
41 2684
41 2697
41 2749
41 2899
41 2940
41 2999
41 3002
41 3059
41 3132
41 3243
41 3328
41 3334
41 3423
41 3453
41 3493
41 3562
41 3615
41 3693
41 3721
41 3743
41 3744
41 3770
41 3851
41 4027
41 4156
41 4230
41 4234
41 4238
41 4284
41 4347
41 4489
41 4660
41 4710
41 4811
41 4873
41 4883
41 4914
41 4978
41 4998
41 5058
41 5067
41 5071
41 5280
41 5289
41 5390
41 5439
41 5461
41 5473
41 5488
41 5489
41 5534
41 5603
41 5632
41 5678
41 5766
41 5901
41 5902
41 6103
41 6156
41 6190
41 6211
41 6215
41 6238
41 6277
41 6279
41 6286
41 6408
41 6547
41 6697
41 6880
41 7124
41 7166
41 7180
41 7233
41 7257
41 7391
41 7402
41 7436
41 7457
41 7569
41 7630
41 7675
41 7685
41 7825
41 7889
41 7945
41 7964
41 8010
41 8039
41 8074
41 8177
41 8185
41 8310
41 8317
41 8343
41 8507
41 8564
41 8573
41 8643
41 8837
41 8887
41 9006
41 9158
41 9193
41 9438
41 9449
41 9450
41 9465
41 9706
41 9808
41 9828
41 9925
42 47
42 56
42 74
42 189
42 212
42 227
42 257
42 268
42 337
42 368
42 410
42 534
42 541
42 563
42 566
42 601
42 927
42 1037
42 1106
42 1121
42 1172
42 1373
42 1379
42 1415
42 1485
42 1489
42 1519
42 1589
42 1669
42 1684
42 2057
42 2148
42 2216
42 2316
42 2351
42 2439
42 2503
42 2793
42 2964
42 2984
42 3282
42 3294
42 3311
42 3429
42 3493
42 3611
42 3730
42 3802
42 3837
42 3848
42 3935
42 3954
42 4016
42 4082
42 4133
42 4270
42 4451
42 4568
42 4575
42 4587
42 4667
42 4771
42 4865
42 5126
42 5635
42 5679
42 5766
42 5832
42 5871
42 6122
42 6166
42 6243
42 6247
42 6256
42 6263
42 6338
42 6354
42 6374
42 6409
42 6475
42 6624
42 6929
42 7055
42 7288
42 7617
42 7762
42 7770
42 7776
42 7997
42 8271
42 8488
42 8512
42 8738
42 8792
42 8967
42 9244
42 9249
42 9493
42 9568
42 9843
43 57
43 64
43 83
43 98
43 101
43 104
43 129
43 130
43 131
43 132
43 170
43 187
43 203
43 230
43 278
43 340
43 370
43 377
43 379
43 402
43 435
43 441
43 472
43 490
43 541
43 546
43 653
43 702
43 739
43 786
43 789
43 806
43 847
43 865
43 891
43 922
43 963
43 966
43 971
43 981
43 982
43 1118
43 1124
43 1251
43 1301
43 1325
43 1333
43 1337
43 1390
43 1409
43 1414
43 1444
43 1525
43 1567
43 1600
43 1607
43 1641
43 1667
43 1682
43 1701
43 1815
43 1929
43 2033
43 2042
43 2066
43 2136
43 2193
43 2259
43 2299
43 2313
43 2329
43 2460
43 2562
43 2624
43 2779
43 2879
43 3042
43 3048
43 3084
43 3229
43 3297
43 3444
43 3487
43 3694
43 3738
43 3780
43 3786
43 3805
43 3820
43 3915
43 3949
43 3950
43 4138
43 4217
43 4300
43 4344
43 4436
43 4798
43 4993
43 5196
43 5570
43 5737
43 5777
43 5780
43 5837
43 6028
43 6111
43 6237
43 6269
43 6382
43 6755
43 6793
43 6988
43 6996
43 7035
43 7036
43 7084
43 7094
43 7188
43 7255
43 7315
43 7419
43 7483
43 8061
43 8073
43 8111
43 8118
43 8165
43 8168
43 8243
43 8534
43 8598
43 8816
43 9143
43 9303
43 9453
43 9500
43 9912
43 9927
44 46
44 51
44 56
44 58
44 63
44 66
44 72
44 84
44 95
44 98
44 139
44 151
44 158
44 159
44 165
44 167
44 195
44 207
44 240
44 249
44 256
44 259
44 266
44 293
44 295
44 296
44 299
44 338
44 361
44 381
44 395
44 415
44 421
44 447
44 478
44 499
44 511
44 546
44 555
44 678
44 682
44 692
44 762
44 785
44 801
44 806
44 810
44 838
44 864
44 884
44 887
44 926
44 949
44 968
44 1017
44 1023
44 1025
44 1061
44 1075
44 1094
44 1264
44 1305
44 1308
44 1317
44 1394
44 1416
44 1462
44 1599
44 1625
44 1655
44 1669
44 1671
44 1695
44 1761
44 1880
44 1912
44 1921
44 1924
44 1937
44 1977
44 1988
44 2007
44 2043
44 2155
44 2228
44 2251
44 2298
44 2360
44 2376
44 2387
44 2489
44 2838
44 2973
44 2988
44 3021
44 3047
44 3149
44 3231
44 3306
44 3464
44 3720
44 3767
44 3794
44 3828
44 3837
44 3862
44 3999
44 4006
44 4108
44 4131
44 4145
44 4170
44 4213
44 4219
44 4498
44 4538
44 4708
44 4915
44 5046
44 5067
44 5220
44 5436
44 5444
44 5457
44 5531
44 5585
44 5640
44 5652
44 5763
44 5862
44 6077
44 6382
44 6446
44 6489
44 6566
44 6790
44 6918
44 7032
44 7059
44 7233
44 7285
44 7386
44 7473
44 7552
44 7714
44 7962
44 8111
44 8142
44 8165
44 8315
44 8412
44 8451
44 8543
44 8597
44 8678
44 8684
44 8775
44 8796
44 8878
44 9334
44 9708
44 9965
45 50
45 64
45 80
45 90
45 100
45 103
45 119
45 134
45 157
45 181
45 182
45 208
45 240
45 250
45 261
45 290
45 352
45 372
45 387
45 445
45 452
45 524
45 560
45 595
45 609
45 670
45 689
45 704
45 737
45 818
45 822
45 883
45 930
45 932
45 1011
45 1019
45 1097
45 1141
45 1147
45 1163
45 1181
45 1222
45 1231
45 1245
45 1253
45 1359
45 1370
45 1421
45 1446
45 1507
45 1576
45 1623
45 1652
45 1664
45 1667
45 1723
45 1763
45 1986
45 1996
45 2025
45 2048
45 2075
45 2104
45 2151
45 2155
45 2172
45 2194
45 2276
45 2282
45 2614
45 2721
45 2782
45 2803
45 2947
45 3300
45 3329
45 3340
45 3416
45 3574
45 3586
45 3604
45 3645
45 3740
45 3775
45 3813
45 4130
45 4142
45 4189
45 4283
45 4675
45 4699
45 4828
45 4942
45 5057
45 5391
45 5449
45 5457
45 5472
45 5684
45 5916
45 5992
45 6299
45 6305
45 6409
45 6775
45 6900
45 6995
45 7043
45 7058
45 7149
45 7284
45 7402
45 7683
45 7718
45 8086
45 8117
45 8374
45 8419
45 8517
45 8553
45 8639
45 8672
45 8684
45 8717
45 9117
45 9155
45 9205
45 9206
45 9391
45 9453
45 9459
45 9515
45 9688
45 9849
45 9937
45 9951
46 47
46 52
46 55
46 60
46 62
46 66
46 72
46 84
46 88
46 92
46 105
46 124
46 126
46 134
46 151
46 162
46 195
46 203
46 206
46 217
46 232
46 242
46 250
46 292
46 357
46 372
46 373
46 375
46 379
46 401
46 412
46 443
46 448
46 454
46 469
46 503
46 505
46 517
46 561
46 591
46 596
46 602
46 627
46 654
46 669
46 679
46 723
46 725
46 728
46 738
46 746
46 761
46 781
46 782
46 799
46 859
46 889
46 928
46 944
46 963
46 978
46 1000
46 1023
46 1044
46 1052
46 1053
46 1081
46 1104
46 1123
46 1136
46 1165
46 1206
46 1232
46 1233
46 1256
46 1274
46 1278
46 1294
46 1385
46 1494
46 1503
46 1548
46 1553
46 1602
46 1646
46 1650
46 1658
46 1670
46 1681
46 1721
46 1781
46 1835
46 1850
46 1875
46 1895
46 1940
46 1960
46 2053
46 2071
46 2074
46 2092
46 2102
46 2174
46 2191
46 2203
46 2248
46 2311
46 2354
46 2395
46 2427
46 2490
46 2497
46 2566
46 2661
46 2672
46 2680
46 2699
46 2718
46 2727
46 2885
46 2891
46 2917
46 2923
46 3026
46 3089
46 3096
46 3170
46 3214
46 3233
46 3261
46 3304
46 3349
46 3350
46 3392
46 3403
46 3408
46 3468
46 3495
46 3525
46 3647
46 3705
46 3707
46 3712
46 3733
46 3752
46 3809
46 3887
46 3891
46 3922
46 3925
46 3932
46 3942
46 3944
46 3950
46 4033
46 4149
46 4193
46 4223
46 4331
46 4475
46 4609
46 4711
46 4721
46 4743
46 4765
46 4782
46 4785
46 4788
46 4791
46 4797
46 4826
46 4980
46 5022
46 5071
46 5080
46 5206
46 5248
46 5306
46 5406
46 5470
46 5559
46 5613
46 5651
46 5660
46 5733
46 5739
46 5744
46 5894
46 5896
46 5903
46 5905
46 5922
46 6030
46 6053
46 6093
46 6127
46 6165
46 6305
46 6467
46 6488
46 6519
46 6638
46 6672
46 6954
46 7032
46 7115
46 7133
46 7135
46 7202
46 7275
46 7276
46 7460
46 7504
46 7512
46 7662
46 7759
46 7865
46 7903
46 7923
46 7988
46 8157
46 8265
46 8427
46 8434
46 8522
46 8579
46 8606
46 8678
46 8681
46 8739
46 8767
46 8806
46 8865
46 8969
46 8985
46 9018
46 9224
46 9270
46 9337
46 9464
46 9537
46 9698
46 9708
46 9741
47 48
47 65
47 83
47 85
47 108
47 113
47 117
47 137
47 153
47 166
47 176
47 189
47 206
47 225
47 233
47 249
47 256
47 259
47 304
47 322
47 393
47 404
47 405
47 409
47 418
47 433
47 455
47 471
47 534
47 584
47 601
47 651
47 658
47 668
47 674
47 691
47 758
47 768
47 840
47 866
47 890
47 974
47 1024
47 1070
47 1116
47 1126
47 1132
47 1157
47 1161
47 1190
47 1303
47 1373
47 1384
47 1388
47 1401
47 1447
47 1486
47 1549
47 1590
47 1591
47 1629
47 1640
47 1642
47 1748
47 1757
47 1795
47 1819
47 1845
47 1910
47 1964
47 2104
47 2109
47 2118
47 2123
47 2193
47 2209
47 2239
47 2246
47 2268
47 2386
47 2411
47 2420
47 2437
47 2473
47 2511
47 2567
47 2634
47 2667
47 2707
47 2770
47 2862
47 2880
47 3016
47 3065
47 3150
47 3318
47 3324
47 3349
47 3485
47 3511
47 3531
47 3620
47 3630
47 3656
47 3771
47 3776
47 3790
47 4018
47 4106
47 4263
47 4302
47 4460
47 4539
47 4614
47 4669
47 4789
47 4863
47 4890
47 4969
47 4988
47 4998
47 5175
47 5199
47 5285
47 5365
47 5376
47 5424
47 5460
47 5546
47 5624
47 5684
47 5714
47 5913
47 6278
47 6369
47 6656
47 6698
47 6944
47 6948
47 7049
47 7073
47 7144
47 7212
47 7341
47 7748
47 7844
47 7871
47 8041
47 8289
47 8390
47 8444
47 8645
47 8927
47 9119
47 9154
47 9362
47 9588
47 9678
48 76
48 94
48 95
48 102
48 108
48 113
48 125
48 133
48 149
48 152
48 159
48 181
48 182
48 185
48 188
48 202
48 231
48 235
48 240
48 249
48 305
48 306
48 316
48 384
48 390
48 422
48 453
48 468
48 475
48 490
48 491
48 539
48 578
48 590
48 620
48 628
48 664
48 706
48 772
48 803
48 815
48 818
48 877
48 921
48 933
48 974
48 1044
48 1045
48 1125
48 1198
48 1215
48 1253
48 1357
48 1451
48 1562
48 1571
48 1580
48 1693
48 1712
48 1719
48 1838
48 1843
48 1961
48 1962
48 1968
48 1972
48 2042
48 2136
48 2236
48 2243
48 2273
48 2355
48 2369
48 2433
48 2441
48 2466
48 2550
48 2623
48 2674
48 2752
48 2797
48 2835
48 2854
48 2880
48 3074
48 3148
48 3256
48 3283
48 3314
48 3369
48 3397
48 3533
48 3547
48 3747
48 3765
48 3785
48 3834
48 3916
48 3995
48 4205
48 4446
48 4536
48 4626
48 4701
48 4743
48 4773
48 5203
48 5216
48 5422
48 5514
48 5547
48 5669
48 5675
48 5727
48 5824
48 5829
48 5896
48 6036
48 6046
48 6141
48 6150
48 6161
48 6235
48 6395
48 6696
48 6708
48 6788
48 6864
48 7004
48 7154
48 7305
48 7395
48 7413
48 7432
48 7436
48 7438
48 7509
48 7554
48 7563
48 7588
48 7692
48 7787
48 7809
48 7843
48 7877
48 7926
48 7973
48 7976
48 8189
48 8264
48 8511
48 8584
48 8626
48 8631
48 8685
48 8845
48 8896
48 8957
48 8969
48 8972
48 8988
48 9020
48 9072
48 9146
48 9229
48 9400
48 9406
48 9610
48 9624
48 9840
48 9864
48 9998
49 52
49 59
49 67
49 72
49 77
49 99
49 127
49 128
49 129
49 134
49 138
49 146
49 159
49 162
49 167
49 178
49 181
49 208
49 271
49 290
49 303
49 319
49 419
49 429
49 566
49 611
49 614
49 622
49 627
49 632
49 704
49 717
49 756
49 815
49 825
49 883
49 930
49 1117
49 1276
49 1401
49 1421
49 1453
49 1490
49 1744
49 1819
49 1886
49 1904
49 1918
49 2045
49 2100
49 2156
49 2220
49 2241
49 2375
49 2376
49 2443
49 2575
49 2597
49 2676
49 2770
49 2809
49 2900
49 3103
49 3239
49 3479
49 3696
49 3798
49 3908
49 3924
49 3983
49 4070
49 4187
49 4235
49 4238
49 4255
49 4261
49 4382
49 4581
49 4996
49 5117
49 5216
49 5245
49 5308
49 5567
49 5610
49 5653
49 5778
49 6017
49 6194
49 6392
49 6520
49 6673
49 6788
49 7109
49 7150
49 7228
49 7356
49 7368
49 7446
49 7469
49 7510
49 7581
49 7610
49 7702
49 7782
49 7881
49 7989
49 8105
49 8137
49 8296
49 8297
49 8443
49 8998
49 9532
49 9544
49 9580
49 9741
49 9742
50 52
50 53
50 60
50 71
50 91
50 102
50 109
50 149
50 186
50 188
50 267
50 278
50 283
50 295
50 301
50 324
50 367
50 389
50 421
50 550
50 575
50 604
50 608
50 634
50 704
50 734
50 802
50 872
50 896
50 987
50 993
50 1060
50 1061
50 1076
50 1093
50 1131
50 1175
50 1224
50 1395
50 1408
50 1466
50 1485
50 1541
50 1562
50 1611
50 1743
50 1824
50 1899
50 1963
50 2037
50 2094
50 2163
50 2194
50 2332
50 2460
50 2478
50 2734
50 2796
50 2911
50 2917
50 3086
50 3129
50 3166
50 3198
50 3210
50 3212
50 3290
50 3412
50 3513
50 3548
50 3559
50 3706
50 3854
50 3940
50 4092
50 4119
50 4188
50 4265
50 4290
50 4356
50 4394
50 4594
50 4679
50 4741
50 4777
50 4827
50 4863
50 5008
50 5221
50 5481
50 5618
50 6083
50 6143
50 6163
50 6197
50 6350
50 6431
50 6495
50 6704
50 6855
50 7009
50 7169
50 7421
50 7439
50 7724
50 7861
50 8074
50 8211
50 8335
50 8643
50 8940
50 8954
50 9088
50 9125
50 9344
51 59
51 70
51 93
51 95
51 105
51 110
51 118
51 122
51 130
51 135
51 145
51 168
51 172
51 180
51 181
51 192
51 198
51 200
51 212
51 253
51 302
51 449
51 452
51 479
51 488
51 499
51 598
51 619
51 637
51 680
51 719
51 735
51 736
51 756
51 789
51 813
51 856
51 947
51 948
51 996
51 1074
51 1263
51 1310
51 1394
51 1412
51 1435
51 1452
51 1454
51 1477
51 1519
51 1568
51 1747
51 1802
51 1862
51 1907
51 1950
51 2215
51 2277
51 2442
51 2453
51 2535
51 2548
51 2564
51 2847
51 2909
51 2919
51 2955
51 2969
51 3027
51 3049
51 3383
51 3405
51 3420
51 3432
51 3475
51 3595
51 3816
51 3870
51 3876
51 3935
51 4407
51 4472
51 4553
51 4562
51 4575
51 4659
51 5195
51 5221
51 5303
51 5790
51 5792
51 6038
51 6153
51 6415
51 6904
51 7051
51 7239
51 7310
51 7351
51 7453
51 7550
51 7639
51 7873
51 7883
51 8448
51 8588
51 8848
51 8861
51 9128
51 9317
52 57
52 74
52 77
52 81
52 86
52 91
52 123
52 139
52 158
52 202
52 239
52 251
52 266
52 296
52 350
52 361
52 362
52 394
52 399
52 470
52 481
52 529
52 553
52 570
52 607
52 612
52 746
52 756
52 780
52 788
52 798
52 823
52 977
52 1001
52 1038
52 1074
52 1084
52 1092
52 1195
52 1284
52 1288
52 1351
52 1361
52 1454
52 1549
52 1582
52 1680
52 1681
52 1695
52 1716
52 1719
52 1822
52 1834
52 1873
52 1927
52 1954
52 1978
52 2039
52 2070
52 2225
52 2296
52 2383
52 2405
52 2542
52 2554
52 2716
52 2731
52 2764
52 2775
52 2787
52 2822
52 2828
52 2894
52 3020
52 3111
52 3184
52 3233
52 3357
52 3448
52 3449
52 3502
52 3699
52 3795
52 3827
52 3922
52 4151
52 4152
52 4242
52 4309
52 4419
52 4558
52 4672
52 4724
52 4761
52 4861
52 5182
52 5300
52 5361
52 5503
52 5561
52 5995
52 6046
52 6056
52 6113
52 6134
52 6170
52 6207
52 6219
52 6389
52 6636
52 6645
52 7085
52 7413
52 7431
52 7589
52 7653
52 7704
52 8190
52 8263
52 8420
52 8444
52 8533
52 8574
52 8772
52 8848
52 9123
52 9195
52 9233
52 9470
52 9624
52 9730
53 73
53 75
53 90
53 101
53 103
53 111
53 153
53 217
53 303
53 330
53 346
53 358
53 365
53 368
53 371
53 393
53 405
53 467
53 486
53 532
53 550
53 562
53 592
53 644
53 648
53 667
53 669
53 701
53 740
53 759
53 779
53 825
53 828
53 835
53 843
53 873
53 891
53 895
53 921
53 945
53 987
53 1057
53 1065
53 1110
53 1116
53 1120
53 1146
53 1200
53 1296
53 1312
53 1547
53 1553
53 1631
53 1813
53 1818
53 1832
53 1840
53 1985
53 2071
53 2164
53 2190
53 2221
53 2238
53 2271
53 2302
53 2380
53 2421
53 2475
53 2556
53 2675
53 2679
53 2735
53 2796
53 2807
53 2918
53 2936
53 2957
53 3048
53 3142
53 3233
53 3263
53 3293
53 3368
53 3385
53 3470
53 3501
53 3608
53 3657
53 3796
53 3818
53 3870
53 3921
53 3985
53 4228
53 4266
53 4284
53 4301
53 4330
53 4364
53 4369
53 4477
53 4552
53 4569
53 4778
53 4784
53 4998
53 5086
53 5161
53 5166
53 5273
53 5528
53 5554
53 5586
53 5646
53 5725
53 5836
53 6421
53 6541
53 6542
53 6543
53 6584
53 6706
53 6917
53 6954
53 6961
53 7012
53 7186
53 7209
53 7275
53 7277
53 7298
53 7350
53 7560
53 7561
53 7568
53 7643
53 8071
53 8195
53 8420
53 8611
53 8736
53 8982
53 9146
53 9150
53 9475
53 9592
53 9593
53 9598
53 9801
53 9979
53 9998
54 60
54 61
54 63
54 68
54 69
54 74
54 89
54 103
54 128
54 133
54 163
54 170
54 179
54 181
54 185
54 202
54 209
54 214
54 240
54 247
54 255
54 285
54 295
54 334
54 338
54 361
54 370
54 376
54 408
54 427
54 455
54 479
54 482
54 506
54 537
54 553
54 570
54 574
54 663
54 700
54 717
54 732
54 734
54 802
54 848
54 861
54 872
54 902
54 990
54 991
54 1028
54 1128
54 1166
54 1178
54 1224
54 1225
54 1254
54 1262
54 1270
54 1297
54 1323
54 1368
54 1376
54 1400
54 1424
54 1430
54 1493
54 1528
54 1535
54 1598
54 1629
54 1638
54 1682
54 1832
54 1900
54 1955
54 2000
54 2005
54 2063
54 2098
54 2134
54 2160
54 2210
54 2216
54 2277
54 2353
54 2357
54 2671
54 2730
54 2886
54 2920
54 2927
54 2953
54 3075
54 3138
54 3186
54 3260
54 3277
54 3332
54 3447
54 3460
54 3538
54 3542
54 3560
54 3581
54 3648
54 3669
54 3702
54 3767
54 3815
54 3854
54 3910
54 3917
54 4112
54 4115
54 4160
54 4200
54 4223
54 4435
54 4458
54 4477
54 4584
54 4710
54 4728
54 4733
54 4813
54 4836
54 4914
54 4979
54 5170
54 5224
54 5228
54 5393
54 5526
54 5582
54 5615
54 5715
54 5848
54 6022
54 6125
54 6222
54 6232
54 6279
54 6350
54 6413
54 6419
54 6438
54 6453
54 6738
54 6780
54 6798
54 6943
54 7002
54 7173
54 7255
54 7264
54 7343
54 7412
54 7440
54 7568
54 7623
54 7902
54 7986
54 8174
54 8382
54 8396
54 8498
54 8521
54 8567
54 8761
54 8995
54 9079
54 9143
54 9159
54 9186
54 9334
54 9396
54 9526
54 9717
54 9761
54 9807
55 57
55 63
55 84
55 111
55 113
55 130
55 131
55 140
55 155
55 212
55 253
55 294
55 310
55 338
55 384
55 411
55 523
55 573
55 575
55 650
55 769
55 785
55 797
55 878
55 1027
55 1045
55 1141
55 1214
55 1218
55 1264
55 1295
55 1313
55 1429
55 1441
55 1518
55 1564
55 1568
55 1607
55 1668
55 1714
55 1817
55 1845
55 1850
55 1932
55 2022
55 2043
55 2120
55 2140
55 2184
55 2205
55 2225
55 2286
55 2325
55 2380
55 2390
55 2410
55 2492
55 2502
55 2583
55 2602
55 2715
55 2737
55 2751
55 2935
55 3016
55 3156
55 3158
55 3194
55 3374
55 3387
55 3394
55 3555
55 3648
55 3666
55 3760
55 3841
55 3869
55 3972
55 4060
55 4324
55 4555
55 4646
55 4676
55 4706
55 4717
55 4937
55 4948
55 5040
55 5066
55 5380
55 5396
55 5675
55 5805
55 5906
55 5969
55 5977
55 6662
55 6669
55 6734
55 6777
55 6913
55 6994
55 7167
55 7225
55 7227
55 7445
55 7570
55 7687
55 7744
55 8037
55 8095
55 8113
55 8256
55 8296
55 8369
55 8441
55 8551
55 8790
55 8931
55 8980
55 9054
55 9088
55 9164
55 9173
55 9379
55 9442
55 9486
55 9562
55 9933
56 58
56 74
56 79
56 91
56 109
56 118
56 149
56 184
56 188
56 208
56 216
56 276
56 292
56 324
56 341
56 410
56 422
56 435
56 470
56 518
56 538
56 599
56 629
56 654
56 668
56 840
56 854
56 896
56 915
56 927
56 1014
56 1087
56 1118
56 1175
56 1208
56 1212
56 1354
56 1358
56 1422
56 1472
56 1492
56 1500
56 1559
56 1596
56 1612
56 1620
56 1622
56 1659
56 1662
56 1710
56 1820
56 1827
56 1930
56 1943
56 2021
56 2191
56 2221
56 2254
56 2458
56 2499
56 2507
56 2568
56 2667
56 2712
56 2783
56 2844
56 2871
56 2913
56 2967
56 3008
56 3100
56 3114
56 3180
56 3222
56 3411
56 3419
56 3674
56 3797
56 3823
56 3844
56 3919
56 3964
56 4247
56 4255
56 4469
56 4614
56 4700
56 4993
56 5418
56 5552
56 5646
56 5859
56 5917
56 5951
56 6133
56 6155
56 6271
56 6277
56 6348
56 6368
56 6540
56 6590
56 6622
56 6713
56 6773
56 6774
56 6817
56 6867
56 7037
56 7128
56 7178
56 7196
56 7197
56 7318
56 7378
56 7652
56 7696
56 7757
56 7761
56 7763
56 7820
56 7937
56 8035
56 8065
56 8179
56 8344
56 8414
56 8470
56 8479
56 8500
56 8743
56 8804
56 8826
56 8985
56 9111
56 9112
56 9117
56 9572
56 9751
56 9808
56 9849
57 78
57 82
57 83
57 85
57 87
57 91
57 93
57 96
57 97
57 105
57 113
57 114
57 130
57 137
57 150
57 160
57 165
57 177
57 180
57 191
57 248
57 325
57 357
57 370
57 374
57 403
57 414
57 431
57 438
57 443
57 459
57 471
57 552
57 555
57 585
57 592
57 603
57 617
57 632
57 642
57 670
57 698
57 701
57 734
57 759
57 764
57 816
57 877
57 880
57 913
57 937
57 992
57 1006
57 1093
57 1142
57 1176
57 1208
57 1267
57 1294
57 1296
57 1311
57 1316
57 1350
57 1361
57 1364
57 1491
57 1495
57 1502
57 1506
57 1513
57 1524
57 1558
57 1565
57 1591
57 1641
57 1782
57 1803
57 1828
57 1831
57 1837
57 1839
57 1876
57 1887
57 1968
57 1980
57 2007
57 2065
57 2073
57 2078
57 2091
57 2096
57 2151
57 2204
57 2219
57 2221
57 2232
57 2291
57 2313
57 2384
57 2413
57 2481
57 2493
57 2549
57 2565
57 2710
57 2722
57 2754
57 2793
57 2894
57 2966
57 3017
57 3026
57 3082
57 3095
57 3108
57 3150
57 3155
57 3273
57 3293
57 3301
57 3345
57 3352
57 3371
57 3404
57 3475
57 3627
57 3770
57 3989
57 4021
57 4091
57 4229
57 4320
57 4437
57 4715
57 4877
57 4913
57 4962
57 4977
57 5022
57 5043
57 5094
57 5121
57 5200
57 5218
57 5253
57 5370
57 5413
57 5426
57 5507
57 5519
57 5551
57 5626
57 5651
57 5726
57 5742
57 5813
57 5836
57 5948
57 5974
57 6487
57 6657
57 6752
57 6903
57 6943
57 7017
57 7041
57 7067
57 7077
57 7103
57 7104
57 7159
57 7169
57 7187
57 7271
57 7483
57 7608
57 7640
57 7690
57 7809
57 7930
57 8062
57 8120
57 8151
57 8212
57 8239
57 8244
57 8373
57 8413
57 8453
57 8562
57 8673
57 8793
57 8797
57 8856
57 9031
57 9038
57 9174
57 9180
57 9197
57 9273
57 9290
57 9356
57 9382
57 9438
57 9453
57 9511
57 9545
57 9596
57 9908
57 9945
58 67
58 70
58 104
58 106
58 120
58 122
58 133
58 202
58 239
58 241
58 278
58 333
58 417
58 462
58 493
58 516
58 603
58 655
58 665
58 691
58 730
58 749
58 761
58 802
58 852
58 1018
58 1049
58 1078
58 1135
58 1153
58 1243
58 1246
58 1256
58 1290
58 1427
58 1444
58 1580
58 1611
58 1653
58 1668
58 1785
58 1850
58 1880
58 2016
58 2023
58 2051
58 2101
58 2146
58 2217
58 2314
58 2340
58 2436
58 2508
58 2729
58 2786
58 2875
58 3001
58 3019
58 3186
58 3248
58 3353
58 3395
58 3396
58 3494
58 3557
58 3577
58 3672
58 3674
58 3801
58 3937
58 3976
58 4168
58 4233
58 4296
58 4335
58 4429
58 4506
58 4603
58 4622
58 4626
58 4640
58 4896
58 4942
58 5388
58 5460
58 5594
58 5715
58 5814
58 6139
58 6173
58 6578
58 6582
58 7959
58 8148
58 8363
58 8426
58 8724
58 8839
58 8957
58 9275
58 9449
58 9478
58 9608
58 9775
58 9958
59 66
59 69
59 76
59 81
59 99
59 101
59 110
59 115
59 136
59 141
59 155
59 193
59 199
59 218
59 283
59 286
59 320
59 328
59 335
59 378
59 399
59 466
59 474
59 497
59 533
59 608
59 688
59 759
59 819
59 999
59 1021
59 1294
59 1335
59 1364
59 1391
59 1393
59 1501
59 1572
59 1607
59 1671
59 1678
59 1701
59 1776
59 1853
59 1876
59 1887
59 1889
59 2284
59 2449
59 2479
59 2517
59 2649
59 2676
59 2683
59 2716
59 2719
59 2938
59 2981
59 3013
59 3287
59 3328
59 3331
59 3361
59 3370
59 3491
59 3725
59 3876
59 3896
59 4209
59 4291
59 4366
59 4391
59 4415
59 4563
59 4886
59 4899
59 4960
59 4982
59 5059
59 5130
59 5278
59 5289
59 5290
59 5319
59 5418
59 5877
59 6057
59 6077
59 6095
59 6128
59 6205
59 6315
59 6413
59 6448
59 6744
59 6972
59 7009
59 7013
59 7022
59 7089
59 7236
59 7270
59 7314
59 7441
59 7555
59 7678
59 7694
59 8117
59 8207
59 8348
59 8476
59 8694
59 8854
59 8886
59 8898
59 8938
59 9037
59 9052
59 9116
59 9264
59 9333
59 9443
60 62
60 85
60 93
60 94
60 98
60 104
60 107
60 110
60 117
60 121
60 123
60 132
60 133
60 149
60 158
60 172
60 181
60 182
60 184
60 207
60 236
60 241
60 246
60 290
60 297
60 302
60 330
60 333
60 360
60 401
60 419
60 447
60 453
60 504
60 512
60 579
60 582
60 604
60 626
60 644
60 655
60 724
60 734
60 748
60 786
60 787
60 793
60 804
60 821
60 842
60 884
60 934
60 967
60 1009
60 1042
60 1062
60 1079
60 1099
60 1108
60 1162
60 1204
60 1212
60 1260
60 1309
60 1331
60 1364
60 1379
60 1402
60 1420
60 1423
60 1499
60 1509
60 1528
60 1572
60 1654
60 1680
60 1703
60 1722
60 1753
60 1858
60 1934
60 1992
60 2097
60 2098
60 2139
60 2167
60 2208
60 2236
60 2249
60 2302
60 2322
60 2407
60 2414
60 2428
60 2435
60 2443
60 2472
60 2526
60 2529
60 2584
60 2629
60 2723
60 2763
60 2782
60 2789
60 2812
60 2875
60 2918
60 2938
60 2994
60 3116
60 3149
60 3173
60 3242
60 3497
60 3520
60 3583
60 3609
60 3732
60 3812
60 3948
60 4089
60 4195
60 4200
60 4221
60 4272
60 4341
60 4372
60 4380
60 4418
60 4424
60 4472
60 4628
60 4648
60 4658
60 4663
60 4687
60 4873
60 5038
60 5124
60 5151
60 5170
60 5253
60 5281
60 5312
60 5349
60 5458
60 5536
60 5608
60 5624
60 5635
60 5768
60 5837
60 5895
60 6067
60 6083
60 6259
60 6309
60 6310
60 6492
60 6606
60 6723
60 6787
60 6873
60 6886
60 6953
60 7050
60 7263
60 7295
60 7395
60 7414
60 7485
60 7528
60 7551
60 7559
60 7759
60 7762
60 7899
60 8126
60 8145
60 8173
60 8177
60 8389
60 8438
60 8501
60 8520
60 8551
60 8556
60 8782
60 8930
60 9264
60 9506
60 9538
60 9599
60 9669
60 9730
60 9806
60 9912
60 9913
61 66
61 93
61 112
61 141
61 143
61 155
61 160
61 165
61 179
61 196
61 220
61 235
61 236
61 238
61 272
61 279
61 282
61 320
61 341
61 348
61 365
61 385
61 415
61 473
61 492
61 495
61 527
61 535
61 546
61 568
61 614
61 638
61 665
61 784
61 787
61 796
61 805
61 895
61 907
61 909
61 910
61 911
61 981
61 982
61 1025
61 1038
61 1051
61 1118
61 1238
61 1242
61 1477
61 1489
61 1536
61 1551
61 1678
61 1693
61 1712
61 1775
61 1798
61 1927
61 2036
61 2088
61 2118
61 2137
61 2232
61 2252
61 2273
61 2279
61 2294
61 2311
61 2432
61 2445
61 2501
61 2505
61 2513
61 2751
61 2857
61 2874
61 3135
61 3145
61 3229
61 3257
61 3428
61 3482
61 3545
61 3619
61 3675
61 3728
61 3904
61 3913
61 3940
61 3984
61 4033
61 4249
61 4476
61 4481
61 4549
61 4577
61 4609
61 4670
61 4974
61 5032
61 5141
61 5234
61 5299
61 5505
61 5510
61 5711
61 6317
61 6376
61 6476
61 6488
61 6530
61 6632
61 6808
61 6834
61 6907
61 6914
61 6920
61 6939
61 6945
61 6996
61 7255
61 7354
61 7358
61 7372
61 7376
61 7897
61 8013
61 8143
61 8237
61 8248
61 8545
61 8868
61 8875
61 8910
61 9036
61 9081
61 9144
61 9488
61 9563
61 9675
61 9749
61 9753
61 9950
61 9964
62 66
62 68
62 74
62 75
62 78
62 86
62 96
62 101
62 102
62 104
62 108
62 112
62 142
62 150
62 155
62 173
62 174
62 193
62 194
62 202
62 208
62 221
62 231
62 247
62 255
62 314
62 323
62 324
62 325
62 345
62 422
62 423
62 436
62 450
62 459
62 474
62 510
62 514
62 525
62 566
62 612
62 617
62 625
62 628
62 642
62 652
62 666
62 758
62 792
62 819
62 825
62 857
62 863
62 872
62 875
62 917
62 926
62 968
62 971
62 980
62 1007
62 1017
62 1046
62 1053
62 1116
62 1176
62 1177
62 1184
62 1212
62 1245
62 1331
62 1456
62 1474
62 1485
62 1500
62 1514
62 1553
62 1561
62 1567
62 1644
62 1660
62 1689
62 1810
62 1924
62 1939
62 2053
62 2231
62 2243
62 2253
62 2268
62 2312
62 2343
62 2362
62 2394
62 2412
62 2469
62 2479
62 2504
62 2535
62 2544
62 2546
62 2555
62 2577
62 2625
62 2656
62 2662
62 2679
62 2697
62 2792
62 2828
62 2876
62 2985
62 2996
62 3044
62 3092
62 3179
62 3186
62 3192
62 3205
62 3244
62 3264
62 3265
62 3281
62 3319
62 3345
62 3432
62 3443
62 3458
62 3463
62 3543
62 3544
62 3614
62 3645
62 3662
62 3680
62 3701
62 3730
62 3812
62 3844
62 4046
62 4152
62 4185
62 4198
62 4257
62 4264
62 4295
62 4598
62 4695
62 4714
62 4740
62 4812
62 4890
62 5022
62 5066
62 5168
62 5207
62 5241
62 5286
62 5289
62 5342
62 5343
62 5361
62 5401
62 5404
62 5602
62 5630
62 5650
62 5653
62 5682
62 5735
62 5801
62 5843
62 5987
62 6028
62 6051
62 6105
62 6109
62 6110
62 6249
62 6289
62 6333
62 6515
62 6568
62 6623
62 6701
62 6881
62 6910
62 6960
62 7046
62 7099
62 7108
62 7209
62 7247
62 7329
62 7488
62 7581
62 7692
62 7799
62 8019
62 8108
62 8111
62 8317
62 8348
62 8375
62 8429
62 8491
62 8531
62 8604
62 8624
62 8769
62 8852
62 8870
62 8896
62 9078
62 9331
62 9361
62 9450
62 9461
62 9468
62 9534
62 9536
62 9710
62 9847
62 9877
63 142
63 145
63 154
63 171
63 173
63 200
63 210
63 216
63 273
63 280
63 293
63 352
63 419
63 431
63 448
63 453
63 484
63 489
63 499
63 535
63 615
63 637
63 697
63 703
63 708
63 716
63 723
63 724
63 739
63 806
63 825
63 835
63 853
63 888
63 925
63 928
63 997
63 1023
63 1127
63 1266
63 1312
63 1318
63 1374
63 1531
63 1579
63 1611
63 1676
63 1774
63 1808
63 1855
63 1874
63 1895
63 1896
63 1918
63 1942
63 2006
63 2007
63 2012
63 2064
63 2116
63 2283
63 2351
63 2358
63 2371
63 2509
63 2528
63 2542
63 2579
63 2629
63 2888
63 2942
63 2948
63 3068
63 3200
63 3205
63 3242
63 3317
63 3322
63 3452
63 3464
63 3492
63 3510
63 3660
63 3711
63 3730
63 3744
63 3847
63 3875
63 3897
63 3976
63 4281
63 4303
63 4307
63 4550
63 4727
63 4984
63 5021
63 5117
63 5153
63 5279
63 5309
63 5364
63 5483
63 5529
63 5595
63 5607
63 5725
63 5886
63 5956
63 6037
63 6055
63 6077
63 6262
63 6286
63 6322
63 6570
63 6617
63 6678
63 6787
63 6794
63 6907
63 6952
63 7062
63 7074
63 7290
63 7312
63 7363
63 7428
63 7451
63 7573
63 7699
63 7818
63 7834
63 8046
63 8057
63 8107
63 8130
63 8154
63 8158
63 8366
63 8552
63 8572
63 8688
63 8777
63 8786
63 8790
63 8904
63 8911
63 9167
63 9172
63 9196
63 9397
63 9507
63 9541
63 9573
63 9577
63 9620
63 9695
63 9868
64 65
64 77
64 79
64 133
64 155
64 180
64 190
64 193
64 235
64 249
64 254
64 255
64 283
64 349
64 357
64 425
64 497
64 541
64 558
64 590
64 624
64 661
64 667
64 903
64 958
64 969
64 995
64 1029
64 1094
64 1125
64 1246
64 1272
64 1301
64 1308
64 1440
64 1558
64 1783
64 1870
64 1939
64 1984
64 2276
64 2432
64 2549
64 2850
64 2884
64 2893
64 2941
64 3144
64 3218
64 3361
64 3589
64 3787
64 3788
64 3856
64 3888
64 3891
64 3981
64 4012
64 4561
64 4564
64 4721
64 4783
64 4795
64 4970
64 4985
64 4991
64 5179
64 5280
64 5340
64 5441
64 5459
64 5879
64 5912
64 5920
64 5927
64 6175
64 6288
64 6438
64 6471
64 6631
64 6673
64 6757
64 6834
64 7097
64 7288
64 7299
64 7391
64 7399
64 7555
64 7714
64 7997
64 8175
64 8213
64 8217
64 8456
64 8643
64 8796
64 8921
64 9222
64 9479
64 9589
64 9889
64 9968
65 68
65 166
65 277
65 278
65 349
65 351
65 435
65 472
65 475
65 495
65 512
65 551
65 635
65 656
65 664
65 754
65 791
65 984
65 986
65 1186
65 1192
65 1303
65 1499
65 1569
65 1670
65 1689
65 1810
65 2003
65 2057
65 2159
65 2574
65 2655
65 2769
65 2819
65 2830
65 3229
65 3290
65 3515
65 3556
65 3568
65 3572
65 3910
65 3916
65 4289
65 4301
65 4532
65 4600
65 4610
65 4888
65 4980
65 5358
65 5512
65 5551
65 5856
65 5873
65 6015
65 6200
65 6222
65 6574
65 6732
65 7481
65 7490
65 7732
65 8005
65 8076
65 8310
65 8377
65 8384
65 8402
65 8889
65 9199
65 9711
65 9816
66 95
66 123
66 125
66 142
66 152
66 198
66 210
66 222
66 240
66 265
66 304
66 313
66 339
66 342
66 382
66 389
66 413
66 425
66 526
66 597
66 645
66 646
66 649
66 773
66 787
66 902
66 931
66 1091
66 1108
66 1148
66 1174
66 1351
66 1357
66 1366
66 1969
66 2050
66 2162
66 2305
66 2373
66 2574
66 2583
66 2654
66 2668
66 2720
66 2777
66 2809
66 2819
66 2954
66 2957
66 3025
66 3068
66 3102
66 3271
66 3282
66 3294
66 3557
66 3585
66 3592
66 3624
66 3774
66 3959
66 4321
66 4339
66 4450
66 4530
66 4583
66 4597
66 4733
66 4766
66 4897
66 4938
66 5366
66 5408
66 5527
66 5745
66 6341
66 6364
66 6453
66 6790
66 6874
66 7713
66 7858
66 7939
66 8001
66 8128
66 8143
66 8340
66 8522
66 8547
66 8639
66 8741
66 9046
66 9136
66 9152
66 9369
66 9417
66 9459
66 9672
66 9874
66 9886
67 76
67 79
67 81
67 83
67 100
67 110
67 121
67 150
67 172
67 173
67 195
67 200
67 250
67 260
67 317
67 348
67 416
67 462
67 480
67 487
67 533
67 546
67 560
67 622
67 649
67 681
67 710
67 729
67 757
67 876
67 882
67 892
67 918
67 933
67 1025
67 1055
67 1088
67 1173
67 1188
67 1200
67 1259
67 1463
67 1492
67 1523
67 1528
67 1547
67 1562
67 1568
67 1595
67 1613
67 1622
67 1672
67 1678
67 1709
67 1717
67 1765
67 1947
67 2012
67 2065
67 2165
67 2229
67 2279
67 2389
67 2413
67 2520
67 2580
67 2635
67 2893
67 3049
67 3087
67 3316
67 3370
67 3396
67 3551
67 3642
67 3668
67 3698
67 3796
67 3801
67 3839
67 3893
67 3909
67 3998
67 4230
67 4249
67 4255
67 4268
67 4281
67 4298
67 4383
67 4524
67 4539
67 4587
67 4610
67 4681
67 4687
67 4784
67 4837
67 4886
67 5342
67 5650
67 5681
67 5711
67 6156
67 6202
67 6249
67 6266
67 6437
67 6632
67 6653
67 6798
67 6807
67 7006
67 7167
67 7173
67 7185
67 7212
67 7270
67 7351
67 7516
67 7608
67 7662
67 7867
67 7977
67 8097
67 8099
67 8228
67 8262
67 8411
67 8804
67 8929
67 8950
67 8961
67 9136
67 9313
67 9465
67 9466
67 9902
68 73
68 78
68 83
68 92
68 98
68 100
68 137
68 175
68 182
68 183
68 224
68 233
68 234
68 244
68 287
68 305
68 326
68 336
68 342
68 362
68 382
68 387
68 401
68 426
68 449
68 450
68 451
68 480
68 490
68 501
68 514
68 528
68 543
68 551
68 574
68 618
68 673
68 686
68 690
68 784
68 806
68 844
68 900
68 917
68 930
68 940
68 976
68 1017
68 1019
68 1064
68 1081
68 1107
68 1136
68 1188
68 1210
68 1223
68 1226
68 1256
68 1274
68 1278
68 1292
68 1307
68 1351
68 1450
68 1470
68 1473
68 1491
68 1521
68 1574
68 1610
68 1633
68 1695
68 1709
68 1734
68 1768
68 1783
68 1791
68 1826
68 1856
68 1874
68 1948
68 1965
68 1975
68 1987
68 1988
68 2036
68 2037
68 2076
68 2128
68 2212
68 2233
68 2290
68 2413
68 2431
68 2554
68 2564
68 2620
68 2667
68 2671
68 2683
68 2684
68 2763
68 2786
68 2853
68 2889
68 2958
68 2993
68 3023
68 3065
68 3095
68 3149
68 3159
68 3316
68 3446
68 3603
68 3663
68 3768
68 3873
68 3991
68 4065
68 4086
68 4149
68 4202
68 4204
68 4208
68 4327
68 4457
68 4663
68 4837
68 4893
68 4903
68 5043
68 5090
68 5138
68 5199
68 5222
68 5294
68 5339
68 5416
68 5428
68 5495
68 5783
68 5808
68 5858
68 6028
68 6196
68 6294
68 6353
68 6592
68 6617
68 6619
68 6710
68 6714
68 6720
68 6891
68 6981
68 6993
68 7050
68 7079
68 7262
68 7266
68 7414
68 7421
68 7578
68 7593
68 7607
68 7629
68 7700
68 7705
68 7743
68 7762
68 7765
68 7782
68 8013
68 8153
68 8196
68 8226
68 8390
68 8450
68 8516
68 8595
68 8676
68 8722
68 8739
68 8836
68 8840
68 9435
68 9531
68 9633
68 9863
68 9864
69 76
69 87
69 89
69 91
69 152
69 163
69 196
69 217
69 229
69 301
69 302
69 366
69 393
69 403
69 407
69 412
69 416
69 471
69 502
69 511
69 550
69 573
69 583
69 610
69 671
69 734
69 762
69 769
69 770
69 787
69 816
69 955
69 956
69 995
69 1187
69 1298
69 1343
69 1429
69 1436
69 1553
69 1772
69 1814
69 1817
69 1868
69 1872
69 1936
69 2171
69 2203
69 2222
69 2364
69 2386
69 2464
69 2467
69 2471
69 2477
69 2488
69 2499
69 2537
69 2542
69 2566
69 2623
69 2660
69 2718
69 2722
69 3395
69 3412
69 3426
69 3539
69 3923
69 3938
69 3939
69 3985
69 4034
69 4056
69 4114
69 4542
69 4650
69 4775
69 4870
69 4907
69 5095
69 5153
69 5217
69 5318
69 5448
69 5524
69 5559
69 5583
69 5593
69 5707
69 5718
69 5785
69 5818
69 5839
69 5852
69 5893
69 5921
69 6070
69 6404
69 6420
69 6442
69 6478
69 6495
69 6597
69 6609
69 6641
69 6656
69 6681
69 6840
69 6924
69 7056
69 7160
69 7189
69 7274
69 7615
69 7628
69 7725
69 7890
69 7936
69 7955
69 8027
69 8132
69 8231
69 8507
69 8670
69 8749
69 8878
69 8930
69 8945
69 9213
69 9397
69 9644
69 9681
69 9760
69 9787
69 9840
70 77
70 88
70 105
70 164
70 187
70 222
70 258
70 295
70 306
70 309
70 338
70 357
70 386
70 407
70 460
70 516
70 548
70 660
70 764
70 880
70 969
70 1008
70 1015
70 1064
70 1218
70 1459
70 1698
70 1832
70 2198
70 2226
70 2329
70 2410
70 2581
70 2690
70 2741
70 2772
70 2774
70 2911
70 3028
70 3059
70 3185
70 3614
70 3712
70 3918
70 4102
70 4153
70 4234
70 4443
70 4503
70 4531
70 4601
70 4832
70 5025
70 5132
70 5156
70 5213
70 5331
70 5445
70 5598
70 5639
70 5653
70 5961
70 5974
70 5993
70 5998
70 6001
70 6090
70 6327
70 6419
70 6599
70 6930
70 7193
70 7212
70 7409
70 7484
70 7535
70 7556
70 7888
70 7979
70 8111
70 8180
70 8196
70 8220
70 8395
70 9020
70 9035
70 9425
70 9442
70 9444
70 9562
70 9563
71 99
71 100
71 108
71 115
71 121
71 140
71 173
71 182
71 207
71 214
71 219
71 243
71 244
71 246
71 251
71 308
71 344
71 349
71 383
71 394
71 424
71 439
71 595
71 631
71 667
71 716
71 993
71 1049
71 1087
71 1116
71 1122
71 1129
71 1148
71 1209
71 1237
71 1317
71 1320
71 1376
71 1386
71 1531
71 1547
71 1574
71 1576
71 1639
71 1758
71 1805
71 1819
71 1922
71 1964
71 2099
71 2202
71 2275
71 2423
71 2444
71 2521
71 2537
71 2557
71 2681
71 3014
71 3067
71 3087
71 3228
71 3272
71 3289
71 3404
71 3424
71 3520
71 3648
71 4035
71 4119
71 4183
71 4236
71 4267
71 4331
71 4348
71 4354
71 4362
71 4415
71 4464
71 4560
71 5023
71 5339
71 5378
71 5443
71 5454
71 5825
71 5938
71 5963
71 6124
71 6136
71 6179
71 6231
71 6256
71 6531
71 6604
71 6663
71 6678
71 6879
71 6892
71 6905
71 7147
71 7331
71 7770
71 7785
71 7815
71 8509
71 8535
71 8578
71 8586
71 8623
71 8876
71 8995
71 9348
71 9645
71 9654
71 9678
71 9994
72 76
72 114
72 116
72 127
72 134
72 148
72 158
72 197
72 214
72 231
72 271
72 273
72 286
72 328
72 334
72 370
72 392
72 395
72 398
72 413
72 465
72 483
72 489
72 598
72 642
72 670
72 693
72 722
72 764
72 844
72 898
72 974
72 993
72 1002
72 1074
72 1097
72 1242
72 1291
72 1371
72 1392
72 1451
72 1601
72 1755
72 1845
72 1888
72 2132
72 2144
72 2195
72 2221
72 2338
72 2369
72 2403
72 2410
72 2444
72 2612
72 2632
72 2680
72 2689
72 2926
72 2948
72 3184
72 3191
72 3239
72 3375
72 3377
72 3434
72 3497
72 3498
72 3595
72 3660
72 3698
72 3729
72 3748
72 3958
72 4053
72 4221
72 4319
72 4394
72 4485
72 4544
72 4611
72 4688
72 4775
72 4821
72 4853
72 4957
72 5212
72 5420
72 5524
72 5577
72 5668
72 5804
72 5814
72 5893
72 6153
72 6249
72 6313
72 6345
72 6398
72 6468
72 6543
72 6720
72 6723
72 6776
72 6828
72 7071
72 7194
72 7383
72 7459
72 7527
72 7707
72 7901
72 7926
72 8237
72 8309
72 8402
72 8506
72 8512
72 8570
72 8877
72 9105
72 9167
72 9233
72 9492
72 9525
72 9847
73 74
73 76
73 92
73 96
73 97
73 119
73 120
73 124
73 127
73 133
73 154
73 176
73 186
73 188
73 198
73 203
73 227
73 258
73 263
73 281
73 285
73 297
73 300
73 305
73 309
73 310
73 327
73 329
73 364
73 378
73 443
73 481
73 498
73 504
73 506
73 526
73 528
73 548
73 562
73 571
73 592
73 680
73 748
73 763
73 829
73 849
73 873
73 939
73 974
73 1016
73 1022
73 1029
73 1055
73 1074
73 1080
73 1107
73 1110
73 1154
73 1160
73 1211
73 1213
73 1257
73 1312
73 1329
73 1352
73 1355
73 1356
73 1434
73 1458
73 1510
73 1524
73 1539
73 1542
73 1612
73 1631
73 1683
73 1692
73 1723
73 1740
73 1772
73 1840
73 1888
73 1970
73 2004
73 2101
73 2154
73 2203
73 2244
73 2258
73 2279
73 2384
73 2392
73 2495
73 2569
73 2578
73 2586
73 2729
73 2763
73 2793
73 2852
73 2930
73 3035
73 3052
73 3262
73 3457
73 3466
73 3484
73 3516
73 3621
73 3633
73 3713
73 3762
73 3790
73 3883
73 3999
73 4001
73 4050
73 4210
73 4293
73 4377
73 4489
73 4581
73 4598
73 4612
73 4632
73 4867
73 5002
73 5010
73 5234
73 5331
73 5360
73 5366
73 5390
73 5429
73 5539
73 5603
73 5881
73 5982
73 5992
73 6015
73 6036
73 6058
73 6125
73 6196
73 6206
73 6243
73 6270
73 6719
73 6767
73 6942
73 7093
73 7130
73 7131
73 7215
73 7261
73 7321
73 7437
73 7439
73 7441
73 7554
73 7571
73 7572
73 7605
73 7662
73 7783
73 7815
73 7991
73 8081
73 8413
73 8415
73 8438
73 8477
73 8770
73 8815
73 8884
73 8894
73 8912
73 9019
73 9034
73 9126
73 9195
73 9248
73 9274
73 9459
73 9508
73 9667
73 9841
73 9873
74 102
74 121
74 123
74 138
74 164
74 187
74 193
74 196
74 254
74 290
74 316
74 355
74 366
74 378
74 430
74 467
74 531
74 568
74 786
74 813
74 836
74 844
74 967
74 992
74 1023
74 1099
74 1301
74 1316
74 1339
74 1357
74 1400
74 1461
74 1477
74 1723
74 1853
74 1970
74 2193
74 2206
74 2229
74 2282
74 2544
74 2704
74 2803
74 3188
74 3317
74 3431
74 3482
74 3547
74 3849
74 4177
74 4413
74 4511
74 4980
74 5017
74 5019
74 5051
74 5278
74 5381
74 5453
74 5523
74 5609
74 6013
74 6119
74 6140
74 6232
74 7617
74 7622
74 8478
74 8595
74 9360
74 9469
74 9584
74 9650
74 9675
75 79
75 85
75 114
75 147
75 162
75 235
75 319
75 417
75 425
75 477
75 485
75 520
75 552
75 554
75 559
75 616
75 655
75 699
75 707
75 710
75 715
75 804
75 859
75 886
75 902
75 939
75 962
75 1021
75 1077
75 1081
75 1184
75 1224
75 1328
75 1410
75 1460
75 1595
75 1611
75 1675
75 1737
75 1779
75 1813
75 1922
75 2020
75 2257
75 2494
75 2677
75 2717
75 2764
75 2878
75 2913
75 3000
75 3041
75 3171
75 3229
75 3249
75 3592
75 3647
75 3709
75 3828
75 3977
75 4098
75 4133
75 4427
75 4504
75 4591
75 4625
75 4651
75 5016
75 5098
75 5133
75 5248
75 5277
75 5327
75 5483
75 5503
75 5538
75 5575
75 5585
75 5635
75 5777
75 5788
75 5807
75 6095
75 6176
75 6226
75 6317
75 6428
75 6531
75 6803
75 6821
75 7275
75 7303
75 7361
75 8127
75 8226
75 8391
75 8486
75 8548
75 9016
75 9137
75 9199
75 9297
75 9322
75 9499
75 9756
75 9895
75 9957
76 125
76 143
76 160
76 205
76 220
76 258
76 291
76 311
76 328
76 331
76 343
76 345
76 373
76 416
76 494
76 501
76 507
76 529
76 544
76 566
76 596
76 766
76 796
76 805
76 860
76 878
76 973
76 985
76 1104
76 1155
76 1237
76 1324
76 1365
76 1373
76 1499
76 1515
76 1541
76 1671
76 1677
76 1760
76 1795
76 1806
76 1880
76 1882
76 2037
76 2116
76 2141
76 2196
76 2243
76 2304
76 2513
76 2585
76 2606
76 2791
76 2828
76 2883
76 3199
76 3208
76 3236
76 3479
76 3481
76 3597
76 4006
76 4201
76 4261
76 4411
76 4458
76 4564
76 4862
76 5093
76 5339
76 5400
76 5401
76 5444
76 5668
76 5855
76 5905
76 5999
76 6285
76 6409
76 6539
76 7147
76 7159
76 7214
76 7490
76 7612
76 7698
76 8240
76 8680
76 8968
76 9064
76 9077
76 9159
76 9284
76 9400
76 9587
77 78
77 80
77 85
77 94
77 95
77 103
77 113
77 115
77 135
77 153
77 163
77 165
77 166
77 292
77 293
77 310
77 312
77 371
77 381
77 426
77 440
77 494
77 513
77 568
77 614
77 641
77 648
77 724
77 745
77 764
77 892
77 911
77 917
77 998
77 1035
77 1044
77 1047
77 1087
77 1173
77 1191
77 1202
77 1303
77 1386
77 1398
77 1402
77 1417
77 1480
77 1542
77 1579
77 1680
77 1953
77 1996
77 2067
77 2108
77 2126
77 2169
77 2172
77 2207
77 2231
77 2834
77 2967
77 3021
77 3031
77 3112
77 3362
77 3480
77 3609
77 3845
77 4001
77 4095
77 4234
77 4352
77 4454
77 4804
77 4930
77 4931
77 5264
77 5287
77 5323
77 5469
77 5553
77 5688
77 5750
77 5774
77 5882
77 6019
77 6139
77 6172
77 6608
77 6733
77 6743
77 6845
77 6863
77 6960
77 7255
77 7300
77 7306
77 7444
77 7468
77 7526
77 7588
77 7643
77 7856
77 7865
77 8004
77 8025
77 8166
77 8764
77 8860
77 8950
77 8998
77 9124
77 9156
77 9233
77 9300
77 9319
77 9417
77 9430
77 9670
77 9877
77 9988
77 9991
78 100
78 162
78 199
78 207
78 244
78 252
78 281
78 283
78 293
78 309
78 328
78 355
78 537
78 553
78 570
78 592
78 625
78 632
78 650
78 674
78 677
78 698
78 730
78 737
78 752
78 767
78 787
78 910
78 912
78 927
78 1098
78 1136
78 1172
78 1177
78 1227
78 1231
78 1270
78 1414
78 1442
78 1483
78 1618
78 1654
78 1922
78 1957
78 1992
78 2051
78 2054
78 2184
78 2188
78 2255
78 2307
78 2379
78 2381
78 2421
78 2427
78 2494
78 2671
78 2822
78 2880
78 3094
78 3178
78 3200
78 3272
78 3305
78 3341
78 3378
78 3541
78 3629
78 3693
78 3706
78 3897
78 3899
78 3900
78 4293
78 4335
78 4368
78 4545
78 4551
78 4624
78 4708
78 4889
78 4892
78 5032
78 5133
78 5233
78 5414
78 5552
78 5836
78 5944
78 5993
78 6164
78 6180
78 6228
78 6343
78 6818
78 6923
78 6954
78 7081
78 7298
78 7346
78 7478
78 7538
78 7566
78 7997
78 8089
78 8349
78 8401
78 8481
78 8721
78 9055
78 9279
78 9382
78 9482
78 9509
78 9894
79 83
79 87
79 112
79 134
79 177
79 182
79 190
79 204
79 263
79 266
79 297
79 317
79 320
79 334
79 341
79 348
79 361
79 402
79 403
79 406
79 469
79 472
79 480
79 569
79 652
79 668
79 707
79 747
79 826
79 828
79 891
79 922
79 941
79 957
79 1059
79 1100
79 1259
79 1274
79 1300
79 1309
79 1352
79 1512
79 1514
79 1583
79 1911
79 1921
79 1952
79 1983
79 1998
79 2149
79 2291
79 2336
79 2350
79 2375
79 2432
79 2477
79 2698
79 2757
79 2773
79 2941
79 3217
79 3263
79 3423
79 3499
79 3545
79 3798
79 3885
79 3941
79 3998
79 4402
79 4412
79 4489
79 4889
79 5022
79 5179
79 5195
79 5341
79 5418
79 5754
79 5822
79 5869
79 6010
79 6178
79 6202
79 6203
79 6402
79 6502
79 6581
79 6745
79 6769
79 6904
79 7081
79 7150
79 7424
79 7613
79 7639
79 7784
79 7953
79 8097
79 8103
79 8583
79 8611
79 8945
79 8983
79 9039
79 9244
79 9261
79 9538
79 9917
79 9949
80 86
80 94
80 102
80 130
80 173
80 200
80 241
80 247
80 271
80 323
80 357
80 361
80 372
80 398
80 434
80 492
80 530
80 598
80 611
80 631
80 648
80 673
80 743
80 808
80 853
80 883
80 907
80 931
80 1026
80 1027
80 1131
80 1162
80 1309
80 1495
80 1500
80 1597
80 1622
80 1705
80 1754
80 1905
80 1918
80 1960
80 1983
80 2135
80 2180
80 2197
80 2211
80 2238
80 2261
80 2269
80 2334
80 2338
80 2386
80 2404
80 2445
80 2538
80 2557
80 2649
80 2803
80 3013
80 3050
80 3333
80 3590
80 3679
80 3684
80 3686
80 3892
80 4040
80 4084
80 4134
80 4375
80 4391
80 4467
80 4496
80 4647
80 4652
80 4672
80 5297
80 5305
80 5462
80 5485
80 5575
80 5604
80 5942
80 5993
80 6215
80 6277
80 6448
80 6522
80 7087
80 7322
80 7343
80 7520
80 7634
80 7643
80 7833
80 7837
80 7904
80 8005
80 8168
80 8449
80 8727
80 8824
80 8872
80 8879
80 8891
80 9171
80 9217
80 9548
80 9550
80 9555
80 9713
80 9733
81 95
81 109
81 112
81 130
81 139
81 145
81 181
81 210
81 223
81 245
81 252
81 277
81 315
81 337
81 353
81 402
81 438
81 509
81 511
81 523
81 524
81 532
81 559
81 578
81 585
81 608
81 627
81 654
81 680
81 744
81 746
81 767
81 892
81 944
81 989
81 998
81 1080
81 1133
81 1239
81 1287
81 1294
81 1345
81 1414
81 1418
81 1420
81 1435
81 1487
81 1646
81 1718
81 1785
81 1833
81 1848
81 1866
81 1928
81 1955
81 1959
81 2186
81 2412
81 2671
81 2756
81 2857
81 3086
81 3172
81 3357
81 3386
81 3451
81 3457
81 3884
81 3935
81 4115
81 4189
81 4276
81 4278
81 4514
81 4814
81 4934
81 4999
81 5014
81 5327
81 5660
81 5713
81 5812
81 5891
81 5913
81 5941
81 6132
81 6386
81 6429
81 6484
81 6528
81 6800
81 6837
81 6838
81 6855
81 6900
81 6983
81 7208
81 7361
81 7476
81 7500
81 7526
81 7585
81 7646
81 7927
81 8056
81 8108
81 8147
81 8365
81 8418
81 8626
81 8818
81 8883
81 8921
81 9123
81 9375
81 9503
81 9545
81 9852
81 9926
81 9955
82 86
82 87
82 146
82 149
82 153
82 154
82 164
82 167
82 173
82 241
82 256
82 291
82 297
82 320
82 379
82 385
82 388
82 409
82 426
82 475
82 483
82 496
82 532
82 540
82 576
82 619
82 703
82 721
82 794
82 857
82 891
82 971
82 1004
82 1007
82 1060
82 1065
82 1166
82 1191
82 1344
82 1363
82 1428
82 1454
82 1462
82 1498
82 1574
82 1630
82 1727
82 1829
82 1905
82 1906
82 1927
82 1937
82 2191
82 2222
82 2269
82 2382
82 2527
82 2552
82 2593
82 2798
82 2910
82 2915
82 2960
82 3498
82 3502
82 3534
82 3576
82 3847
82 3944
82 4478
82 4552
82 4604
82 4608
82 4810
82 4840
82 4922
82 4983
82 5024
82 5037
82 5073
82 5079
82 5105
82 5132
82 5207
82 5482
82 5498
82 5521
82 5594
82 5664
82 5690
82 5708
82 5809
82 5876
82 5925
82 6082
82 6384
82 6572
82 6648
82 6763
82 6782
82 6836
82 6898
82 6911
82 6918
82 6939
82 7100
82 7111
82 7213
82 7231
82 7625
82 7640
82 7701
82 7810
82 7955
82 8090
82 8157
82 8315
82 8384
82 8421
82 8507
82 8881
82 9202
82 9215
82 9258
82 9815
82 9839
82 9893
83 148
83 167
83 169
83 189
83 249
83 259
83 625
83 816
83 872
83 969
83 1000
83 1089
83 1090
83 1103
83 1198
83 1280
83 1368
83 1436
83 1567
83 1596
83 1673
83 1723
83 1725
83 2362
83 2383
83 2779
83 2803
83 2880
83 3104
83 3111
83 3593
83 3658
83 3823
83 3953
83 4037
83 4274
83 4488
83 4544
83 4719
83 4811
83 5406
83 5505
83 5522
83 5575
83 5716
83 5905
83 5977
83 6159
83 6173
83 6355
83 6765
83 6791
83 7000
83 8032
83 8214
83 8430
83 8469
83 8735
83 9031
83 9331
83 9473
83 9504
83 9888
83 9899
84 89
84 91
84 103
84 115
84 119
84 137
84 186
84 213
84 245
84 251
84 253
84 261
84 285
84 312
84 352
84 361
84 373
84 383
84 387
84 413
84 468
84 498
84 519
84 634
84 736
84 750
84 756
84 880
84 886
84 1016
84 1030
84 1054
84 1111
84 1138
84 1153
84 1234
84 1327
84 1350
84 1441
84 1458
84 1583
84 1621
84 1683
84 1699
84 1884
84 2116
84 2147
84 2194
84 2222
84 2246
84 2524
84 2575
84 2656
84 2664
84 2672
84 2965
84 3068
84 3076
84 3154
84 3219
84 3744
84 3812
84 3837
84 3960
84 4080
84 4281
84 4540
84 4546
84 4568
84 4752
84 4815
84 5028
84 5369
84 5372
84 5379
84 5399
84 5422
84 5474
84 5689
84 5752
84 5755
84 6062
84 6123
84 6620
84 6727
84 7069
84 7096
84 7117
84 7285
84 7303
84 7326
84 7459
84 7618
84 7686
84 8016
84 8127
84 8236
84 8373
84 8495
84 8690
84 9020
84 9213
84 9416
84 9698
84 9947
85 88
85 101
85 109
85 122
85 124
85 127
85 166
85 171
85 221
85 239
85 255
85 265
85 296
85 304
85 325
85 347
85 348
85 369
85 383
85 388
85 432
85 466
85 486
85 519
85 530
85 558
85 592
85 601
85 664
85 688
85 743
85 751
85 752
85 769
85 818
85 875
85 889
85 908
85 1085
85 1107
85 1430
85 1433
85 1437
85 1562
85 1564
85 1580
85 1628
85 1807
85 1867
85 1876
85 1894
85 1905
85 2214
85 2252
85 2323
85 2396
85 2579
85 2638
85 2769
85 2822
85 2826
85 3287
85 3408
85 3572
85 3637
85 3734
85 3817
85 4381
85 4494
85 4599
85 4884
85 4898
85 4942
85 5092
85 5386
85 5414
85 5482
85 5498
85 5564
85 5574
85 5726
85 5773
85 5848
85 6032
85 6230
85 6323
85 6710
85 6738
85 6939
85 6983
85 7308
85 7415
85 7449
85 7458
85 7497
85 7912
85 8128
85 8267
85 8446
85 8859
85 9773
85 9973
86 95
86 96
86 141
86 146
86 162
86 230
86 249
86 279
86 325
86 328
86 335
86 367
86 400
86 403
86 474
86 513
86 527
86 544
86 554
86 617
86 642
86 732
86 752
86 770
86 787
86 818
86 944
86 1045
86 1057
86 1073
86 1089
86 1208
86 1269
86 1306
86 1472
86 1510
86 1543
86 1603
86 1879
86 2055
86 2119
86 2551
86 2570
86 2572
86 2660
86 2720
86 2757
86 2788
86 2863
86 2869
86 2891
86 2972
86 3050
86 3075
86 3088
86 3460
86 3602
86 3775
86 3896
86 4177
86 4720
86 4754
86 4941
86 4958
86 5084
86 5144
86 5145
86 5259
86 5345
86 5363
86 5408
86 5711
86 5719
86 5841
86 6492
86 6561
86 7139
86 7190
86 7235
86 7421
86 7453
86 7856
86 8042
86 8369
86 8491
86 8495
86 8702
86 8716
86 8723
86 8887
86 8911
86 9175
86 9275
86 9746
87 135
87 142
87 148
87 164
87 166
87 177
87 212
87 248
87 271
87 360
87 363
87 381
87 386
87 420
87 454
87 461
87 501
87 522
87 536
87 544
87 585
87 673
87 687
87 748
87 761
87 780
87 808
87 870
87 1031
87 1082
87 1111
87 1149
87 1269
87 1282
87 1320
87 1388
87 1555
87 1644
87 1697
87 1765
87 1784
87 1875
87 2029
87 2111
87 2214
87 2272
87 2478
87 2601
87 2624
87 2635
87 2661
87 2913
87 2989
87 3078
87 3091
87 3182
87 3299
87 3311
87 3436
87 3474
87 3607
87 3682
87 3782
87 3783
87 3858
87 4085
87 4234
87 4260
87 4497
87 4507
87 4832
87 4879
87 5006
87 5432
87 5463
87 5526
87 5647
87 5651
87 5705
87 5737
87 5802
87 5928
87 5963
87 6039
87 6214
87 6333
87 6518
87 6599
87 6620
87 6823
87 6872
87 6927
87 6928
87 6942
87 7013
87 7243
87 7492
87 7605
87 7626
87 7966
87 8741
87 8905
87 8986
87 9162
87 9328
87 9457
87 9617
87 9671
87 9790
87 9857
88 117
88 238
88 251
88 270
88 277
88 280
88 282
88 360
88 369
88 407
88 473
88 567
88 573
88 620
88 824
88 833
88 878
88 897
88 900
88 902
88 933
88 940
88 979
88 1068
88 1079
88 1096
88 1099
88 1213
88 1309
88 1348
88 1358
88 1447
88 1450
88 1552
88 1580
88 1647
88 1690
88 1698
88 1748
88 1754
88 1849
88 1866
88 1946
88 1963
88 2052
88 2249
88 2399
88 2448
88 2700
88 2856
88 2892
88 2957
88 2988
88 3157
88 3501
88 3884
88 4031
88 4040
88 4144
88 4229
88 4513
88 4588
88 4817
88 5001
88 5008
88 5016
88 5127
88 5324
88 5340
88 5385
88 5405
88 5477
88 5629
88 5642
88 5703
88 5886
88 5922
88 6052
88 6156
88 6171
88 6324
88 6330
88 6358
88 7110
88 7251
88 7407
88 7410
88 7667
88 7700
88 7872
88 8277
88 8396
88 8787
88 8876
88 9235
88 9244
88 9462
88 9482
88 9813
88 9838
89 118
89 131
89 141
89 152
89 168
89 188
89 220
89 226
89 242
89 256
89 269
89 287
89 288
89 397
89 419
89 433
89 480
89 483
89 487
89 524
89 553
89 565
89 566
89 681
89 700
89 704
89 748
89 854
89 895
89 905
89 921
89 942
89 947
89 954
89 980
89 996
89 1048
89 1133
89 1215
89 1241
89 1280
89 1301
89 1373
89 1374
89 1399
89 1406
89 1416
89 1596
89 1677
89 1702
89 1884
89 1913
89 1918
89 1972
89 1990
89 2004
89 2093
89 2126
89 2179
89 2253
89 2369
89 2391
89 2397
89 2431
89 2492
89 2571
89 2573
89 2613
89 2631
89 2647
89 2696
89 2720
89 2827
89 2920
89 2943
89 2967
89 2993
89 3107
89 3119
89 3180
89 3187
89 3235
89 3248
89 3315
89 3339
89 3341
89 3363
89 3544
89 3583
89 3613
89 3627
89 3653
89 3675
89 3683
89 3704
89 3706
89 3731
89 3833
89 4155
89 4180
89 4205
89 4227
89 4245
89 4291
89 4354
89 4400
89 4500
89 4525
89 4574
89 4581
89 4637
89 4749
89 4820
89 4854
89 4951
89 4972
89 5136
89 5229
89 5261
89 5422
89 5454
89 5470
89 5501
89 5510
89 5513
89 5544
89 5657
89 5730
89 5788
89 5874
89 5926
89 6002
89 6035
89 6071
89 6137
89 6279
89 6336
89 6372
89 6531
89 6586
89 6653
89 6830
89 6887
89 7023
89 7156
89 7207
89 7270
89 7284
89 7298
89 7323
89 7346
89 7408
89 7504
89 7713
89 7946
89 7947
89 7991
89 8009
89 8112
89 8269
89 8324
89 8435
89 8491
89 8546
89 8559
89 8682
89 8834
89 8853
89 8929
89 8951
89 9031
89 9032
89 9108
89 9137
89 9252
89 9283
89 9430
89 9542
89 9757
89 9886
90 161
90 238
90 295
90 422
90 492
90 495
90 568
90 703
90 751
90 773
90 791
90 793
90 881
90 1048
90 1052
90 1079
90 1237
90 1320
90 1441
90 1466
90 1483
90 1516
90 1545
90 1565
90 1825
90 1830
90 1954
90 2014
90 2133
90 2138
90 2262
90 2587
90 2661
90 2742
90 2744
90 2774
90 2807
90 2903
90 3232
90 3258
90 3259
90 3506
90 3543
90 3560
90 3582
90 3624
90 3665
90 3728
90 3738
90 3803
90 3832
90 3893
90 3940
90 4126
90 4127
90 4156
90 4253
90 4345
90 4433
90 4716
90 4757
90 4902
90 5038
90 5446
90 5480
90 5633
90 5637
90 5833
90 6418
90 7206
90 7251
90 7278
90 7293
90 7344
90 7438
90 7467
90 7607
90 7748
90 7895
90 8021
90 8591
90 8607
90 8788
90 8796
90 9135
90 9216
90 9464
90 9833
91 97
91 111
91 238
91 258
91 262
91 264
91 265
91 289
91 349
91 350
91 441
91 442
91 444
91 456
91 462
91 487
91 507
91 565
91 599
91 610
91 611
91 811
91 835
91 905
91 909
91 928
91 973
91 982
91 1006
91 1056
91 1085
91 1088
91 1175
91 1209
91 1282
91 1296
91 1397
91 1407
91 1521
91 1573
91 1593
91 1712
91 1755
91 1769
91 1779
91 1925
91 2065
91 2131
91 2159
91 2252
91 2283
91 2290
91 2297
91 2566
91 2705
91 2805
91 2813
91 3003
91 3021
91 3153
91 3306
91 3331
91 3456
91 3557
91 3762
91 3789
91 3796
91 3830
91 3831
91 3936
91 4032
91 4097
91 4365
91 4373
91 4512
91 4533
91 4539
91 4542
91 4578
91 4690
91 4781
91 4850
91 5001
91 5170
91 5356
91 5532
91 5756
91 5799
91 5923
91 5945
91 6047
91 6114
91 6206
91 6386
91 6431
91 6462
91 6678
91 6712
91 6725
91 7296
91 7361
91 7747
91 8388
91 8426
91 8482
91 8524
91 8976
91 8990
91 9081
91 9223
91 9531
91 9536
91 9734
91 9744
91 9824
92 118
92 160
92 166
92 211
92 214
92 233
92 288
92 434
92 654
92 750
92 945
92 1032
92 1069
92 1097
92 1151
92 1312
92 1442
92 1485
92 1565
92 1569
92 1998
92 2040
92 2067
92 2289
92 2339
92 2348
92 2593
92 2967
92 2991
92 3024
92 3122
92 3541
92 3767
92 4048
92 4215
92 4927
92 5315
92 5750
92 5784
92 6147
92 6169
92 6835
92 6972
92 7179
92 7825
92 8072
92 8289
92 8296
92 8589
92 8649
92 9302
92 9434
92 9642
92 9672
92 9795
93 94
93 118
93 119
93 138
93 174
93 187
93 201
93 267
93 286
93 315
93 362
93 394
93 395
93 398
93 452
93 463
93 475
93 510
93 529
93 575
93 580
93 608
93 631
93 662
93 679
93 693
93 727
93 733
93 745
93 781
93 866
93 958
93 959
93 989
93 1004
93 1122
93 1155
93 1189
93 1291
93 1295
93 1326
93 1348
93 1357
93 1362
93 1384
93 1464
93 1491
93 1525
93 1555
93 1591
93 1598
93 1600
93 1653
93 1666
93 1676
93 1699
93 1939
93 1952
93 1955
93 2045
93 2103
93 2129
93 2130
93 2132
93 2225
93 2418
93 2444
93 2451
93 2452
93 2516
93 2541
93 2581
93 2589
93 2938
93 2952
93 2970
93 2984
93 3136
93 3154
93 3226
93 3265
93 3288
93 3322
93 3338
93 3339
93 3365
93 3480
93 3506
93 3521
93 3524
93 3528
93 3737
93 3808
93 3820
93 3882
93 3961
93 3991
93 4001
93 4124
93 4189
93 4298
93 4351
93 4364
93 4485
93 4570
93 4580
93 4689
93 4789
93 5088
93 5115
93 5381
93 5505
93 5637
93 5643
93 5655
93 5719
93 5764
93 5780
93 5822
93 5852
93 5945
93 5946
93 6026
93 6067
93 6213
93 6281
93 6420
93 6519
93 6551
93 6628
93 6655
93 6716
93 6816
93 6973
93 7038
93 7223
93 7278
93 7426
93 7433
93 7496
93 7657
93 7934
93 8015
93 8095
93 8141
93 8150
93 8409
93 8495
93 8701
93 9013
93 9265
93 9282
93 9312
93 9455
93 9494
93 9528
93 9553
93 9580
93 9593
93 9652
93 9725
94 109
94 139
94 166
94 170
94 179
94 199
94 221
94 235
94 285
94 310
94 331
94 431
94 442
94 502
94 610
94 665
94 744
94 758
94 793
94 815
94 846
94 904
94 929
94 931
94 1035
94 1064
94 1113
94 1146
94 1156
94 1231
94 1370
94 1399
94 1453
94 1467
94 1743
94 1785
94 1792
94 1888
94 1964
94 1983
94 2014
94 2081
94 2245
94 2580
94 2600
94 2676
94 2804
94 2902
94 2935
94 2946
94 3002
94 3052
94 3128
94 3306
94 3367
94 3521
94 3615
94 3943
94 4070
94 4075
94 4330
94 4503
94 4533
94 4764
94 5041
94 5142
94 5241
94 5886
94 5889
94 5891
94 5930
94 5950
94 5974
94 6089
94 6852
94 6933
94 6965
94 6986
94 6989
94 7017
94 7305
94 7983
94 8153
94 8326
94 8445
94 8590
94 8659
94 8665
94 9059
94 9274
94 9390
94 9548
94 9877
95 99
95 101
95 103
95 106
95 128
95 157
95 160
95 185
95 189
95 190
95 206
95 219
95 229
95 270
95 290
95 328
95 330
95 358
95 429
95 434
95 451
95 454
95 469
95 638
95 649
95 862
95 910
95 961
95 972
95 1018
95 1086
95 1099
95 1113
95 1119
95 1155
95 1158
95 1169
95 1198
95 1217
95 1259
95 1274
95 1371
95 1395
95 1531
95 1535
95 1583
95 1625
95 1812
95 1925
95 1950
95 1962
95 2014
95 2016
95 2034
95 2036
95 2224
95 2339
95 2492
95 2595
95 2800
95 2878
95 2926
95 3012
95 3105
95 3474
95 3511
95 3533
95 3623
95 3815
95 4217
95 4228
95 4269
95 4417
95 4571
95 4703
95 4721
95 4976
95 5502
95 5506
95 5546
95 5618
95 5639
95 5893
95 5974
95 6071
95 6173
95 6182
95 6263
95 6322
95 6461
95 6990
95 7067
95 7384
95 7463
95 7540
95 7604
95 7784
95 8068
95 8079
95 8133
95 8268
95 8324
95 8370
95 8529
95 8642
95 8793
95 8862
95 8932
95 9168
95 9336
95 9431
95 9538
95 9754
96 115
96 130
96 164
96 183
96 207
96 211
96 225
96 237
96 268
96 281
96 362
96 379
96 443
96 470
96 561
96 606
96 630
96 656
96 692
96 694
96 723
96 767
96 989
96 1239
96 1288
96 1311
96 1348
96 1374
96 1379
96 1456
96 1720
96 1864
96 1886
96 1997
96 2010
96 2110
96 2146
96 2460
96 2472
96 2925
96 3222
96 3385
96 3408
96 3504
96 3589
96 3599
96 3606
96 3617
96 3965
96 4048
96 4174
96 4273
96 4693
96 4735
96 4825
96 5229
96 5286
96 5379
96 5381
96 5508
96 5509
96 5550
96 5559
96 5903
96 6027
96 6669
96 6720
96 6742
96 6852
96 7090
96 7211
96 7311
96 7363
96 7627
96 7654
96 8297
96 8529
96 8549
96 8587
96 9011
96 9327
96 9513
96 9779
96 9791
96 9808
96 9873
97 122
97 150
97 229
97 230
97 272
97 273
97 295
97 298
97 349
97 454
97 459
97 484
97 521
97 598
97 618
97 638
97 735
97 824
97 850
97 914
97 971
97 1225
97 1268
97 1339
97 1430
97 1445
97 1521
97 1563
97 1659
97 1660
97 1676
97 1690
97 1710
97 1903
97 2144
97 2166
97 2169
97 2220
97 2228
97 2359
97 2368
97 2483
97 2532
97 2655
97 2751
97 2983
97 3227
97 3487
97 3525
97 4282
97 4445
97 4502
97 4610
97 4611
97 4667
97 5398
97 5940
97 6161
97 6297
97 6394
97 6659
97 6681
97 7050
97 7189
97 7239
97 7472
97 7497
97 7729
97 7859
97 8078
97 8126
97 8409
97 8436
97 8469
97 8498
97 8499
97 8760
97 9134
97 9308
97 9526
97 9732
97 9940
97 9974
98 99
98 111
98 120
98 143
98 178
98 208
98 214
98 239
98 314
98 317
98 347
98 471
98 480
98 560
98 597
98 616
98 630
98 641
98 717
98 741
98 764
98 771
98 777
98 785
98 838
98 916
98 1077
98 1112
98 1156
98 1170
98 1193
98 1222
98 1448
98 1546
98 1707
98 1962
98 2093
98 2187
98 2370
98 2382
98 2589
98 2721
98 2838
98 2957
98 3025
98 3151
98 3393
98 3423
98 3436
98 3476
98 3572
98 3632
98 3676
98 3716
98 3790
98 3845
98 3858
98 3902
98 4100
98 4244
98 4346
98 4393
98 4780
98 4960
98 5028
98 5064
98 5293
98 5474
98 5485
98 5612
98 5682
98 5778
98 5965
98 5973
98 6083
98 6229
98 6251
98 6328
98 6333
98 6500
98 6513
98 6567
98 6698
98 7044
98 7425
98 7445
98 7463
98 7553
98 7625
98 7649
98 7839
98 7914
98 7961
98 7992
98 8278
98 8288
98 8380
98 8572
98 8939
98 8990
98 9427
98 9486
98 9503
98 9646
98 9814
98 9864
98 9883
99 124
99 208
99 278
99 308
99 400
99 437
99 494
99 507
99 624
99 657
99 699
99 937
99 1023
99 1197
99 1203
99 1260
99 1394
99 1753
99 1788
99 1870
99 2200
99 2234
99 2982
99 3626
99 3631
99 4131
99 4449
99 4576
99 4653
99 4761
99 4967
99 5144
99 5559
99 5751
99 6508
99 6557
99 6736
99 7325
99 7366
99 7461
99 7646
99 7863
99 8431
99 8514
99 9180
99 9427
99 9431
99 9540
99 9589
99 9623
99 9986
100 107
100 119
100 158
100 170
100 201
100 216
100 219
100 342
100 365
100 472
100 475
100 483
100 518
100 559
100 581
100 630
100 666
100 794
100 806
100 829
100 847
100 849
100 862
100 877
100 883
100 910
100 948
100 953
100 1141
100 1226
100 1279
100 1327
100 1411
100 1459
100 1592
100 1612
100 1690
100 1857
100 1884
100 1930
100 2084
100 2167
100 2188
100 2281
100 2401
100 2667
100 2785
100 2810
100 2912
100 2968
100 2997
100 3408
100 3410
100 3447
100 3481
100 3556
100 3581
100 3584
100 3705
100 3733
100 3772
100 4018
100 4132
100 4175
100 4223
100 4248
100 4527
100 4841
100 4874
100 4941
100 4965
100 5041
100 5282
100 5305
100 5412
100 5423
100 5779
100 5784
100 5843
100 5856
100 5970
100 5972
100 6053
100 6123
100 6303
100 6319
100 6694
100 6801
100 6805
100 7086
100 7114
100 7743
100 8056
100 8301
100 8674
100 8850
100 9019
100 9119
100 9519
100 9520
100 9608
100 9635
101 112
101 154
101 201
101 263
101 279
101 318
101 343
101 402
101 481
101 534
101 539
101 543
101 651
101 750
101 766
101 794
101 809
101 857
101 957
101 963
101 981
101 1084
101 1110
101 1210
101 1242
101 1483
101 1578
101 1588
101 1595
101 1721
101 1744
101 1833
101 1960
101 1987
101 2028
101 2098
101 2287
101 2686
101 2696
101 2846
101 2991
101 2999
101 3142
101 3407
101 3750
101 3783
101 4032
101 4267
101 4488
101 4637
101 4871
101 4915
101 4932
101 5002
101 5087
101 5162
101 5251
101 5320
101 5455
101 5464
101 5547
101 5588
101 6113
101 6313
101 6429
101 6509
101 6558
101 6778
101 7769
101 7877
101 8012
101 8107
101 8310
101 8409
101 8824
101 8921
101 9298
101 9570
101 9825
102 178
102 211
102 223
102 228
102 364
102 390
102 426
102 466
102 1000
102 1012
102 1035
102 1077
102 1135
102 1199
102 1285
102 1404
102 1435
102 1774
102 1814
102 1885
102 1952
102 2221
102 2698
102 2812
102 2839
102 3020
102 3574
102 3584
102 3785
102 4108
102 4238
102 4381
102 4390
102 5136
102 5251
102 5438
102 5674
102 5915
102 5967
102 5992
102 6240
102 6278
102 6501
102 6534
102 7216
102 7685
102 8853
102 9387
102 9483
103 138
103 152
103 173
103 282
103 348
103 358
103 381
103 500
103 588
103 680
103 681
103 731
103 738
103 739
103 757
103 781
103 1076
103 1113
103 1220
103 1251
103 1516
103 1545
103 1664
103 1739
103 1793
103 1951
103 1955
103 1966
103 2035
103 2292
103 2358
103 2438
103 2613
103 2788
103 2815
103 2903
103 2998
103 3814
103 3888
103 4281
103 4706
103 4799
103 4959
103 5078
103 5122
103 5131
103 5189
103 5265
103 5269
103 5282
103 5331
103 5357
103 5644
103 5650
103 5786
103 5949
103 5986
103 6322
103 6456
103 6492
103 6845
103 6940
103 7035
103 7106
103 7314
103 7328
103 7528
103 7721
103 7917
103 8651
103 8704
103 9691
103 9818
103 9856
104 168
104 220
104 223
104 258
104 298
104 319
104 346
104 354
104 394
104 513
104 591
104 632
104 674
104 766
104 872
104 904
104 917
104 949
104 953
104 989
104 1021
104 1031
104 1063
104 1119
104 1150
104 1174
104 1211
104 1226
104 1435
104 1523
104 1550
104 1764
104 1870
104 1952
104 1957
104 1984
104 2002
104 2021
104 2060
104 2272
104 2320
104 2349
104 2462
104 2485
104 2520
104 2860
104 2999
104 3069
104 3517
104 3597
104 3623
104 5047
104 5097
104 5218
104 5381
104 5542
104 5637
104 5887
104 5933
104 6168
104 6190
104 6408
104 6480
104 6509
104 6603
104 6656
104 6706
104 6750
104 6917
104 7127
104 7299
104 7536
104 7786
104 8181
104 8363
104 8409
104 8683
104 8738
104 8835
104 9773
104 9791
105 128
105 134
105 135
105 136
105 142
105 167
105 187
105 277
105 343
105 396
105 406
105 420
105 477
105 484
105 505
105 509
105 587
105 597
105 664
105 680
105 683
105 685
105 701
105 708
105 715
105 718
105 720
105 787
105 802
105 831
105 832
105 1093
105 1195
105 1258
105 1399
105 1496
105 1509
105 1566
105 1783
105 1938
105 2005
105 2031
105 2077
105 2138
105 2278
105 2332
105 2452
105 2469
105 2635
105 2700
105 2865
105 2969
105 3013
105 3050
105 3127
105 3132
105 3163
105 3390
105 3392
105 3583
105 3755
105 3991
105 4009
105 4179
105 4193
105 4260
105 4293
105 4493
105 4495
105 4498
105 4632
105 4999
105 5131
105 5307
105 5326
105 5352
105 5353
105 5614
105 5720
105 5835
105 5851
105 6280
105 6311
105 6636
105 6778
105 6851
105 6992
105 7136
105 7232
105 7343
105 7410
105 7415
105 7423
105 7607
105 7750
105 7837
105 7838
105 8084
105 8120
105 8130
105 8161
105 8366
105 8749
105 8965
105 9281
105 9446
105 9473
105 9585
105 9611
105 9677
105 9706
105 9936
106 137
106 145
106 161
106 171
106 184
106 191
106 209
106 228
106 233
106 234
106 237
106 248
106 278
106 387
106 463
106 518
106 521
106 532
106 577
106 598
106 619
106 647
106 658
106 659
106 670
106 688
106 758
106 766
106 790
106 845
106 855
106 862
106 863
106 952
106 1001
106 1039
106 1041
106 1121
106 1230
106 1231
106 1250
106 1292
106 1353
106 1404
106 1407
106 1435
106 1570
106 1639
106 1766
106 1840
106 1876
106 2086
106 2159
106 2187
106 2257
106 2271
106 2307
106 2340
106 2365
106 2598
106 2646
106 3010
106 3171
106 3198
106 3315
106 3404
106 3511
106 3671
106 3887
106 3912
106 4066
106 4178
106 4188
106 4230
106 4374
106 4449
106 4464
106 4620
106 4951
106 4962
106 5000
106 5009
106 5056
106 5078
106 5392
106 5474
106 5519
106 5659
106 5784
106 5818
106 6008
106 6169
106 6303
106 6408
106 6812
106 6859
106 7020
106 7077
106 7139
106 7353
106 7543
106 7551
106 7820
106 7878
106 7882
106 7960
106 8191
106 8276
106 8352
106 8642
106 8661
106 8729
106 8733
106 8988
106 9070
106 9275
106 9678
107 114
107 203
107 215
107 242
107 295
107 312
107 313
107 354
107 379
107 407
107 413
107 500
107 611
107 661
107 877
107 883
107 1037
107 1042
107 1044
107 1109
107 1194
107 1367
107 1407
107 1514
107 1558
107 1682
107 1861
107 1891
107 1954
107 1976
107 2021
107 2046
107 2270
107 2347
107 2438
107 2537
107 2594
107 2838
107 3146
107 3226
107 3803
107 3831
107 3943
107 3989
107 4063
107 4247
107 4255
107 5019
107 5103
107 5192
107 5197
107 5270
107 5403
107 5413
107 5708
107 5729
107 5966
107 6025
107 6104
107 6140
107 6359
107 6504
107 6631
107 6939
107 7084
107 7105
107 7338
107 7431
107 7527
107 7716
107 7825
107 8051
107 8133
107 8259
107 8340
107 8637
107 8716
107 8778
107 8851
107 8998
107 9244
107 9732
107 9742
107 9815
107 9990
108 114
108 117
108 135
108 136
108 140
108 142
108 143
108 144
108 164
108 178
108 206
108 210
108 229
108 249
108 251
108 280
108 339
108 344
108 347
108 349
108 391
108 395
108 399
108 430
108 473
108 511
108 531
108 577
108 599
108 632
108 636
108 643
108 684
108 761
108 773
108 782
108 835
108 876
108 894
108 935
108 954
108 959
108 975
108 983
108 1010
108 1021
108 1027
108 1086
108 1139
108 1164
108 1188
108 1230
108 1334
108 1339
108 1357
108 1362
108 1479
108 1527
108 1569
108 1712
108 1745
108 1787
108 1800
108 1818
108 1866
108 1895
108 1912
108 1936
108 1973
108 2032
108 2046
108 2267
108 2603
108 2628
108 2672
108 2796
108 2870
108 2911
108 2914
108 2978
108 3066
108 3200
108 3233
108 3307
108 3508
108 3592
108 3602
108 3690
108 3706
108 3730
108 3865
108 4057
108 4262
108 4266
108 4321
108 4343
108 4410
108 4428
108 4460
108 4670
108 4714
108 4717
108 4732
108 4759
108 4809
108 4810
108 4817
108 4873
108 4941
108 4982
108 5000
108 5134
108 5153
108 5167
108 5385
108 5435
108 5685
108 5689
108 5772
108 5802
108 5919
108 6039
108 6217
108 6374
108 6390
108 6420
108 6424
108 6453
108 6742
108 7211
108 7374
108 7394
108 7408
108 7646
108 7702
108 7811
108 7968
108 8037
108 8066
108 8402
108 8583
108 8611
108 8636
108 8690
108 8734
108 8740
108 8833
108 8859
108 9047
108 9145
108 9266
108 9424
108 9471
108 9655
108 9770
108 9859
108 9872
108 9968
108 9991
109 111
109 113
109 117
109 145
109 248
109 300
109 306
109 307
109 391
109 470
109 555
109 585
109 616
109 696
109 759
109 804
109 826
109 869
109 876
109 897
109 956
109 965
109 1062
109 1106
109 1214
109 1227
109 1341
109 1446
109 1551
109 1703
109 1722
109 1753
109 2001
109 2234
109 2277
109 2342
109 2435
109 2492
109 2600
109 2952
109 3218
109 3290
109 3335
109 3338
109 3588
109 3726
109 3740
109 3811
109 3941
109 3952
109 4170
109 4247
109 4365
109 4371
109 4456
109 4625
109 4789
109 4872
109 4884
109 5021
109 5122
109 5159
109 5214
109 5319
109 5434
109 5606
109 5717
109 5994
109 6019
109 6398
109 6447
109 6866
109 7166
109 7265
109 7307
109 7516
109 7933
109 8141
109 8629
109 8735
109 8751
109 9534
109 9797
109 9943
109 9950
109 9966
110 116
110 158
110 165
110 168
110 177
110 222
110 263
110 337
110 366
110 426
110 456
110 457
110 528
110 542
110 581
110 595
110 619
110 693
110 695
110 741
110 810
110 831
110 845
110 859
110 941
110 965
110 1029
110 1096
110 1269
110 1386
110 1406
110 1457
110 1469
110 1528
110 1713
110 1757
110 1916
110 1934
110 1971
110 2094
110 2204
110 2223
110 2335
110 2550
110 2575
110 2604
110 2887
110 2944
110 3015
110 3022
110 3093
110 3153
110 3389
110 3404
110 3722
110 3969
110 4197
110 4385
110 4426
110 4430
110 4456
110 4588
110 4804
110 5222
110 5311
110 5360
110 5534
110 6433
110 6672
110 6746
110 6778
110 7245
110 7300
110 7950
110 8362
110 8392
110 8525
110 8906
110 8934
110 9000
110 9352
110 9521
110 9704
110 9726
110 9869
111 117
111 120
111 127
111 163
111 183
111 203
111 214
111 254
111 264
111 270
111 318
111 327
111 384
111 437
111 444
111 500
111 689
111 779
111 844
111 882
111 904
111 1160
111 1214
111 1229
111 1230
111 1571
111 1617
111 1644
111 1843
111 1992
111 2013
111 2069
111 2080
111 2134
111 2147
111 2153
111 2257
111 2265
111 2495
111 2508
111 2543
111 2550
111 3015
111 3110
111 3133
111 3264
111 3290
111 3392
111 3671
111 3701
111 3717
111 3747
111 3786
111 3816
111 3829
111 4042
111 4142
111 4172
111 4174
111 4184
111 4264
111 4359
111 4719
111 5056
111 5481
111 5491
111 5558
111 5767
111 5782
111 5845
111 5984
111 6026
111 6252
111 6514
111 6580
111 6610
111 6626
111 6645
111 6693
111 6823
111 7015
111 7106
111 7166
111 7218
111 7345
111 7685
111 7902
111 8249
111 8539
111 9195
111 9392
111 9667
111 9718
112 113
112 121
112 132
112 141
112 152
112 163
112 174
112 175
112 187
112 189
112 196
112 225
112 301
112 344
112 389
112 403
112 415
112 432
112 449
112 450
112 461
112 470
112 484
112 506
112 522
112 535
112 589
112 604
112 618
112 776
112 777
112 799
112 800
112 812
112 839
112 925
112 946
112 959
112 1001
112 1052
112 1078
112 1115
112 1143
112 1147
112 1150
112 1153
112 1235
112 1258
112 1260
112 1271
112 1347
112 1389
112 1468
112 1472
112 1475
112 1486
112 1497
112 1578
112 1643
112 1732
112 1767
112 1822
112 1847
112 1958
112 1980
112 2096
112 2121
112 2300
112 2305
112 2401
112 2405
112 2406
112 2549
112 2700
112 2724
112 2811
112 2877
112 2892
112 2906
112 2940
112 3237
112 3343
112 3389
112 3488
112 3500
112 3771
112 3801
112 3835
112 3926
112 3953
112 3980
112 4004
112 4078
112 4121
112 4199
112 4255
112 4399
112 4476
112 4480
112 4560
112 4623
112 4633
112 4720
112 4822
112 4936
112 5027
112 5039
112 5048
112 5201
112 5258
112 5443
112 5533
112 5638
112 5657
112 5828
112 5910
112 5915
112 5941
112 5983
112 6118
112 6128
112 6175
112 6409
112 6444
112 6450
112 6464
112 6566
112 6574
112 6674
112 6725
112 6798
112 6812
112 7160
112 7279
112 7351
112 7534
112 7537
112 7653
112 8070
112 8098
112 8141
112 8429
112 8431
112 8480
112 8633
112 8638
112 8806
112 8839
112 9091
112 9192
112 9259
112 9289
112 9328
112 9337
112 9340
112 9396
112 9452
112 9614
112 9660
112 9664
112 9696
112 9894
112 9956
113 174
113 175
113 189
113 277
113 313
113 406
113 441
113 553
113 582
113 626
113 702
113 718
113 723
113 726
113 755
113 760
113 774
113 798
113 800
113 843
113 862
113 881
113 886
113 941
113 956
113 1179
113 1331
113 1377
113 1431
113 1494
113 1533
113 1542
113 1626
113 1678
113 1693
113 1694
113 1741
113 1749
113 1908
113 1977
113 1995
113 2087
113 2115
113 2340
113 2391
113 2438
113 2661
113 2701
113 2816
113 2989
113 3269
113 3508
113 3676
113 3833
113 4005
113 4098
113 4287
113 4354
113 4399
113 4498
113 4591
113 4630
113 4739
113 4869
113 4908
113 5104
113 5418
113 5747
113 5767
113 6183
113 6311
113 6367
113 6374
113 6622
113 6633
113 6735
113 6861
113 7384
113 7540
113 7586
113 7819
113 7882
113 8092
113 8474
113 8783
113 8912
113 9200
113 9454
113 9744
113 9940
113 9979
114 147
114 197
114 205
114 238
114 302
114 306
114 320
114 430
114 446
114 477
114 500
114 515
114 550
114 636
114 768
114 926
114 949
114 980
114 989
114 1014
114 1039
114 1076
114 1181
114 1201
114 1219
114 1336
114 1337
114 1370
114 1566
114 1666
114 1707
114 1720
114 1905
114 2038
114 2046
114 2161
114 2195
114 2286
114 2434
114 2475
114 2564
114 2777
114 2971
114 2997
114 3244
114 3319
114 3444
114 3529
114 3540
114 3677
114 3994
114 4392
114 4393
114 4406
114 4461
114 5129
114 5227
114 5340
114 5441
114 5552
114 5807
114 5888
114 6019
114 6223
114 6289
114 6394
114 6694
114 6771
114 6909
114 7011
114 7099
114 7127
114 7226
114 7469
114 7544
114 7577
114 7610
114 7711
114 7967
114 7972
114 7990
114 8088
114 8538
114 8599
114 9177
114 9354
114 9849
115 176
115 185
115 213
115 370
115 497
115 539
115 739
115 829
115 855
115 910
115 1040
115 1210
115 1264
115 1580
115 1599
115 1614
115 1660
115 1706
115 1723
115 1834
115 1864
115 1892
115 2082
115 2090
115 2409
115 2486
115 2516
115 2851
115 3175
115 3245
115 3344
115 3417
115 3844
115 3985
115 4076
115 4259
115 4650
115 4781
115 4928
115 5163
115 5220
115 5289
115 5414
115 5511
115 5702
115 5840
115 6018
115 6055
115 6073
115 6347
115 6807
115 6987
115 7424
115 7731
115 8104
115 8411
115 8485
115 8590
115 8597
115 8756
115 8899
115 9045
115 9557
115 9672
116 118
116 124
116 125
116 140
116 165
116 191
116 194
116 226
116 288
116 291
116 351
116 373
116 409
116 412
116 447
116 481
116 530
116 572
116 634
116 644
116 745
116 877
116 904
116 972
116 987
116 1063
116 1113
116 1115
116 1122
116 1192
116 1194
116 1198
116 1329
116 1367
116 1378
116 1620
116 1635
116 1638
116 1936
116 2157
116 2288
116 2496
116 2622
116 2643
116 2647
116 2650
116 2928
116 3255
116 3314
116 3330
116 3396
116 3418
116 3653
116 3729
116 3744
116 3914
116 4006
116 4066
116 4235
116 4271
116 4299
116 4432
116 4583
116 4679
116 4754
116 4890
116 4892
116 4909
116 5011
116 5231
116 5256
116 5313
116 5572
116 5616
116 6063
116 6089
116 6118
116 6185
116 6443
116 6521
116 6567
116 6726
116 6798
116 6942
116 7170
116 7204
116 7293
116 7396
116 7407
116 7679
116 7686
116 7740
116 7985
116 8401
116 8809
116 8937
116 8961
116 9036
116 9387
116 9554
116 9599
117 125
117 143
117 176
117 311
117 387
117 444
117 450
117 456
117 461
117 469
117 488
117 983
117 1017
117 1098
117 1111
117 1112
117 1409
117 1506
117 1546
117 1590
117 1609
117 1655
117 1854
117 2124
117 2320
117 2677
117 2719
117 2851
117 2902
117 2930
117 3382
117 3427
117 3533
117 3573
117 3702
117 3843
117 3925
117 4004
117 4011
117 4201
117 4426
117 4759
117 5007
117 5102
117 5183
117 5602
117 5959
117 6009
117 6545
117 7743
117 8100
117 8687
117 9853
118 142
118 145
118 146
118 147
118 174
118 180
118 194
118 196
118 240
118 263
118 265
118 268
118 276
118 322
118 405
118 427
118 428
118 437
118 502
118 508
118 523
118 565
118 577
118 615
118 619
118 645
118 704
118 748
118 763
118 819
118 904
118 908
118 927
118 962
118 967
118 970
118 981
118 1007
118 1037
118 1069
118 1142
118 1155
118 1164
118 1233
118 1252
118 1283
118 1297
118 1337
118 1363
118 1365
118 1438
118 1445
118 1509
118 1599
118 1636
118 1693
118 1891
118 1893
118 1954
118 2021
118 2073
118 2075
118 2173
118 2357
118 2405
118 2410
118 2430
118 2816
118 2840
118 2887
118 2905
118 3132
118 3202
118 3265
118 3322
118 3347
118 3458
118 3537
118 3553
118 3593
118 3697
118 3789
118 3793
118 3862
118 3929
118 4149
118 4311
118 4382
118 4437
118 4549
118 4583
118 4638
118 4711
118 4748
118 4843
118 5035
118 5090
118 5337
118 5357
118 5439
118 5452
118 5561
118 5811
118 5849
118 6028
118 6174
118 6238
118 6254
118 6255
118 6359
118 6573
118 6592
118 6646
118 6713
118 7040
118 7693
118 7743
118 8025
118 8114
118 8242
118 8535
118 8554
118 8675
118 8756
118 8850
118 8933
118 9041
118 9101
118 9232
118 9280
118 9295
118 9339
118 9476
118 9491
118 9543
118 9566
118 9660
118 9967
119 170
119 172
119 177
119 267
119 277
119 322
119 411
119 640
119 643
119 790
119 854
119 894
119 904
119 1277
119 1732
119 1894
119 2373
119 2759
119 3295
119 3355
119 3545
119 3652
119 3717
119 3830
119 4109
119 4236
119 4863
119 4968
119 5004
119 5179
119 5207
119 6843
119 7411
119 7598
119 8183
119 8278
119 8757
119 8903
119 9376
119 9499
119 9654
120 146
120 149
120 159
120 182
120 243
120 287
120 330
120 341
120 547
120 629
120 633
120 713
120 803
120 821
120 874
120 886
120 938
120 1125
120 1190
120 1193
120 1267
120 1440
120 1465
120 1469
120 1549
120 1570
120 1650
120 1719
120 1899
120 2123
120 2129
120 2166
120 2699
120 2833
120 3123
120 3699
120 3979
120 4047
120 4434
120 4595
120 4834
120 4879
120 5047
120 5184
120 5185
120 5466
120 5780
120 6037
120 6320
120 7359
120 7666
120 8195
120 8276
120 8308
120 8623
120 8729
120 8795
120 9209
120 9486
121 128
121 212
121 216
121 221
121 234
121 285
121 291
121 321
121 323
121 341
121 366
121 384
121 393
121 406
121 414
121 442
121 465
121 523
121 543
121 550
121 562
121 621
121 635
121 698
121 747
121 896
121 933
121 947
121 968
121 1056
121 1687
121 1773
121 1811
121 1894
121 1936
121 1948
121 2037
121 2107
121 2240
121 2590
121 2677
121 2784
121 2788
121 2850
121 2863
121 3228
121 3319
121 3401
121 3451
121 3502
121 3656
121 3858
121 3967
121 3980
121 4305
121 4450
121 4536
121 4641
121 4752
121 4830
121 4966
121 5156
121 5163
121 5217
121 5336
121 5454
121 5477
121 5490
121 5659
121 5755
121 5799
121 6009
121 6185
121 6365
121 6482
121 6500
121 6564
121 6716
121 7049
121 7074
121 7569
121 7807
121 7816
121 8016
121 8087
121 8115
121 8186
121 8306
121 8495
121 8570
121 8670
121 8718
121 8916
121 9062
121 9150
121 9392
121 9428
121 9558
121 9605
121 9784
122 158
122 628
122 835
122 937
122 1446
122 1449
122 1636
122 1835
122 2229
122 2937
122 3371
122 3418
122 4097
122 4366
122 4395
122 4517
122 7030
122 7178
122 7331
122 8914
122 8954
123 128
123 139
123 172
123 187
123 191
123 255
123 256
123 267
123 277
123 295
123 297
123 317
123 376
123 408
123 492
123 497
123 511
123 529
123 638
123 660
123 774
123 777
123 789
123 841
123 875
123 960
123 1070
123 1304
123 1368
123 1495
123 1508
123 1609
123 1807
123 1813
123 2102
123 2163
123 2225
123 2251
123 2302
123 2359
123 2375
123 2467
123 2543
123 2562
123 2571
123 2614
123 2658
123 2777
123 2996
123 3196
123 3253
123 3488
123 3550
123 3914
123 3966
123 4129
123 4154
123 4249
123 4275
123 4412
123 4443
123 4459
123 4556
123 4665
123 4757
123 4999
123 5069
123 5227
123 5315
123 5328
123 5375
123 5393
123 5942
123 5986
123 6286
123 7023
123 7121
123 7321
123 7484
123 7509
123 7599
123 7748
123 7871
123 8013
123 8039
123 8042
123 8510
123 8620
123 8685
123 8708
123 8725
123 9107
123 9501
123 9557
123 9857
124 151
124 161
124 175
124 214
124 239
124 246
124 252
124 266
124 302
124 310
124 325
124 327
124 341
124 353
124 376
124 398
124 407
124 428
124 431
124 447
124 469
124 508
124 522
124 549
124 564
124 634
124 675
124 678
124 719
124 746
124 770
124 773
124 784
124 797
124 879
124 977
124 1020
124 1109
124 1152
124 1211
124 1250
124 1286
124 1297
124 1315
124 1332
124 1337
124 1366
124 1523
124 1524
124 1598
124 1645
124 1681
124 1713
124 1717
124 1746
124 1758
124 1778
124 1793
124 1807
124 1857
124 1865
124 1905
124 2034
124 2056
124 2213
124 2306
124 2310
124 2402
124 2419
124 2422
124 2651
124 2670
124 2711
124 2715
124 2830
124 2837
124 2841
124 2859
124 2977
124 3172
124 3249
124 3351
124 3352
124 3402
124 3411
124 3449
124 3690
124 3714
124 3720
124 3727
124 3764
124 3800
124 3839
124 4091
124 4096
124 4146
124 4240
124 4254
124 4574
124 4642
124 4758
124 4904
124 4923
124 4985
124 5003
124 5109
124 5377
124 5383
124 5484
124 5677
124 5789
124 5865
124 5950
124 5956
124 5974
124 6029
124 6060
124 6148
124 6170
124 6302
124 6474
124 6502
124 6668
124 6783
124 6784
124 6857
124 6905
124 7012
124 7053
124 7073
124 7183
124 7517
124 7612
124 7626
124 7661
124 8143
124 8248
124 8536
124 8592
124 8650
124 8706
124 8721
124 8904
124 9262
124 9273
124 9543
124 9627
124 9757
124 9765
124 9789
124 9936
124 9993
125 144
125 160
125 169
125 227
125 228
125 260
125 263
125 367
125 384
125 471
125 481
125 507
125 576
125 639
125 738
125 779
125 928
125 996
125 1156
125 1166
125 1213
125 1270
125 1372
125 1444
125 1469
125 1503
125 1537
125 1621
125 1731
125 1904
125 2032
125 2058
125 2127
125 2144
125 2198
125 2259
125 2718
125 2802
125 2862
125 3120
125 3429
125 3476
125 3610
125 3960
125 3966
125 4017
125 4604
125 4860
125 4991
125 5160
125 5285
125 5342
125 5434
125 5632
125 5686
125 5755
125 6482
125 6485
125 6576
125 6646
125 6671
125 6780
125 6839
125 6909
125 7007
125 7151
125 7220
125 7237
125 7363
125 7465
125 7573
125 7788
125 7797
125 7849
125 8066
125 8375
125 8628
125 8669
125 9032
125 9210
125 9216
125 9218
125 9369
125 9476
126 204
126 279
126 374
126 378
126 535
126 842
126 925
126 932
126 1466
126 1522
126 1649
126 1739
126 1838
126 1852
126 2063
126 2127
126 2234
126 2309
126 2502
126 2749
126 3038
126 3341
126 3512
126 3639
126 3705
126 4007
126 4180
126 4513
126 4546
126 4845
126 4969
126 5020
126 5359
126 5445
126 5506
126 5597
126 5744
126 5795
126 5801
126 5975
126 6156
126 6981
126 7544
126 7884
126 7957
126 8422
126 9229
126 9911
127 151
127 154
127 159
127 172
127 174
127 215
127 254
127 260
127 286
127 299
127 319
127 322
127 327
127 351
127 353
127 385
127 388
127 609
127 670
127 711
127 714
127 724
127 732
127 760
127 855
127 926
127 929
127 945
127 976
127 1013
127 1138
127 1173
127 1267
127 1304
127 1400
127 1479
127 1521
127 1597
127 1674
127 1724
127 1806
127 1864
127 1870
127 1873
127 2008
127 2046
127 2374
127 2463
127 2618
127 2625
127 2872
127 2881
127 3053
127 3417
127 3638
127 3844
127 3918
127 3949
127 4095
127 4156
127 4644
127 5047
127 5244
127 5282
127 5487
127 5689
127 6131
127 6206
127 6501
127 6569
127 6776
127 6884
127 6905
127 7389
127 7540
127 7577
127 7706
127 7836
127 7900
127 8025
127 8160
127 8164
127 8523
127 8565
127 9163
127 9249
127 9444
127 9480
127 9570
127 9670
127 9891
128 163
128 188
128 198
128 222
128 228
128 230
128 236
128 237
128 367
128 371
128 438
128 448
128 469
128 474
128 494
128 505
128 528
128 557
128 570
128 681
128 692
128 741
128 768
128 771
128 826
128 841
128 863
128 865
128 900
128 912
128 913
128 915
128 1003
128 1046
128 1183
128 1228
128 1236
128 1239
128 1246
128 1302
128 1346
128 1421
128 1458
128 1503
128 1554
128 1588
128 1649
128 1687
128 1811
128 1982
128 2021
128 2030
128 2036
128 2122
128 2350
128 2459
128 2668
128 2670
128 2733
128 2978
128 3132
128 3212
128 3299
128 3386
128 3412
128 3668
128 3770
128 3974
128 4004
128 4059
128 4214
128 4284
128 4403
128 4414
128 4455
128 4536
128 4813
128 4912
128 5008
128 5127
128 5277
128 6004
128 6177
128 6209
128 6331
128 6459
128 6505
128 6733
128 6772
128 6811
128 6904
128 7149
128 7185
128 7333
128 7336
128 7541
128 7807
128 8524
128 8657
128 8658
128 9304
128 9314
128 9446
128 9447
128 9478
128 9750
128 9857
129 144
129 156
129 198
129 213
129 287
129 370
129 382
129 472
129 620
129 651
129 675
129 800
129 1068
129 1071
129 1302
129 1386
129 1463
129 1524
129 1688
129 1946
129 1988
129 2237
129 2238
129 2281
129 2294
129 2776
129 2783
129 2895
129 3058
129 3503
129 3611
129 4148
129 4521
129 4565
129 4726
129 4797
129 5801
129 6116
129 6328
129 6577
129 6596
129 6930
129 6932
129 6933
129 6975
129 7345
129 7533
129 7810
129 7969
129 9063
129 9090
129 9756
130 141
130 176
130 180
130 209
130 313
130 346
130 365
130 534
130 578
130 607
130 639
130 683
130 955
130 1018
130 1036
130 1091
130 1187
130 1601
130 1610
130 1614
130 1713
130 1736
130 1999
130 2223
130 3007
130 3400
130 3451
130 3461
130 3643
130 3733
130 4151
130 4317
130 4491
130 4928
130 5036
130 5068
130 5578
130 5673
130 5984
130 6012
130 6242
130 6410
130 6781
130 6800
130 7020
130 7311
130 7454
130 7589
130 8563
130 8632
130 8638
130 9149
130 9698
130 9814
131 157
131 159
131 211
131 288
131 293
131 295
131 435
131 439
131 445
131 484
131 500
131 501
131 539
131 637
131 676
131 796
131 820
131 824
131 879
131 940
131 1244
131 1247
131 1248
131 1397
131 1421
131 1453
131 1461
131 1476
131 1503
131 1541
131 1783
131 1845
131 2007
131 2024
131 2107
131 2161
131 2173
131 2175
131 2249
131 2281
131 2435
131 2507
131 2761
131 2839
131 2908
131 2917
131 2943
131 2981
131 3260
131 3265
131 3602
131 3612
131 3718
131 3727
131 3811
131 3905
131 4031
131 4237
131 4522
131 4720
131 4807
131 4929
131 5061
131 5126
131 5761
131 5823
131 5872
131 5936
131 6233
131 6400
131 7204
131 7226
131 7347
131 7808
131 7967
131 8000
131 8027
131 8244
131 8255
131 8335
131 8491
131 8494
131 8546
131 9075
131 9236
132 155
132 176
132 253
132 303
132 314
132 379
132 513
132 519
132 544
132 643
132 868
132 1037
132 1220
132 1658
132 1817
132 1909
132 1948
132 1959
132 2080
132 2107
132 2804
132 2865
132 2899
132 2940
132 3589
132 3828
132 4225
132 4248
132 4503
132 4747
132 4764
132 5150
132 5281
132 5510
132 5810
132 5868
132 6111
132 6228
132 6638
132 6706
132 7092
132 7220
132 7966
132 8247
132 8943
132 9178
132 9760
132 9793
133 140
133 182
133 197
133 199
133 201
133 218
133 223
133 258
133 265
133 284
133 286
133 292
133 337
133 339
133 352
133 357
133 415
133 422
133 436
133 451
133 488
133 506
133 564
133 566
133 745
133 757
133 827
133 912
133 948
133 1006
133 1037
133 1048
133 1071
133 1087
133 1134
133 1138
133 1173
133 1342
133 1374
133 1415
133 1456
133 1574
133 1588
133 1744
133 1768
133 1825
133 1912
133 1922
133 1991
133 1993
133 2174
133 2470
133 2471
133 2541
133 2645
133 2858
133 2889
133 2972
133 3042
133 3057
133 3069
133 3108
133 3138
133 3141
133 3302
133 3349
133 3361
133 3386
133 3412
133 3423
133 3541
133 3552
133 3583
133 3752
133 3817
133 3995
133 4022
133 4026
133 4122
133 4203
133 4243
133 4496
133 4622
133 4659
133 4670
133 4698
133 4773
133 4845
133 4953
133 4962
133 5156
133 5262
133 5368
133 5506
133 5546
133 5578
133 5770
133 5793
133 5858
133 5922
133 5975
133 6004
133 6198
133 6218
133 6291
133 6343
133 6397
133 6572
133 6605
133 6610
133 6650
133 6726
133 6745
133 6820
133 6963
133 7064
133 7081
133 7263
133 8105
133 8176
133 8475
133 8609
133 8630
133 8711
133 8749
133 8981
133 9000
133 9027
133 9067
133 9140
133 9317
133 9324
133 9387
133 9403
133 9629
133 9638
133 9951
133 9974
133 9981
134 194
134 226
134 433
134 633
134 667
134 1142
134 1201
134 1345
134 1528
134 1766
134 1820
134 2298
134 2319
134 2349
134 2637
134 2831
134 2844
134 2919
134 2988
134 3191
134 3594
134 3781
134 3997
134 4526
134 4990
134 5450
134 5513
134 5763
134 6529
134 6652
134 6877
134 7422
134 7481
134 7794
134 7873
134 8030
134 8205
134 8997
134 9024
134 9354
134 9710
135 190
135 194
135 289
135 309
135 352
135 558
135 591
135 746
135 790
135 847
135 864
135 876
135 1001
135 1074
135 1091
135 1286
135 1326
135 1593
135 1767
135 2193
135 2403
135 2715
135 2790
135 3036
135 3560
135 3708
135 3747
135 3881
135 4495
135 5335
135 5557
135 5711
135 5722
135 6143
135 6314
135 6472
135 6563
135 6633
135 6803
135 7277
135 7373
135 7894
135 8063
135 8857
135 8875
135 8924
135 9247
135 9750
135 9888
136 162
136 172
136 175
136 184
136 190
136 264
136 393
136 533
136 626
136 627
136 646
136 651
136 686
136 707
136 791
136 879
136 1244
136 1313
136 1319
136 1350
136 1673
136 1701
136 1731
136 1858
136 2005
136 2109
136 2232
136 2324
136 2406
136 2457
136 2595
136 2767
136 2961
136 3052
136 3120
136 3266
136 3342
136 3479
136 3691
136 3845
136 3951
136 4311
136 4355
136 4484
136 4554
136 4588
136 4731
136 4944
136 5326
136 5493
136 5755
136 6275
136 6413
136 6498
136 6611
136 6731
136 6912
136 6929
136 7376
136 7382
136 7709
136 7926
136 8219
136 8265
136 8512
136 8755
136 8969
136 9633
137 169
137 230
137 312
137 313
137 417
137 541
137 583
137 706
137 722
137 844
137 988
137 1157
137 1384
137 1442
137 1639
137 1751
137 1990
137 2005
137 2250
137 2380
137 2408
137 2597
137 2688
137 2734
137 2846
137 3006
137 3060
137 3547
137 3575
137 3629
137 3812
137 3923
137 3945
137 4157
137 4186
137 4340
137 4438
137 4713
137 4841
137 4972
137 5015
137 5036
137 5109
137 5406
137 5689
137 5788
137 5804
137 6090
137 6372
137 6454
137 6671
137 6797
137 6873
137 6884
137 7511
137 7719
137 7830
137 7850
137 8540
137 8651
137 8802
137 9239
137 9292
137 9475
137 9477
137 9676
138 168
138 175
138 228
138 299
138 399
138 519
138 572
138 650
138 850
138 972
138 984
138 1105
138 1329
138 1364
138 1397
138 1478
138 1482
138 1512
138 1557
138 1568
138 1819
138 1856
138 2002
138 2038
138 2049
138 2483
138 2659
138 2857
138 2944
138 3225
138 3329
138 3344
138 3419
138 3511
138 3529
138 3557
138 3650
138 3928
138 4220
138 4288
138 4490
138 4521
138 4756
138 4857
138 5056
138 5175
138 5352
138 5615
138 5694
138 5916
138 5978
138 6304
138 6514
138 6758
138 6794
138 6890
138 6936
138 7074
138 7143
138 7516
138 7566
138 8000
138 8118
138 8223
138 8248
138 8607
138 8939
138 9018
138 9079
138 9123
138 9172
138 9209
138 9351
138 9520
138 9852
139 215
139 220
139 269
139 286
139 343
139 345
139 364
139 440
139 490
139 510
139 594
139 623
139 631
139 645
139 708
139 807
139 895
139 923
139 934
139 1050
139 1088
139 1112
139 1121
139 1172
139 1422
139 1484
139 1516
139 1569
139 1831
139 2042
139 2131
139 2164
139 2290
139 2367
139 2371
139 2519
139 2552
139 2646
139 3073
139 3136
139 3139
139 3174
139 3257
139 3412
139 3977
139 4049
139 4137
139 4234
139 4241
139 4514
139 4860
139 5037
139 5309
139 5627
139 6796
139 7100
139 7159
139 7289
139 7291
139 7471
139 7511
139 7518
139 7827
139 8045
139 8205
139 8330
139 8362
139 8376
139 8486
139 8734
139 8810
139 8890
139 9054
139 9172
139 9304
139 9901
140 141
140 149
140 174
140 175
140 200
140 207
140 213
140 218
140 229
140 302
140 305
140 359
140 390
140 423
140 483
140 505
140 532
140 551
140 601
140 639
140 863
140 936
140 1064
140 1075
140 1227
140 1237
140 1251
140 1322
140 1463
140 1539
140 1547
140 1682
140 1786
140 2055
140 2060
140 2126
140 2139
140 2208
140 2358
140 2444
140 2465
140 2834
140 2949
140 3136
140 3374
140 3381
140 3683
140 3715
140 4148
140 4362
140 4466
140 4755
140 4809
140 5030
140 5041
140 5679
140 5750
140 5947
140 6017
140 6039
140 6186
140 6403
140 6870
140 6988
140 7059
140 7119
140 7520
140 7777
140 7915
140 8236
140 8629
140 8677
140 8801
140 8927
140 9006
140 9022
140 9062
140 9358
140 9380
140 9685
141 156
141 161
141 178
141 192
141 230
141 238
141 286
141 303
141 307
141 335
141 377
141 451
141 464
141 476
141 505
141 510
141 561
141 596
141 613
141 629
141 647
141 669
141 738
141 774
141 788
141 798
141 823
141 887
141 911
141 982
141 1016
141 1083
141 1110
141 1119
141 1201
141 1312
141 1420
141 1524
141 1570
141 1612
141 1634
141 1640
141 1679
141 1785
141 1862
141 1868
141 1991
141 2126
141 2196
141 2326
141 2341
141 2354
141 2387
141 2606
141 2610
141 2622
141 2692
141 2815
141 2894
141 2909
141 2978
141 3002
141 3041
141 3223
141 3340
141 3555
141 3620
141 3661
141 3740
141 3791
141 3832
141 3836
141 3857
141 3865
141 3903
141 4070
141 4182
141 4184
141 4233
141 4282
141 4384
141 4432
141 4503
141 4558
141 4609
141 4763
141 4803
141 5151
141 5235
141 5247
141 5264
141 5290
141 5392
141 5564
141 5596
141 5692
141 5789
141 5802
141 5804
141 5905
141 6055
141 6081
141 6347
141 6352
141 6355
141 7174
141 7294
141 7501
141 7605
141 7657
141 7761
141 7916
141 7940
141 8161
141 8198
141 8250
141 8421
141 8659
141 8904
141 8930
141 9054
141 9117
141 9229
141 9316
141 9319
141 9532
141 9599
141 9669
141 9711
141 9764
141 9888
141 9953
142 144
142 163
142 195
142 217
142 221
142 294
142 353
142 410
142 423
142 431
142 458
142 463
142 538
142 547
142 599
142 602
142 678
142 706
142 804
142 847
142 1051
142 1171
142 1183
142 1294
142 1504
142 1533
142 1642
142 2006
142 2285
142 2350
142 2473
142 2512
142 2518
142 2521
142 2656
142 2701
142 2895
142 3611
142 3767
142 3928
142 4068
142 4254
142 4433
142 4548
142 4879
142 4952
142 5031
142 5101
142 5176
142 5203
142 5505
142 5841
142 6197
142 6279
142 6587
142 6690
142 6958
142 7570
142 7790
142 8481
142 8742
142 8780
142 8785
142 8828
142 9075
142 9160
142 9247
142 9270
142 9340
142 9454
142 9488
142 9607
142 9940
143 192
143 308
143 466
143 500
143 526
143 535
143 663
143 906
143 1037
143 1084
143 1367
143 1566
143 1609
143 1614
143 2050
143 2072
143 2074
143 2100
143 2175
143 2282
143 2331
143 2341
143 2391
143 2533
143 2673
143 2732
143 2926
143 3076
143 3085
143 3091
143 3161
143 3324
143 3406
143 3537
143 3672
143 3816
143 3831
143 3924
143 4104
143 4193
143 4662
143 4904
143 4917
143 5392
143 5578
143 5644
143 5683
143 5884
143 5926
143 6380
143 6474
143 6487
143 6672
143 6965
143 7055
143 7320
143 7454
143 7553
143 7669
143 7702
143 8425
143 8599
143 8680
143 8991
143 9558
143 9809
143 9838
143 9996
144 175
144 209
144 303
144 376
144 602
144 673
144 788
144 789
144 1235
144 1496
144 1546
144 1760
144 1789
144 1883
144 2069
144 2093
144 2406
144 3005
144 3083
144 3820
144 4028
144 4029
144 4060
144 4269
144 4529
144 4573
144 5368
144 5821
144 5972
144 6471
144 6746
144 6845
144 7233
144 8163
144 8721
144 8956
144 9100
144 9386
145 147
145 165
145 173
145 190
145 203
145 206
145 233
145 236
145 237
145 241
145 280
145 312
145 371
145 372
145 390
145 400
145 428
145 452
145 485
145 508
145 601
145 620
145 683
145 697
145 717
145 747
145 797
145 814
145 873
145 914
145 924
145 1013
145 1151
145 1179
145 1181
145 1220
145 1256
145 1283
145 1289
145 1366
145 1375
145 1424
145 1426
145 1475
145 1495
145 1633
145 1727
145 1789
145 1807
145 1865
145 1898
145 1921
145 1997
145 2052
145 2101
145 2121
145 2173
145 2176
145 2202
145 2285
145 2287
145 2318
145 2403
145 2529
145 2540
145 2583
145 2586
145 2631
145 2657
145 2674
145 2700
145 2791
145 2923
145 3010
145 3041
145 3075
145 3078
145 3116
145 3145
145 3180
145 3535
145 3687
145 3721
145 3827
145 3872
145 3878
145 3898
145 4064
145 4286
145 4348
145 4349
145 4471
145 4565
145 4633
145 4740
145 4772
145 4870
145 4952
145 5129
145 5182
145 5254
145 5256
145 5301
145 5341
145 5426
145 5467
145 5503
145 5775
145 6222
145 6268
145 6269
145 6456
145 6629
145 6679
145 6739
145 6815
145 7008
145 7030
145 7051
145 7164
145 7193
145 7279
145 7661
145 7795
145 7938
145 8011
145 8069
145 8356
145 8538
145 8640
145 8727
145 8732
145 9001
145 9069
145 9291
145 9294
145 9381
145 9450
145 9466
145 9470
145 9839
145 9958
145 9962
146 149
146 205
146 248
146 397
146 449
146 461
146 565
146 627
146 660
146 724
146 753
146 776
146 821
146 825
146 883
146 993
146 1021
146 1056
146 1157
146 1263
146 1305
146 1342
146 1370
146 1457
146 1566
146 1583
146 1603
146 1643
146 1780
146 1829
146 2021
146 2241
146 2296
146 2301
146 2362
146 2689
146 2788
146 2900
146 2929
146 2990
146 3071
146 3113
146 3174
146 3234
146 3460
146 3475
146 3502
146 3504
146 3514
146 3597
146 3605
146 3686
146 3875
146 4060
146 4791
146 5064
146 5154
146 5185
146 5215
146 5247
146 5487
146 5567
146 5683
146 5904
146 6426
146 6559
146 6866
146 6967
146 6980
146 7259
146 7386
146 7500
146 7664
146 7922
146 7933
146 7986
146 9086
146 9340
146 9343
146 9369
146 9385
146 9698
147 180
147 188
147 246
147 275
147 349
147 373
147 404
147 405
147 432
147 433
147 533
147 538
147 569
147 633
147 671
147 744
147 827
147 932
147 950
147 1167
147 1192
147 1301
147 1318
147 1417
147 1485
147 1504
147 1515
147 1518
147 1600
147 1813
147 1837
147 1888
147 1898
147 2048
147 2062
147 2135
147 2211
147 2220
147 2453
147 2481
147 2594
147 2616
147 2704
147 3046
147 3157
147 3565
147 3653
147 3967
147 4032
147 4039
147 4137
147 4225
147 4355
147 4538
147 4654
147 4765
147 4952
147 5129
147 5238
147 5353
147 5539
147 5555
147 6235
147 6502
147 6511
147 6552
147 6600
147 6766
147 6802
147 6968
147 7154
147 7195
147 7462
147 7599
147 7905
147 7992
147 8031
147 8159
147 8219
147 8374
147 8379
147 8465
147 8518
147 8630
147 8646
147 8753
147 9302
147 9869
147 9934
148 158
148 290
148 394
148 411
148 424
148 448
148 525
148 528
148 657
148 685
148 686
148 711
148 728
148 736
148 838
148 839
148 857
148 888
148 1004
148 1034
148 1147
148 1165
148 1253
148 1498
148 1604
148 1724
148 1862
148 1868
148 1891
148 2081
148 2558
148 2813
148 3072
148 3180
148 3212
148 3232
148 3489
148 3490
148 3590
148 3609
148 3865
148 4275
148 4344
148 4434
148 4579
148 4687
148 4793
148 4912
148 4991
148 5043
148 5078
148 5209
148 5517
148 6144
148 6150
148 6367
148 7085
148 7099
148 7156
148 7300
148 7380
148 7420
148 7504
148 7636
148 7662
148 8254
148 8350
148 8447
148 8482
148 8775
148 9434
148 9520
148 9709
149 157
149 167
149 171
149 211
149 261
149 331
149 552
149 666
149 751
149 764
149 778
149 851
149 945
149 1039
149 1502
149 1595
149 1606
149 1692
149 1805
149 1836
149 1855
149 1875
149 1924
149 1970
149 2059
149 2197
149 2199
149 2773
149 2798
149 2814
149 2939
149 2992
149 3170
149 3212
149 3241
149 3249
149 3311
149 3486
149 3741
149 3774
149 4210
149 4536
149 4546
149 4951
149 5185
149 5310
149 6771
149 6830
149 7007
149 7225
149 7431
149 7462
149 7567
149 8289
149 8566
149 8591
149 8826
149 9114
150 201
150 204
150 210
150 220
150 274
150 275
150 280
150 367
150 492
150 630
150 803
150 935
150 1088
150 1098
150 1135
150 1226
150 1275
150 1326
150 1330
150 1556
150 1860
150 1880
150 2717
150 3389
150 4247
150 4375
150 4512
150 4548
150 5203
150 5504
150 5713
150 6186
150 6897
150 8364
150 8609
150 8635
150 8935
150 9094
150 9097
150 9358
150 9614
151 163
151 172
151 197
151 219
151 239
151 317
151 324
151 338
151 350
151 377
151 378
151 432
151 456
151 491
151 514
151 524
151 550
151 581
151 599
151 613
151 626
151 650
151 659
151 675
151 690
151 697
151 699
151 704
151 749
151 766
151 773
151 1021
151 1032
151 1066
151 1101
151 1118
151 1134
151 1144
151 1224
151 1232
151 1248
151 1309
151 1400
151 1456
151 1560
151 1569
151 1586
151 1651
151 1656
151 1675
151 1734
151 1757
151 2061
151 2384
151 2486
151 2759
151 2845
151 2892
151 2923
151 3030
151 3064
151 3110
151 3141
151 3159
151 3177
151 3208
151 3219
151 3245
151 3295
151 3305
151 3351
151 3380
151 3403
151 3418
151 3441
151 3524
151 3577
151 3579
151 3609
151 3715
151 3757
151 3837
151 3861
151 3894
151 3910
151 3953
151 4042
151 4062
151 4239
151 4490
151 4726
151 5265
151 5403
151 5501
151 5601
151 5627
151 5726
151 5729
151 5747
151 5751
151 5758
151 5878
151 5975
151 5983
151 6014
151 6169
151 6304
151 6410
151 6489
151 6773
151 7001
151 7067
151 7093
151 7217
151 7237
151 7259
151 7366
151 7407
151 7601
151 8114
151 8399
151 8693
151 8818
151 9044
151 9326
151 9338
151 9912
152 217
152 247
152 279
152 282
152 329
152 344
152 388
152 588
152 611
152 1015
152 1040
152 1108
152 1154
152 1309
152 1415
152 1440
152 1460
152 1521
152 1573
152 1609
152 1792
152 1974
152 2419
152 2760
152 2881
152 3128
152 3214
152 4551
152 4556
152 4800
152 4832
152 4979
152 5006
152 5306
152 5315
152 5369
152 5463
152 5761
152 5899
152 6236
152 6872
152 7120
152 7163
152 7387
152 7994
152 8042
152 8169
152 8277
153 186
153 213
153 227
153 245
153 266
153 268
153 406
153 418
153 421
153 479
153 548
153 575
153 597
153 610
153 623
153 851
153 1073
153 1174
153 1193
153 1265
153 1281
153 1370
153 1387
153 1630
153 1743
153 1759
153 1776
153 1799
153 2041
153 2158
153 2233
153 2359
153 2503
153 2543
153 2803
153 2950
153 2989
153 3021
153 3071
153 3121
153 3129
153 3213
153 3247
153 3280
153 3334
153 3394
153 3434
153 3517
153 3679
153 3802
153 3833
153 4018
153 4026
153 4100
153 4170
153 4189
153 4193
153 4229
153 4283
153 4384
153 4465
153 4754
153 4894
153 4997
153 5473
153 5506
153 5702
153 5790
153 5890
153 5945
153 6001
153 6055
153 6431
153 6434
153 6662
153 6811
153 6933
153 7023
153 7399
153 7539
153 7576
153 7770
153 7835
153 7979
153 7992
153 8092
153 8124
153 8135
153 8829
153 9277
153 9760
154 157
154 165
154 180
154 200
154 206
154 216
154 278
154 304
154 312
154 318
154 367
154 394
154 408
154 436
154 465
154 466
154 486
154 493
154 533
154 539
154 584
154 831
154 897
154 965
154 996
154 1043
154 1078
154 1115
154 1122
154 1232
154 1242
154 1283
154 1292
154 1303
154 1338
154 1382
154 1663
154 1736
154 1749
154 1833
154 1850
154 1978
154 1981
154 2047
154 2052
154 2083
154 2094
154 2102
154 2168
154 2177
154 2210
154 2341
154 2377
154 2474
154 2578
154 2725
154 2855
154 3254
154 3332
154 3387
154 3499
154 3608
154 3654
154 3886
154 3918
154 4117
154 4209
154 4218
154 4262
154 4314
154 4358
154 4371
154 4485
154 4512
154 4694
154 4759
154 4857
154 4942
154 4943
154 5074
154 5281
154 5292
154 5303
154 5467
154 5489
154 5514
154 5538
154 5659
154 5700
154 5745
154 5770
154 6228
154 6323
154 6557
154 6735
154 6736
154 7004
154 7076
154 7145
154 7197
154 7256
154 7286
154 7323
154 7393
154 7611
154 7671
154 7849
154 8159
154 8291
154 8362
154 8413
154 8428
154 8460
154 9098
154 9244
154 9601
154 9802
154 9860
154 9968
155 178
155 231
155 233
155 260
155 316
155 481
155 549
155 575
155 590
155 619
155 638
155 666
155 672
155 744
155 805
155 833
155 868
155 885
155 960
155 1291
155 1340
155 1434
155 1466
155 1624
155 1718
155 1788
155 1809
155 1855
155 1915
155 1945
155 2006
155 2018
155 2238
155 2268
155 2391
155 2409
155 2444
155 2490
155 2547
155 2715
155 2854
155 2903
155 3109
155 3279
155 3306
155 3584
155 3602
155 3667
155 3701
155 3814
155 4152
155 5097
155 5313
155 5321
155 5557
155 5608
155 5773
155 5933
155 5937
155 6096
155 6134
155 6183
155 6227
155 6251
155 6283
155 6391
155 6467
155 6708
155 7179
155 7648
155 7871
155 8097
155 8104
155 8125
155 8285
155 8563
155 8676
155 8829
155 9441
155 9710
156 198
156 233
156 386
156 494
156 507
156 520
156 633
156 643
156 720
156 803
156 940
156 957
156 974
156 1022
156 1099
156 1356
156 1453
156 1506
156 1510
156 1669
156 1682
156 1829
156 1840
156 1892
156 1938
156 2244
156 2468
156 2574
156 2580
156 2584
156 2591
156 2848
156 2869
156 3118
156 3252
156 3362
156 3372
156 3487
156 3748
156 3843
156 3892
156 3899
156 3946
156 4077
156 4103
156 4118
156 4150
156 4331
156 4476
156 4546
156 4674
156 4707
156 4782
156 4979
156 4995
156 5030
156 5185
156 5379
156 5412
156 5463
156 5774
156 5830
156 6212
156 6328
156 6369
156 6857
156 6870
156 7178
156 7189
156 7260
156 7509
156 7622
156 7795
156 8159
156 8198
156 8235
156 8335
156 8644
156 8689
156 8941
156 8952
156 9062
156 9073
156 9338
156 9489
156 9577
157 181
157 262
157 366
157 391
157 410
157 421
157 563
157 569
157 599
157 615
157 616
157 707
157 811
157 812
157 834
157 942
157 951
157 1003
157 1116
157 1257
157 1332
157 1340
157 1439
157 1446
157 1505
157 1515
157 1670
157 1691
157 1813
157 1816
157 1849
157 1882
157 1931
157 2020
157 2442
157 3082
157 3231
157 3631
157 3811
157 4208
157 4260
157 4352
157 4374
157 5329
157 5605
157 5716
157 6045
157 6103
157 6214
157 6409
157 6821
157 7641
157 7709
157 7764
157 8456
157 8552
157 8936
157 9210
157 9417
157 9457
157 9730
157 9880
158 167
158 289
158 617
158 715
158 797
158 828
158 1083
158 1264
158 1272
158 1563
158 1637
158 1894
158 2063
158 2357
158 2971
158 3337
158 3696
158 4013
158 4177
158 5208
158 5762
158 6098
158 6495
158 6748
158 6873
158 6978
158 7149
158 7532
158 7738
158 7892
158 7893
158 8092
158 8240
158 8516
158 8519
158 8578
159 167
159 242
159 253
159 273
159 300
159 358
159 425
159 426
159 427
159 672
159 696
159 753
159 836
159 840
159 907
159 918
159 941
159 1027
159 1316
159 1346
159 1396
159 1501
159 1507
159 1606
159 1613
159 1624
159 1635
159 1914
159 1920
159 1953
159 2004
159 2032
159 2119
159 2203
159 2323
159 2473
159 2842
159 2888
159 3351
159 3546
159 3714
159 3856
159 4263
159 4613
159 4817
159 4934
159 5042
159 5068
159 5139
159 5250
159 5397
159 5532
159 5846
159 6133
159 6633
159 6656
159 7061
159 7118
159 7191
159 7276
159 7493
159 8710
159 8974
159 9056
159 9104
159 9247
159 9271
159 9310
160 177
160 183
160 218
160 250
160 348
160 352
160 490
160 531
160 605
160 693
160 695
160 704
160 713
160 866
160 1024
160 1127
160 1205
160 1266
160 1371
160 1493
160 1589
160 1654
160 1658
160 1699
160 1933
160 2085
160 2182
160 2279
160 2290
160 2382
160 2402
160 2423
160 2480
160 2548
160 2631
160 2833
160 3061
160 3151
160 3175
160 3323
160 3509
160 3637
160 3647
160 3768
160 3815
160 3876
160 4202
160 4276
160 4323
160 4468
160 4688
160 4705
160 4866
160 5065
160 5096
160 5157
160 5395
160 5421
160 5584
160 5655
160 5680
160 5763
160 6099
160 6420
160 6790
160 6810
160 6814
160 7695
160 7862
160 7911
160 8093
160 8129
160 8256
160 8260
160 8313
160 8314
160 8694
160 8995
160 9137
160 9694
161 177
161 235
161 257
161 296
161 300
161 339
161 394
161 435
161 482
161 579
161 925
161 1124
161 1136
161 1161
161 1165
161 1182
161 1234
161 1385
161 1397
161 1626
161 1659
161 1697
161 1812
161 1945
161 1953
161 1976
161 2108
161 2124
161 2289
161 2339
161 2405
161 2429
161 2614
161 2691
161 2707
161 2742
161 2763
161 2836
161 2879
161 2932
161 2944
161 3059
161 3072
161 3086
161 3255
161 3277
161 3336
161 3577
161 3580
161 3769
161 3797
161 4065
161 4131
161 4136
161 4258
161 4266
161 4324
161 4347
161 4878
161 5203
161 5761
161 5927
161 6060
161 6382
161 6479
161 6968
161 7119
161 7267
161 8305
161 8353
161 8687
161 8977
161 9187
161 9222
162 176
162 213
162 236
162 244
162 512
162 652
162 1233
162 2207
162 2255
162 2670
162 3154
162 3174
162 3323
162 4024
162 4038
162 4175
162 4469
162 4561
162 4707
162 5424
162 6232
162 6405
162 6760
162 6850
162 7120
162 7253
162 7518
162 7539
162 7618
162 8271
162 8544
162 8648
162 9182
163 167
163 200
163 213
163 224
163 236
163 242
163 261
163 266
163 288
163 367
163 375
163 395
163 484
163 501
163 633
163 686
163 721
163 723
163 856
163 916
163 1061
163 1578
163 1742
163 1818
163 1954
163 2455
163 2638
163 2668
163 2848
163 2980
163 3112
163 3468
163 3689
163 3725
163 3774
163 4702
163 4790
163 4856
163 4912
163 5045
163 5363
163 5415
163 5486
163 6093
163 6137
163 6262
163 6397
163 6925
163 7027
163 7439
163 7456
163 7951
163 7993
163 8353
163 8475
163 8596
163 8607
163 8755
163 8819
163 9022
163 9617
163 9805
163 9936
163 9978
164 168
164 186
164 192
164 197
164 222
164 279
164 286
164 313
164 338
164 347
164 362
164 366
164 395
164 435
164 486
164 503
164 556
164 618
164 674
164 695
164 773
164 856
164 864
164 959
164 969
164 994
164 1035
164 1121
164 1227
164 1255
164 1261
164 1971
164 2079
164 2093
164 2109
164 2162
164 2652
164 2658
164 2827
164 2847
164 2980
164 3354
164 3801
164 4356
164 4435
164 4448
164 4498
164 4639
164 4664
164 4961
164 5007
164 5010
164 5025
164 5102
164 5218
164 5561
164 5692
164 5869
164 5933
164 6116
164 6225
164 6598
164 6841
164 7089
164 7288
164 7389
164 7566
164 7638
164 7833
164 7836
164 8288
164 8731
164 8932
164 9307
164 9354
164 9403
164 9501
164 9673
164 9848
165 169
165 206
165 237
165 323
165 336
165 348
165 370
165 427
165 433
165 485
165 539
165 593
165 705
165 823
165 854
165 987
165 1001
165 1005
165 1050
165 1054
165 1190
165 1246
165 1330
165 1371
165 1408
165 1440
165 1447
165 1468
165 1685
165 1711
165 1726
165 2022
165 2128
165 2247
165 2348
165 2461
165 2495
165 2588
165 2680
165 2693
165 2717
165 2727
165 2788
165 2925
165 3023
165 3031
165 3032
165 3057
165 3148
165 3307
165 3344
165 3378
165 3547
165 3719
165 3765
165 3897
165 4214
165 4449
165 4705
165 4804
165 5185
165 5359
165 5717
165 5726
165 5738
165 6084
165 6106
165 6247
165 6283
165 6403
165 6421
165 6473
165 6617
165 7090
165 7191
165 7209
165 7274
165 7438
165 7552
165 7925
165 8162
165 8214
165 8241
165 8587
165 8726
165 8925
165 9460
166 220
166 225
166 247
166 264
166 275
166 279
166 409
166 440
166 493
166 506
166 588
166 593
166 610
166 632
166 687
166 749
166 788
166 812
166 842
166 855
166 978
166 1152
166 1163
166 1165
166 1277
166 1346
166 1527
166 1533
166 1624
166 1652
166 1686
166 1722
166 1830
166 1872
166 2044
166 2057
166 2092
166 2143
166 2193
166 2210
166 2407
166 2630
166 2743
166 3246
166 3372
166 3707
166 4249
166 4295
166 4425
166 4480
166 4618
166 4716
166 4843
166 4920
166 4955
166 5005
166 5140
166 5460
166 5513
166 5528
166 5969
166 6199
166 6292
166 6315
166 6393
166 6744
166 7260
166 7312
166 7751
166 8174
166 8395
166 8439
166 8774
166 9029
166 9139
166 9230
166 9295
166 9432
166 9726
166 9820
166 9827
167 183
167 208
167 293
167 344
167 354
167 363
167 364
167 393
167 417
167 465
167 473
167 496
167 574
167 579
167 608
167 631
167 648
167 655
167 665
167 881
167 951
167 953
167 962
167 1028
167 1040
167 1086
167 1158
167 1234
167 1262
167 1307
167 1359
167 1364
167 1369
167 1389
167 1459
167 1460
167 1595
167 1603
167 1634
167 1639
167 1671
167 1718
167 1753
167 1812
167 1910
167 1938
167 2050
167 2084
167 2085
167 2105
167 2163
167 2188
167 2309
167 2343
167 2553
167 2789
167 2812
167 2898
167 3127
167 3161
167 3179
167 3231
167 3341
167 3388
167 3393
167 3518
167 3530
167 3572
167 3625
167 3749
167 3825
167 3985
167 4104
167 4330
167 4352
167 4425
167 4466
167 4504
167 4568
167 4964
167 5111
167 5185
167 5198
167 5266
167 5680
167 5692
167 5851
167 5855
167 5895
167 5912
167 6221
167 6365
167 6416
167 6426
167 6480
167 6513
167 6583
167 6608
167 6661
167 6751
167 6943
167 7101
167 7220
167 7299
167 7331
167 7510
167 8205
167 8466
167 8525
167 8653
167 8934
167 9236
167 9439
167 9569
167 9613
167 9881
168 191
168 229
168 337
168 381
168 440
168 487
168 489
168 504
168 614
168 648
168 657
168 682
168 792
168 877
168 913
168 920
168 942
168 988
168 1041
168 1047
168 1056
168 1075
168 1200
168 1247
168 1278
168 1398
168 1439
168 1460
168 1506
168 1574
168 1575
168 1630
168 1779
168 1891
168 1906
168 2078
168 2181
168 2182
168 2285
168 2352
168 2426
168 2546
168 2790
168 2806
168 2822
168 2849
168 3101
168 3119
168 3433
168 3512
168 3544
168 3598
168 3615
168 3633
168 3698
168 4144
168 4150
168 4159
168 4262
168 4451
168 4490
168 4509
168 4595
168 4605
168 4621
168 5070
168 5105
168 5156
168 5164
168 5544
168 5657
168 5865
168 6234
168 6426
168 6436
168 6646
168 6768
168 6874
168 6923
168 7498
168 7551
168 7658
168 7665
168 7836
168 7894
168 8050
168 8248
168 8255
168 8490
168 8628
168 8672
168 8680
168 8833
168 8999
168 9232
168 9322
168 9376
168 9745
168 9850
168 9851
168 9986
169 219
169 223
169 261
169 327
169 334
169 347
169 367
169 474
169 495
169 503
169 513
169 519
169 569
169 591
169 662
169 665
169 679
169 720
169 750
169 802
169 1022
169 1080
169 1195
169 1216
169 1244
169 1517
169 1550
169 1591
169 1618
169 1823
169 1835
169 1971
169 1992
169 2129
169 2133
169 2223
169 2283
169 2376
169 2559
169 2631
169 3011
169 3027
169 3212
169 3334
169 3370
169 3380
169 3602
169 3616
169 3658
169 3680
169 3905
169 3914
169 3982
169 4233
169 4401
169 4461
169 4718
169 4801
169 4944
169 5400
169 5418
169 6032
169 6061
169 6542
169 6701
169 7092
169 7320
169 7718
169 8000
169 8054
169 8244
169 8350
169 8744
169 8792
169 9002
169 9223
169 9230
169 9351
169 9814
169 9913
169 9967
170 197
170 226
170 231
170 242
170 292
170 307
170 308
170 333
170 387
170 465
170 511
170 513
170 516
170 522
170 555
170 622
170 810
170 816
170 837
170 1061
170 1205
170 1343
170 1403
170 1471
170 1555
170 1602
170 1609
170 1623
170 1736
170 1758
170 1762
170 1998
170 2059
170 2239
170 2324
170 2502
170 2511
170 2587
170 2607
170 2618
170 2737
170 2740
170 2842
170 3044
170 3077
170 3494
170 3523
170 3535
170 3903
170 3952
170 4017
170 4191
170 4207
170 4230
170 4232
170 4289
170 4443
170 4697
170 4724
170 4893
170 5527
170 5750
170 6265
170 6659
170 6851
170 7777
170 8005
170 8085
170 8260
170 8307
170 8365
170 8548
170 8573
170 8695
170 8823
170 8984
170 9059
170 9068
170 9084
170 9160
170 9179
170 9226
170 9292
170 9325
170 9422
170 9858
171 256
171 320
171 342
171 369
171 373
171 413
171 440
171 730
171 813
171 946
171 1033
171 1066
171 1098
171 1142
171 1167
171 1225
171 1285
171 1313
171 1340
171 1373
171 1505
171 1572
171 1647
171 1649
171 1694
171 1704
171 1989
171 2079
171 2154
171 2274
171 2300
171 2498
171 2581
171 2592
171 2745
171 2848
171 2902
171 2931
171 2951
171 3002
171 3262
171 3372
171 3573
171 4084
171 4111
171 4127
171 4330
171 4785
171 4990
171 5141
171 5365
171 5450
171 5598
171 5760
171 5770
171 5901
171 6101
171 6286
171 6383
171 6434
171 6661
171 6887
171 7054
171 7472
171 7478
171 7756
171 7758
171 8059
171 8117
171 9012
171 9562
171 9813
171 9909
172 271
172 351
172 378
172 462
172 479
172 523
172 525
172 530
172 533
172 547
172 661
172 864
172 867
172 880
172 984
172 1082
172 1354
172 1394
172 1429
172 1530
172 1546
172 1738
172 1760
172 1809
172 1823
172 1830
172 1833
172 1877
172 1878
172 1897
172 1914
172 1957
172 1966
172 2135
172 2155
172 2457
172 2746
172 3023
172 3137
172 3252
172 3270
172 3307
172 3412
172 3638
172 4171
172 4327
172 4627
172 4833
172 4935
172 5291
172 5367
172 6084
172 6371
172 6656
172 6711
172 6730
172 7302
172 7307
172 7858
172 8640
172 8771
172 8882
172 9085
172 9795
173 228
173 284
173 296
173 300
173 354
173 403
173 424
173 462
173 514
173 542
173 602
173 640
173 696
173 727
173 783
173 821
173 823
173 890
173 1051
173 1104
173 1159
173 1213
173 1240
173 1329
173 1381
173 1431
173 1442
173 1646
173 1654
173 2013
173 2276
173 2285
173 2333
173 2458
173 2534
173 2593
173 2596
173 2724
173 2781
173 3066
173 3121
173 3131
173 3343
173 3391
173 3394
173 3472
173 3476
173 3516
173 3634
173 3732
173 3779
173 3981
173 4218
173 4244
173 4263
173 4292
173 4398
173 4428
173 4525
173 4585
173 4686
173 4954
173 4964
173 5235
173 5342
173 5364
173 5442
173 5458
173 5586
173 5638
173 5920
173 6024
173 6408
173 6502
173 6690
173 7009
173 7033
173 7123
173 7221
173 7526
173 7684
173 7735
173 7930
173 8320
173 8537
173 8668
173 8779
173 8823
173 8870
173 9399
173 9526
173 9638
173 9810
173 9901
174 264
174 396
174 444
174 715
174 743
174 842
174 1011
174 1183
174 1190
174 1269
174 1310
174 1467
174 1559
174 1674
174 1879
174 1971
174 2396
174 2491
174 2512
174 2840
174 3386
174 3616
174 3968
174 4000
174 4365
174 4404
174 4531
174 4572
174 4646
174 4704
174 4800
174 5182
174 5348
174 5519
174 5746
174 5963
174 6074
174 6216
174 6272
174 6528
174 6793
174 7447
174 7755
174 7913
174 8218
174 8349
174 8571
174 9768
175 297
175 309
175 318
175 325
175 353
175 361
175 392
175 414
175 597
175 598
175 618
175 647
175 832
175 839
175 881
175 920
175 1019
175 1036
175 1167
175 1211
175 1252
175 1358
175 1427
175 1454
175 1647
175 1709
175 1732
175 1734
175 1738
175 1770
175 1863
175 2004
175 2031
175 2111
175 2153
175 2248
175 2280
175 2297
175 2312
175 2317
175 2325
175 2682
175 2709
175 2726
175 3027
175 3551
175 3622
175 3965
175 4023
175 4047
175 4076
175 4334
175 4592
175 4685
175 4822
175 5377
175 5476
175 5621
175 5878
175 5958
175 5960
175 6015
175 6225
175 6391
175 6412
175 6510
175 6638
175 6643
175 6706
175 6718
175 7126
175 7335
175 7337
175 7353
175 7648
175 7711
175 7747
175 7755
175 7813
175 7887
175 7964
175 8084
175 8122
175 8287
175 8435
175 8485
175 8859
175 9553
175 9649
175 9650
175 9793
176 241
176 341
176 351
176 353
176 394
176 402
176 419
176 477
176 489
176 502
176 508
176 517
176 518
176 545
176 592
176 701
176 714
176 735
176 759
176 792
176 869
176 978
176 1036
176 1101
176 1180
176 1345
176 1399
176 1408
176 1420
176 1441
176 1471
176 1744
176 1761
176 1812
176 1926
176 1947
176 2049
176 2101
176 2124
176 2206
176 2379
176 2387
176 2628
176 2648
176 2727
176 2879
176 2943
176 2965
176 3017
176 3114
176 3272
176 3365
176 3398
176 3409
176 3444
176 3458
176 3648
176 3655
176 3683
176 3773
176 3927
176 3948
176 3962
176 4150
176 4171
176 4247
176 4364
176 4369
176 4408
176 4584
176 4589
176 4660
176 4673
176 5098
176 6118
176 6131
176 6267
176 6303
176 6399
176 6602
176 6907
176 6980
176 7143
176 7144
176 7437
176 7655
176 7672
176 7701
176 7877
176 8238
176 8346
176 8357
176 8578
176 8609
176 8627
176 8682
176 9027
176 9031
176 9185
176 9317
176 9373
176 9398
177 211
177 222
177 232
177 345
177 355
177 424
177 561
177 713
177 794
177 859
177 882
177 909
177 930
177 964
177 965
177 1126
177 1251
177 1257
177 1341
177 1608
177 1737
177 2028
177 2246
177 2258
177 2294
177 2469
177 2504
177 2559
177 2784
177 3217
177 3407
177 3973
177 4074
177 4213
177 4214
177 4478
177 4792
177 5056
177 5091
177 5096
177 5203
177 5212
177 5532
177 5544
177 5804
177 6042
177 6057
177 6370
177 6385
177 6577
177 6971
177 7037
177 7073
177 7737
177 8134
177 8137
177 8172
177 8401
177 8808
177 9506
178 213
178 266
178 336
178 400
178 418
178 504
178 538
178 621
178 702
178 766
178 888
178 912
178 920
178 1154
178 1467
178 1572
178 1584
178 1767
178 1859
178 1889
178 1987
178 2030
178 2439
178 3211
178 3437
178 3460
178 3514
178 3603
178 3666
178 3677
178 3694
178 3882
178 3912
178 4021
178 4099
178 4373
178 4476
178 4547
178 4636
178 4666
178 4861
178 5034
178 5065
178 5120
178 5139
178 5142
178 5213
178 5522
178 5525
178 5553
178 5628
178 5688
178 6132
178 6192
178 6472
178 6508
178 6529
178 6566
178 6615
178 6767
178 6804
178 6810
178 6910
178 8044
178 8464
178 9284
178 9310
178 9383
178 9576
178 9811
178 9898
179 241
179 380
179 389
179 460
179 471
179 632
179 694
179 710
179 742
179 755
179 840
179 1215
179 1359
179 1378
179 2323
179 2402
179 2733
179 2920
179 3030
179 3045
179 3086
179 3348
179 3488
179 3527
179 3638
179 3646
179 3654
179 3920
179 4013
179 4021
179 4123
179 4132
179 4308
179 4832
179 4859
179 5054
179 5112
179 5394
179 6313
179 6546
179 6822
179 6874
179 7392
179 7442
179 7644
179 7719
179 7777
179 7925
179 8272
179 8350
179 8393
179 8983
179 9312
179 9492
179 9518
180 253
180 299
180 306
180 308
180 506
180 569
180 625
180 765
180 779
180 786
180 805
180 903
180 923
180 1093
180 1162
180 1222
180 1265
180 1296
180 1390
180 1446
180 1486
180 1506
180 1527
180 1733
180 1752
180 1815
180 2034
180 2053
180 2054
180 2141
180 2166
180 2275
180 2309
180 2387
180 2511
180 2535
180 2537
180 2565
180 2675
180 2780
180 2811
180 2844
180 2974
180 3008
180 3110
180 3231
180 3430
180 3559
180 3650
180 4384
180 4419
180 4566
180 4697
180 4842
180 4930
180 5032
180 5690
180 5866
180 5902
180 6208
180 6331
180 6344
180 6523
180 6672
180 6815
180 6819
180 6943
180 7398
180 7427
180 7826
180 7986
180 8049
180 8541
180 8588
180 9259
180 9433
180 9488
180 9560
180 9806
181 201
181 265
181 339
181 532
181 711
181 1042
181 1297
181 1620
181 2447
181 2502
181 2620
181 2700
181 3086
181 4247
181 4472
181 5085
181 5356
181 5583
181 6057
181 6473
181 6618
181 6624
181 6629
181 6851
181 7037
181 7116
181 7458
181 7467
181 8145
181 8346
181 9079
181 9607
181 9792
182 239
182 272
182 287
182 306
182 537
182 685
182 751
182 908
182 920
182 985
182 1048
182 1223
182 1391
182 1392
182 1782
182 1928
182 2015
182 2029
182 2395
182 2423
182 2684
182 2707
182 2926
182 3346
182 3642
182 3684
182 3688
182 3773
182 3799
182 3981
182 4080
182 4300
182 4562
182 5023
182 5144
182 5157
182 5158
182 5226
182 5525
182 5741
182 6600
182 6616
182 6675
182 7031
182 7976
182 8051
182 8151
182 8539
182 8915
182 9043
182 9063
182 9273
182 9409
182 9609
182 9890
183 184
183 207
183 214
183 220
183 236
183 298
183 400
183 436
183 439
183 445
183 449
183 599
183 622
183 791
183 807
183 816
183 911
183 938
183 973
183 1003
183 1004
183 1083
183 1120
183 1144
183 1168
183 1233
183 1398
183 1468
183 1476
183 1504
183 1656
183 1662
183 1798
183 1885
183 1956
183 2108
183 2289
183 2299
183 2593
183 2653
183 2711
183 2808
183 2914
183 2917
183 3010
183 3071
183 3154
183 3187
183 3203
183 3285
183 3340
183 3719
183 3810
183 3885
183 3906
183 3990
183 4384
183 4683
183 4871
183 4878
183 4905
183 5072
183 5387
183 5511
183 5676
183 5722
183 6163
183 6230
183 6516
183 6524
183 6560
183 6585
183 6617
183 6698
183 6727
183 6814
183 6929
183 7022
183 7119
183 7144
183 7161
183 7432
183 7558
183 7613
183 7673
183 7852
183 7949
183 8030
183 8195
183 8259
183 8543
183 8559
183 8566
183 9239
183 9254
183 9386
183 9407
183 9902
183 9947
183 9994
184 194
184 210
184 231
184 246
184 259
184 260
184 318
184 359
184 369
184 415
184 438
184 531
184 553
184 554
184 660
184 711
184 783
184 889
184 967
184 978
184 979
184 981
184 1109
184 1120
184 1129
184 1174
184 1187
184 1253
184 1271
184 1289
184 1324
184 1345
184 1401
184 1451
184 1482
184 1512
184 1515
184 1634
184 1687
184 1732
184 1741
184 1756
184 1794
184 1816
184 1877
184 1895
184 1913
184 1943
184 1950
184 1977
184 2074
184 2113
184 2118
184 2152
184 2252
184 2414
184 2514
184 2545
184 2571
184 2586
184 2618
184 2623
184 2682
184 2803
184 2808
184 2818
184 2859
184 2887
184 2965
184 2987
184 3011
184 3083
184 3193
184 3329
184 3358
184 3419
184 3423
184 3446
184 3712
184 3729
184 3895
184 3920
184 3927
184 3949
184 4075
184 4147
184 4193
184 4194
184 4238
184 4443
184 4702
184 4703
184 4768
184 4925
184 5063
184 5143
184 5150
184 5220
184 5272
184 5301
184 5410
184 5487
184 5611
184 5750
184 5770
184 5862
184 5882
184 5927
184 5954
184 5992
184 6131
184 6171
184 6270
184 6278
184 6427
184 6514
184 6571
184 6677
184 6895
184 7091
184 7240
184 7282
184 7305
184 7317
184 7543
184 7595
184 7607
184 7656
184 7719
184 7873
184 8028
184 8086
184 8225
184 8550
184 8578
184 8689
184 8837
184 9247
184 9262
184 9484
184 9549
184 9569
184 9701
184 9894
185 212
185 222
185 243
185 257
185 277
185 396
185 406
185 548
185 572
185 587
185 660
185 702
185 729
185 732
185 747
185 749
185 761
185 780
185 820
185 919
185 941
185 1022
185 1188
185 1199
185 1222
185 1279
185 1288
185 1402
185 1463
185 1638
185 1695
185 1714
185 1743
185 1755
185 1798
185 1815
185 1824
185 1860
185 1871
185 1882
185 1915
185 1924
185 1940
185 2073
185 2127
185 2136
185 2182
185 2355
185 2384
185 2504
185 2509
185 2544
185 2670
185 2700
185 2717
185 2897
185 2963
185 2964
185 3006
185 3032
185 3216
185 3298
185 3369
185 3391
185 3482
185 3635
185 3781
185 3880
185 4028
185 4077
185 4277
185 4282
185 4520
185 4881
185 4923
185 5241
185 5245
185 5258
185 5338
185 5796
185 5835
185 5925
185 5953
185 6155
185 6245
185 6306
185 6580
185 6950
185 7401
185 7439
185 7534
185 7777
185 7876
185 7921
185 8273
185 8493
185 9152
185 9203
185 9468
185 9737
185 9989
186 333
186 339
186 396
186 521
186 552
186 609
186 693
186 804
186 868
186 929
186 1008
186 1051
186 1270
186 1308
186 1370
186 1454
186 1757
186 1783
186 1876
186 1903
186 1917
186 2017
186 2123
186 2249
186 2605
186 2973
186 3078
186 3110
186 3309
186 3322
186 3342
186 3418
186 3558
186 3658
186 4148
186 4584
186 4774
186 4837
186 5214
186 5263
186 5612
186 5833
186 5895
186 5920
186 6247
186 6279
186 6347
186 6438
186 6685
186 6817
186 7196
186 7753
186 8489
186 8777
186 8811
186 9147
186 9210
186 9650
186 9707
186 9805
186 9904
186 9984
187 243
187 259
187 263
187 317
187 369
187 405
187 420
187 581
187 663
187 733
187 784
187 1022
187 1226
187 1265
187 1374
187 1394
187 1536
187 1577
187 1700
187 1967
187 2044
187 2385
187 2469
187 2645
187 2728
187 3619
187 3888
187 3942
187 3961
187 4637
187 4677
187 5476
187 6180
187 6441
187 6961
187 7860
187 8002
187 8561
187 8799
187 9015
187 9310
187 9801
187 9958
188 192
188 227
188 236
188 244
188 283
188 382
188 546
188 657
188 840
188 906
188 1005
188 1409
188 1665
188 1716
188 1882
188 2149
188 2256
188 2725
188 2830
188 3075
188 3168
188 3877
188 3950
188 3978
188 4199
188 4374
188 4920
188 4939
188 5586
188 5729
188 6078
188 6956
188 7751
188 7755
188 7897
188 8566
188 8675
188 8907
188 9930
189 196
189 260
189 350
189 370
189 391
189 414
189 415
189 429
189 697
189 725
189 744
189 769
189 785
189 908
189 1000
189 1006
189 1024
189 1066
189 1105
189 1280
189 1487
189 1551
189 1573
189 1663
189 1727
189 1772
189 1803
189 1919
189 1947
189 2022
189 2041
189 2083
189 2103
189 2175
189 2487
189 2747
189 3084
189 3307
189 3392
189 3394
189 3632
189 3695
189 3948
189 4172
189 4290
189 4299
189 4332
189 4346
189 4377
189 4915
189 4917
189 4997
189 5175
189 5651
189 5797
189 5875
189 6312
189 6329
189 6381
189 6397
189 6519
189 7030
189 7281
189 7487
189 7540
189 7594
189 7851
189 7906
189 7950
189 8379
189 8508
189 8678
189 9786
189 9905
190 209
190 285
190 310
190 335
190 353
190 430
190 457
190 523
190 535
190 573
190 608
190 610
190 636
190 671
190 720
190 778
190 1002
190 1249
190 1408
190 1660
190 1958
190 2228
190 2234
190 2330
190 2379
190 2757
190 3229
190 3340
190 3364
190 3404
190 3519
190 3670
190 3684
190 3891
190 3935
190 4497
190 4685
190 4694
190 4698
190 4772
190 5092
190 5140
190 5166
190 5422
190 5637
190 5759
190 6093
190 6428
190 6458
190 6524
190 6754
190 6911
190 7079
190 7381
190 7493
190 7889
190 8083
190 8253
190 8834
191 331
191 374
191 418
191 445
191 551
191 607
191 670
191 689
191 756
191 782
191 1108
191 1210
191 1290
191 1360
191 1364
191 1606
191 1635
191 1699
191 1838
191 1892
191 2014
191 2017
191 2153
191 2440
191 2472
191 2562
191 2589
191 2607
191 2657
191 2762
191 3095
191 3289
191 3294
191 3411
191 3467
191 3659
191 4012
191 4163
191 4209
191 4661
191 4829
191 5211
191 5383
191 5693
191 5813
191 5902
191 6107
191 6110
191 6270
191 6470
191 6652
191 6801
191 6821
191 7012
191 7590
191 7795
191 7797
191 7941
191 8106
191 8117
191 8283
191 8841
191 9582
192 209
192 232
192 320
192 435
192 559
192 577
192 583
192 633
192 740
192 775
192 830
192 895
192 1004
192 1102
192 1124
192 1139
192 1150
192 1227
192 1478
192 1490
192 1626
192 2197
192 2319
192 2396
192 2714
192 2857
192 3051
192 3077
192 3392
192 3425
192 3458
192 3654
192 3676
192 3719
192 3798
192 3819
192 4023
192 4039
192 4246
192 4661
192 5017
192 5128
192 5169
192 5192
192 5229
192 5391
192 5393
192 5412
192 5433
192 5464
192 5751
192 5831
192 6079
192 6808
192 7254
192 7348
192 7449
192 7482
192 7514
192 7728
192 7887
192 7942
192 8375
192 8555
192 9057
192 9188
192 9693
192 9733
192 9963
193 240
193 325
193 418
193 448
193 522
193 606
193 629
193 696
193 745
193 851
193 1142
193 1295
193 1387
193 1416
193 1422
193 1644
193 1770
193 2228
193 2402
193 2553
193 2775
193 2944
193 2990
193 3017
193 3140
193 3216
193 3236
193 3496
193 3594
193 3605
193 4403
193 4697
193 4880
193 4966
193 5188
193 5342
193 5772
193 6024
193 6034
193 6162
193 6208
193 6380
193 6876
193 7329
193 7413
193 7979
193 8378
193 8549
193 9139
193 9309
194 218
194 346
194 365
194 444
194 488
194 515
194 531
194 601
194 637
194 666
194 715
194 982
194 1118
194 1365
194 1368
194 1545
194 1550
194 1587
194 1636
194 1644
194 1857
194 2461
194 3084
194 3278
194 3378
194 3829
194 3914
194 3999
194 4098
194 4121
194 4316
194 4571
194 4687
194 4894
194 4968
194 5014
194 5064
194 5078
194 5089
194 5092
194 5327
194 5476
194 5981
194 5990
194 6021
194 6105
194 6187
194 7213
194 7419
194 7560
194 7839
194 7869
194 8094
194 8280
194 8282
194 8543
194 9469
194 9824
194 9877
194 9898
194 9912
195 253
195 312
195 315
195 396
195 416
195 630
195 689
195 771
195 809
195 813
195 867
195 974
195 1240
195 1652
195 1788
195 1927
195 2016
195 2063
195 2119
195 2375
195 2502
195 2702
195 2835
195 2885
195 2922
195 3128
195 3217
195 3275
195 4158
195 4253
195 4507
195 4711
195 5033
195 5471
195 5485
195 5713
195 5918
195 6648
195 7191
195 7339
195 7379
195 7414
195 7946
195 8502
195 8712
195 9546
195 9882
196 247
196 268
196 312
196 359
196 391
196 474
196 658
196 670
196 974
196 1205
196 1253
196 1398
196 1606
196 1649
196 1674
196 1729
196 2225
196 2321
196 2353
196 2524
196 2567
196 2588
196 2673
196 2886
196 3220
196 3283
196 3706
196 3971
196 4245
196 4293
196 4361
196 4616
196 4752
196 5949
196 6318
196 6583
196 7414
196 7715
196 7723
196 7799
196 7853
196 8608
196 9527
196 9644
197 225
197 252
197 299
197 321
197 336
197 339
197 356
197 408
197 410
197 462
197 482
197 500
197 518
197 524
197 554
197 596
197 603
197 677
197 725
197 831
197 837
197 862
197 907
197 959
197 1055
197 1213
197 1234
197 1257
197 1270
197 1288
197 1291
197 1329
197 1390
197 1396
197 1600
197 1622
197 1701
197 1773
197 1776
197 1887
197 1974
197 1996
197 2035
197 2052
197 2105
197 2124
197 2319
197 2329
197 2574
197 2588
197 2611
197 2614
197 2639
197 2659
197 2720
197 2814
197 2859
197 2914
197 3095
197 3099
197 3185
197 3310
197 3493
197 3538
197 3613
197 3789
197 3795
197 3951
197 3970
197 4056
197 4093
197 4156
197 4166
197 4245
197 4370
197 4456
197 4537
197 4629
197 4760
197 4855
197 4940
197 5041
197 5084
197 5133
197 5171
197 5297
197 5506
197 5558
197 5618
197 5853
197 5976
197 5999
197 6014
197 6117
197 6118
197 6119
197 6130
197 6131
197 6345
197 6611
197 6892
197 7018
197 7030
197 7115
197 7409
197 7502
197 7544
197 7725
197 7740
197 7786
197 7842
197 7845
197 7997
197 8134
197 8210
197 8312
197 8414
197 8778
197 8839
197 8982
197 9074
197 9399
197 9419
197 9484
197 9724
197 9897
197 9911
197 9964
198 375
198 376
198 390
198 428
198 450
198 470
198 474
198 678
198 686
198 698
198 733
198 905
198 946
198 1011
198 1056
198 1150
198 1283
198 1300
198 1349
198 1442
198 1474
198 1552
198 1763
198 1854
198 2101
198 2536
198 2570
198 2581
198 2753
198 2875
198 3109
198 3212
198 3277
198 3769
198 4016
198 4067
198 4094
198 4421
198 4665
198 4684
198 4798
198 4965
198 5107
198 5204
198 5491
198 5524
198 5589
198 5857
198 6044
198 6085
198 6276
198 6469
198 7077
198 7161
198 8252
198 8616
198 8688
198 8840
198 8846
198 9053
198 9115
198 9366
198 9439
198 9577
198 9909
198 9965
199 270
199 323
199 342
199 441
199 445
199 460
199 615
199 647
199 713
199 728
199 781
199 913
199 933
199 986
199 1100
199 1185
199 1216
199 1295
199 1516
199 1520
199 1739
199 1885
199 1889
199 2035
199 2148
199 2534
199 2657
199 2745
199 2850
199 2997
199 3010
199 3587
199 3673
199 3749
199 3756
199 4169
199 5123
199 5170
199 5176
199 5316
199 5766
199 6681
199 7247
199 7410
199 7660
199 7757
199 8062
199 8161
199 9327
200 216
200 244
200 309
200 466
200 518
200 621
200 742
200 750
200 770
200 798
200 842
200 867
200 870
200 888
200 1060
200 1080
200 1081
200 1437
200 1675
200 1685
200 1861
200 1876
200 1885
200 1989
200 2131
200 2525
200 2626
200 2692
200 2875
200 3134
200 3161
200 3204
200 3395
200 3559
200 3893
200 4144
200 4159
200 4355
200 4374
200 4489
200 4555
200 4678
200 4755
200 5051
200 5177
200 5217
200 5364
200 5416
200 5693
200 5916
200 6037
200 6276
200 6302
200 6744
200 6870
200 7043
200 7137
200 7151
200 7165
200 7294
200 7768
200 7923
200 8257
200 8464
200 8767
200 9160
200 9410
200 9449
200 9682
201 292
201 487
201 495
201 519
201 626
201 719
201 784
201 1034
201 1042
201 1175
201 1446
201 1675
201 1690
201 2091
201 2303
201 2358
201 2524
201 2736
201 3182
201 4194
201 4302
201 4758
201 4885
201 5402
201 5543
201 5915
201 6280
201 6676
201 6779
201 7927
201 8019
201 8091
201 8629
201 8922
202 274
202 321
202 392
202 803
202 1109
202 1114
202 1137
202 1163
202 1192
202 1338
202 1438
202 1729
202 2044
202 2107
202 2152
202 2224
202 2248
202 2288
202 2335
202 2522
202 3122
202 3416
202 4080
202 4261
202 4622
202 5215
202 5865
202 6031
202 6430
202 6623
202 6982
202 7022
202 7096
202 8523
202 9675
203 327
203 337
203 354
203 529
203 563
203 863
203 893
203 1071
203 1093
203 1145
203 1327
203 1369
203 1375
203 1703
203 1856
203 1973
203 2108
203 2298
203 2491
203 2925
203 3406
203 3432
203 3479
203 3593
203 3595
203 3610
203 3637
203 3887
203 4014
203 4233
203 4399
203 4543
203 4648
203 5027
203 5085
203 5138
203 5154
203 5183
203 5262
203 5722
203 5772
203 5907
203 5971
203 6246
203 6251
203 6272
203 6363
203 6382
203 6532
203 6679
203 6880
203 7127
203 7314
203 7449
203 7719
203 7959
203 9102
203 9704
203 9839
204 246
204 277
204 315
204 316
204 382
204 482
204 688
204 690
204 768
204 772
204 821
204 1017
204 1099
204 1384
204 1464
204 1476
204 1529
204 1711
204 1987
204 2120
204 2161
204 2196
204 2293
204 2552
204 2712
204 3025
204 3078
204 3239
204 3597
204 4066
204 4151
204 4296
204 4367
204 4585
204 4982
204 5077
204 5100
204 5257
204 5728
204 5884
204 6043
204 6059
204 6128
204 6305
204 6354
204 6518
204 7298
204 7707
204 7799
204 8744
204 9816
204 9876
205 257
205 301
205 380
205 525
205 595
205 657
205 691
205 921
205 1238
205 1392
205 1402
205 1468
205 1582
205 1590
205 1597
205 1676
205 1849
205 1951
205 1989
205 2038
205 2328
205 2586
205 2899
205 3069
205 3258
205 3383
205 3661
205 3896
205 4337
205 4423
205 4469
205 4671
205 4825
205 4891
205 5440
205 5447
205 5722
205 5900
205 5980
205 5994
205 6188
205 6492
205 6747
205 7002
205 7141
205 7640
205 8022
205 8466
205 9837
205 9869
206 235
206 255
206 288
206 327
206 334
206 453
206 679
206 796
206 884
206 898
206 997
206 1021
206 1907
206 1967
206 2583
206 2704
206 2755
206 2902
206 3018
206 3164
206 3194
206 3208
206 3410
206 3566
206 3593
206 4322
206 4354
206 4515
206 4521
206 4754
206 4820
206 5100
206 5802
206 6900
206 7073
206 7332
206 7641
206 7935
206 8184
206 8194
206 8250
206 8423
206 8544
206 8627
206 9245
207 222
207 281
207 285
207 294
207 303
207 329
207 389
207 429
207 434
207 460
207 540
207 543
207 745
207 760
207 819
207 826
207 1035
207 1060
207 1081
207 1112
207 1124
207 1180
207 1231
207 1249
207 1260
207 1307
207 1325
207 1457
207 1576
207 1597
207 1608
207 1650
207 1679
207 1745
207 2180
207 2299
207 2370
207 2411
207 2514
207 2517
207 2662
207 2675
207 2849
207 2862
207 2869
207 2894
207 3061
207 3309
207 3353
207 3575
207 3670
207 3685
207 3702
207 3825
207 3919
207 3942
207 4152
207 4370
207 4418
207 4451
207 4453
207 4605
207 4612
207 4625
207 4936
207 5091
207 5186
207 5411
207 5517
207 5846
207 5898
207 5929
207 6138
207 6291
207 6627
207 6798
207 6926
207 7002
207 7234
207 7430
207 7515
207 7654
207 7689
207 7804
207 8730
207 8802
207 8974
207 9301
207 9404
207 9503
207 9623
207 9935
208 271
208 281
208 282
208 380
208 434
208 490
208 523
208 552
208 595
208 596
208 699
208 1155
208 1218
208 1495
208 1582
208 1897
208 1969
208 2010
208 2469
208 2550
208 2640
208 2822
208 2905
208 3037
208 3241
208 3761
208 3827
208 3878
208 3999
208 4110
208 4170
208 4371
208 4416
208 4424
208 4488
208 4827
208 5545
208 5678
208 5700
208 5711
208 5982
208 6406
208 6524
208 6565
208 6953
208 6975
208 7058
208 7756
208 8324
208 8334
208 8763
208 8870
208 9212
208 9796
208 9957
209 329
209 338
209 368
209 392
209 453
209 454
209 574
209 782
209 795
209 848
209 881
209 997
209 1041
209 1245
209 1255
209 1494
209 1512
209 1620
209 1671
209 1784
209 2034
209 2064
209 2219
209 2765
209 2804
209 3065
209 3137
209 3163
209 3269
209 3491
209 3562
209 3774
209 3812
209 4039
209 4225
209 4254
209 4515
209 4536
209 5034
209 5432
209 5616
209 6099
209 6893
209 6920
209 7090
209 7105
209 7494
209 7558
209 7763
209 8458
209 8535
209 8665
209 9254
209 9550
209 9655
209 9747
209 9830
209 9880
210 304
210 353
210 449
210 556
210 561
210 984
210 1005
210 1834
210 2472
210 2629
210 4025
210 4052
210 4751
210 4938
210 5152
210 5653
210 5809
210 6991
210 7025
210 8187
210 8569
210 9423
211 224
211 247
211 340
211 443
211 449
211 557
211 635
211 636
211 648
211 660
211 747
211 818
211 924
211 931
211 968
211 993
211 1002
211 1248
211 1414
211 1839
211 2407
211 2431
211 2548
211 2580
211 3269
211 3315
211 3415
211 3555
211 3560
211 3819
211 4440
211 4480
211 4503
211 4561
211 4665
211 5077
211 5794
211 5914
211 6157
211 6380
211 6586
211 6647
211 6735
211 7018
211 7034
211 7217
211 7304
211 7477
211 7994
211 8308
211 8580
211 8715
211 8966
211 9590
212 303
212 304
212 452
212 458
212 479
212 489
212 554
212 752
212 783
212 985
212 1129
212 1249
212 1346
212 1394
212 1470
212 1592
212 1739
212 1794
212 1835
212 1840
212 2001
212 2154
212 2160
212 2185
212 2211
212 2215
212 2300
212 2307
212 2422
212 2430
212 2511
212 2530
212 2561
212 2766
212 2771
212 2775
212 2823
212 2830
212 3047
212 3062
212 3120
212 3201
212 3268
212 3278
212 3428
212 3458
212 3598
212 3692
212 3707
212 4549
212 4730
212 4732
212 5044
212 5240
212 5249
212 5339
212 5550
212 5556
212 5853
212 6314
212 6382
212 6989
212 7045
212 7178
212 7271
212 7886
212 7996
212 8078
212 8127
212 8233
212 9049
212 9182
212 9353
212 9670
212 9812
212 9822
212 9847
212 9949
213 237
213 296
213 356
213 381
213 394
213 415
213 498
213 702
213 734
213 735
213 741
213 884
213 918
213 931
213 932
213 936
213 1033
213 1077
213 1091
213 1260
213 1349
213 1544
213 1807
213 1898
213 1956
213 2122
213 2229
213 2236
213 2286
213 2416
213 2464
213 2510
213 2632
213 2666
213 2669
213 2702
213 2977
213 3240
213 3526
213 3533
213 3734
213 3784
213 4097
213 4136
213 4162
213 4721
213 4812
213 5169
213 5219
213 5346
213 5456
213 5589
213 5608
213 5935
213 5950
213 5952
213 6412
213 6425
213 6485
213 6612
213 6613
213 6751
213 6754
213 6829
213 7038
213 7247
213 7615
213 7967
213 8138
213 8922
213 9406
213 9607
213 9743
213 9770
213 9846
214 252
214 260
214 376
214 440
214 518
214 558
214 561
214 640
214 653
214 666
214 669
214 705
214 744
214 759
214 765
214 813
214 861
214 1044
214 1063
214 1109
214 1141
214 1179
214 1405
214 1414
214 1729
214 1827
214 2034
214 2099
214 2171
214 2186
214 2413
214 2506
214 2587
214 2691
214 2948
214 3092
214 3103
214 3104
214 3186
214 3397
214 3466
214 3517
214 3668
214 3734
214 3737
214 3872
214 3902
214 3926
214 3937
214 3988
214 4127
214 4410
214 4507
214 4525
214 4927
214 4934
214 5114
214 5151
214 5234
214 5279
214 5352
214 5389
214 5471
214 5518
214 5966
214 6023
214 6085
214 6090
214 6838
214 6845
214 6883
214 6978
214 7179
214 7381
214 7478
214 7660
214 7904
214 8584
214 8799
214 8831
214 8972
214 9003
214 9881
214 9992
215 252
215 450
215 542
215 719
215 761
215 948
215 1058
215 1097
215 1232
215 1476
215 1544
215 1782
215 1913
215 2030
215 2166
215 2281
215 2370
215 2728
215 2933
215 3116
215 3672
215 3735
215 4213
215 4332
215 4589
215 4650
215 4689
215 4879
215 4921
215 5457
215 5591
215 5658
215 6194
215 6203
215 6463
215 6588
215 6901
215 7047
215 7087
215 7241
215 7546
215 8018
215 8030
215 8081
215 8770
215 9263
215 9278
215 9306
215 9718
215 9747
216 267
216 269
216 291
216 352
216 414
216 442
216 455
216 503
216 507
216 524
216 671
216 694
216 850
216 893
216 975
216 998
216 1083
216 1094
216 1349
216 1351
216 1496
216 1550
216 1753
216 1803
216 1806
216 1899
216 1919
216 2118
216 2148
216 2192
216 2360
216 2447
216 2570
216 2846
216 2861
216 3161
216 3165
216 3220
216 3286
216 3397
216 3463
216 3680
216 3823
216 3885
216 3891
216 3920
216 4045
216 4311
216 4446
216 4714
216 4764
216 5162
216 5359
216 5412
216 5645
216 5897
216 5917
216 6381
216 6877
216 6899
216 7051
216 8066
216 8079
216 8382
216 8781
216 8850
216 8922
216 9300
216 9554
217 238
217 309
217 366
217 432
217 433
217 490
217 570
217 588
217 589
217 706
217 908
217 925
217 1168
217 1347
217 1523
217 1537
217 1596
217 1649
217 1665
217 1844
217 1854
217 1872
217 1929
217 2024
217 2173
217 2467
217 2492
217 2593
217 2596
217 2625
217 2696
217 2700
217 2710
217 2761
217 2948
217 3107
217 3312
217 3357
217 3516
217 3868
217 4009
217 4081
217 4209
217 4351
217 4446
217 4552
217 4616
217 4643
217 5033
217 5252
217 5628
217 5863
217 5889
217 6496
217 6729
217 7119
217 7308
217 7410
217 8100
217 8218
217 8253
217 8343
217 8375
217 8485
217 8509
217 8920
217 8963
217 9519
217 9932
217 9967
218 223
218 231
218 235
218 243
218 322
218 398
218 438
218 521
218 605
218 621
218 846
218 865
218 945
218 994
218 1028
218 1354
218 1386
218 1615
218 1677
218 1680
218 1914
218 2214
218 2429
218 2726
218 2813
218 2899
218 2946
218 2997
218 3385
218 3643
218 3806
218 3877
218 4182
218 4367
218 4908
218 4948
218 5394
218 5515
218 5668
218 5806
218 5838
218 5998
218 6099
218 6191
218 6260
218 7141
218 7179
218 7741
218 7995
218 8046
218 8118
218 8312
218 8450
218 9133
218 9443
218 9470
218 9553
218 9584
219 259
219 267
219 280
219 351
219 359
219 363
219 367
219 371
219 429
219 528
219 550
219 581
219 659
219 694
219 700
219 708
219 723
219 808
219 899
219 1002
219 1297
219 1387
219 1554
219 1569
219 1575
219 1642
219 1733
219 1793
219 1909
219 1914
219 2112
219 2253
219 2275
219 2395
219 3040
219 3062
219 3277
219 3667
219 3796
219 3889
219 3898
219 4149
219 4363
219 4373
219 4436
219 4845
219 5087
219 5095
219 5732
219 5811
219 6130
219 6209
219 6225
219 6253
219 6468
219 6495
219 6739
219 6928
219 6962
219 7483
219 7600
219 7753
219 7766
219 7850
219 7919
219 8436
219 8686
219 8916
219 8970
219 9323
219 9442
219 9501
220 221
220 243
220 267
220 446
220 451
220 578
220 590
220 613
220 681
220 810
220 980
220 1056
220 1114
220 1180
220 1195
220 1216
220 1228
220 1279
220 1302
220 1383
220 1541
220 1564
220 1720
220 1985
220 2285
220 2667
220 2724
220 2773
220 3665
220 3823
220 3838
220 3857
220 4157
220 4171
220 4369
220 4584
220 4757
220 4786
220 4882
220 5075
220 5341
220 5760
220 5932
220 5933
220 6463
220 6576
220 6855
220 6869
220 6882
220 6923
220 7021
220 7081
220 7575
220 7769
220 7826
220 7894
220 8207
220 8615
220 8683
220 8748
220 8988
220 9297
220 9431
220 9474
220 9701
220 9705
221 223
221 229
221 321
221 410
221 466
221 491
221 502
221 706
221 805
221 1229
221 1334
221 1492
221 1956
221 2012
221 2393
221 2474
221 2677
221 2767
221 2838
221 2908
221 3323
221 4177
221 4709
221 4738
221 4942
221 5881
221 6121
221 6827
221 6897
221 7375
221 7474
221 7515
221 7675
221 7947
221 8766
222 245
222 255
222 335
222 424
222 453
222 487
222 545
222 560
222 717
222 949
222 984
222 1090
222 1538
222 1577
222 1704
222 1735
222 1789
222 1957
222 2060
222 2355
222 2531
222 2650
222 2922
222 3336
222 3614
222 3655
222 5098
222 5493
222 5994
222 6541
222 6653
222 6686
222 6924
222 7257
222 8227
222 8494
222 8509
222 8840
222 8845
222 9480
223 274
223 278
223 312
223 362
223 380
223 400
223 407
223 516
223 527
223 562
223 652
223 679
223 693
223 852
223 885
223 966
223 1063
223 1065
223 1175
223 1309
223 1334
223 1505
223 1788
223 1827
223 1850
223 1859
223 1982
223 2144
223 2346
223 2419
223 2846
223 3113
223 3313
223 3317
223 3346
223 3666
223 3762
223 3912
223 3945
223 3955
223 3971
223 3981
223 4003
223 4223
223 4313
223 4399
223 4550
223 4765
223 5933
223 6265
223 6315
223 6471
223 6637
223 6973
223 7111
223 7546
223 7660
223 7830
223 8256
223 8400
223 8464
223 8630
223 8748
223 8814
223 8989
223 9562
224 254
224 385
224 443
224 470
224 532
224 565
224 605
224 732
224 797
224 841
224 907
224 915
224 1053
224 1103
224 1198
224 1268
224 1289
224 1316
224 1373
224 1524
224 1576
224 1965
224 2192
224 2196
224 2274
224 2404
224 2639
224 3249
224 3273
224 3285
224 3394
224 3850
224 3982
224 4232
224 4349
224 4601
224 4617
224 5109
224 5338
224 5425
224 5798
224 6106
224 6330
224 6587
224 6723
224 6759
224 6977
224 7641
224 7928
224 8201
224 8663
224 8910
224 9050
224 9057
224 9752
224 9874
225 268
225 274
225 285
225 372
225 430
225 486
225 555
225 680
225 685
225 714
225 841
225 923
225 1013
225 1019
225 1140
225 1265
225 1307
225 1384
225 1495
225 1521
225 1631
225 1926
225 2208
225 2288
225 2683
225 2694
225 2972
225 3039
225 3054
225 3093
225 3185
225 3902
225 4422
225 4580
225 4692
225 4761
225 6244
225 6372
225 7038
225 7616
225 7743
225 8183
225 8463
225 8699
225 9126
225 9128
225 9203
225 9796
226 279
226 324
226 350
226 368
226 385
226 407
226 441
226 537
226 552
226 555
226 779
226 1536
226 1693
226 1717
226 1720
226 1842
226 2186
226 2425
226 2579
226 2846
226 2904
226 3118
226 3407
226 3540
226 3867
226 4065
226 4345
226 4379
226 4657
226 4684
226 5012
226 5121
226 5277
226 5666
226 5725
226 6027
226 6136
226 7052
226 7444
226 8129
226 8409
226 8775
226 8973
226 9161
226 9585
227 262
227 276
227 406
227 428
227 465
227 573
227 607
227 648
227 977
227 1015
227 1159
227 1424
227 1484
227 1527
227 1838
227 2076
227 2317
227 2457
227 2638
227 2737
227 2956
227 3070
227 3213
227 3353
227 3408
227 3466
227 3580
227 3846
227 3876
227 4107
227 4341
227 4584
227 4771
227 5218
227 5361
227 5815
227 6388
227 6422
227 6825
227 6907
227 7529
227 7718
227 7886
227 7939
227 8210
227 8716
227 9062
227 9227
228 250
228 289
228 391
228 444
228 725
228 853
228 870
228 1189
228 1194
228 1222
228 1287
228 1321
228 1414
228 1426
228 1447
228 1504
228 1604
228 1829
228 1943
228 2144
228 2174
228 2176
228 2239
228 2340
228 2417
228 2478
228 2621
228 2630
228 2633
228 2778
228 2943
228 3193
228 3869
228 4285
228 4376
228 4711
228 4910
228 5273
228 5536
228 5940
228 6004
228 6141
228 6273
228 6836
228 6951
228 6974
228 7009
228 7055
228 7479
228 7973
228 8219
228 8302
228 9086
228 9156
228 9215
228 9715
229 238
229 251
229 315
229 352
229 468
229 540
229 566
229 602
229 699
229 779
229 801
229 820
229 867
229 871
229 953
229 962
229 1035
229 1070
229 1091
229 1098
229 1131
229 1157
229 1162
229 1201
229 1259
229 1398
229 1723
229 1842
229 2156
229 2507
229 2636
229 2784
229 2858
229 3102
229 3234
229 3238
229 3325
229 3660
229 3834
229 3849
229 3955
229 3973
229 4020
229 4215
229 4236
229 4308
229 4532
229 4641
229 5028
229 5501
229 5693
229 5768
229 6294
229 6403
229 6670
229 6707
229 7247
229 7588
229 7843
229 7997
229 8090
229 8162
229 8339
229 8355
229 8410
229 8604
229 8620
229 8877
229 8903
229 9277
229 9383
229 9407
229 9434
229 9448
229 9694
229 9781
229 9813
230 298
230 318
230 336
230 372
230 380
230 383
230 608
230 626
230 778
230 806
230 825
230 853
230 919
230 995
230 1137
230 1142
230 1158
230 1228
230 1304
230 1381
230 1399
230 1433
230 1550
230 1563
230 1708
230 1810
230 1838
230 1851
230 1880
230 2192
230 2247
230 2321
230 2489
230 2594
230 2923
230 3053
230 3079
230 3535
230 3741
230 3847
230 3859
230 3973
230 4078
230 4286
230 4695
230 4836
230 4838
230 4881
230 4970
230 4980
230 5172
230 5275
230 5447
230 5477
230 5622
230 5628
230 5891
230 6042
230 6257
230 6905
230 6907
230 6969
230 7151
230 7265
230 7414
230 7615
230 7640
230 8011
230 8041
230 8050
230 8116
230 8207
230 8210
230 8424
230 8915
230 9019
230 9034
230 9070
230 9197
230 9263
230 9586
231 319
231 476
231 676
231 930
231 1123
231 1269
231 1740
231 1751
231 1790
231 1832
231 1855
231 2088
231 2269
231 2326
231 2454
231 2702
231 2835
231 3390
231 4122
231 4343
231 4823
231 4993
231 5020
231 5212
231 5332
231 5355
231 5412
231 6042
231 6422
231 6760
231 6778
231 6880
231 7821
231 8692
231 8699
231 9692
231 9955
232 242
232 482
232 737
232 780
232 856
232 1029
232 1064
232 1321
232 1503
232 1683
232 1726
232 1739
232 2002
232 2049
232 2072
232 2306
232 2776
232 2810
232 2960
232 3344
232 3549
232 4257
232 4493
232 4931
232 5260
232 5549
232 5551
232 5651
232 5712
232 5978
232 6195
232 6305
232 6676
232 6788
232 7176
232 7423
232 7737
232 7905
232 8842
232 8873
232 9055
232 9963
232 9965
233 255
233 406
233 415
233 512
233 600
233 724
233 760
233 950
233 993
233 1127
233 1255
233 1477
233 1533
233 1900
233 2019
233 2022
233 2074
233 2258
233 2454
233 2555
233 2584
233 2666
233 3176
233 3204
233 3765
233 3936
233 4190
233 4404
233 4785
233 5393
233 5719
233 6924
233 7091
233 7284
233 8053
233 8406
233 8563
233 8582
233 8814
233 9739
233 9912
234 254
234 276
234 360
234 414
234 452
234 518
234 563
234 755
234 983
234 994
234 1069
234 1177
234 1208
234 1234
234 1400
234 1455
234 1711
234 1798
234 1824
234 1893
234 1914
234 2001
234 2180
234 2320
234 2374
234 2448
234 2644
234 2670
234 2787
234 2935
234 3158
234 3633
234 3717
234 3946
234 4037
234 4064
234 4499
234 4691
234 4879
234 5176
234 5354
234 5461
234 5965
234 6076
234 6088
234 6138
234 6188
234 6273
234 6532
234 6893
234 6900
234 6904
234 6912
234 7794
234 8025
234 8680
234 8918
234 8923
234 9372
234 9883
235 242
235 307
235 359
235 439
235 455
235 589
235 812
235 1063
235 1265
235 1383
235 1484
235 1541
235 1673
235 2077
235 2233
235 2305
235 2476
235 2672
235 2895
235 2975
235 4827
235 5079
235 5290
235 5388
235 6075
235 6174
235 6265
235 7298
235 7642
235 7841
235 8681
235 8706
235 9171
235 9296
235 9553
235 9641
235 9692
235 9799
235 9922
236 262
236 269
236 271
236 300
236 359
236 464
236 504
236 636
236 706
236 739
236 807
236 938
236 1060
236 1216
236 1253
236 1434
236 1473
236 1491
236 1573
236 1587
236 1658
236 1696
236 1926
236 2040
236 2199
236 2201
236 2440
236 2542
236 2583
236 2667
236 2714
236 2907
236 2989
236 3165
236 3292
236 3683
236 3809
236 4425
236 4522
236 4704
236 4736
236 4864
236 4980
236 5034
236 5274
236 5823
236 5964
236 6633
236 7224
236 7882
236 7943
236 7972
236 8110
236 8143
236 8451
236 8470
236 8668
236 8999
236 9234
236 9370
236 9439
236 9725
236 9762
236 9929
237 258
237 314
237 404
237 413
237 420
237 438
237 535
237 540
237 575
237 684
237 722
237 814
237 854
237 859
237 880
237 918
237 1004
237 1173
237 1259
237 1310
237 1344
237 1383
237 1443
237 1597
237 1721
237 1751
237 1790
237 1835
237 1846
237 1895
237 2062
237 2263
237 2332
237 2373
237 2587
237 2745
237 2890
237 2908
237 3097
237 3152
237 3463
237 3564
237 3690
237 3810
237 4099
237 4108
237 4403
237 4599
237 4658
237 5059
237 5101
237 5528
237 5929
237 6120
237 6280
237 6773
237 6919
237 7410
237 7949
237 8023
237 8129
237 8417
237 9074
238 273
238 282
238 283
238 289
238 294
238 307
238 421
238 471
238 491
238 593
238 629
238 646
238 647
238 793
238 929
238 1013
238 1041
238 1178
238 1313
238 1323
238 1368
238 1452
238 1470
238 2104
238 2189
238 2369
238 2475
238 2505
238 2550
238 2598
238 2793
238 2795
238 3046
238 3179
238 3297
238 3315
238 3392
238 3448
238 3812
238 3847
238 4085
238 4093
238 4332
238 4365
238 4505
238 4603
238 4643
238 5055
238 5490
238 5670
238 5789
238 6727
238 6764
238 6824
238 7173
238 7362
238 7616
238 7819
238 8223
238 9081
238 9157
238 9229
238 9399
238 9464
238 9639
238 9960
239 281
239 299
239 308
239 328
239 399
239 420
239 489
239 588
239 712
239 752
239 1107
239 1214
239 1248
239 1333
239 1440
239 1515
239 1557
239 1591
239 1825
239 1947
239 2280
239 2283
239 2421
239 2644
239 2654
239 2679
239 2781
239 3260
239 4511
239 4748
239 5107
239 5572
239 6027
239 7266
239 7289
239 8019
239 8616
239 8670
239 8758
239 9009
239 9155
239 9506
240 251
240 291
240 301
240 356
240 411
240 459
240 615
240 678
240 1160
240 1423
240 1570
240 1678
240 1902
240 2483
240 2746
240 3114
240 3279
240 3808
240 4079
240 4652
240 6345
240 6362
240 7279
240 8412
240 8428
240 8455
240 9661
241 257
241 600
241 657
241 675
241 683
241 779
241 837
241 1074
241 1202
241 1325
241 1347
241 1353
241 1495
241 1629
241 1684
241 1709
241 1745
241 1781
241 1805
241 1888
241 1894
241 2080
241 2151
241 2182
241 2217
241 2457
241 2489
241 2509
241 2585
241 2665
241 2884
241 3148
241 3356
241 3491
241 3933
241 4032
241 4493
241 4558
241 4682
241 4699
241 4723
241 4809
241 4907
241 4947
241 5018
241 5194
241 5276
241 5289
241 5334
241 5555
241 5825
241 5916
241 6305
241 6639
241 7254
241 7362
241 7451
241 7494
241 7896
241 8341
241 8343
241 8470
241 8514
241 8528
241 8928
241 9098
241 9104
241 9131
241 9417
241 9531
241 9686
242 252
242 397
242 398
242 505
242 789
242 822
242 958
242 986
242 1082
242 1171
242 1347
242 1479
242 1675
242 1738
242 1863
242 2138
242 2294
242 2488
242 2549
242 2732
242 2863
242 2933
242 3138
242 3205
242 3271
242 3278
242 3409
242 3970
242 4784
242 5061
242 5657
242 5793
242 6760
242 7634
242 8031
242 8074
242 9064
243 389
243 511
243 543
243 731
243 882
243 1153
243 1258
243 1293
243 1964
243 2006
243 2227
243 2343
243 3020
243 3024
243 3314
243 3321
243 3601
243 3687
243 3851
243 3871
243 4031
243 4034
243 4204
243 4248
243 4398
243 4557
243 4574
243 4659
243 5068
243 5232
243 5594
243 5885
243 6014
243 6169
243 6243
243 6607
243 6770
243 6913
243 7140
243 7154
243 7243
243 7333
243 7709
243 7812
243 7944
243 9537
244 261
244 322
244 350
244 378
244 458
244 554
244 587
244 602
244 632
244 670
244 691
244 700
244 836
244 872
244 940
244 1460
244 1552
244 1558
244 1674
244 1774
244 1874
244 2223
244 2236
244 2340
244 2451
244 2484
244 2507
244 2719
244 2766
244 3195
244 3229
244 3322
244 3504
244 3569
244 3735
244 4333
244 4413
244 4420
244 4479
244 4498
244 4516
244 4567
244 4582
244 4617
244 4621
244 4622
244 5077
244 5111
244 5232
244 5459
244 5549
244 6087
244 6225
244 6281
244 6293
244 6567
244 6571
244 6891
244 7243
244 7704
244 8345
244 8371
244 8588
244 8643
244 9482
245 251
245 323
245 358
245 360
245 408
245 447
245 588
245 678
245 914
245 975
245 999
245 1198
245 1348
245 1430
245 1745
245 1965
245 2069
245 2162
245 2196
245 2592
245 2760
245 2989
245 3209
245 3528
245 3613
245 3746
245 4738
245 5361
245 6057
245 7954
245 8247
245 8325
245 8459
245 8636
245 8855
245 9330
245 9362
245 9600
246 304
246 353
246 379
246 402
246 405
246 406
246 408
246 420
246 441
246 462
246 465
246 653
246 705
246 710
246 836
246 885
246 900
246 975
246 995
246 1045
246 1080
246 1092
246 1099
246 1144
246 1200
246 1223
246 1336
246 1625
246 1643
246 1676
246 1841
246 1913
246 1966
246 2038
246 2072
246 2091
246 2182
246 2215
246 2266
246 2336
246 2366
246 2474
246 2493
246 2660
246 2813
246 3064
246 3556
246 3586
246 3755
246 3873
246 4243
246 4382
246 4430
246 4611
246 4813
246 4829
246 4919
246 5091
246 5376
246 5541
246 5578
246 5795
246 5800
246 5950
246 6209
246 6249
246 6295
246 6413
246 6456
246 6461
246 6549
246 6630
246 6673
246 6849
246 6859
246 7022
246 7061
246 7224
246 7778
246 8086
246 8667
246 8734
246 8962
246 8965
246 9311
246 9405
246 9538
246 9656
247 253
247 284
247 313
247 345
247 436
247 443
247 459
247 469
247 485
247 577
247 580
247 646
247 661
247 684
247 716
247 726
247 819
247 1004
247 1347
247 1372
247 1393
247 1569
247 1594
247 1624
247 1872
247 1909
247 2002
247 2064
247 2100
247 2213
247 2274
247 2521
247 2665
247 2774
247 3081
247 3098
247 3253
247 3276
247 3317
247 3459
247 3481
247 3657
247 3843
247 3873
247 4025
247 4216
247 4392
247 4469
247 4525
247 4753
247 4870
247 4997
247 5099
247 5154
247 5220
247 5347
247 5488
247 5509
247 5539
247 5588
247 5621
247 5694
247 5892
247 6285
247 6665
247 6883
247 6993
247 7107
247 7220
247 7385
247 7399
247 7415
247 7448
247 7488
247 7688
247 7848
247 8411
247 8587
247 8817
247 8830
247 8959
247 9077
247 9277
247 9717
247 9929
248 262
248 274
248 338
248 359
248 405
248 412
248 438
248 473
248 493
248 494
248 514
248 527
248 590
248 723
248 764
248 792
248 796
248 831
248 859
248 999
248 1055
248 1099
248 1191
248 1265
248 1304
248 1386
248 1623
248 1627
248 1630
248 1668
248 1863
248 1943
248 1991
248 2015
248 2068
248 2092
248 2135
248 2137
248 2199
248 2218
248 2262
248 2288
248 2398
248 2528
248 2782
248 2949
248 2950
248 3022
248 3159
248 3210
248 3281
248 3398
248 3413
248 3487
248 3495
248 3683
248 3690
248 3787
248 3802
248 3838
248 3848
248 3914
248 4089
248 4198
248 4385
248 4433
248 4686
248 5167
248 5211
248 5481
248 5594
248 5668
248 5834
248 5979
248 6116
248 6118
248 6152
248 6202
248 6223
248 6298
248 6315
248 6416
248 6637
248 6676
248 6763
248 7003
248 7031
248 7083
248 7119
248 7153
248 7202
248 7511
248 7529
248 7642
248 7890
248 8146
248 8304
248 8671
248 8978
248 9511
248 9591
248 9603
249 433
249 870
249 1081
249 1203
249 1207
249 1883
249 2007
249 2022
249 2324
249 2467
249 2476
249 3205
249 3250
249 3420
249 3824
249 4514
249 4770
249 6053
249 6086
249 6221
249 6360
249 6369
249 7062
249 8010
249 8345
249 8427
249 9207
249 9274
249 9415
249 9787
250 302
250 314
250 321
250 323
250 336
250 393
250 450
250 472
250 708
250 712
250 798
250 861
250 905
250 943
250 973
250 1050
250 1084
250 1131
250 1235
250 1311
250 1382
250 1394
250 1441
250 1545
250 1601
250 1636
250 1694
250 1718
250 1761
250 1771
250 1868
250 1892
250 2054
250 2071
250 2243
250 2259
250 2277
250 2464
250 2663
250 2856
250 2913
250 2958
250 3278
250 3313
250 3613
250 3636
250 3806
250 3826
250 4008
250 4076
250 4166
250 4363
250 4368
250 4462
250 4537
250 4556
250 4759
250 4837
250 4916
250 5012
250 5064
250 5412
250 5509
250 5632
250 6034
250 6091
250 6222
250 6416
250 6478
250 6596
250 6708
250 6791
250 7024
250 7088
250 7626
250 7664
250 7702
250 7958
250 8393
250 8732
250 8758
250 8790
250 8808
250 8839
250 8965
250 9129
250 9165
250 9229
250 9357
250 9443
250 9505
250 9722
250 9925
251 272
251 300
251 327
251 430
251 526
251 576
251 901
251 1028
251 1052
251 1104
251 1490
251 1586
251 1639
251 1671
251 1798
251 1979
251 2127
251 2171
251 2189
251 2338
251 2450
251 2514
251 2524
251 2702
251 2729
251 2829
251 3646
251 3773
251 4010
251 4398
251 4560
251 4758
251 5434
251 5458
251 5779
251 5982
251 6081
251 7008
251 7290
251 7897
251 8107
251 8155
251 8457
251 8543
251 8639
251 8675
251 9492
252 258
252 359
252 378
252 420
252 688
252 858
252 947
252 956
252 1013
252 1055
252 1095
252 1281
252 1824
252 1825
252 2114
252 2620
252 2626
252 2712
252 2735
252 2742
252 2937
252 3071
252 3173
252 3685
252 3776
252 4582
252 5189
252 5358
252 5964
252 5984
252 6041
252 6160
252 6263
252 6562
252 6644
252 6920
252 7148
252 7308
252 8261
252 8604
252 8669
252 8807
252 9416
252 9802
252 9912
253 283
253 365
253 368
253 401
253 412
253 746
253 757
253 842
253 943
253 959
253 1019
253 1085
253 1091
253 1202
253 1213
253 1303
253 1349
253 1357
253 1482
253 1511
253 1544
253 1647
253 1701
253 2176
253 2220
253 2257
253 2272
253 2416
253 2471
253 2600
253 2630
253 2654
253 2772
253 2787
253 2921
253 3066
253 3105
253 3497
253 3595
253 3820
253 4036
253 4066
253 4086
253 4100
253 4141
253 4222
253 4252
253 5513
253 5620
253 5738
253 5808
253 6125
253 6309
253 6556
253 6595
253 6834
253 6994
253 7584
253 8166
253 8455
253 8570
253 8587
253 8804
253 8860
253 9428
253 9472
253 9543
253 9552
253 9896
254 296
254 888
254 1385
254 1440
254 1452
254 1848
254 1919
254 1934
254 2519
254 2697
254 2827
254 3523
254 3617
254 5061
254 5109
254 5205
254 5998
254 6508
254 6640
254 7043
254 7501
254 7565
254 7697
254 9579
255 303
255 429
255 453
255 667
255 708
255 840
255 979
255 983
255 1097
255 1641
255 1725
255 1812
255 1865
255 2140
255 2331
255 2376
255 2431
255 2533
255 2863
255 2950
255 3130
255 3171
255 3460
255 3527
255 3577
255 3799
255 3810
255 3929
255 3944
255 4854
255 5123
255 5294
255 5339
255 5386
255 5567
255 6128
255 6315
255 6411
255 6625
255 7464
255 7716
255 7901
255 8038
255 8360
255 8556
255 8623
255 8783
255 9029
255 9693
255 9827
256 257
256 315
256 342
256 487
256 722
256 898
256 981
256 1000
256 1122
256 1178
256 1179
256 1485
256 1726
256 1796
256 1811
256 2103
256 2127
256 2790
256 2856
256 3984
256 4926
256 4993
256 5721
256 7733
256 8750
256 8990
256 9337
257 259
257 340
257 458
257 513
257 560
257 566
257 583
257 769
257 833
257 883
257 890
257 896
257 941
257 948
257 1024
257 1142
257 1272
257 1275
257 1303
257 1419
257 1507
257 1812
257 2064
257 2263
257 2449
257 2513
257 2706
257 2853
257 2939
257 2959
257 3081
257 3229
257 3701
257 3779
257 3841
257 4067
257 4111
257 4133
257 4176
257 4204
257 4284
257 4735
257 5032
257 5319
257 5496
257 5639
257 6238
257 6377
257 6603
257 6628
257 7115
257 7557
257 7905
257 8121
257 8291
257 8447
257 8661
257 8672
257 8855
257 8893
257 9781
257 9807
257 9846
258 404
258 422
258 658
258 706
258 851
258 854
258 863
258 1018
258 1097
258 1150
258 1172
258 1188
258 1276
258 1277
258 1473
258 1497
258 1573
258 1684
258 1844
258 2042
258 2171
258 2326
258 2949
258 3120
258 3727
258 3746
258 3920
258 4077
258 4116
258 4296
258 4549
258 4572
258 4669
258 5200
258 5916
258 6151
258 6264
258 6289
258 6510
258 6608
258 7597
258 7846
258 8088
258 8552
258 9235
258 9823
259 314
259 374
259 379
259 437
259 482
259 491
259 496
259 528
259 616
259 710
259 776
259 791
259 864
259 934
259 1030
259 1180
259 1251
259 1272
259 1282
259 1325
259 1432
259 1449
259 1470
259 1520
259 1548
259 1741
259 1854
259 1869
259 1994
259 2255
259 2310
259 2337
259 2385
259 2456
259 2553
259 2602
259 2951
259 3028
259 3339
259 3538
259 3584
259 3636
259 3724
259 3846
259 3897
259 3985
259 4628
259 4853
259 5113
259 5115
259 5170
259 5175
259 5474
259 5594
259 5806
259 5938
259 6066
259 6093
259 6409
259 6611
259 6647
259 6757
259 6861
259 7110
259 7747
259 7915
259 8506
259 8566
259 8696
259 8864
259 8871
259 9155
259 9181
259 9218
259 9338
259 9492
259 9573
259 9587
260 411
260 572
260 706
260 766
260 855
260 876
260 998
260 1222
260 1279
260 1335
260 1362
260 1413
260 1419
260 1439
260 1590
260 1615
260 1800
260 2087
260 2158
260 2200
260 2272
260 2300
260 2415
260 2424
260 2520
260 2579
260 2676
260 2783
260 2872
260 2873
260 2917
260 3368
260 3493
260 3513
260 3647
260 3972
260 3979
260 4204
260 4211
260 4213
260 4216
260 4380
260 4410
260 5173
260 5311
260 5329
260 5362
260 5601
260 5776
260 5880
260 6101
260 6140
260 6239
260 6396
260 6718
260 6792
260 6875
260 7310
260 7706
260 7740
260 7761
260 8329
260 8569
260 8578
260 8661
260 8963
260 9483
260 9490
261 262
261 346
261 357
261 600
261 650
261 702
261 705
261 706
261 891
261 957
261 1094
261 1131
261 1140
261 1191
261 1194
261 1407
261 1490
261 1618
261 1876
261 2174
261 2295
261 2432
261 2453
261 2564
261 2963
261 2968
261 3169
261 3253
261 3356
261 3692
261 3902
261 3974
261 4652
261 5287
261 5449
261 5551
261 5627
261 5968
261 6567
261 6707
261 6876
261 6987
261 7397
261 7651
261 7859
261 8427
261 8905
261 9039
261 9060
261 9234
262 271
262 296
262 302
262 347
262 410
262 453
262 700
262 744
262 765
262 890
262 932
262 976
262 1008
262 1120
262 1377
262 1455
262 1530
262 1531
262 1603
262 1777
262 1883
262 1911
262 1978
262 2126
262 2215
262 2591
262 2756
262 2805
262 2826
262 2847
262 2858
262 3073
262 3299
262 3662
262 3908
262 4895
262 5044
262 5185
262 5284
262 5894
262 6182
262 6533
262 6868
262 7033
262 7175
262 7211
262 7384
262 7386
262 7631
262 7674
262 7885
262 8068
262 8281
262 8779
262 9160
262 9780
263 270
263 299
263 360
263 557
263 713
263 1444
263 1608
263 1645
263 1701
263 1819
263 2099
263 2298
263 2394
263 2737
263 2946
263 3160
263 3246
263 3251
263 3413
263 3822
263 4013
263 5479
263 5648
263 5687
263 6192
263 6581
263 6682
263 7225
263 7507
263 7564
263 8013
263 8881
263 9638
263 9921
264 381
264 437
264 445
264 451
264 464
264 530
264 721
264 862
264 889
264 1277
264 1882
264 2010
264 2441
264 3071
264 3155
264 3216
264 3291
264 3644
264 3682
264 3953
264 3977
264 5771
264 6034
264 6224
264 6363
264 6665
264 7654
264 7727
264 7886
264 8360
264 8794
264 9072
264 9320
264 9608
264 9817
264 9916
264 9975
265 368
265 369
265 376
265 516
265 526
265 563
265 723
265 869
265 875
265 877
265 967
265 995
265 1134
265 1291
265 1334
265 1342
265 1467
265 2163
265 2241
265 2324
265 2363
265 2449
265 2571
265 2661
265 2673
265 2738
265 3435
265 3466
265 3536
265 3970
265 4116
265 4127
265 4250
265 4320
265 4767
265 4804
265 4821
265 4843
265 4978
265 5042
265 5043
265 5062
265 5146
265 5256
265 5807
265 5919
265 6452
265 6711
265 7341
265 7344
265 8086
265 8350
265 8546
265 8627
265 8721
265 9048
265 9276
265 9286
265 9346
265 9491
265 9878
266 298
266 334
266 343
266 398
266 507
266 512
266 559
266 569
266 600
266 751
266 785
266 820
266 889
266 896
266 902
266 972
266 1012
266 1054
266 1175
266 1428
266 1575
266 1585
266 1757
266 1790
266 1851
266 1899
266 2000
266 2068
266 2070
266 2127
266 2364
266 2476
266 2518
266 2642
266 2844
266 2865
266 2934
266 2948
266 3183
266 3681
266 3866
266 3946
266 4193
266 4246
266 4337
266 4905
266 5237
266 5259
266 5421
266 5486
266 5537
266 6289
266 6593
266 6804
266 7216
266 7725
266 8295
266 8503
266 8508
266 8591
266 9498
266 9673
267 272
267 463
267 485
267 536
267 565
267 595
267 615
267 769
267 824
267 886
267 914
267 925
267 1056
267 1110
267 1280
267 1326
267 1339
267 1352
267 1467
267 1482
267 1561
267 1584
267 1670
267 1702
267 1747
267 1973
267 2215
267 2345
267 2377
267 2497
267 2782
267 3071
267 3138
267 3594
267 3925
267 4347
267 4499
267 4664
267 4740
267 4974
267 5365
267 5437
267 6154
267 6614
267 6804
267 6887
267 6922
267 7736
267 8318
267 9030
267 9067
267 9380
267 9396
267 9635
267 9677
268 310
268 329
268 331
268 335
268 378
268 533
268 555
268 583
268 653
268 726
268 728
268 832
268 833
268 884
268 910
268 1062
268 1118
268 1240
268 1266
268 1279
268 1402
268 1411
268 1608
268 1617
268 1634
268 1645
268 1837
268 1912
268 1930
268 1941
268 2139
268 2222
268 2265
268 2299
268 2311
268 2560
268 2568
268 2609
268 2719
268 2766
268 2861
268 2888
268 2983
268 3462
268 3471
268 3575
268 3753
268 3757
268 4057
268 4237
268 4275
268 4686
268 4723
268 4816
268 5247
268 5371
268 5408
268 5495
268 5526
268 5920
268 6392
268 6424
268 6763
268 7139
268 7153
268 8177
268 8321
268 8599
268 9216
268 9287
268 9592
269 341
269 461
269 563
269 891
269 1030
269 1108
269 1140
269 1345
269 2232
269 2267
269 2725
269 4030
269 4493
269 4787
269 5223
269 5473
269 6007
269 6365
269 6370
269 6670
269 7319
269 7443
269 7449
269 9142
269 9837
269 9884
270 350
270 411
270 429
270 527
270 536
270 578
270 586
270 603
270 610
270 645
270 678
270 692
270 767
270 778
270 846
270 865
270 870
270 919
270 955
270 987
270 1072
270 1155
270 1236
270 1256
270 1514
270 1621
270 1710
270 1743
270 1797
270 1925
270 1943
270 1965
270 2062
270 2281
270 2286
270 2697
270 2842
270 3051
270 3165
270 3221
270 3463
270 3852
270 3938
270 4678
270 4810
270 5145
270 5358
270 5904
270 6140
270 6224
270 6351
270 6423
270 6762
270 7157
270 7167
270 7592
270 7730
270 7977
270 8392
270 8440
270 8769
270 8875
270 9052
270 9099
270 9157
270 9700
270 9925
270 9964
271 275
271 468
271 476
271 594
271 609
271 673
271 732
271 930
271 1094
271 1569
271 1596
271 1607
271 1809
271 1924
271 1932
271 1954
271 2005
271 2110
271 2142
271 2256
271 2388
271 2620
271 2812
271 2962
271 3093
271 3381
271 3650
271 3699
271 3804
271 4018
271 4200
271 4879
271 4976
271 5063
271 5108
271 5151
271 5355
271 5629
271 5744
271 6501
271 6669
271 6692
271 7314
271 7746
271 8005
271 8264
271 8325
271 8630
271 9404
271 9646
271 9713
272 309
272 313
272 346
272 413
272 436
272 449
272 462
272 467
272 498
272 595
272 748
272 764
272 829
272 836
272 837
272 849
272 1354
272 1836
272 1889
272 1979
272 1999
272 2047
272 2347
272 2384
272 2499
272 2727
272 2734
272 2756
272 3067
272 3431
272 3508
272 3585
272 3636
272 3652
272 4339
272 4520
272 4940
272 4962
272 5016
272 5481
272 5669
272 5740
272 6436
272 6632
272 6859
272 7562
272 7745
272 7946
272 8090
272 8232
272 8749
272 9097
272 9551
272 9670
272 9948
272 9973
273 289
273 341
273 432
273 540
273 543
273 582
273 683
273 726
273 747
273 754
273 758
273 776
273 803
273 884
273 939
273 989
273 999
273 1085
273 1178
273 1285
273 1289
273 1587
273 1624
273 1660
273 1673
273 1746
273 1908
273 1996
273 2019
273 2113
273 2160
273 2264
273 2462
273 2714
273 2785
273 2807
273 2820
273 2883
273 2923
273 3073
273 3075
273 3096
273 3187
273 3230
273 3389
273 3924
273 4001
273 4146
273 4379
273 4451
273 4663
273 5470
273 5555
273 5570
273 5645
273 5649
273 5897
273 6058
273 6413
273 6523
273 7276
273 7455
273 7816
273 7969
273 8199
273 8781
273 8908
273 9843
273 9996
274 284
274 374
274 384
274 422
274 495
274 593
274 728
274 813
274 823
274 867
274 876
274 932
274 1232
274 1380
274 1472
274 1480
274 1553
274 1628
274 1682
274 1747
274 2921
274 3072
274 3109
274 3116
274 3514
274 3640
274 4279
274 4703
274 4744
274 6096
274 6479
274 6545
274 6666
274 6742
274 6796
274 6844
274 7713
274 7891
274 8655
274 8794
274 9032
274 9319
274 9910
274 9940
275 299
275 304
275 335
275 392
275 487
275 715
275 771
275 800
275 975
275 1128
275 1359
275 1539
275 1647
275 1738
275 1768
275 2387
275 2823
275 2847
275 2873
275 3218
275 3232
275 3268
275 4124
275 4230
275 4351
275 4539
275 4673
275 4760
275 4926
275 5633
275 6005
275 6084
275 6666
275 6982
275 7113
275 8681
275 8850
275 9078
275 9425
275 9790
276 425
276 456
276 521
276 593
276 634
276 943
276 1225
276 1255
276 1322
276 1756
276 1781
276 1911
276 1954
276 2035
276 2058
276 2109
276 2178
276 2501
276 2555
276 2664
276 2800
276 2924
276 3568
276 4028
276 4277
276 4674
276 4706
276 4856
276 4931
276 5058
276 5179
276 6052
276 6396
276 6667
276 6677
276 6989
276 8051
276 8293
276 8430
276 8487
276 9579
276 9925
276 9962
277 299
277 330
277 389
277 401
277 419
277 428
277 584
277 683
277 846
277 906
277 984
277 1194
277 1206
277 1262
277 1369
277 1444
277 1549
277 1863
277 2126
277 2206
277 2230
277 2613
277 2706
277 2997
277 3202
277 3258
277 3262
277 3326
277 3489
277 3598
277 3636
277 3668
277 3807
277 3842
277 4009
277 4071
277 4461
277 4501
277 4736
277 4893
277 4936
277 5152
277 5756
277 6159
277 6237
277 6601
277 7019
277 7101
277 7153
277 8015
277 8018
277 8275
277 8603
277 8694
277 8843
277 8851
277 8904
277 8906
277 8997
277 9212
277 9907
277 9946
278 282
278 292
278 308
278 339
278 459
278 661
278 662
278 895
278 988
278 1082
278 1276
278 1279
278 1777
278 1817
278 1820
278 1834
278 1871
278 1989
278 2131
278 2335
278 2381
278 2487
278 2490
278 2691
278 3571
278 4578
278 4734
278 4903
278 4943
278 5317
278 6040
278 6170
278 6515
278 6684
278 6768
278 6821
278 6829
278 6974
278 7407
278 7435
278 7909
278 9067
278 9142
278 9221
278 9530
278 9882
279 391
279 817
279 897
279 1257
279 1505
279 1575
279 1579
279 2080
279 2205
279 2439
279 2862
279 3421
279 3966
279 4670
279 5396
279 5420
279 6236
279 6984
279 7706
279 8106
279 8501
279 8701
279 9052
279 9185
279 9918
279 9919
280 655
280 1062
280 1425
280 1875
280 2439
280 2528
280 3100
280 3236
280 3653
280 3871
280 4228
280 5218
280 5309
280 5863
280 6256
280 6315
280 7139
280 8398
280 8937
280 8955
281 362
281 594
281 628
281 824
281 831
281 857
281 966
281 1276
281 1404
281 1426
281 1451
281 1470
281 1600
281 1702
281 1818
281 2019
281 2033
281 2105
281 2292
281 2443
281 2459
281 2464
281 2544
281 2603
281 2764
281 2817
281 2915
281 2996
281 3001
281 3034
281 3215
281 3291
281 3324
281 3433
281 3479
281 3637
281 3721
281 3983
281 4069
281 4153
281 4169
281 4387
281 4412
281 4876
281 4887
281 5098
281 5785
281 5812
281 6001
281 6120
281 6381
281 6713
281 6949
281 7021
281 7036
281 7161
281 7402
281 7465
281 7583
281 7596
281 7680
281 7682
281 7789
281 7841
281 7935
281 8158
281 8332
281 8586
281 8724
281 9679
281 9681
282 310
282 534
282 600
282 1042
282 1223
282 1248
282 1273
282 1321
282 1330
282 1664
282 1778
282 2088
282 2230
282 2324
282 2385
282 2475
282 2921
282 2943
282 3119
282 3209
282 3364
282 3478
282 3825
282 3863
282 3900
282 4413
282 6421
282 6781
282 7443
282 8592
282 8614
282 8992
282 9973
283 350
283 365
283 372
283 397
283 423
283 580
283 599
283 659
283 676
283 849
283 960
283 1121
283 1180
283 1240
283 1265
283 1274
283 1539
283 1618
283 2512
283 3110
283 3311
283 3548
283 3783
283 4214
283 5502
283 5877
283 5947
283 7209
283 7460
283 8114
283 8205
283 8616
283 8632
283 8892
283 8933
283 9191
284 301
284 306
284 429
284 464
284 559
284 626
284 674
284 799
284 865
284 869
284 881
284 1021
284 1027
284 1089
284 1161
284 1182
284 1194
284 1199
284 1208
284 1280
284 1315
284 1359
284 1421
284 1482
284 1520
284 1587
284 1625
284 1655
284 1712
284 1937
284 2134
284 2192
284 2365
284 2391
284 2397
284 2435
284 2792
284 2794
284 2822
284 2832
284 2929
284 2962
284 3161
284 3165
284 3210
284 3214
284 3394
284 3454
284 3496
284 3886
284 4062
284 4064
284 4123
284 4158
284 4162
284 4284
284 4418
284 4683
284 5018
284 5222
284 5282
284 5323
284 5326
284 5359
284 5369
284 5410
284 5433
284 5558
284 5613
284 5662
284 5815
284 5914
284 5928
284 6128
284 6181
284 6229
284 6414
284 6445
284 6643
284 6812
284 6895
284 6988
284 7046
284 7072
284 7088
284 7198
284 7378
284 7549
284 7701
284 7821
284 7956
284 8359
284 8728
284 8851
284 8863
284 8998
284 9278
284 9388
285 372
285 467
285 542
285 562
285 583
285 729
285 811
285 832
285 838
285 896
285 964
285 1284
285 1637
285 1694
285 2815
285 2998
285 3136
285 3235
285 3377
285 3894
285 4241
285 4349
285 5030
285 5311
285 5348
285 5824
285 5967
285 6253
285 7265
285 7678
285 7893
285 8197
285 9307
285 9477
285 9798
285 9867
286 306
286 337
286 473
286 663
286 748
286 851
286 1155
286 1391
286 1396
286 1556
286 1737
286 1863
286 1871
286 1898
286 1905
286 2037
286 2068
286 2171
286 2209
286 2362
286 2371
286 2400
286 2406
286 2711
286 2824
286 3105
286 3146
286 3217
286 3273
286 3360
286 3444
286 3687
286 3824
286 4190
286 4541
286 4582
286 4921
286 5107
286 5395
286 5557
286 5564
286 5598
286 5627
286 6277
286 6770
286 7016
286 7279
286 7574
286 8596
286 9086
286 9550
286 9556
286 9661
286 9666
286 9741
287 298
287 353
287 435
287 556
287 574
287 585
287 804
287 848
287 974
287 1150
287 1286
287 1523
287 2003
287 2200
287 2440
287 2657
287 2665
287 2829
287 3092
287 3296
287 3455
287 3498
287 4067
287 4175
287 4299
287 4558
287 5192
287 5794
287 5924
287 5977
287 6080
287 6110
287 6241
287 6532
287 6887
287 7164
287 7316
287 7461
287 7638
287 7678
287 7745
287 7977
287 8301
287 8598
287 8705
287 9001
287 9418
287 9509
287 9624
287 9664
287 9710
287 9913
288 389
288 497
288 576
288 752
288 817
288 854
288 1185
288 1514
288 1942
288 2239
288 2944
288 3089
288 3317
288 3456
288 3625
288 3696
288 3889
288 4349
288 4434
288 4733
288 5089
288 5249
288 5281
288 5865
288 6003
288 6220
288 6388
288 6524
288 6585
288 6662
288 6773
288 7521
288 8192
288 8539
288 8783
288 8885
288 9187
288 9578
289 326
289 426
289 446
289 479
289 582
289 634
289 638
289 665
289 682
289 700
289 708
289 833
289 840
289 990
289 1020
289 1024
289 1041
289 1079
289 1120
289 1125
289 1299
289 1399
289 1438
289 1496
289 1743
289 1848
289 2025
289 2108
289 2161
289 2205
289 2424
289 2451
289 2500
289 2579
289 2870
289 2932
289 3149
289 3389
289 3404
289 3413
289 3509
289 3518
289 3528
289 3751
289 3777
289 3780
289 3840
289 3955
289 4161
289 4411
289 4630
289 4691
289 4694
289 4808
289 4856
289 5055
289 5081
289 5380
289 5659
289 5843
289 5942
289 6363
289 6555
289 7108
289 7296
289 7492
289 7746
289 8065
289 8229
289 8304
289 8469
289 8696
289 8794
289 8808
289 8944
289 8946
289 9201
289 9403
289 9417
289 9473
289 9727
289 9794
289 9834
289 9934
289 9995
290 319
290 329
290 366
290 415
290 425
290 522
290 609
290 666
290 770
290 841
290 977
290 1016
290 1017
290 1107
290 1135
290 1302
290 1328
290 1347
290 1369
290 1412
290 1476
290 1749
290 2309
290 2556
290 2600
290 2888
290 2909
290 3368
290 3854
290 4028
290 4265
290 4828
290 4902
290 4944
290 6133
290 6590
290 6727
290 7011
290 7246
290 7491
290 7982
290 8465
290 8603
290 8640
290 8952
290 9508
290 9882
291 307
291 368
291 421
291 631
291 643
291 695
291 727
291 817
291 1166
291 1175
291 1195
291 1567
291 1781
291 2083
291 2169
291 2811
291 2870
291 3040
291 3204
291 3259
291 3399
291 3703
291 3729
291 4901
291 5047
291 5310
291 5342
291 5659
291 6201
291 6433
291 7173
291 7767
291 7891
291 8857
291 9516
292 328
292 331
292 481
292 484
292 629
292 710
292 718
292 1270
292 1331
292 1333
292 1421
292 1848
292 1924
292 2094
292 2123
292 2338
292 2419
292 2446
292 2505
292 2645
292 2791
292 3047
292 3237
292 3652
292 3678
292 3867
292 3990
292 4579
292 4590
292 4813
292 4926
292 4928
292 5096
292 5179
292 5610
292 5890
292 6375
292 7768
292 8114
292 8869
292 8932
293 307
293 327
293 371
293 436
293 471
293 623
293 636
293 675
293 713
293 731
293 791
293 815
293 878
293 1026
293 1161
293 1171
293 1452
293 1466
293 1535
293 1573
293 1585
293 1672
293 2173
293 2196
293 2227
293 2288
293 2512
293 2615
293 2623
293 2803
293 2811
293 3046
293 3294
293 3440
293 3580
293 3731
293 3741
293 3969
293 4173
293 4301
293 4315
293 4391
293 4397
293 4436
293 4442
293 4556
293 4833
293 5023
293 5614
293 5623
293 6266
293 6588
293 6823
293 6858
293 6915
293 6963
293 6966
293 7017
293 7020
293 7149
293 7151
293 7191
293 7582
293 7619
293 7642
293 7644
293 7697
293 7699
293 7761
293 7880
293 7911
293 8125
293 8239
293 8366
293 8535
293 8631
293 8683
293 8816
293 8862
293 8959
293 9136
293 9260
293 9895
294 424
294 512
294 542
294 807
294 820
294 979
294 993
294 1034
294 1288
294 1623
294 1802
294 1890
294 1922
294 2233
294 2303
294 2313
294 2397
294 2419
294 2556
294 2561
294 2612
294 3167
294 3174
294 3297
294 3323
294 3373
294 3831
294 3833
294 4021
294 4029
294 4206
294 4271
294 4770
294 5389
294 5475
294 5516
294 5849
294 5927
294 6407
294 6552
294 6558
294 7185
294 7515
294 7794
294 7850
294 8356
294 8380
294 8770
294 8813
294 9463
294 9840
295 367
295 493
295 501
295 554
295 1025
295 1132
295 1156
295 1493
295 1505
295 1590
295 1755
295 1907
295 1933
295 2024
295 2104
295 2184
295 2291
295 2690
295 2760
295 2922
295 2948
295 3001
295 3024
295 3461
295 4175
295 4240
295 4294
295 4689
295 4800
295 4979
295 5022
295 5502
295 5621
295 6492
295 6548
295 6570
295 6625
295 6711
295 7020
295 7126
295 7595
295 7738
295 7878
295 8602
295 8867
295 8983
295 9393
296 303
296 433
296 954
296 1130
296 1136
296 1163
296 1164
296 1834
296 1854
296 1989
296 2130
296 2383
296 2525
296 2530
296 2916
296 3180
296 3221
296 3509
296 3648
296 3753
296 3912
296 4109
296 4133
296 4263
296 5416
296 5822
296 6279
296 6297
296 6298
296 6544
296 6925
296 7906
296 8088
296 8554
296 8852
296 9841
297 330
297 509
297 630
297 726
297 802
297 858
297 898
297 905
297 940
297 954
297 1238
297 1241
297 1366
297 1579
297 1726
297 2008
297 2146
297 2460
297 2947
297 3493
297 4107
297 4274
297 4863
297 4884
297 4894
297 5296
297 5384
297 5436
297 5446
297 5491
297 6135
297 6537
297 6740
297 7420
297 8535
297 9177
297 9791
297 9871
298 326
298 376
298 447
298 450
298 458
298 555
298 718
298 726
298 730
298 731
298 821
298 1149
298 1366
298 1574
298 1617
298 1718
298 2233
298 2397
298 2398
298 2531
298 2997
298 3189
298 3192
298 3321
298 3517
298 3563
298 3755
298 4123
298 4432
298 4464
298 5199
298 5209
298 5374
298 5524
298 5539
298 5764
298 6082
298 6784
298 6913
298 7235
298 7362
298 7908
298 8155
298 8309
298 8338
298 8431
298 8710
298 8838
298 8956
298 9134
298 9189
298 9666
298 9714
299 333
299 335
299 349
299 385
299 388
299 399
299 404
299 427
299 457
299 606
299 736
299 739
299 907
299 1194
299 1266
299 1294
299 1418
299 1462
299 1934
299 2008
299 2335
299 2499
299 2682
299 2699
299 2945
299 3340
299 3397
299 3745
299 3868
299 4012
299 4138
299 4209
299 4357
299 4400
299 4485
299 4498
299 4602
299 4614
299 4690
299 5183
299 5222
299 5293
299 5311
299 5472
299 5827
299 5857
299 5928
299 6055
299 6299
299 6740
299 7079
299 7137
299 7322
299 7505
299 7947
299 7989
299 8067
299 8072
299 8105
299 8130
299 8446
299 8576
299 8687
299 8999
299 9202
299 9491
299 9842
300 309
300 340
300 376
300 428
300 456
300 490
300 516
300 558
300 573
300 586
300 664
300 712
300 942
300 963
300 1031
300 1033
300 1176
300 1202
300 1330
300 1355
300 1365
300 1367
300 1416
300 1522
300 1637
300 1710
300 1728
300 1735
300 1826
300 1980
300 2179
300 2428
300 2696
300 2735
300 2740
300 2831
300 2953
300 3062
300 3127
300 3171
300 3475
300 3577
300 3786
300 3885
300 4054
300 4272
300 4325
300 4397
300 4462
300 4769
300 4828
300 5218
300 5425
300 5426
300 5466
300 5774
300 5815
300 5857
300 6020
300 6085
300 6291
300 6408
300 6537
300 6579
300 6717
300 6924
300 7013
300 7163
300 7407
300 7591
300 8495
300 8504
300 8561
300 8718
300 9075
300 9396
300 9413
300 9628
301 316
301 360
301 374
301 443
301 477
301 498
301 554
301 684
301 722
301 742
301 892
301 1044
301 1130
301 1152
301 1218
301 1251
301 1606
301 1741
301 1790
301 1805
301 1885
301 1912
301 2002
301 2144
301 2191
301 2407
301 2513
301 2571
301 2739
301 2756
301 3046
301 3066
301 3097
301 3142
301 3319
301 3436
301 4040
301 4246
301 4331
301 4408
301 4700
301 5090
301 5221
301 5401
301 5441
301 5666
301 5829
301 6103
301 6193
301 6501
301 6890
301 6960
301 6997
301 7006
301 7197
301 7486
301 7760
301 7895
301 7929
301 7993
301 8174
301 8318
301 9411
302 512
302 524
302 896
302 1065
302 1300
302 1524
302 1595
302 1678
302 2168
302 2193
302 2604
302 2613
302 2629
302 2678
302 2785
302 3207
302 3406
302 3445
302 3614
302 4031
302 4312
302 4416
302 4439
302 5357
302 5407
302 5475
302 5842
302 5945
302 6098
302 6192
302 6602
302 7193
302 7506
302 7524
302 8787
302 9130
302 9748
302 9813
303 311
303 329
303 379
303 468
303 498
303 500
303 576
303 783
303 1125
303 1676
303 1954
303 2025
303 2195
303 2830
303 3018
303 3607
303 3998
303 4018
303 4077
303 4104
303 4193
303 4307
303 4484
303 4486
303 4726
303 4952
303 5182
303 5529
303 5841
303 5864
303 5965
303 6123
303 6224
303 6313
303 7328
303 7387
303 7570
303 7615
303 8256
303 8315
303 8343
304 359
304 472
304 653
304 664
304 1387
304 1444
304 1619
304 1649
304 1806
304 1915
304 2106
304 2150
304 2207
304 2398
304 2676
304 2780
304 2979
304 3069
304 3323
304 3342
304 3470
304 3491
304 3598
304 3601
304 4096
304 4180
304 4223
304 4279
304 4293
304 4655
304 4763
304 4832
304 5399
304 5709
304 5879
304 5957
304 6345
304 6416
304 6633
304 6677
304 6836
304 7176
304 7423
304 7708
304 8344
304 8408
304 8416
304 8542
304 8856
304 9044
304 9314
304 9737
305 314
305 321
305 366
305 398
305 442
305 496
305 503
305 586
305 645
305 694
305 733
305 837
305 965
305 977
305 1217
305 1386
305 1500
305 1552
305 1587
305 1689
305 1716
305 1881
305 1942
305 1978
305 2041
305 2090
305 2102
305 2139
305 2174
305 2292
305 2353
305 2359
305 2372
305 2434
305 2560
305 2562
305 2655
305 2715
305 2868
305 3108
305 3127
305 3643
305 3774
305 3815
305 4101
305 4141
305 4177
305 4613
305 5296
305 6077
305 6542
305 6660
305 6666
305 7554
305 7897
305 8203
305 8946
305 9003
305 9494
305 9526
306 330
306 383
306 452
306 760
306 798
306 843
306 905
306 946
306 1007
306 1030
306 1102
306 1398
306 1411
306 1431
306 1451
306 1483
306 1967
306 2224
306 2712
306 2747
306 2750
306 2947
306 3059
306 3380
306 3635
306 3783
306 4165
306 4183
306 4405
306 4451
306 4481
306 4555
306 4657
306 4725
306 4875
306 5177
306 5302
306 5305
306 5594
306 5655
306 5795
306 5991
306 6042
306 6225
306 7003
306 7270
306 7458
306 7459
306 7460
306 7481
306 7493
306 7746
306 7957
306 8421
306 8470
306 8597
306 8775
306 9401
306 9414
306 9793
307 327
307 354
307 693
307 719
307 780
307 789
307 901
307 928
307 1168
307 1173
307 1183
307 1351
307 1387
307 1442
307 1477
307 1545
307 1740
307 1931
307 1974
307 2089
307 2110
307 2116
307 2136
307 2154
307 2386
307 2428
307 2550
307 3074
307 3178
307 3426
307 3451
307 3554
307 3686
307 3722
307 4199
307 4378
307 4551
307 4566
307 4847
307 4992
307 5106
307 5535
307 5667
307 5874
307 6030
307 6246
307 6838
307 7107
307 7426
307 7715
307 7811
307 7902
307 7929
307 8242
307 8404
307 8508
307 8813
307 9470
308 332
308 477
308 527
308 585
308 864
308 869
308 1086
308 1188
308 1195
308 1328
308 1336
308 1375
308 1627
308 2053
308 2128
308 2597
308 2605
308 2650
308 2794
308 3358
308 3796
308 4106
308 4267
308 4849
308 6273
308 6421
308 6834
308 7246
308 7437
308 7630
308 8200
308 8706
308 8874
308 8909
308 9028
309 356
309 406
309 413
309 426
309 428
309 433
309 467
309 564
309 606
309 915
309 1030
309 1145
309 1185
309 1290
309 1301
309 1358
309 1401
309 1448
309 1564
309 1694
309 1741
309 1820
309 1908
309 1910
309 2592
309 3223
309 3692
309 3741
309 3842
309 3923
309 4094
309 4413
309 4642
309 4892
309 4983
309 5082
309 5229
309 5463
309 5727
309 5769
309 5789
309 6030
309 6660
309 6724
309 7052
309 7591
309 7599
309 7608
309 7806
309 8226
309 8737
309 8747
309 8756
309 8863
309 9689
309 9757
310 476
310 1005
310 1076
310 1260
310 1559
310 1568
310 2152
310 2270
310 2531
310 2596
310 3279
310 3282
310 3860
310 4294
310 4362
310 4544
310 4860
310 4960
310 5515
310 5666
310 5713
310 8186
310 8421
310 8640
310 8962
310 9058
310 9089
310 9192
310 9293
310 9631
311 761
311 882
311 1355
311 1394
311 1454
311 1513
311 2410
311 3034
311 3128
311 3144
311 3686
311 3959
311 4042
311 4125
311 4652
311 4933
311 5460
311 5942
311 6262
311 7308
311 7625
311 7638
311 9094
311 9304
311 9751
312 323
312 354
312 460
312 811
312 906
312 914
312 994
312 1000
312 1211
312 1510
312 1758
312 2217
312 2227
312 3532
312 3598
312 3859
312 3943
312 4230
312 4325
312 5075
312 5524
312 5613
312 6013
312 6296
312 6454
312 7413
312 7766
312 7987
312 8312
312 8617
313 430
313 764
313 795
313 959
313 1060
313 1180
313 1389
313 1632
313 2029
313 2039
313 2135
313 2202
313 2253
313 2888
313 2978
313 3189
313 3224
313 3404
313 3487
313 3876
313 3983
313 4178
313 4527
313 4744
313 4871
313 5066
313 5090
313 5581
313 5751
313 5763
313 6287
313 6594
313 6791
313 6796
313 6864
313 7359
313 7442
313 7947
313 8398
313 8555
313 8576
313 8698
313 8804
313 9320
313 9508
314 319
314 361
314 363
314 573
314 592
314 612
314 792
314 1041
314 1307
314 1406
314 1429
314 1459
314 1489
314 1573
314 1704
314 1752
314 1777
314 1900
314 2000
314 2031
314 2095
314 2249
314 2349
314 2383
314 2533
314 2719
314 2912
314 2967
314 2996
314 3003
314 3036
314 3333
314 3400
314 3605
314 3962
314 4046
314 4056
314 4087
314 4164
314 4615
314 4677
314 4746
314 4867
314 4924
314 4977
314 4985
314 5131
314 5325
314 5472
314 5485
314 5521
314 5877
314 6003
314 6049
314 6087
314 6219
314 6293
314 6306
314 6311
314 6462
314 6751
314 6889
314 7021
314 7215
314 7987
314 8129
314 8336
314 8510
314 8769
314 8827
314 8903
314 9186
314 9549
314 9598
314 9633
314 9773
314 9882
314 9988
315 336
315 356
315 365
315 523
315 545
315 560
315 586
315 644
315 652
315 690
315 691
315 692
315 809
315 816
315 908
315 1144
315 1334
315 1389
315 1403
315 1615
315 1823
315 1903
315 1939
315 2008
315 2034
315 2036
315 2043
315 2098
315 2206
315 2319
315 2390
315 2421
315 2441
315 2448
315 2488
315 2531
315 2682
315 2684
315 2693
315 2890
315 2947
315 3040
315 3112
315 3231
315 3579
315 3603
315 3676
315 3739
315 3900
315 4041
315 4189
315 4581
315 4744
315 4773
315 4843
315 4912
315 4918
315 5323
315 5443
315 5469
315 5536
315 5617
315 5752
315 5804
315 6101
315 6174
315 6398
315 7091
315 7760
315 7950
315 7975
315 8273
315 9241
315 9597
315 9680
315 9913
315 9992
316 317
316 404
316 740
316 877
316 938
316 1010
316 1027
316 1072
316 1114
316 1364
316 1367
316 1651
316 1787
316 2023
316 2046
316 2179
316 2379
316 2707
316 2806
316 2906
316 2981
316 3036
316 3256
316 3829
316 3882
316 3956
316 4182
316 4183
316 4239
316 4490
316 4650
316 4960
316 5082
316 5237
316 5274
316 5721
316 5930
316 5989
316 6211
316 6273
316 6282
316 6387
316 6453
316 6498
316 6517
316 6870
316 6951
316 7293
316 7379
316 7456
316 7749
316 8135
316 8386
316 8564
316 8704
316 8894
316 9088
316 9601
316 9617
317 592
317 630
317 815
317 843
317 1022
317 1559
317 1843
317 2110
317 2125
317 2461
317 3145
317 3308
317 3359
317 3385
317 3539
317 3969
317 4192
317 4555
317 4755
317 5317
317 5413
317 5807
317 6319
317 6372
317 6481
317 6646
317 6814
317 7026
317 7468
317 7487
317 7750
317 8365
317 8480
317 8540
317 8982
317 9368
317 9579
318 326
318 345
318 461
318 464
318 547
318 671
318 688
318 772
318 891
318 1036
318 1057
318 1106
318 1148
318 1164
318 1199
318 1228
318 1294
318 1370
318 1571
318 1681
318 1958
318 1995
318 2149
318 2195
318 2261
318 2266
318 2377
318 2448
318 2838
318 2845
318 2975
318 3764
318 3942
318 4356
318 5125
318 5810
318 5988
318 6108
318 6339
318 6429
318 6898
318 7100
318 7230
318 7280
318 7359
318 7396
318 7850
318 8253
318 8665
318 8982
318 9137
318 9506
318 9521
318 9578
319 444
319 476
319 491
319 504
319 546
319 669
319 671
319 793
319 795
319 921
319 945
319 1058
319 1232
319 1413
319 1771
319 2328
319 2390
319 2477
319 2756
319 3439
319 3835
319 4742
319 4818
319 6288
319 6322
319 6337
319 6455
319 6472
319 6940
319 7518
319 7550
319 7682
319 7703
319 7801
319 8018
319 8175
319 8359
319 8606
319 8691
319 8826
319 8943
319 9528
319 9538
320 822
320 1043
320 1394
320 1672
320 1692
320 1846
320 2620
320 2853
320 3090
320 3589
320 4044
320 4062
320 4268
320 4455
320 4733
320 5883
320 6015
320 6239
320 6394
320 6657
320 8382
320 8510
320 9335
320 9538
320 9684
321 383
321 421
321 445
321 446
321 505
321 562
321 593
321 741
321 754
321 813
321 922
321 928
321 979
321 995
321 1067
321 1079
321 1107
321 1473
321 1660
321 2307
321 2317
321 2430
321 2518
321 2537
321 2573
321 2692
321 2832
321 3433
321 3584
321 4033
321 4054
321 4060
321 4375
321 4497
321 4722
321 4831
321 5190
321 5191
321 5242
321 5382
321 5485
321 5630
321 5671
321 5709
321 5714
321 5768
321 5814
321 6301
321 6550
321 6632
321 7150
321 7151
321 7176
321 7405
321 7613
321 8065
321 8798
321 8971
321 9266
321 9464
321 9699
322 329
322 366
322 563
322 607
322 775
322 1241
322 1334
322 1403
322 1433
322 1819
322 2030
322 2106
322 2260
322 2483
322 2565
322 2930
322 3058
322 3266
322 3301
322 3735
322 3762
322 3855
322 3879
322 3955
322 4164
322 4194
322 4212
322 4297
322 4462
322 4590
322 4858
322 4906
322 5172
322 5305
322 5420
322 5844
322 6421
322 6739
322 6754
322 6811
322 6829
322 6890
322 7278
322 7654
322 7673
322 7831
322 8391
322 8413
322 8444
322 8483
322 9037
322 9119
322 9233
322 9502
322 9984
323 350
323 355
323 386
323 584
323 636
323 653
323 667
323 817
323 867
323 915
323 970
323 1026
323 1127
323 1146
323 1147
323 1192
323 1287
323 1365
323 1450
323 1501
323 1696
323 1724
323 1734
323 1944
323 2012
323 2044
323 2344
323 2347
323 3046
323 3054
323 3141
323 3301
323 3313
323 3325
323 3648
323 3738
323 4019
323 4228
323 5297
323 6147
323 6198
323 6304
323 6403
323 6875
323 7147
323 7775
323 8342
323 8546
323 9001
323 9414
323 9629
323 9782
323 9810
324 377
324 399
324 506
324 525
324 753
324 833
324 858
324 1053
324 1064
324 1242
324 1246
324 1252
324 1369
324 1449
324 1465
324 1687
324 1728
324 1785
324 2023
324 2184
324 2434
324 2516
324 2672
324 2927
324 3033
324 3686
324 3795
324 3914
324 3981
324 3984
324 4204
324 4389
324 4494
324 5203
324 5232
324 5265
324 5640
324 6160
324 7230
324 7302
324 9677
324 9940
325 509
325 624
325 644
325 686
325 709
325 744
325 786
325 809
325 888
325 1236
325 1259
325 1359
325 1456
325 1630
325 1661
325 1823
325 1908
325 2023
325 2290
325 2451
325 2617
325 2981
325 3000
325 3197
325 3918
325 4611
325 4699
325 5357
325 5380
325 5440
325 6365
325 6935
325 7301
325 7489
325 7502
325 8106
325 8707
325 9468
325 9697
325 9766
325 9943
326 337
326 409
326 468
326 752
326 763
326 1022
326 1047
326 1049
326 1132
326 1185
326 1236
326 1298
326 1341
326 1588
326 1946
326 2107
326 2127
326 2368
326 2993
326 3041
326 3308
326 3420
326 3460
326 3625
326 3723
326 3769
326 3811
326 4240
326 4404
326 5170
326 5177
326 6290
326 6349
326 7526
326 7567
326 7674
326 7739
326 7741
326 7772
326 8401
326 9373
326 9376
327 369
327 383
327 675
327 743
327 763
327 967
327 1483
327 2254
327 2633
327 2676
327 2765
327 2886
327 3023
327 3176
327 3353
327 3360
327 3388
327 3737
327 3911
327 4458
327 4513
327 4974
327 5243
327 5642
327 6023
327 6307
327 6437
327 6447
327 6787
327 6919
327 6973
327 6987
327 7109
327 7213
327 7284
327 7672
327 8085
327 8154
327 8300
327 8364
327 8386
327 8489
327 9279
327 9286
327 9414
327 9584
328 388
328 416
328 557
328 565
328 609
328 638
328 776
328 1058
328 1219
328 1841
328 1877
328 2058
328 2760
328 2865
328 3426
328 3528
328 4049
328 4581
328 4607
328 4940
328 5224
328 5859
328 6361
328 6800
328 7657
328 7716
328 7741
328 7769
328 8423
328 8782
328 8824
328 8993
328 9735
329 344
329 423
329 439
329 508
329 537
329 607
329 635
329 676
329 710
329 727
329 742
329 866
329 1287
329 1345
329 1404
329 1536
329 1537
329 1637
329 1663
329 1722
329 1797
329 1799
329 2070
329 2091
329 2128
329 2246
329 2317
329 2474
329 2488
329 2536
329 2671
329 2796
329 2997
329 3067
329 3347
329 3405
329 3450
329 3808
329 3882
329 4461
329 4881
329 4965
329 5169
329 5402
329 5582
329 5766
329 5827
329 5927
329 6651
329 6665
329 6946
329 6971
329 7095
329 7483
329 7629
329 7681
329 7788
329 8814
329 9009
329 9537
330 441
330 457
330 470
330 534
330 545
330 584
330 591
330 656
330 679
330 696
330 729
330 741
330 872
330 884
330 893
330 987
330 1001
330 1011
330 1247
330 1432
330 1594
330 1826
330 1868
330 1985
330 2047
330 2212
330 2215
330 2242
330 2270
330 2284
330 2637
330 2738
330 3098
330 3427
330 3430
330 3535
330 3563
330 3589
330 3649
330 3770
330 3785
330 3872
330 3906
330 3920
330 4258
330 4610
330 4882
330 4890
330 5053
330 5199
330 5200
330 5222
330 5327
330 5332
330 5471
330 5518
330 5568
330 5633
330 5771
330 6097
330 6686
330 6927
330 7111
330 7171
330 7290
330 7420
330 7427
330 7792
330 8154
330 8174
330 8232
330 8685
330 8826
330 8900
330 9005
330 9140
330 9154
330 9469
330 9539
330 9856
330 9885
330 9986
330 9994
331 494
331 509
331 544
331 636
331 650
331 736
331 806
331 885
331 939
331 980
331 1231
331 1392
331 1592
331 1606
331 1645
331 1665
331 1794
331 1908
331 1997
331 2119
331 2261
331 2371
331 3130
331 3260
331 3298
331 3364
331 3372
331 3813
331 4563
331 4624
331 4804
331 5089
331 5194
331 5221
331 5672
331 5749
331 5989
331 6277
331 6425
331 6725
331 6731
331 6782
331 6790
331 6814
331 7488
331 8143
331 8798
331 9053
331 9072
331 9293
331 9305
331 9513
331 9595
331 9605
331 9964
332 347
332 514
332 947
332 950
332 1183
332 1503
332 1670
332 1731
332 1830
332 2095
332 2120
332 2242
332 3674
332 3934
332 3980
332 4173
332 4697
332 4727
332 4973
332 4985
332 5227
332 6384
332 6684
332 7287
332 8558
332 8726
332 8992
332 9714
333 348
333 447
333 457
333 467
333 569
333 604
333 716
333 725
333 775
333 826
333 975
333 1009
333 1089
333 1113
333 1198
333 1207
333 1219
333 1242
333 1410
333 1522
333 1597
333 1749
333 1923
333 1946
333 2096
333 2137
333 2337
333 2432
333 2619
333 2647
333 2649
333 2675
333 2707
333 2877
333 2880
333 2900
333 2908
333 2976
333 3041
333 3227
333 3315
333 3510
333 4067
333 4112
333 4133
333 4325
333 4435
333 4660
333 4714
333 4812
333 4936
333 5040
333 5216
333 5523
333 5927
333 5973
333 6355
333 6399
333 6780
333 6847
333 7032
333 7110
333 7397
333 7580
333 7788
333 7818
333 7888
333 8080
333 8194
333 8353
333 8462
333 8473
333 8702
333 9234
333 9571
334 392
334 445
334 623
334 725
334 1093
334 1135
334 1145
334 1286
334 1449
334 1640
334 1759
334 1876
334 1902
334 1921
334 2180
334 2634
334 2673
334 2743
334 2774
334 3009
334 3022
334 3102
334 3231
334 3266
334 3359
334 3415
334 3491
334 3556
334 3656
334 3718
334 3776
334 3852
334 3899
334 3911
334 3969
334 4067
334 4143
334 4193
334 4302
334 4325
334 4360
334 4402
334 4749
334 4898
334 5765
334 5823
334 5873
334 6099
334 6517
334 6528
334 6531
334 6575
334 6651
334 6732
334 7141
334 7157
334 7249
334 7418
334 7432
334 7471
334 7684
334 7782
334 7942
334 8054
334 8272
334 8506
334 8511
334 8521
334 8847
334 9010
334 9223
334 9702
334 9750
334 9832
334 9917
335 386
335 503
335 516
335 556
335 1135
335 1190
335 1196
335 1219
335 1542
335 1797
335 1821
335 1942
335 2085
335 2277
335 2296
335 3110
335 3200
335 3413
335 3489
335 3671
335 3679
335 3722
335 3887
335 4287
335 4902
335 5345
335 5707
335 6947
335 7732
335 8766
335 9707
335 9806
336 342
336 438
336 465
336 503
336 530
336 559
336 589
336 605
336 620
336 638
336 780
336 799
336 815
336 834
336 871
336 933
336 952
336 1114
336 1124
336 1356
336 1520
336 1578
336 1613
336 1718
336 1916
336 2145
336 2185
336 2308
336 2314
336 2355
336 2376
336 2603
336 2736
336 2780
336 3211
336 3293
336 3382
336 3542
336 3916
336 3926
336 3987
336 4384
336 4541
336 4926
336 4933
336 4958
336 5109
336 5453
336 5945
336 6164
336 6221
336 6299
336 7067
336 7343
336 7883
336 8067
336 8447
336 8559
336 8591
336 8711
336 9440
336 9656
337 342
337 517
337 651
337 805
337 854
337 1182
337 1289
337 1522
337 1591
337 1676
337 1692
337 1794
337 1830
337 2041
337 2482
337 2563
337 2573
337 3578
337 3740
337 3794
337 3990
337 4066
337 4160
337 4577
337 4758
337 4793
337 4903
337 5397
337 5556
337 6469
337 6891
337 7086
337 7314
337 7326
337 7353
337 8227
337 8594
337 8807
337 9202
338 392
338 417
338 475
338 669
338 685
338 716
338 802
338 816
338 865
338 868
338 969
338 1012
338 1032
338 1153
338 1207
338 1234
338 1274
338 1398
338 1406
338 1435
338 1448
338 1566
338 1625
338 1666
338 1912
338 2189
338 2366
338 2510
338 2540
338 2648
338 2688
338 2782
338 2799
338 2912
338 2998
338 3203
338 3403
338 3701
338 3726
338 3730
338 3774
338 3910
338 4002
338 4332
338 4333
338 4647
338 5418
338 5588
338 5607
338 5624
338 5965
338 5973
338 5977
338 6037
338 6049
338 6397
338 6776
338 7152
338 7423
338 7556
338 7606
338 7784
338 8565
338 8571
338 8667
338 8697
338 9197
338 9224
338 9324
338 9905
338 9977
339 454
339 480
339 504
339 529
339 571
339 628
339 708
339 728
339 751
339 790
339 812
339 919
339 1068
339 1340
339 1359
339 1421
339 1543
339 1653
339 1669
339 1704
339 1889
339 2076
339 2426
339 2540
339 3141
339 3217
339 3377
339 3706
339 3747
339 3758
339 3884
339 4355
339 4416
339 4543
339 4794
339 4854
339 4859
339 4935
339 4943
339 5099
339 5160
339 5776
339 5864
339 5949
339 5953
339 6041
339 6071
339 6187
339 6464
339 6505
339 6626
339 6663
339 7059
339 7168
339 7309
339 7345
339 7855
339 8018
339 8080
339 9293
339 9831
340 610
340 827
340 845
340 939
340 1077
340 2578
340 2795
340 2866
340 3823
340 3962
340 3996
340 4289
340 4923
340 5132
340 5529
340 5914
340 6577
340 6695
340 6947
340 7605
340 8398
340 8401
341 374
341 519
341 759
341 803
341 1011
341 1092
341 1192
341 1294
341 1369
341 1616
341 1727
341 1861
341 2188
341 2638
341 2687
341 2934
341 3001
341 3472
341 3502
341 3742
341 3870
341 3907
341 3989
341 5012
341 5131
341 5353
341 5478
341 5635
341 5649
341 5781
341 5847
341 6161
341 6236
341 6264
341 6728
341 6838
341 8582
341 8911
341 9242
341 9365
341 9440
342 395
342 722
342 850
342 1043
342 1297
342 1361
342 1497
342 1681
342 1791
342 1909
342 1922
342 2142
342 2186
342 2420
342 2820
342 2823
342 2876
342 3081
342 3403
342 3556
342 3630
342 3643
342 3802
342 3881
342 4157
342 4777
342 4907
342 5093
342 5244
342 5691
342 6321
342 6463
342 6504
342 6509
342 6866
342 6955
342 7336
342 7492
342 7931
342 8241
342 8944
342 8994
342 9136
342 9278
342 9334
342 9824
342 9847
343 351
343 378
343 379
343 515
343 741
343 752
343 754
343 770
343 900
343 1178
343 1189
343 1249
343 1264
343 1465
343 1722
343 2114
343 2215
343 2329
343 2459
343 3012
343 3202
343 3220
343 3282
343 3303
343 3703
343 5073
343 5470
343 5801
343 6022
343 6702
343 7998
343 8066
343 8134
343 8161
343 9011
343 9602
343 9754
344 359
344 418
344 442
344 511
344 604
344 635
344 749
344 753
344 1112
344 1272
344 1355
344 1360
344 1616
344 1883
344 2057
344 2316
344 2420
344 2781
344 3117
344 4067
344 4422
344 4597
344 4701
344 4966
344 5150
344 5268
344 5346
344 5460
344 5745
344 6100
344 6720
344 6933
344 8312
344 8550
344 8753
344 8905
344 9226
344 9264
345 505
345 526
345 699
345 775
345 1039
345 1109
345 1188
345 1333
345 1560
345 2003
345 2191
345 2363
345 2464
345 2497
345 2912
345 3226
345 3237
345 3573
345 3881
345 3924
345 3929
345 4187
345 5034
345 5094
345 5236
345 5291
345 5314
345 5434
345 5538
345 5818
345 5989
345 6929
345 6962
345 6967
345 7183
345 7447
345 7469
345 7765
345 8218
345 8335
345 8519
345 8551
345 9026
345 9848
346 638
346 683
346 748
346 972
346 1015
346 1075
346 1306
346 1415
346 1583
346 1705
346 1788
346 1940
346 2027
346 2033
346 2128
346 2355
346 2567
346 2740
346 4135
346 4979
346 4996
346 5074
346 5099
346 5239
346 5252
346 5903
346 7182
346 7492
346 7933
346 8042
346 9114
347 514
347 652
347 878
347 1047
347 1125
347 1374
347 1619
347 1648
347 1704
347 1738
347 2280
347 2516
347 2911
347 3232
347 3555
347 3800
347 3975
347 4990
347 6971
347 7103
347 7346
347 7785
347 8301
347 8871
347 9549
347 9969
348 477
348 483
348 488
348 542
348 550
348 614
348 619
348 666
348 752
348 780
348 829
348 842
348 963
348 999
348 1014
348 1211
348 1267
348 1425
348 1512
348 1547
348 1548
348 1650
348 1670
348 1696
348 1713
348 1770
348 1774
348 1927
348 1986
348 2137
348 2148
348 2205
348 2853
348 2907
348 3125
348 3260
348 3462
348 3570
348 3852
348 3855
348 3901
348 4015
348 4239
348 4460
348 4521
348 4523
348 4636
348 4943
348 5150
348 5264
348 5799
348 6137
348 6362
348 6487
348 6495
348 6825
348 7008
348 7356
348 7754
348 7829
348 7916
348 8536
348 8588
348 8651
348 9032
348 9507
348 9581
349 434
349 1045
349 1059
349 1076
349 1216
349 1733
349 2364
349 2450
349 2714
349 2731
349 2912
349 3550
349 4929
349 5813
349 6054
349 6307
349 6644
349 6650
349 7440
349 7546
349 7722
349 7761
349 8486
349 8709
349 9002
349 9199
349 9283
349 9340
349 9921
349 9923
350 485
350 567
350 624
350 1885
350 3042
350 3102
350 3712
350 4712
350 5159
350 6070
350 8394
351 426
351 502
351 575
351 651
351 686
351 761
351 897
351 1047
351 1339
351 1356
351 1664
351 1821
351 1917
351 2117
351 2140
351 2183
351 2710
351 3117
351 3148
351 3338
351 3396
351 3558
351 3685
351 4173
351 4201
351 4454
351 4801
351 4810
351 5426
351 6068
351 6393
351 6442
351 6446
351 6671
351 6893
351 7033
351 8238
351 8475
351 8895
351 9296
352 1176
352 1351
352 1487
352 1584
352 1632
352 1853
352 2145
352 3021
352 3138
352 3246
352 3297
352 3376
352 3751
352 4165
352 4173
352 4178
352 5236
352 5244
352 5300
352 6002
352 6680
352 7368
352 7439
352 8788
352 8817
352 9522
353 445
353 459
353 638
353 733
353 801
353 814
353 815
353 991
353 1090
353 1205
353 1520
353 1686
353 1794
353 1916
353 2201
353 2285
353 2880
353 3140
353 3227
353 3749
353 3815
353 4271
353 4333
353 4358
353 4579
353 4795
353 5186
353 5419
353 5747
353 6232
353 6257
353 7132
353 7601
353 7890
353 8027
353 8531
353 8730
353 9457
353 9763
353 9799
353 9958
354 412
354 424
354 552
354 726
354 817
354 875
354 894
354 1019
354 1092
354 1262
354 1265
354 1412
354 1437
354 1443
354 1648
354 2216
354 2243
354 2295
354 2377
354 2673
354 3091
354 3450
354 3997
354 5009
354 5453
354 5893
354 6133
354 6447
354 6557
354 6562
354 7021
354 7022
354 7051
354 7080
354 8440
354 8441
354 8656
354 8731
354 9452
354 9475
354 9506
355 380
355 442
355 454
355 459
355 494
355 551
355 604
355 613
355 685
355 693
355 699
355 715
355 717
355 727
355 736
355 784
355 833
355 956
355 1030
355 1052
355 1067
355 1129
355 1149
355 1174
355 1197
355 1315
355 1468
355 1620
355 1666
355 1820
355 1886
355 1989
355 2033
355 2291
355 2546
355 2686
355 2831
355 2911
355 2986
355 3117
355 3201
355 3369
355 3524
355 3615
355 4150
355 4212
355 4292
355 4386
355 4793
355 4887
355 5021
355 5038
355 5124
355 5310
355 5320
355 5393
355 5410
355 5768
355 5783
355 5850
355 5934
355 6031
355 6105
355 6271
355 6292
355 6307
355 6612
355 6737
355 6960
355 7057
355 7515
355 7545
355 7630
355 7740
355 7976
355 8000
355 8298
355 8349
355 8399
355 8471
355 8573
355 8721
355 8774
355 9358
355 9458
355 9532
355 9726
355 9759
355 9916
356 448
356 491
356 745
356 885
356 961
356 1181
356 1541
356 1600
356 1605
356 2090
356 2397
356 2425
356 3004
356 3122
356 3593
356 4115
356 4140
356 4162
356 4553
356 4763
356 5012
356 5172
356 5183
356 5600
356 5734
356 7702
356 7860
356 7888
356 8149
356 8848
356 8887
356 9882
357 382
357 484
357 687
357 757
357 921
357 1068
357 1094
357 1160
357 1229
357 1361
357 1427
357 1783
357 2336
357 2386
357 2546
357 2567
357 2681
357 3138
357 3883
357 4335
357 4356
357 4637
357 4846
357 4965
357 5242
357 5314
357 5780
357 5976
357 6008
357 6068
357 6252
357 6806
357 6822
357 7457
357 8693
357 9145
357 9832
357 9877
358 371
358 493
358 508
358 542
358 611
358 653
358 733
358 801
358 875
358 899
358 927
358 946
358 1010
358 1409
358 1445
358 1750
358 1766
358 2099
358 2123
358 2183
358 2210
358 2297
358 2342
358 2437
358 2456
358 2508
358 2627
358 2674
358 2752
358 2858
358 2875
358 3232
358 3428
358 3486
358 3568
358 3674
358 3735
358 3740
358 3899
358 4003
358 4024
358 4114
358 4156
358 4720
358 4964
358 5224
358 5368
358 6049
358 6100
358 6182
358 6188
358 6273
358 6411
358 6510
358 6533
358 6644
358 6711
358 6788
358 6813
358 6974
358 7506
358 7803
358 8265
358 8323
358 8692
358 8695
358 8926
358 9445
358 9616
358 9715
359 397
359 412
359 439
359 557
359 559
359 616
359 885
359 958
359 1715
359 1777
359 1904
359 2041
359 2566
359 2957
359 3015
359 3077
359 3127
359 3316
359 3905
359 4138
359 4364
359 4889
359 5195
359 5228
359 5541
359 5686
359 6672
359 6728
359 7977
359 8268
359 8457
359 8951
360 514
360 541
360 771
360 838
360 935
360 1559
360 1624
360 2017
360 2149
360 2171
360 2322
360 2532
360 2565
360 2842
360 2878
360 3167
360 3425
360 3673
360 3693
360 5443
360 5484
360 6355
360 7422
360 7469
360 7496
360 7687
360 7780
360 7896
360 7968
360 8105
360 8760
360 8796
360 8882
361 455
361 473
361 485
361 570
361 571
361 695
361 702
361 750
361 898
361 1082
361 1109
361 1116
361 1127
361 1157
361 1264
361 1299
361 1506
361 1850
361 1983
361 2152
361 2286
361 2330
361 2356
361 2415
361 2780
361 2985
361 3100
361 3235
361 3241
361 3274
361 3358
361 3461
361 3654
361 4011
361 4013
361 4110
361 4304
361 4326
361 4403
361 4568
361 4814
361 4934
361 4996
361 5222
361 5672
361 5805
361 5899
361 6453
361 6642
361 6749
361 7245
361 7771
361 8024
361 8128
361 8184
361 8529
361 8774
361 8962
361 9250
361 9379
362 464
362 466
362 613
362 814
362 918
362 1283
362 1330
362 1341
362 1414
362 1611
362 1631
362 2493
362 2757
362 2766
362 2843
362 3037
362 3216
362 4135
362 4554
362 5298
362 5713
362 5816
362 5996
362 6224
362 6347
362 7644
362 8995
363 415
363 741
363 801
363 851
363 895
363 1165
363 1177
363 1186
363 1308
363 1328
363 1338
363 1363
363 1532
363 1668
363 1778
363 1796
363 1842
363 1969
363 2075
363 2191
363 2214
363 2263
363 2440
363 2467
363 2829
363 3090
363 3318
363 3332
363 3378
363 3594
363 3603
363 3606
363 3633
363 3952
363 4202
363 4833
363 5187
363 5465
363 5716
363 6141
363 6151
363 6802
363 7242
363 7413
363 7429
363 7596
363 7662
363 7684
363 8275
363 8747
363 8852
363 8956
363 9836
364 562
364 1382
364 1584
364 1846
364 1931
364 2010
364 2015
364 2358
364 2426
364 2483
364 3888
364 4599
364 4771
364 4815
364 4995
364 5135
364 5832
364 7440
364 7918
364 8650
364 8884
365 387
365 548
365 564
365 571
365 581
365 646
365 715
365 773
365 854
365 865
365 931
365 1043
365 1228
365 1769
365 1960
365 1993
365 2204
365 2532
365 2646
365 3164
365 3242
365 3305
365 3494
365 3542
365 3633
365 3842
365 4126
365 4259
365 4321
365 4360
365 4711
365 4773
365 4794
365 5025
365 5276
365 5653
365 5722
365 5733
365 6225
365 7205
365 7306
365 8314
365 8497
365 8738
365 8902
365 9082
365 9145
366 428
366 438
366 682
366 691
366 727
366 800
366 860
366 884
366 1011
366 1027
366 1132
366 1300
366 1341
366 1457
366 1522
366 1568
366 1673
366 1700
366 1982
366 2080
366 2240
366 2380
366 2618
366 2777
366 3158
366 3333
366 3348
366 3644
366 4064
366 4194
366 4202
366 5032
366 5071
366 5211
366 5723
366 5877
366 5937
366 6546
366 6551
366 6647
366 6878
366 6965
366 7349
366 7436
366 7523
366 7677
366 7729
366 7936
366 8489
366 9008
366 9085
366 9394
367 373
367 393
367 424
367 577
367 586
367 604
367 652
367 762
367 807
367 934
367 935
367 1233
367 1353
367 1789
367 2086
367 2243
367 3211
367 3268
367 3388
367 3651
367 3758
367 4673
367 4739
367 5116
367 5397
367 5472
367 6696
367 6872
367 7140
367 7627
367 8484
367 9271
367 9315
368 380
368 417
368 420
368 513
368 756
368 855
368 982
368 1122
368 1174
368 1277
368 1295
368 1380
368 1390
368 1551
368 1699
368 1751
368 1793
368 2009
368 2135
368 2519
368 2668
368 2701
368 2806
368 2877
368 3063
368 3374
368 3993
368 4617
368 4914
368 4967
368 5155
368 5316
368 5335
368 5765
368 5779
368 6083
368 6108
368 6299
368 6520
368 6908
368 6980
368 7354
368 7557
368 7587
368 7597
368 7723
368 8314
368 8431
368 8865
368 9614
368 9648
369 427
369 493
369 567
369 625
369 678
369 692
369 939
369 977
369 1057
369 1074
369 1396
369 1466
369 1816
369 1941
369 2047
369 2476
369 2632
369 2668
369 2685
369 3327
369 3424
369 3615
369 3700
369 4305
369 4429
369 4606
369 4617
369 4762
369 5082
369 5191
369 5414
369 5500
369 5679
369 6474
369 6482
369 6600
369 6720
369 6735
369 6968
369 7223
369 7331
369 7650
369 7656
369 8081
369 8531
369 8567
369 9142
369 9601
370 502
370 517
370 521
370 623
370 682
370 830
370 849
370 899
370 986
370 1123
370 1258
370 1332
370 1491
370 1588
370 1618
370 1671
370 1920
370 1948
370 1976
370 2860
370 2874
370 2884
370 4063
370 4084
370 4101
370 4612
370 4744
370 5714
370 5792
370 5964
370 6855
370 6888
370 7121
370 7136
370 7785
370 8286
370 9688
370 9713
370 9896
371 377
371 472
371 619
371 872
371 1020
371 1170
371 1370
371 1455
371 1577
371 1672
371 1706
371 1764
371 1835
371 1935
371 2237
371 3085
371 3566
371 3665
371 6155
371 6304
371 6404
371 6431
371 7543
371 7632
371 8221
371 8928
371 8953
371 9782
371 9889
372 383
372 396
372 460
372 522
372 718
372 745
372 763
372 1252
372 1382
372 1769
372 1803
372 2183
372 2451
372 2751
372 2858
372 3111
372 3465
372 4041
372 4079
372 4415
372 4858
372 4997
372 5006
372 5347
372 5773
372 5839
372 6129
372 6526
372 6528
372 6675
372 7080
372 7598
372 8372
372 8550
373 469
373 657
373 698
373 775
373 791
373 938
373 948
373 1581
373 1996
373 2021
373 2157
373 2300
373 3004
373 3026
373 3525
373 3832
373 4176
373 4198
373 4766
373 5155
373 5296
373 5378
373 7143
373 7282
373 8102
373 8112
373 9030
373 9780
373 9971
374 375
374 381
374 395
374 412
374 454
374 482
374 498
374 711
374 715
374 861
374 955
374 1040
374 1232
374 1273
374 1288
374 1396
374 1610
374 1777
374 1874
374 1953
374 2120
374 2480
374 2866
374 2886
374 2991
374 3617
374 4427
374 4430
374 4535
374 4729
374 4853
374 4954
374 5072
374 5230
374 5656
374 6124
374 6317
374 6358
374 6596
374 6689
374 7216
374 7876
374 8044
374 8055
374 8124
374 8497
374 8788
374 9234
374 9662
374 9783
374 9924
375 387
375 504
375 685
375 1265
375 1317
375 2241
375 4128
375 4504
375 5926
375 6163
375 8018
375 8025
376 403
376 627
376 936
376 1188
376 1268
376 1615
376 1760
376 1791
376 1890
376 2006
376 2150
376 2634
376 2770
376 2889
376 3007
376 3043
376 3190
376 3344
376 3579
376 3646
376 4094
376 4149
376 4332
376 4502
376 4545
376 4657
376 4700
376 5643
376 5716
376 5770
376 6912
376 6995
376 7016
376 7449
377 401
377 468
377 488
377 544
377 587
377 622
377 852
377 1125
377 1162
377 1293
377 1339
377 1404
377 1870
377 1986
377 2061
377 2146
377 2319
377 2494
377 2770
377 2919
377 3171
377 3263
377 3383
377 3570
377 3761
377 3968
377 4195
377 4321
377 4450
377 4605
377 5013
377 5395
377 6252
377 6262
377 6432
377 6741
377 6749
377 6853
377 7126
377 7193
377 7770
377 7844
377 8267
377 8370
377 8525
377 8758
377 9298
377 9634
377 9664
377 9697
377 9962
378 452
378 494
378 650
378 663
378 700
378 816
378 912
378 1005
378 1037
378 1136
378 1185
378 1206
378 1236
378 1471
378 1993
378 2060
378 2185
378 2605
378 2628
378 3060
378 3218
378 3860
378 3934
378 4030
378 4128
378 4663
378 5395
378 5570
378 5577
378 5939
378 5953
378 6302
378 6704
378 6748
378 7026
378 7140
378 7325
378 8518
378 9217
378 9357
378 9752
379 382
379 409
379 822
379 1793
379 2196
379 3357
379 3749
379 3765
379 4135
379 4231
379 4557
379 7425
379 8536
379 9351
379 9705
380 403
380 472
380 485
380 590
380 641
380 682
380 968
380 1078
380 1110
380 1255
380 1299
380 1445
380 1665
380 1825
380 2171
380 2218
380 2341
380 2455
380 2795
380 2841
380 2845
380 3157
380 3260
380 3491
380 3840
380 4172
380 4266
380 4907
380 5170
380 5325
380 5644
380 5792
380 5798
380 5811
380 6031
380 6281
380 6590
380 6659
380 6892
380 7213
380 8315
380 8369
380 8372
380 8911
380 8939
380 9107
380 9203
380 9618
381 388
381 401
381 450
381 452
381 494
381 651
381 662
381 698
381 746
381 894
381 897
381 1306
381 1353
381 1419
381 1581
381 1601
381 1847
381 2199
381 2237
381 2320
381 2416
381 2428
381 2570
381 3152
381 3630
381 3671
381 4809
381 5217
381 5355
381 5429
381 5627
381 5782
381 6640
381 7124
381 7151
381 7332
381 7697
381 8255
381 8668
381 8765
381 8805
381 9269
381 9497
381 9812
381 9891
381 9975
381 9987
382 482
382 821
382 1130
382 1224
382 1423
382 1543
382 1575
382 1576
382 1948
382 2019
382 2044
382 2339
382 2544
382 3125
382 3415
382 3672
382 3904
382 3907
382 3961
382 5525
382 5887
382 6174
382 6274
382 6324
382 6433
382 6733
382 6761
382 8262
382 9144
382 9308
382 9412
382 9753
383 724
383 1147
383 1735
383 1750
383 2392
383 3209
383 3505
383 3572
383 4095
383 4213
383 4650
383 4794
383 4853
383 4974
383 5287
383 5308
383 5349
383 5388
383 5398
383 5590
383 5634
383 6180
383 7282
383 8012
383 8075
383 8671
383 8814
383 9326
383 9371
384 521
384 548
384 601
384 731
384 856
384 889
384 1207
384 1426
384 1542
384 1815
384 1970
384 2202
384 2209
384 2260
384 2560
384 2612
384 2785
384 2954
384 2981
384 3286
384 3342
384 3726
384 4095
384 4241
384 4420
384 4676
384 5335
384 5440
384 5525
384 5621
384 6101
384 6752
384 7095
384 8215
384 8245
384 8539
384 8547
384 8625
384 8826
384 9057
384 9068
384 9375
385 461
385 607
385 629
385 836
385 839
385 890
385 1055
385 1348
385 1595
385 1650
385 1755
385 1901
385 1959
385 2451
385 2723
385 2951
385 3010
385 3507
385 3967
385 4304
385 4677
385 4946
385 5344
385 5565
385 5663
385 6054
385 6692
385 6734
385 7056
385 7058
385 7252
385 7615
385 7618
385 7669
385 7793
385 8776
385 8830
385 8954
385 9352
385 9563
386 625
386 681
386 853
386 939
386 1068
386 1186
386 1560
386 1766
386 2392
386 2492
386 2614
386 2651
386 2654
386 3299
386 3482
386 3483
386 4223
386 4826
386 4850
386 5100
386 5114
386 5220
386 5336
386 5355
386 5504
386 5711
386 6809
386 7299
386 7917
386 8364
386 8505
386 9203
386 9744
386 9802
387 410
387 614
387 760
387 1003
387 1088
387 1298
387 1450
387 1595
387 1717
387 1812
387 2022
387 2142
387 2645
387 2691
387 3502
387 3613
387 3753
387 4150
387 4271
387 4292
387 4385
387 4588
387 4679
387 5137
387 5670
387 5731
387 5944
387 6060
387 6072
387 6077
387 6266
387 6280
387 6527
387 7079
387 7270
387 8640
387 9642
387 9881
388 389
388 391
388 495
388 672
388 676
388 725
388 731
388 783
388 1095
388 1118
388 1151
388 1245
388 1268
388 1275
388 1413
388 1928
388 1993
388 2148
388 2160
388 2379
388 2381
388 2548
388 2619
388 2668
388 2837
388 2925
388 3181
388 3280
388 3955
388 4325
388 4392
388 4508
388 4640
388 5272
388 5505
388 5976
388 6322
388 6523
388 6544
388 6563
388 8723
388 9004
388 9089
388 9103
388 9205
388 9212
388 9728
389 433
389 468
389 793
389 848
389 964
389 1027
389 1038
389 1092
389 1101
389 1146
389 1481
389 1720
389 2338
389 2351
389 2359
389 2585
389 2589
389 2965
389 3046
389 3147
389 3240
389 3330
389 3454
389 3900
389 4160
389 4252
389 4461
389 4597
389 4903
389 4928
389 5040
389 5083
389 5673
389 5821
389 6091
389 6169
389 6246
389 6754
389 6845
389 7134
389 7310
389 7696
389 8425
389 8752
389 8847
389 8853
389 8915
389 9058
389 9487
390 453
390 545
390 663
390 840
390 858
390 860
390 1140
390 1236
390 1388
390 1508
390 1685
390 1849
390 1984
390 2183
390 2250
390 2847
390 2849
390 2950
390 2976
390 3041
390 3163
390 3214
390 3332
390 3456
390 3490
390 3666
390 3749
390 4009
390 4292
390 4407
390 4986
390 5152
390 5203
390 5218
390 5315
390 5328
390 5553
390 6040
390 6053
390 6118
390 6259
390 6385
390 6688
390 6805
390 7034
390 7073
390 7240
390 7323
390 7396
390 7642
390 7691
390 7727
390 7868
390 7921
390 8448
390 8985
390 9434
391 667
391 910
391 951
391 999
391 1004
391 1221
391 2176
391 2717
391 2831
391 3018
391 3025
391 3055
391 3640
391 4261
391 4450
391 5010
391 5571
391 5996
391 6548
391 6967
391 7748
391 7958
391 8468
391 8552
392 458
392 593
392 887
392 996
392 1438
392 1764
392 1974
392 2486
392 2522
392 2822
392 2922
392 3146
392 3568
392 4031
392 4185
392 4637
392 6203
392 7007
392 7349
392 7562
392 8259
392 8364
392 8424
392 8443
392 8763
392 8982
392 9817
393 399
393 502
393 507
393 571
393 691
393 737
393 782
393 799
393 843
393 894
393 901
393 1021
393 1202
393 1228
393 1415
393 1440
393 1506
393 1509
393 1533
393 1664
393 1736
393 1786
393 1893
393 2272
393 2572
393 2594
393 2636
393 2707
393 2806
393 2902
393 3125
393 3518
393 3886
393 3968
393 4005
393 4251
393 4529
393 5266
393 5387
393 5658
393 5720
393 6088
393 6133
393 6166
393 6167
393 6175
393 6243
393 6314
393 6354
393 6425
393 6476
393 6617
393 6757
393 6913
393 7530
393 7772
393 7854
393 8002
393 8235
393 8516
393 8922
393 8938
393 8957
393 9197
393 9254
393 9363
393 9409
393 9512
394 538
394 680
394 1006
394 1070
394 1510
394 1656
394 1714
394 1715
394 1847
394 1944
394 2005
394 2334
394 2480
394 2484
394 2877
394 3215
394 3720
394 3764
394 4341
394 4483
394 4603
394 4691
394 7432
394 7522
394 8169
395 1691
395 1846
395 2576
395 2746
395 3030
395 3130
395 3187
395 3385
395 3453
395 4746
395 5525
395 5776
395 6507
395 6897
395 7876
395 9292
396 427
396 531
396 605
396 685
396 769
396 841
396 997
396 1305
396 1373
396 1505
396 1819
396 2017
396 2040
396 2264
396 2611
396 2625
396 2755
396 3130
396 3220
396 3317
396 3663
396 3697
396 3748
396 3954
396 4396
396 4431
396 4567
396 4771
396 5064
396 5156
396 5675
396 5808
396 5951
396 6319
396 6822
396 6898
396 7041
396 7587
396 8203
396 8307
396 8501
396 8932
396 9335
396 9798
396 9840
396 9869
397 554
397 687
397 996
397 1034
397 1063
397 1321
397 1355
397 1405
397 1469
397 1474
397 1577
397 1800
397 2141
397 2210
397 2260
397 2380
397 2607
397 2697
397 2918
397 3024
397 3587
397 3842
397 3955
397 4393
397 4409
397 6059
397 6100
397 6165
397 6213
397 6527
397 7017
397 7145
397 7155
397 7283
397 8240
397 8606
397 8746
397 8774
397 8858
397 8984
397 9039
397 9441
397 9447
397 9768
397 9845
398 587
398 873
398 997
398 1088
398 1452
398 1722
398 2137
398 2337
398 2511
398 2975
398 3075
398 3505
398 3614
398 3822
398 3861
398 5684
398 5793
398 6365
398 6518
398 7485
398 7676
398 7847
398 7875
398 7959
398 8266
398 8408
398 8731
398 9740
399 535
399 671
399 738
399 845
399 1041
399 1072
399 1084
399 1095
399 1740
399 1782
399 1892
399 2051
399 2057
399 2164
399 2356
399 2733
399 3445
399 3599
399 4289
399 4306
399 4352
399 4897
399 4928
399 5423
399 5426
399 5704
399 6012
399 6073
399 6448
399 6570
399 6660
399 7004
399 7257
399 7875
399 8145
399 8458
399 8872
399 9043
399 9130
400 480
400 532
400 567
400 673
400 790
400 913
400 1176
400 1185
400 1217
400 1495
400 1555
400 1698
400 1745
400 1790
400 2171
400 2268
400 2293
400 2552
400 2638
400 2871
400 3053
400 3169
400 3286
400 3600
400 3727
400 3829
400 3861
400 4017
400 4948
400 5448
400 5532
400 5839
400 5967
400 6345
400 6412
400 6537
400 7305
400 8456
400 8980
400 9200
400 9442
400 9725
400 9946
401 456
401 501
401 533
401 707
401 1641
401 1696
401 2142
401 3565
401 4300
401 5282
401 5330
401 6169
401 6611
401 6984
401 8189
401 9726
402 492
402 568
402 624
402 658
402 675
402 723
402 765
402 791
402 999
402 1143
402 1146
402 1328
402 1360
402 1393
402 1763
402 1922
402 2049
402 2090
402 2220
402 2330
402 2611
402 2640
402 2713
402 2873
402 3061
402 3198
402 3296
402 3530
402 3620
402 3743
402 3751
402 3914
402 4063
402 4326
402 4538
402 4558
402 4592
402 4706
402 4865
402 5052
402 5143
402 5190
402 5572
402 6538
402 6792
402 7258
402 8414
402 9306
402 9858
402 9984
403 449
403 522
403 549
403 580
403 695
403 732
403 977
403 1049
403 1236
403 1491
403 1744
403 2682
403 2685
403 3548
403 3765
403 3890
403 3997
403 4063
403 4207
403 4534
403 4764
403 5018
403 5054
403 5291
403 5573
403 6321
403 6782
403 8201
403 9185
404 510
404 539
404 549
404 596
404 635
404 641
404 655
404 801
404 852
404 878
404 973
404 986
404 1475
404 1536
404 1581
404 1586
404 1628
404 1657
404 1754
404 1777
404 1966
404 2016
404 2616
404 3197
404 3597
404 3784
404 4102
404 4538
404 4642
404 4904
404 4943
404 5035
404 5039
404 5130
404 5894
404 6112
404 6263
404 7425
404 7436
404 7494
404 7546
404 8295
404 8334
404 8351
404 8639
404 9120
404 9149
404 9179
404 9322
405 475
405 482
405 576
405 619
405 639
405 654
405 851
405 1034
405 1123
405 1182
405 1470
405 1632
405 1713
405 1762
405 1829
405 2150
405 2334
405 2347
405 2609
405 2673
405 2713
405 2730
405 2860
405 3309
405 4154
405 4323
405 4570
405 5476
405 5820
405 5930
405 6170
405 6182
405 7179
405 7544
405 7896
405 7972
405 8706
405 9040
405 9138
405 9261
405 9572
405 9631
405 9725
406 446
406 476
406 483
406 484
406 488
406 524
406 562
406 574
406 704
406 737
406 814
406 880
406 902
406 908
406 980
406 984
406 1091
406 1098
406 1168
406 1342
406 1393
406 1478
406 1576
406 1589
406 1603
406 1628
406 1703
406 1776
406 1810
406 1870
406 2160
406 2401
406 2483
406 2543
406 2558
406 2559
406 2639
406 2766
406 2798
406 2830
406 2939
406 3103
406 3267
406 3318
406 3419
406 3421
406 3442
406 3494
406 3551
406 3569
406 3947
406 4043
406 4087
406 4098
406 4200
406 4282
406 4472
406 4752
406 4928
406 5320
406 5375
406 5395
406 5403
406 5471
406 5559
406 5793
406 5810
406 6296
406 6321
406 6686
406 6794
406 6882
406 6938
406 7134
406 7292
406 7325
406 7613
406 7639
406 7989
406 8155
406 8306
406 8515
406 8615
406 8685
406 8827
406 8863
406 9133
406 9260
406 9518
406 9690
407 486
407 525
407 564
407 677
407 959
407 963
407 967
407 1076
407 1133
407 1155
407 1249
407 1393
407 1411
407 1828
407 1848
407 1891
407 1926
407 2131
407 2233
407 2525
407 2558
407 2972
407 3124
407 3227
407 3863
407 3969
407 4056
407 4058
407 4075
407 4126
407 4419
407 4708
407 4761
407 5112
407 5525
407 6142
407 6278
407 6980
407 7024
407 7581
407 7647
407 7744
407 7786
407 8563
407 8854
407 8997
407 9481
407 9603
407 9728
408 640
408 676
408 680
408 765
408 813
408 885
408 1043
408 1287
408 1304
408 1463
408 1628
408 1771
408 2020
408 2213
408 2766
408 2771
408 3025
408 3037
408 3244
408 3256
408 3298
408 3648
408 3737
408 3752
408 4572
408 4596
408 5370
408 5740
408 5797
408 6303
408 6364
408 6599
408 7115
408 7170
408 8596
408 8752
408 8982
408 9371
408 9409
408 9679
408 9789
409 586
409 735
409 871
409 1305
409 1383
409 1464
409 1648
409 1891
409 1902
409 2043
409 2150
409 2291
409 2533
409 2688
409 2907
409 2940
409 3104
409 3189
409 3485
409 3590
409 4105
409 4186
409 4243
409 4988
409 5332
409 5565
409 5838
409 5881
409 6272
409 6843
409 7189
409 7250
409 7312
409 7448
409 7554
409 7555
409 7704
409 7789
409 8084
409 9260
409 9347
409 9659
409 9682
410 432
410 639
410 695
410 834
410 859
410 951
410 983
410 1219
410 1265
410 1316
410 1371
410 1434
410 1532
410 1852
410 1937
410 1991
410 2068
410 2250
410 2414
410 2585
410 2656
410 2776
410 2794
410 3241
410 3366
410 3444
410 3780
410 3878
410 3887
410 4020
410 4030
410 4109
410 4139
410 4153
410 4274
410 4287
410 4427
410 4680
410 4738
410 4922
410 5181
410 5416
410 5535
410 5718
410 6326
410 6403
410 6732
410 6761
410 6882
410 6975
410 7163
410 7672
410 8420
410 9128
410 9320
410 9557
411 440
411 444
411 547
411 581
411 605
411 611
411 822
411 968
411 1063
411 1072
411 1101
411 1111
411 1179
411 1239
411 1475
411 1530
411 1576
411 1667
411 1784
411 1797
411 1800
411 2168
411 2387
411 2466
411 2895
411 2900
411 2947
411 2964
411 3052
411 3054
411 3099
411 3146
411 3166
411 3205
411 3542
411 3565
411 3629
411 3643
411 3892
411 3918
411 3949
411 4167
411 4246
411 4312
411 4315
411 4403
411 4440
411 4450
411 4694
411 5121
411 5219
411 5315
411 5453
411 5566
411 6152
411 6158
411 6271
411 6296
411 6297
411 7592
411 7701
411 7828
411 8261
411 8384
411 8614
411 8657
411 8991
411 9317
411 9769
411 9835
412 617
412 650
412 782
412 804
412 858
412 927
412 1070
412 1149
412 1167
412 1747
412 1801
412 2261
412 2298
412 2499
412 2741
412 3242
412 3580
412 3585
412 3735
412 4099
412 4235
412 4256
412 4416
412 4998
412 5455
412 5917
412 5960
412 6283
412 6647
412 6852
412 7367
412 8558
412 9563
413 444
413 448
413 528
413 660
413 667
413 733
413 735
413 740
413 999
413 1019
413 1061
413 1156
413 1287
413 1498
413 1614
413 1929
413 2100
413 2425
413 2512
413 2543
413 2614
413 2786
413 2876
413 2949
413 3016
413 3038
413 3109
413 3115
413 3228
413 3356
413 3367
413 3560
413 3765
413 3934
413 4034
413 4367
413 4588
413 4593
413 4632
413 4820
413 4956
413 5168
413 5203
413 5351
413 5420
413 5964
413 6175
413 6831
413 7220
413 7569
413 7691
413 7751
413 7990
413 8259
413 8512
413 8544
413 9365
414 423
414 440
414 571
414 590
414 719
414 743
414 1105
414 1702
414 2313
414 2389
414 2637
414 2670
414 3106
414 3471
414 3628
414 3787
414 3908
414 3970
414 3981
414 4314
414 4411
414 4759
414 5374
414 7333
414 7450
414 8082
414 8304
414 9370
414 9779
415 469
415 540
415 716
415 979
415 1067
415 1091
415 1173
415 1530
415 1906
415 1961
415 2039
415 2093
415 2134
415 2580
415 2949
415 3099
415 3371
415 3442
415 3841
415 3938
415 4004
415 4099
415 4339
415 4554
415 4782
415 4842
415 5033
415 5172
415 5549
415 5808
415 6506
415 6723
415 6927
415 7235
415 7406
415 7630
415 7889
415 7944
415 8366
415 8602
415 8822
415 9018
415 9740
416 457
416 572
416 676
416 692
416 731
416 788
416 820
416 875
416 915
416 1266
416 1434
416 1612
416 1665
416 1862
416 2181
416 2219
416 2345
416 2417
416 2653
416 2747
416 2837
416 2954
416 2958
416 3213
416 3356
416 3701
416 3928
416 4060
416 4620
416 4745
416 5195
416 5648
416 6072
416 6131
416 6368
416 6657
416 6814
416 6944
416 7141
416 7330
416 7803
416 7912
416 8258
416 8291
416 8342
416 8385
416 8556
416 8669
416 8720
416 8960
416 9613
417 499
417 695
417 763
417 838
417 842
417 1067
417 1139
417 1154
417 1384
417 1936
417 2056
417 2357
417 2709
417 2890
417 3249
417 3289
417 3298
417 3559
417 3737
417 3771
417 4138
417 5052
417 5092
417 5301
417 5569
417 5866
417 6142
417 6586
417 6595
417 7048
417 7075
417 7281
417 7315
417 7388
417 7844
417 7899
418 419
418 463
418 482
418 515
418 567
418 576
418 817
418 846
418 990
418 1063
418 1168
418 1302
418 1465
418 1530
418 1556
418 1636
418 1683
418 1705
418 2011
418 2024
418 2046
418 2070
418 2097
418 2291
418 2292
418 2315
418 2328
418 2351
418 2458
418 2529
418 2598
418 2744
418 2778
418 2833
418 2852
418 3073
418 3282
418 3319
418 3438
418 3457
418 3515
418 3639
418 3806
418 4060
418 4092
418 4093
418 4102
418 4167
418 4198
418 4383
418 4421
418 4796
418 5446
418 5500
418 5576
418 5665
418 5769
418 5831
418 6201
418 6221
418 6510
418 6814
418 7014
418 7331
418 7489
418 7509
418 7714
418 8373
418 9007
418 9033
418 9065
418 9380
418 9382
418 9754
418 9915
418 9969
419 515
419 525
419 765
419 771
419 779
419 832
419 881
419 906
419 943
419 953
419 1018
419 1079
419 1162
419 1226
419 1241
419 1276
419 1385
419 1811
419 1827
419 1890
419 1918
419 2080
419 2150
419 2252
419 2549
419 2809
419 2856
419 2866
419 2921
419 3223
419 3674
419 4059
419 4185
419 4302
419 4553
419 4893
419 5169
419 5180
419 5566
419 5691
419 5748
419 5781
419 5873
419 5932
419 6012
419 6143
419 6303
419 6323
419 6608
419 6827
419 7365
419 7541
419 7592
419 7678
419 7725
419 7825
419 8092
419 8624
419 8753
419 8880
419 9006
419 9228
419 9276
419 9324
419 9839
419 9919
420 463
420 490
420 579
420 727
420 836
420 931
420 981
420 1120
420 1188
420 1221
420 1242
420 1256
420 1319
420 1502
420 1588
420 1608
420 1679
420 1746
420 1969
420 2643
420 2699
420 2848
420 2971
420 3334
420 3447
420 3574
420 3713
420 4009
420 4029
420 4081
420 4113
420 4154
420 4248
420 4358
420 4377
420 4463
420 5292
420 5404
420 5580
420 5593
420 5643
420 5721
420 5782
420 6042
420 6237
420 6308
420 6832
420 6842
420 6995
420 6999
420 7398
420 7425
420 7661
420 8276
420 8361
420 8419
420 8511
420 8722
420 8743
420 9316
420 9329
420 9356
421 547
421 592
421 624
421 628
421 786
421 852
421 996
421 1536
421 1704
421 1726
421 1732
421 1844
421 1884
421 1925
421 1927
421 2033
421 2200
421 2398
421 2523
421 3063
421 3547
421 3943
421 4007
421 4143
421 4365
421 4444
421 4921
421 5433
421 5451
421 5848
421 6283
421 6491
421 7039
421 7519
421 8214
421 8472
421 8663
421 8681
421 8973
421 9399
421 9879
422 646
422 684
422 691
422 750
422 1040
422 1430
422 1540
422 1644
422 1795
422 1805
422 1938
422 2050
422 2440
422 2525
422 2654
422 2877
422 2933
422 3222
422 3723
422 3846
422 3926
422 3965
422 4113
422 4326
422 4450
422 4830
422 4953
422 5783
422 6160
422 6269
422 7521
422 9026
422 9187
422 9552
422 9709
423 507
423 530
423 545
423 600
423 628
423 797
423 849
423 879
423 891
423 893
423 1007
423 1036
423 1063
423 1205
423 1308
423 1323
423 1449
423 1488
423 1661
423 1670
423 1787
423 1876
423 2270
423 2431
423 2582
423 2650
423 2810
423 3058
423 3303
423 3312
423 3387
423 3590
423 3878
423 4000
423 4158
423 4159
423 4461
423 4539
423 4648
423 4959
423 4961
423 4982
423 5032
423 5037
423 5672
423 5873
423 5973
423 5995
423 6042
423 6132
423 6287
423 6323
423 6329
423 6570
423 7052
423 7098
423 7429
423 7582
423 7954
423 7968
423 8105
423 8371
423 8617
423 9323
423 9445
423 9628
423 9802
423 9949
423 9968
424 685
424 770
424 913
424 1039
424 1153
424 1237
424 1708
424 1834
424 2033
424 2277
424 2293
424 2507
424 2626
424 2799
424 3047
424 3324
424 3753
424 4535
424 4664
424 5178
424 5788
424 5901
424 6006
424 6400
424 6526
424 6815
424 7745
424 7957
424 8166
424 8881
424 9662
425 537
425 754
425 1169
425 1242
425 1405
425 1426
425 1799
425 1825
425 1880
425 2261
425 2377
425 2435
425 2964
425 3168
425 3685
425 3727
425 3751
425 5026
425 5088
425 5681
425 6032
425 6461
425 7011
425 7171
425 7176
425 7555
425 8403
425 8757
426 529
426 534
426 774
426 997
426 1171
426 1194
426 1230
426 1960
426 2119
426 2432
426 2903
426 3163
426 3475
426 3547
426 3886
426 4193
426 5304
426 5540
426 5619
426 7845
426 8272
426 8550
426 9585
426 9833
427 437
427 546
427 644
427 754
427 925
427 942
427 1058
427 1100
427 1262
427 1335
427 1356
427 1429
427 1725
427 1969
427 2282
427 2591
427 2731
427 2740
427 2825
427 3300
427 3377
427 3431
427 3453
427 3980
427 4135
427 5093
427 5464
427 6267
427 6398
427 6857
427 7249
427 7251
427 7489
427 7502
427 8301
428 457
428 579
428 728
428 1078
428 1243
428 1433
428 1465
428 1657
428 2428
428 2491
428 2542
428 2988
428 3163
428 3180
428 3526
428 3724
428 4470
428 4617
428 4641
428 4682
428 4697
428 4733
428 5927
428 6182
428 6266
428 7451
428 7580
428 7648
428 8698
428 9242
428 9729
428 9748
429 561
429 662
429 732
429 738
429 758
429 800
429 850
429 965
429 994
429 1364
429 1376
429 1378
429 1458
429 1654
429 1767
429 1791
429 1899
429 2314
429 2792
429 3014
429 3038
429 3186
429 3288
429 3358
429 3951
429 4260
429 4490
429 5411
429 5442
429 5497
429 5664
429 6419
429 6545
429 6878
429 7353
429 7766
429 8279
429 8292
429 9169
429 9264
429 9868
430 486
430 545
430 591
430 830
430 1211
430 1290
430 1530
430 1598
430 2260
430 2869
430 3617
430 3710
430 3892
430 4254
430 5139
430 6066
430 7313
430 7541
430 7696
430 7729
430 8059
430 8445
430 8883
430 9008
430 9094
430 9155
430 9959
431 523
431 539
431 549
431 688
431 786
431 810
431 928
431 971
431 973
431 1050
431 1052
431 1105
431 1154
431 1171
431 1183
431 1273
431 1298
431 1327
431 1521
431 1695
431 1809
431 1870
431 1908
431 2020
431 2026
431 2037
431 2133
431 2700
431 2833
431 2844
431 2900
431 3348
431 3369
431 3437
431 3492
431 3723
431 4074
431 4155
431 4731
431 4975
431 5041
431 5224
431 5322
431 5483
431 5496
431 6061
431 6210
431 6223
431 6378
431 6392
431 6405
431 6541
431 6560
431 7054
431 7098
431 7099
431 7473
431 8191
431 8210
431 8495
431 9719
431 9861
432 520
432 1018
432 1209
432 1216
432 2013
432 2563
432 2695
432 4971
432 5158
432 5285
432 6776
432 6872
432 7157
432 7250
432 9017
433 593
433 705
433 733
433 1126
433 1137
433 1608
433 2096
433 2121
433 2418
433 2574
433 2576
433 2669
433 3246
433 3946
433 4091
433 4612
433 4630
433 4676
433 4758
433 4828
433 5626
433 5634
433 6457
433 6698
433 7499
433 9161
434 892
434 907
434 1140
434 1236
434 1383
434 1716
434 1734
434 2122
434 3339
434 3445
434 3708
434 3826
434 3995
434 4102
434 4335
434 4575
434 4804
434 5907
434 6465
434 7228
434 7300
434 8923
434 9009
434 9192
434 9898
435 467
435 594
435 621
435 648
435 674
435 679
435 725
435 819
435 944
435 1099
435 1207
435 1281
435 1403
435 1465
435 1520
435 1574
435 1726
435 1881
435 3266
435 4026
435 4070
435 4082
435 4212
435 4527
435 4655
435 4884
435 5272
435 6568
435 7684
435 8051
435 8503
435 9344
435 9382
435 9592
436 447
436 546
436 603
436 671
436 714
436 805
436 868
436 941
436 957
436 1033
436 1040
436 1178
436 1343
436 1463
436 1497
436 1498
436 1717
436 1900
436 2102
436 2158
436 2171
436 2393
436 2458
436 2465
436 2494
436 2586
436 2773
436 2843
436 3038
436 3045
436 3300
436 3405
436 3492
436 3529
436 3552
436 3881
436 4022
436 4261
436 4300
436 4427
436 4527
436 4542
436 4675
436 4937
436 5100
436 5526
436 6268
436 6599
436 6831
436 7165
436 7194
436 7459
436 7597
436 7889
436 8053
436 8155
436 8577
436 8703
436 9153
436 9276
436 9758
436 9778
437 513
437 520
437 748
437 784
437 792
437 799
437 1126
437 1146
437 1172
437 1579
437 1731
437 1942
437 2352
437 2567
437 2848
437 2882
437 3084
437 3375
437 3669
437 3754
437 3848
437 4086
437 4161
437 4466
437 4760
437 5821
437 6382
437 6673
437 6721
437 9471
437 9816
438 493
438 565
438 570
438 574
438 590
438 664
438 691
438 694
438 731
438 788
438 843
438 1010
438 1026
438 1806
438 1865
438 1903
438 2274
438 2342
438 2437
438 2482
438 2487
438 2654
438 2784
438 3069
438 3274
438 3509
438 3585
438 3763
438 3828
438 3866
438 4896
438 4956
438 5381
438 5461
438 5759
438 6832
438 8122
438 8807
438 8896
438 9078
438 9266
438 9810
439 449
439 564
439 593
439 677
439 714
439 781
439 792
439 857
439 898
439 915
439 924
439 1000
439 1194
439 1250
439 1352
439 1366
439 1617
439 1761
439 1783
439 1796
439 1847
439 2036
439 2117
439 2133
439 2170
439 2334
439 2515
439 2669
439 2847
439 3174
439 3270
439 3292
439 3307
439 3350
439 3474
439 3567
439 3596
439 4039
439 4073
439 4453
439 4605
439 4618
439 4760
439 5048
439 5171
439 5364
439 5373
439 5551
439 5618
439 5945
439 6056
439 6172
439 6816
439 6817
439 7090
439 7419
439 7584
439 7638
439 7670
439 8130
439 8708
439 9168
439 9279
439 9422
440 454
440 464
440 465
440 540
440 716
440 874
440 1379
440 1431
440 1540
440 2206
440 2220
440 2326
440 2589
440 2600
440 2864
440 3693
440 3836
440 4253
440 4254
440 5181
440 5275
440 5948
440 6139
440 6595
440 6830
440 7221
440 7353
440 7569
440 8485
440 8705
440 9052
440 9302
440 9934
441 448
441 595
441 609
441 633
441 753
441 756
441 929
441 1397
441 1544
441 1564
441 1567
441 1617
441 1651
441 1784
441 2078
441 2547
441 2562
441 2591
441 2648
441 2936
441 2967
441 3247
441 3447
441 3619
441 3628
441 3885
441 4000
441 4574
441 4883
441 5457
441 5537
441 5691
441 5927
441 6099
441 6439
441 6526
441 6804
441 7025
441 7463
441 8466
441 8494
441 8573
441 8780
441 8876
441 9315
441 9443
441 9827
442 517
442 581
442 628
442 661
442 701
442 715
442 721
442 835
442 964
442 1431
442 1584
442 1828
442 1856
442 1887
442 1930
442 1934
442 1984
442 2326
442 2689
442 2690
442 2736
442 2758
442 2840
442 2888
442 2945
442 3090
442 3672
442 3711
442 3732
442 4680
442 5682
442 5784
442 6358
442 6438
442 6476
442 6518
442 6637
442 6693
442 7103
442 7412
442 7546
442 7594
442 8707
442 9068
443 471
443 538
443 572
443 826
443 906
443 920
443 1225
443 1384
443 1522
443 1573
443 1774
443 1785
443 1953
443 2025
443 2113
443 2229
443 2852
443 2859
443 2865
443 3020
443 3067
443 3079
443 3741
443 3890
443 4141
443 4166
443 4644
443 4775
443 5053
443 5157
443 5419
443 5741
443 6217
443 6220
443 7306
443 8033
443 8265
443 8407
443 8892
443 9032
443 9827
443 9982
444 571
444 690
444 802
444 1028
444 1046
444 1156
444 1280
444 1327
444 1558
444 1597
444 1598
444 1648
444 1795
444 2050
444 2165
444 2357
444 2429
444 2845
444 2904
444 3492
444 3595
444 3600
444 4320
444 4522
444 4628
444 4681
444 5423
444 5688
444 5799
444 5857
444 6078
444 8026
444 8049
444 8629
444 8715
444 8732
444 9272
444 9802
444 9839
445 636
445 672
445 861
445 1692
445 1854
445 2143
445 2324
445 2741
445 3108
445 3134
445 3358
445 3749
445 4574
445 4754
445 5171
445 5228
445 5673
445 5798
445 6457
445 6466
445 6818
445 6946
445 7530
445 7732
445 8815
445 9075
446 503
446 525
446 793
446 819
446 851
446 902
446 1067
446 1085
446 1098
446 1133
446 1143
446 1150
446 1165
446 1220
446 1457
446 1762
446 1916
446 1931
446 1990
446 2061
446 2130
446 2177
446 2230
446 2542
446 2544
446 2594
446 3071
446 3228
446 3342
446 3405
446 3470
446 3594
446 3667
446 3732
446 3817
446 3874
446 3982
446 3996
446 4367
446 4936
446 5008
446 5237
446 5492
446 5546
446 5594
446 5826
446 5963
446 6163
446 6913
446 7206
446 7292
446 7350
446 8131
446 8587
446 8768
446 8827
446 9459
447 478
447 571
447 615
447 820
447 1004
447 1164
447 1293
447 1300
447 1482
447 1666
447 2286
447 2814
447 3253
447 3261
447 3527
447 3533
447 3712
447 3789
447 4696
447 5209
447 5377
447 6322
447 7520
447 7572
447 7779
447 7887
447 8446
447 8590
447 9828
447 9939
448 516
448 623
448 626
448 675
448 937
448 955
448 963
448 975
448 1024
448 1182
448 1523
448 2083
448 2603
448 2837
448 3005
448 3171
448 3398
448 3455
448 4525
448 4976
448 5337
448 5491
448 5798
448 6092
448 7249
448 7359
448 7701
448 8920
448 9264
448 9350
448 9435
449 554
449 635
449 694
449 879
449 1781
449 2206
449 2503
449 2885
449 2982
449 3490
449 3506
449 4817
449 5096
449 5121
449 5178
449 5590
449 5725
449 5992
449 7287
449 7321
449 7663
449 8615
449 8825
450 486
450 496
450 762
450 903
450 923
450 1020
450 1151
450 1211
450 1335
450 1439
450 1570
450 1768
450 2077
450 2089
450 2246
450 2319
450 2538
450 2631
450 2838
450 2957
450 2968
450 3124
450 3431
450 3632
450 3817
450 4205
450 4901
450 5175
450 5240
450 5259
450 5362
450 5425
450 6104
450 6678
450 6691
450 7697
450 7955
450 8394
450 8532
450 8831
450 9184
450 9201
451 493
451 520
451 533
451 567
451 585
451 612
451 686
451 759
451 865
451 877
451 1271
451 1389
451 1436
451 1648
451 2022
451 2087
451 2148
451 2240
451 2629
451 2646
451 2711
451 2810
451 2841
451 2974
451 3034
451 3286
451 3621
451 3644
451 3713
451 3846
451 3927
451 4150
451 4158
451 4216
451 4428
451 4485
451 5071
451 5667
451 5818
451 5880
451 6099
451 6100
451 6186
451 6235
451 6871
451 6916
451 7941
451 8502
451 8516
451 9073
451 9098
451 9565
452 579
452 581
452 629
452 783
452 838
452 936
452 947
452 1190
452 1406
452 1474
452 1604
452 1773
452 1805
452 1987
452 2127
452 2776
452 3008
452 3414
452 3483
452 3501
452 3573
452 3596
452 4240
452 4279
452 4498
452 4606
452 4666
452 4808
452 4810
452 4836
452 4959
452 5227
452 5262
452 5622
452 6110
452 6114
452 7075
452 7106
452 7249
452 7435
452 7548
452 7725
452 8185
452 8433
452 8630
452 8731
452 8874
452 9103
452 9854
452 9918
453 598
453 739
453 860
453 866
453 938
453 1124
453 1217
453 1231
453 1251
453 1531
453 2008
453 2357
453 2362
453 2864
453 3023
453 3158
453 3285
453 3618
453 4155
453 4265
453 4269
453 4385
453 4445
453 4559
453 4844
453 4897
453 5595
453 5623
453 5914
453 6510
453 6705
453 6886
453 6997
453 7043
453 7623
453 7638
453 7839
453 8181
453 8358
453 8406
453 8451
453 9351
453 9887
454 536
454 966
454 1139
454 1618
454 1814
454 2353
454 2594
454 3913
454 4034
454 4192
454 4561
454 6652
454 6902
454 7093
454 7342
454 8003
454 9973
455 509
455 515
455 767
455 808
455 826
455 870
455 880
455 960
455 1076
455 1206
455 1281
455 1282
455 1283
455 1304
455 1325
455 1358
455 1460
455 1526
455 1733
455 1761
455 1983
455 2088
455 2219
455 2399
455 2434
455 2480
455 2519
455 2569
455 2648
455 2869
455 3055
455 3094
455 3167
455 3168
455 3399
455 3510
455 3884
455 4348
455 4818
455 4983
455 5362
455 5702
455 6179
455 6478
455 6490
455 6506
455 6944
455 7549
455 7802
455 8078
455 8138
455 8713
455 8893
455 9055
455 9311
455 9544
455 9994
456 539
456 1244
456 1435
456 1488
456 1859
456 1976
456 2234
456 2729
456 2741
456 2799
456 3004
456 3268
456 3346
456 3425
456 3808
456 3969
456 4056
456 4703
456 4912
456 5298
456 5698
456 6029
456 6263
456 6606
456 6741
456 6977
456 7097
456 7337
456 7914
456 8145
456 8433
456 8908
456 9120
456 9495
456 9669
457 504
457 540
457 568
457 584
457 586
457 750
457 800
457 1368
457 1484
457 1543
457 1565
457 1589
457 1632
457 1679
457 1719
457 1893
457 2178
457 2533
457 2553
457 2761
457 2959
457 3387
457 3627
457 3812
457 3958
457 4169
457 4291
457 4305
457 4337
457 4366
457 4425
457 4505
457 4708
457 6000
457 6435
457 6527
457 7051
457 7500
457 7578
457 7709
457 8458
457 8623
457 8688
457 8788
457 9748
457 9989
458 553
458 589
458 923
458 936
458 988
458 1012
458 1330
458 1380
458 1493
458 1637
458 1688
458 1753
458 1799
458 1836
458 2015
458 3868
458 3953
458 4277
458 4935
458 4999
458 5074
458 5137
458 5377
458 5584
458 5611
458 5680
458 5688
458 5920
458 6387
458 6761
458 6978
458 6996
458 7741
458 7792
458 8575
458 8577
458 8580
458 8980
458 9047
458 9054
458 9923
459 951
459 967
459 1296
459 1324
459 1415
459 1439
459 1521
459 1608
459 1635
459 1876
459 2034
459 2742
459 2747
459 2784
459 3248
459 3609
459 3948
459 3966
459 4085
459 4509
459 4834
459 5116
459 5435
459 6112
459 6931
459 7288
459 7541
459 7560
459 7804
459 7864
459 7937
459 8039
459 8097
459 8166
459 8222
459 8562
459 8953
459 9096
459 9174
459 9377
459 9381
459 9449
459 9566
460 518
460 1003
460 1257
460 1410
460 2586
460 2810
460 3268
460 3447
460 4001
460 4027
460 4609
460 5387
460 5680
460 5689
460 6899
460 7832
460 8374
460 8935
461 873
461 1534
461 1621
461 1632
461 1769
461 1786
461 1795
461 2076
461 2087
461 2156
461 2210
461 2348
461 2761
461 3391
461 3653
461 3956
461 4030
461 4256
461 4766
461 4782
461 4958
461 5129
461 5610
461 5658
461 5697
461 6145
461 6235
461 6346
461 7528
461 9974
462 499
462 1281
462 1425
462 1563
462 1994
462 2117
462 2194
462 2229
462 2866
462 3089
462 3275
462 3511
462 4283
462 5650
462 5871
462 6801
462 8286
462 8687
462 8999
462 9227
462 9306
463 584
463 618
463 625
463 635
463 711
463 808
463 951
463 1090
463 1311
463 1551
463 1655
463 2103
463 2238
463 3284
463 3383
463 3671
463 3799
463 3839
463 4070
463 4251
463 4448
463 4815
463 4884
463 5030
463 5209
463 6267
463 6330
463 6680
463 6683
463 7167
463 9206
463 9802
463 9847
464 770
464 998
464 1256
464 1288
464 1574
464 1832
464 2050
464 2342
464 2588
464 2668
464 2881
464 2934
464 3031
464 3412
464 3444
464 3934
464 3974
464 4122
464 4269
464 4337
464 5021
464 5024
464 5631
464 5669
464 6452
464 6525
464 6841
464 7123
464 7356
464 7460
464 7510
464 7795
464 8361
464 8429
464 8505
464 9557
464 9564
464 9851
464 9858
464 9885
465 502
465 526
465 639
465 699
465 825
465 908
465 924
465 1185
465 1200
465 1227
465 1269
465 1289
465 1465
465 1475
465 1620
465 1716
465 1738
465 1804
465 1839
465 1963
465 2002
465 2010
465 2282
465 2343
465 2345
465 2741
465 2904
465 2991
465 3535
465 3676
465 3713
465 4004
465 4094
465 4235
465 4415
465 4645
465 4752
465 4786
465 4947
465 5194
465 5300
465 5512
465 5616
465 5667
465 5703
465 5996
465 6026
465 6237
465 6825
465 7481
465 7500
465 7850
465 8120
465 8158
465 8169
465 8217
465 8337
465 8595
465 8634
465 9022
465 9824
465 9975
466 488
466 519
466 607
466 1141
466 1453
466 1682
466 1729
466 1734
466 2159
466 2337
466 2475
466 2661
466 2777
466 2974
466 2988
466 3222
466 3269
466 3368
466 4405
466 4971
466 5259
466 6327
466 6437
466 7203
466 7247
466 7533
466 7595
466 8074
466 8237
466 8294
466 8575
466 9263
466 9389
467 492
467 514
467 558
467 687
467 697
467 725
467 775
467 807
467 812
467 818
467 865
467 916
467 1393
467 1455
467 1499
467 1844
467 1984
467 2861
467 3329
467 3898
467 3963
467 4094
467 4160
467 4423
467 5400
467 6144
467 6487
467 6888
467 7250
467 7266
467 7690
467 7712
467 7779
467 8937
467 9412
468 526
468 527
468 710
468 906
468 1175
468 1329
468 1962
468 2094
468 2258
468 2334
468 2552
468 3256
468 3345
468 3878
468 4184
468 4236
468 4306
468 4708
468 4787
468 4820
468 5467
468 5621
468 5939
468 6421
468 6997
468 7281
468 7715
468 8041
468 9357
469 553
469 709
469 781
469 904
469 953
469 1087
469 1116
469 1211
469 1924
469 2263
469 2587
469 2628
469 3016
469 3039
469 3141
469 3144
469 3146
469 3509
469 3673
469 3692
469 3849
469 4482
469 4511
469 4875
469 5228
469 5251
469 6297
469 7464
469 7596
469 7978
469 9129
469 9221
470 510
470 567
470 596
470 667
470 736
470 909
470 943
470 1033
470 1081
470 1268
470 1296
470 1424
470 1441
470 1534
470 1586
470 1617
470 1657
470 1693
470 1726
470 1901
470 1917
470 1942
470 1959
470 1981
470 2113
470 2422
470 2468
470 2541
470 2776
470 2798
470 2925
470 3113
470 3128
470 3500
470 3696
470 3758
470 3802
470 3868
470 3971
470 4021
470 4029
470 4124
470 4298
470 4373
470 4602
470 4791
470 4870
470 4872
470 5141
470 5178
470 5676
470 5688
470 5965
470 6054
470 6207
470 6569
470 6594
470 6832
470 6950
470 7125
470 7234
470 7236
470 7490
470 7765
470 8041
470 8121
470 8789
470 8927
470 9348
470 9900
471 541
471 557
471 643
471 653
471 1285
471 1411
471 1422
471 1518
471 1831
471 1930
471 2065
471 2230
471 2322
471 2358
471 2624
471 2691
471 2722
471 3659
471 4345
471 4400
471 4402
471 4427
471 4560
471 4828
471 4986
471 5568
471 5722
471 6025
471 6324
471 6390
471 6475
471 6880
471 7498
471 7679
471 8028
471 8777
471 9130
472 484
472 486
472 495
472 608
472 760
472 911
472 916
472 1014
472 1286
472 1479
472 1586
472 1651
472 1758
472 1817
472 1912
472 2463
472 2728
472 3036
472 3046
472 3705
472 3942
472 4203
472 4632
472 4682
472 4843
472 5009
472 5455
472 5482
472 5545
472 6151
472 6165
472 6198
472 6506
472 6525
472 6533
472 6563
472 6716
472 6875
472 7490
472 7692
472 8193
472 8904
472 8973
472 9476
472 9503
472 9609
472 9627
472 9888
472 9944
473 507
473 634
473 698
473 736
473 776
473 809
473 982
473 1025
473 1032
473 1041
473 1352
473 1701
473 1708
473 2012
473 2097
473 2244
473 2333
473 2505
473 3139
473 3371
473 3928
473 3937
473 5166
473 5598
473 6192
473 6317
473 6972
473 7164
473 8656
473 9273
473 9789
473 9906
474 530
474 674
474 772
474 778
474 961
474 1287
474 1508
474 1682
474 2011
474 2262
474 2308
474 2733
474 3303
474 3901
474 4111
474 4486
474 4767
474 5201
474 5223
474 5357
474 5410
474 6005
474 6182
474 6536
474 7703
474 8481
474 8830
474 9437
475 538
475 547
475 698
475 872
475 1036
475 1104
475 1122
475 1138
475 1158
475 1326
475 1354
475 1579
475 1990
475 2161
475 2169
475 2231
475 2585
475 3297
475 3302
475 3581
475 4725
475 5980
475 6103
475 6416
475 7206
475 7985
475 8075
475 8560
475 8754
475 8911
476 518
476 538
476 956
476 1324
476 1455
476 1481
476 1544
476 1546
476 1700
476 1707
476 1752
476 1956
476 2000
476 2029
476 2446
476 2496
476 2501
476 3483
476 4004
476 4092
476 5031
476 5520
476 5592
476 5607
476 5829
476 5850
476 6057
476 6211
476 6630
476 6807
476 6894
476 7462
476 7463
476 7708
476 8023
476 8037
476 8068
476 9496
476 9952
477 532
477 574
477 586
477 623
477 679
477 703
477 812
477 823
477 848
477 875
477 894
477 899
477 1321
477 1376
477 1409
477 1555
477 1749
477 1845
477 2152
477 2227
477 2452
477 2466
477 2491
477 2576
477 2973
477 3004
477 3724
477 3923
477 4115
477 4163
477 4239
477 4464
477 4815
477 4991
477 5007
477 5068
477 5346
477 5662
477 5669
477 6051
477 6187
477 7585
477 7679
477 7874
477 8461
477 8492
477 9220
477 9829
478 551
478 603
478 729
478 896
478 919
478 962
478 985
478 1205
478 1518
478 1685
478 2530
478 2775
478 3101
478 3193
478 3691
478 3723
478 3774
478 3880
478 4252
478 4835
478 4968
478 5047
478 5943
478 5980
478 6684
478 6755
478 6987
478 7199
478 7387
478 7542
478 7678
478 7964
478 8821
478 9804
479 483
479 516
479 529
479 577
479 790
479 820
479 1333
479 1615
479 1842
479 1869
479 2023
479 2039
479 2185
479 2256
479 2262
479 2497
479 2925
479 3040
479 3096
479 3406
479 3582
479 3648
479 3666
479 3687
479 3847
479 4001
479 4210
479 4588
479 4680
479 4716
479 4906
479 5840
479 5938
479 6344
479 6412
479 7672
479 8270
479 8350
479 9370
479 9868
480 531
480 806
480 1010
480 1254
480 1842
480 2316
480 3386
480 3807
480 4647
480 4847
480 5106
480 5311
480 5987
480 6995
480 7262
480 7644
480 7752
480 7777
480 7797
480 7919
480 7925
480 9870
481 593
481 605
481 1117
481 1196
481 1217
481 1436
481 1664
481 1770
481 1775
481 2063
481 2104
481 2130
481 2226
481 2340
481 2411
481 2475
481 2835
481 2889
481 3267
481 3397
481 4153
481 4641
481 4659
481 5443
481 5470
481 5531
481 5636
481 6126
481 7990
481 8438
481 8475
481 8965
481 9405
481 9509
481 9815
482 583
482 673
482 683
482 696
482 887
482 902
482 1032
482 1139
482 1187
482 1196
482 1201
482 1248
482 1378
482 1540
482 1585
482 1591
482 1645
482 1937
482 2243
482 2297
482 2301
482 2467
482 2485
482 3162
482 3166
482 3390
482 3503
482 3595
482 3629
482 3886
482 3894
482 4110
482 4219
482 4418
482 4423
482 4987
482 5331
482 5408
482 5413
482 5424
482 5491
482 6795
482 6953
482 6968
482 7421
482 7442
482 7477
482 7588
482 7614
482 7882
482 9137
482 9271
482 9743
483 519
483 558
483 615
483 663
483 677
483 772
483 783
483 795
483 1045
483 1060
483 1067
483 1075
483 1129
483 1200
483 1210
483 1278
483 1469
483 1481
483 1508
483 1578
483 1593
483 1653
483 1857
483 1956
483 1959
483 2033
483 2234
483 2408
483 2504
483 2509
483 2793
483 2888
483 2897
483 3544
483 3718
483 3939
483 4097
483 4396
483 4434
483 4524
483 4608
483 4667
483 5000
483 5252
483 5263
483 5359
483 5385
483 5547
483 5737
483 5762
483 5844
483 6151
483 6615
483 6737
483 6857
483 7182
483 7233
483 7590
483 7850
483 7857
483 8040
483 8130
483 8501
483 8534
483 8853
483 8913
483 8959
483 9035
483 9439
483 9777
483 9848
484 737
484 743
484 880
484 991
484 1166
484 1195
484 1314
484 1483
484 1611
484 1920
484 2086
484 2358
484 2395
484 2525
484 2570
484 3251
484 3461
484 3488
484 3747
484 3829
484 3843
484 4071
484 4604
484 4957
484 6013
484 6789
484 6992
484 7134
484 7383
484 8315
484 8336
484 8604
484 9116
484 9249
484 9342
485 662
485 703
485 855
485 862
485 1009
485 1014
485 1380
485 1724
485 2203
485 2233
485 2265
485 2412
485 2424
485 2552
485 2582
485 2623
485 2764
485 2826
485 2966
485 3021
485 3099
485 3237
485 3638
485 3640
485 4003
485 4301
485 4347
485 4949
485 5184
485 5225
485 5353
485 5461
485 5573
485 6469
485 7076
485 7145
485 7264
485 7298
485 7507
485 7756
485 7771
485 7790
485 7938
485 8444
485 9327
485 9429
485 9794
486 548
486 583
486 878
486 1239
486 1632
486 1663
486 1767
486 1986
486 2089
486 3059
486 3833
486 3971
486 3975
486 4304
486 4389
486 4600
486 4739
486 5447
486 5450
486 5773
486 6131
486 6638
486 7602
486 8283
486 8660
486 8718
487 664
487 930
487 1522
487 1526
487 1621
487 1858
487 1902
487 2450
487 2758
487 2864
487 3299
487 3482
487 4272
487 5316
487 5566
487 5599
487 5709
487 7118
487 7618
487 7722
487 8189
487 8231
487 8767
487 9331
487 9793
488 562
488 576
488 768
488 873
488 920
488 1100
488 1156
488 1337
488 1380
488 1407
488 1880
488 1952
488 2184
488 2564
488 2630
488 2833
488 2857
488 3080
488 3355
488 3550
488 3836
488 3959
488 4067
488 4168
488 4508
488 4853
488 5058
488 5086
488 5104
488 5225
488 5484
488 6782
488 7571
488 7589
488 7845
488 8144
488 8471
488 8657
488 8943
488 9147
488 9231
488 9272
488 9300
488 9894
488 9923
489 624
489 689
489 722
489 844
489 1000
489 1079
489 1131
489 1167
489 1550
489 1605
489 1813
489 1847
489 2172
489 2184
489 2374
489 2417
489 2566
489 2625
489 4085
489 4377
489 5830
489 6320
489 6363
489 6941
489 7295
489 7616
489 7820
489 8167
489 9225
489 9368
489 9535
490 496
490 742
490 838
490 976
490 1016
490 1104
490 1173
490 1251
490 1361
490 1799
490 1837
490 1905
490 2193
490 2214
490 2322
490 2688
490 2916
490 2968
490 3354
490 3364
490 3927
490 4437
490 4478
490 5035
490 5437
490 5456
490 5670
490 5952
490 5953
490 6447
490 6566
490 6608
490 6624
490 6811
490 7071
490 7407
490 7756
490 8271
490 9411
491 527
491 561
491 703
491 722
491 889
491 1105
491 1248
491 1341
491 1458
491 1530
491 1585
491 1622
491 1634
491 1702
491 1836
491 1858
491 2009
491 2021
491 2048
491 2051
491 2206
491 2387
491 2945
491 3077
491 3957
491 3978
491 4211
491 4590
491 4703
491 4718
491 4831
491 4865
491 5215
491 5278
491 5323
491 5712
491 5852
491 5859
491 6174
491 6477
491 6752
491 6790
491 7056
491 7119
491 7261
491 7309
491 7571
491 7893
491 8005
491 8038
491 8257
491 8425
491 8456
491 8820
491 8829
491 8926
491 8974
491 9367
491 9372
491 9827
492 981
492 1445
492 1711
492 1989
492 2266
492 2456
492 2505
492 2708
492 2806
492 3368
492 3527
492 4202
492 4652
492 5044
492 5425
492 8355
492 9213
492 9530
492 9905
493 534
493 582
493 947
493 1006
493 1049
493 1113
493 1193
493 1218
493 1406
493 1447
493 1514
493 1949
493 2170
493 2284
493 2345
493 3297
493 3896
493 3902
493 4248
493 4464
493 4578
493 4588
493 4981
493 5083
493 5277
493 5867
493 6146
493 6324
493 6709
493 7046
493 7113
493 7238
493 7363
493 7462
493 7890
493 8209
493 9007
493 9087
493 9142
493 9261
493 9377
494 568
494 582
494 822
494 1467
494 1571
494 1590
494 2050
494 2276
494 2301
494 2451
494 2550
494 2722
494 2834
494 2860
494 2989
494 3044
494 3552
494 3599
494 3720
494 3989
494 4108
494 4387
494 4809
494 4887
494 4900
494 5147
494 5155
494 5458
494 5563
494 5647
494 5663
494 6044
494 6391
494 8023
494 8036
494 9556
495 649
495 729
495 783
495 793
495 834
495 938
495 941
495 1003
495 1144
495 1168
495 1170
495 1319
495 1891
495 2223
495 2609
495 2710
495 3042
495 3126
495 3348
495 3467
495 3746
495 3856
495 3862
495 3905
495 3923
495 4237
495 4270
495 4439
495 4692
495 4974
495 5090
495 5145
495 6222
495 6300
495 6342
495 6514
495 6894
495 7129
495 7454
495 8084
495 8585
495 8735
495 8914
495 9397
496 549
496 682
496 722
496 751
496 818
496 1467
496 1637
496 1765
496 2075
496 2142
496 2522
496 3182
496 3618
496 3840
496 3874
496 4599
496 5346
496 5757
496 6934
496 7112
496 7135
496 7287
496 7324
496 7339
496 7807
496 8807
496 8838
496 9113
496 9217
496 9433
496 9448
496 9997
497 991
497 1158
497 1351
497 1357
497 1419
497 1453
497 1579
497 1603
497 1904
497 1984
497 2232
497 2321
497 2351
497 2400
497 2846
497 2950
497 3102
497 3348
497 3386
497 3845
497 3976
497 4020
497 4424
497 5269
497 5409
497 5980
497 6066
497 6164
497 6176
497 7347
497 7430
497 7825
497 7851
497 8395
497 8827
497 8885
497 8984
497 9412
497 9962
498 517
498 615
498 642
498 932
498 1415
498 1685
498 2547
498 2903
498 3346
498 4222
498 4295
498 5249
498 5476
498 5543
498 6899
498 6957
498 6962
498 8439
498 9803
498 9948
499 589
499 852
499 883
499 1034
499 1176
499 1948
499 2022
499 2859
499 2926
499 3095
499 3154
499 3739
499 4387
499 4678
499 4842
499 5084
499 6040
499 6044
499 6818
499 7408
499 7457
499 7856
499 8791
499 8999
500 557
500 673
500 714
500 724
500 742
500 756
500 864
500 944
500 989
500 1018
500 1019
500 1055
500 1070
500 1253
500 1405
500 1480
500 1774
500 1775
500 1802
500 1961
500 1962
500 2289
500 2665
500 2754
500 2777
500 2878
500 3030
500 3035
500 3134
500 3162
500 3731
500 4501
500 4709
500 4985
500 5095
500 5111
500 5188
500 5254
500 5356
500 5536
500 5546
500 6030
500 6745
500 6775
500 7129
500 7371
500 8175
500 8512
500 9497
500 9516
500 9747
501 534
501 565
501 595
501 637
501 749
501 830
501 898
501 909
501 1237
501 1267
501 1368
501 1503
501 1595
501 1778
501 2265
501 2394
501 2436
501 2439
501 2588
501 2710
501 2724
501 2731
501 2770
501 2827
501 2846
501 2852
501 2877
501 2959
501 2964
501 2987
501 3021
501 3336
501 4052
501 4714
501 5115
501 5246
501 5305
501 5386
501 5499
501 6082
501 6110
501 6602
501 6993
501 7098
501 7377
501 7449
501 7557
501 7594
501 7601
501 7645
501 7846
501 8517
501 8871
501 9993
502 522
502 556
502 571
502 810
502 1209
502 1233
502 1246
502 1276
502 1504
502 1577
502 1656
502 1690
502 1742
502 1747
502 1859
502 1970
502 2201
502 2647
502 2928
502 2975
502 3467
502 3514
502 3912
502 4216
502 4953
502 5079
502 5287
502 5559
502 6304
502 6619
502 6856
502 7369
502 8220
502 8246
502 8390
502 8476
502 8584
502 9257
502 9883
503 510
503 783
503 1136
503 1946
503 1965
503 2416
503 2897
503 3184
503 3517
503 4134
503 4548
503 5963
503 6243
503 6276
503 6953
503 7485
503 7486
503 7646
503 7705
503 8964
503 9150
503 9878
504 740
504 758
504 770
504 867
504 991
504 1132
504 1177
504 1189
504 1469
504 1484
504 1571
504 1839
504 1988
504 2087
504 2094
504 2176
504 2337
504 2661
504 2734
504 3195
504 3204
504 3259
504 3496
504 4295
504 4550
504 4749
504 4920
504 5350
504 5623
504 5817
504 5963
504 6369
504 6575
504 6831
504 6885
504 7344
504 7541
504 7572
504 7790
504 7988
504 8161
504 8435
504 8495
504 8820
504 8935
504 8992
504 9176
504 9289
504 9725
504 9738
505 587
505 792
505 855
505 1078
505 1418
505 1558
505 1933
505 2243
505 2332
505 2635
505 2847
505 3319
505 3554
505 3718
505 3940
505 4019
505 4045
505 4072
505 4329
505 4526
505 4666
505 5569
505 5865
505 6937
505 7070
505 7250
505 7433
505 7632
505 7794
505 7892
505 8675
506 618
506 789
506 868
506 1015
506 1167
506 1360
506 2091
506 2098
506 2567
506 2978
506 2988
506 3088
506 3089
506 3943
506 4139
506 4412
506 4528
506 4956
506 6376
506 6601
506 7525
506 7707
506 8513
507 625
507 938
507 1128
507 1314
507 1560
507 1785
507 1878
507 1932
507 1951
507 2403
507 2463
507 2596
507 2606
507 2789
507 2890
507 3202
507 3751
507 4348
507 4696
507 4893
507 6081
507 7627
507 8064
507 8805
508 1068
508 1563
508 1594
508 1715
508 1822
508 3062
508 3292
508 3384
508 4638
508 4714
508 4785
508 9298
508 9377
509 1293
509 1700
509 1960
509 1964
509 1976
509 2657
509 3030
509 3137
509 3307
509 3904
509 4128
509 4314
509 4393
509 4763
509 5330
509 6078
509 6363
509 6724
509 6852
509 6915
509 7217
509 7593
509 7716
509 7987
509 8467
509 8837
509 8971
509 9730
510 521
510 721
510 1258
510 1449
510 4109
510 4127
510 4650
510 5876
510 6614
510 7470
510 7875
510 8555
510 8987
511 1915
511 2029
511 2083
511 2673
511 2818
511 3003
511 4089
511 4098
511 4753
511 5118
511 5299
511 5673
511 5833
511 6073
511 7394
511 7597
511 7851
511 9398
511 9933
512 517
512 521
512 589
512 714
512 750
512 768
512 798
512 838
512 853
512 1200
512 1290
512 1358
512 1427
512 1529
512 1961
512 2006
512 2301
512 2334
512 2377
512 2470
512 2486
512 2490
512 2521
512 2522
512 2530
512 2758
512 2844
512 2845
512 2876
512 2881
512 2890
512 3261
512 3322
512 3365
512 3513
512 3777
512 3919
512 4061
512 4122
512 4832
512 4922
512 5171
512 5174
512 5413
512 5937
512 5962
512 6139
512 6217
512 7003
512 7072
512 7114
512 7192
512 7599
512 7739
512 8216
512 8427
512 8559
512 8574
512 8864
512 9215
512 9254
512 9439
512 9475
512 9776
513 521
513 594
513 607
513 654
513 1170
513 1305
513 1478
513 2516
513 2673
513 4696
513 4714
513 4979
513 4989
513 5358
513 7183
513 7503
513 7590
513 8231
513 8282
513 9662
513 9941
514 605
514 648
514 712
514 1552
514 1607
514 1989
514 2061
514 2236
514 2278
514 2296
514 2588
514 2802
514 3230
514 3330
514 3343
514 3790
514 3800
514 4279
514 4417
514 4897
514 6629
514 7236
514 7453
514 7621
514 7802
514 9541
514 9875
514 9946
514 9947
515 517
515 680
515 755
515 877
515 1604
515 1752
515 1814
515 2491
515 3809
515 3924
515 4354
515 4433
515 4562
515 4903
515 5131
515 5206
515 5562
515 5781
515 6237
515 6353
515 6704
515 7129
515 7553
515 7623
515 8814
515 8903
515 9244
515 9664
515 9741
515 9915
516 585
516 739
516 934
516 1163
516 1371
516 1543
516 1715
516 1832
516 2130
516 2468
516 2558
516 2566
516 2662
516 3015
516 3017
516 3398
516 3432
516 3808
516 3858
516 4136
516 4258
516 4584
516 4690
516 5590
516 6064
516 7201
516 7303
516 7472
516 7948
516 8328
516 8667
516 8854
516 9407
517 546
517 657
517 721
517 1736
517 1782
517 2283
517 2916
517 3854
517 4290
517 4621
517 4793
517 5117
517 5309
517 6181
517 6406
517 6759
517 6981
517 8508
517 8697
517 8723
517 9196
517 9955
518 624
518 689
518 796
518 816
518 911
518 1020
518 1086
518 1343
518 1431
518 1950
518 2183
518 2279
518 2703
518 5156
518 5924
518 6713
518 7204
518 8557
518 9083
518 9566
519 649
519 800
519 824
519 921
519 964
519 1203
519 1277
519 1292
519 1371
519 1451
519 1491
519 1684
519 2561
519 2630
519 2683
519 2815
519 2854
519 2960
519 3062
519 3129
519 3327
519 4316
519 4823
519 5885
519 6018
519 6298
519 7428
519 9519
519 9557
520 568
520 606
520 647
520 705
520 708
520 910
520 975
520 1110
520 1141
520 1321
520 1401
520 1458
520 1586
520 2032
520 2109
520 2246
520 2334
520 2527
520 2650
520 2691
520 2775
520 3001
520 3363
520 3496
520 3529
520 3616
520 3696
520 4949
520 5240
520 6057
520 6197
520 6397
520 7142
520 7287
520 7369
520 8537
520 8962
520 9395
520 9433
520 9508
521 681
521 747
521 848
521 1179
521 1268
521 1297
521 1369
521 1511
521 1684
521 1809
521 1896
521 2042
521 2519
521 2745
521 3182
521 3188
521 3366
521 3401
521 3605
521 3610
521 3617
521 3643
521 3715
521 3919
521 4707
521 4823
521 5623
521 6089
521 6363
521 6831
521 7210
521 7213
521 7529
521 7650
521 7788
521 7972
521 8641
521 9047
521 9182
521 9534
521 9662
522 964
522 1511
522 1527
522 2085
522 2314
522 2491
522 3154
522 3182
522 3204
522 3657
522 4304
522 4390
522 5112
522 5258
522 5285
522 6484
522 7478
522 7874
522 8006
522 8036
522 8233
522 8683
522 8690
522 8719
522 8860
523 580
523 644
523 656
523 1924
523 2775
523 3000
523 3396
523 3620
523 3683
523 4695
523 4765
523 5297
523 5477
523 6870
523 7299
523 7320
523 7940
523 8651
523 8710
523 8784
523 8819
523 9421
523 9845
524 560
524 594
524 659
524 763
524 768
524 926
524 1353
524 1387
524 1408
524 1534
524 1647
524 1884
524 1890
524 1941
524 1991
524 2614
524 2970
524 3253
524 3326
524 3365
524 3641
524 3782
524 3810
524 3843
524 4104
524 5369
524 5442
524 5642
524 5840
524 6096
524 6171
524 6316
524 6485
524 6525
524 6737
524 6978
524 7380
524 7815
524 8570
524 8662
524 8682
524 8731
524 8745
524 8844
524 9117
524 9351
524 9897
525 1005
525 1168
525 1635
525 1851
525 2541
525 3272
525 3290
525 3855
525 4504
525 4595
525 4958
525 5853
525 5939
525 6849
525 7783
526 801
526 819
526 1131
526 1145
526 1607
526 2285
526 2565
526 3299
526 3875
526 5375
526 5892
526 6293
526 6467
526 6919
526 7655
526 9201
527 1082
527 1150
527 1376
527 1656
527 1979
527 3996
527 4919
527 5423
527 5511
527 5578
527 6527
527 8287
528 541
528 553
528 755
528 786
528 946
528 988
528 1197
528 1221
528 1308
528 1426
528 1436
528 1484
528 1609
528 1718
528 1856
528 1858
528 2367
528 2393
528 2449
528 2571
528 2757
528 2867
528 3233
528 3773
528 3823
528 3950
528 4127
528 4250
528 4383
528 4419
528 4758
528 4782
528 4908
528 5002
528 5162
528 5323
528 5367
528 5796
528 5913
528 5994
528 6098
528 6451
528 6813
528 6833
528 7010
528 7064
528 7089
528 7136
528 7659
528 8038
528 8082
528 8115
528 8329
528 8832
528 8901
528 8944
528 9049
528 9168
528 9677
528 9725
528 9774
529 660
529 663
529 922
529 1128
529 1300
529 1361
529 1563
529 1616
529 2424
529 2781
529 2895
529 3106
529 3836
529 4350
529 5063
529 5412
529 5646
529 6010
529 6385
529 6715
529 6978
529 8352
529 8851
529 9844
530 551
530 1038
530 1134
530 1149
530 1752
530 2426
530 2529
530 2863
530 3107
530 3118
530 3629
530 4189
530 4602
530 4935
530 5031
530 5523
530 6337
530 6451
530 7228
530 7827
530 8254
530 8665
530 8778
530 9421
530 9546
530 9910
531 1252
531 1556
531 1867
531 1967
531 2348
531 3765
531 4066
531 4099
531 5282
531 7203
531 8141
531 8288
532 614
532 669
532 966
532 1038
532 1234
532 1484
532 1521
532 1950
532 2542
532 2609
532 2759
532 2847
532 3097
532 3183
532 3256
532 3261
532 3267
532 3278
532 3357
532 4061
532 4265
532 5015
532 5428
532 5964
532 6414
532 6445
532 7145
532 8134
532 8959
532 9046
532 9194
532 9329
532 9945
533 1177
533 1296
533 1326
533 1375
533 1529
533 1628
533 1659
533 1708
533 1727
533 1729
533 1931
533 1973
533 2442
533 2471
533 2570
533 2678
533 2899
533 2994
533 3469
533 3757
533 3900
533 3901
533 3922
533 4055
533 4657
533 5322
533 5789
533 6041
533 6240
533 6715
533 6878
533 7101
533 7216
533 9253
533 9500
533 9630
533 9961
534 602
534 703
534 827
534 935
534 1035
534 1048
534 1787
534 1853
534 1966
534 1979
534 2230
534 2569
534 2778
534 2880
534 3019
534 3818
534 4118
534 4233
534 4338
534 5210
534 5596
534 5619
534 5859
534 6542
534 6959
534 7152
534 7733
534 7950
534 8112
534 8635
534 8723
534 8800
534 9235
534 9875
535 775
535 834
535 968
535 1111
535 1317
535 1341
535 1695
535 1769
535 1986
535 2325
535 2506
535 2594
535 2897
535 3588
535 3669
535 3850
535 3874
535 3913
535 3992
535 4303
535 5430
535 6003
535 6095
535 6456
535 6709
535 6748
535 7199
535 7291
535 7364
535 7940
535 8125
535 8532
535 9505
536 541
536 617
536 853
536 976
536 986
536 1081
536 1095
536 1252
536 1338
536 1823
536 2087
536 2245
536 2256
536 2486
536 2913
536 2983
536 3199
536 3331
536 3640
536 3733
536 3840
536 3972
536 4107
536 4210
536 4269
536 4364
536 4487
536 4862
536 5335
536 6188
536 6310
536 6498
536 6945
536 7211
536 7239
536 7256
536 7568
536 7857
536 7994
536 7997
536 8073
536 8103
536 9292
536 9371
536 9914
537 1001
537 1105
537 1388
537 1705
537 1829
537 2177
537 2352
537 2737
537 2781
537 3002
537 3305
537 4200
537 4379
537 4543
537 5002
537 5060
537 5237
537 6058
537 6484
537 6628
537 6629
537 7648
537 7973
537 8110
537 8682
537 8819
537 9037
537 9241
537 9469
537 9791
538 563
538 1207
538 1659
538 1977
538 2202
538 2247
538 2305
538 2555
538 2928
538 4063
538 4264
538 4570
538 4628
538 4821
538 5248
538 5763
538 5829
538 6146
538 6761
538 7291
538 7366
538 7825
538 8356
538 9930
538 9965
539 623
539 724
539 809
539 889
539 1034
539 1247
539 1521
539 1801
539 1839
539 1869
539 2095
539 2170
539 2318
539 2328
539 2762
539 2926
539 3051
539 3108
539 3243
539 4140
539 4339
539 5235
539 5465
539 5600
539 5699
539 5885
539 6529
539 6946
539 7158
539 7779
539 8568
539 8640
539 8653
539 9004
539 9699
539 9711
539 9716
539 9809
540 772
540 833
540 935
540 937
540 1129
540 1339
540 1780
540 2459
540 2495
540 2555
540 3305
540 3368
540 4530
540 6175
540 7485
540 8700
540 8843
540 9325
540 9909
541 552
541 843
541 959
541 1010
541 1609
541 1764
541 2148
541 2823
541 3082
541 3119
541 3271
541 3622
541 4219
541 4387
541 5310
541 5799
541 5833
541 6311
541 6546
541 7964
541 8576
541 9237
541 9259
541 9263
541 9625
542 629
542 1059
542 1291
542 1325
542 1328
542 1679
542 1846
542 2389
542 3084
542 3533
542 3972
542 3980
542 4476
542 5434
542 5955
542 7310
542 7491
542 8394
542 8474
542 8520
542 9343
543 793
543 871
543 1107
543 1145
543 1321
543 1392
543 2535
543 2826
543 2832
543 2863
543 3915
543 3983
543 4167
543 4288
543 4296
543 4535
543 4617
543 4897
543 4936
543 5575
543 6360
543 6906
543 7324
543 8104
543 9569
544 558
544 581
544 620
544 757
544 896
544 1105
544 1472
544 1570
544 1928
544 2365
544 2450
544 2632
544 2792
544 3230
544 4092
544 4378
544 4664
544 5675
544 5801
544 6642
544 7093
544 7135
544 7143
544 7246
544 7800
544 8452
544 8606
544 8616
544 9074
544 9173
544 9283
544 9535
544 9687
545 582
545 617
545 697
545 809
545 903
545 1046
545 1117
545 1156
545 1299
545 1324
545 1504
545 1874
545 2051
545 2111
545 2818
545 3601
545 3716
545 3839
545 4304
545 4920
545 5373
545 5588
545 7141
545 7201
545 7289
545 7497
545 7649
545 7735
545 9215
545 9601
545 9919
546 586
546 647
546 777
546 915
546 1128
546 1544
546 1655
546 1877
546 2011
546 2271
546 2382
546 3511
546 3519
546 3554
546 3755
546 3763
546 3775
546 4224
546 4267
546 4381
546 4478
546 4570
546 4909
546 5951
546 6493
546 6627
546 6674
546 7227
546 7951
546 8727
546 9072
546 9147
546 9271
546 9806
547 790
547 858
547 931
547 933
547 1275
547 1390
547 1696
547 1737
547 3019
547 3769
547 4047
547 4108
547 4419
547 4538
547 5421
547 5758
547 5868
547 6171
547 6390
547 7114
547 7484
547 7537
547 7660
547 7989
547 8175
547 8724
547 9059
547 9200
547 9602
548 677
548 1468
548 1619
548 1900
548 2431
548 2609
548 2804
548 3047
548 3448
548 3736
548 4006
548 4550
548 4833
548 5253
548 6241
548 7849
548 8593
548 8971
548 9196
549 591
549 954
549 1004
549 1152
549 1201
549 1281
549 1697
549 1732
549 1795
549 1916
549 2022
549 2228
549 2859
549 2915
549 3135
549 3366
549 3534
549 3850
549 4180
549 4428
549 5411
549 5541
549 5594
549 5710
549 5848
549 6225
549 6606
549 6769
549 7005
549 7904
549 8199
549 8213
549 8554
549 8610
549 8681
549 9492
549 9629
550 718
550 846
550 1809
550 2211
550 2307
550 2386
550 2547
550 2829
550 3205
550 3225
550 5990
550 6344
550 7319
550 9139
550 9891
551 667
551 668
551 682
551 687
551 770
551 844
551 847
551 881
551 928
551 1126
551 1145
551 1459
551 1662
551 1708
551 2118
551 2310
551 2685
551 2789
551 3056
551 4530
551 5060
551 5324
551 6575
551 6930
551 6937
551 7006
551 7124
551 7296
551 7974
551 8267
551 8767
551 8934
551 8985
551 9080
551 9378
551 9837
551 9954
551 9984
552 668
552 679
552 910
552 1022
552 1067
552 1130
552 1193
552 1261
552 1304
552 1423
552 1512
552 1744
552 1747
552 1756
552 2001
552 2020
552 2217
552 2460
552 2599
552 2927
552 3324
552 3400
552 3495
552 3521
552 3749
552 3804
552 3869
552 3935
552 3939
552 3994
552 4035
552 4205
552 4299
552 4306
552 4307
552 4618
552 4666
552 4690
552 4793
552 4925
552 5983
552 6088
552 7788
552 8120
552 8138
552 9097
552 9170
552 9493
552 9787
552 9871
552 9924
553 578
553 728
553 746
553 890
553 1163
553 1272
553 1346
553 1427
553 1683
553 1711
553 1828
553 1832
553 1837
553 1976
553 2047
553 2382
553 2531
553 2547
553 2610
553 2658
553 2794
553 2923
553 3097
553 3188
553 3394
553 3561
553 4548
553 4678
553 4927
553 5233
553 5267
553 5347
553 5431
553 5534
553 5782
553 5960
553 6254
553 6403
553 6508
553 6640
553 6842
553 6890
553 7016
553 7080
553 7234
553 7269
553 7581
553 7773
553 8322
553 8482
554 582
554 733
554 829
554 887
554 895
554 949
554 1028
554 1220
554 1305
554 1618
554 1933
554 2190
554 2701
554 2958
554 3009
554 3097
554 3236
554 3519
554 3794
554 4326
554 4498
554 5318
554 5595
554 5924
554 6319
554 6688
554 6989
554 7175
554 7201
554 7422
554 7468
554 7679
554 8073
554 8115
554 8403
554 9434
554 9578
554 9850
554 9911
555 558
555 859
555 964
555 1048
555 1557
555 2053
555 2559
555 3750
555 3959
555 4968
555 5732
555 6640
555 6997
555 8766
555 8886
555 9045
555 9832
556 616
556 644
556 668
556 689
556 767
556 843
556 1029
556 1065
556 1122
556 1336
556 1389
556 1616
556 1706
556 1873
556 1907
556 1971
556 2091
556 2157
556 2347
556 2462
556 2991
556 3382
556 3583
556 3787
556 3799
556 3931
556 4251
556 4625
556 5195
556 5391
556 6060
556 6282
556 6347
556 6581
556 6866
556 7160
556 7603
556 8777
556 8891
556 9503
556 9813
557 642
557 975
557 1072
557 1157
557 1193
557 1884
557 2087
557 2499
557 3223
557 4053
557 4603
557 5118
557 6484
557 6819
557 7541
557 7652
557 7759
557 8104
557 8188
557 8414
557 9208
557 9929
557 9949
558 612
558 712
558 739
558 804
558 814
558 855
558 942
558 1002
558 1053
558 1064
558 1256
558 1285
558 1412
558 1645
558 1667
558 2201
558 2251
558 2403
558 2706
558 3226
558 3321
558 3335
558 3546
558 3549
558 3558
558 3588
558 3986
558 4117
558 4474
558 4712
558 4923
558 4969
558 5072
558 5524
558 6009
558 6020
558 6231
558 6232
558 6834
558 6852
558 7026
558 7138
558 7548
558 7615
558 8649
558 8767
558 9110
558 9376
559 570
559 777
559 799
559 1055
559 1629
559 1735
559 2360
559 2891
559 3195
559 4138
559 4166
559 4855
559 5031
559 5093
559 5596
559 7571
559 9206
560 907
560 955
560 967
560 972
560 1007
560 1311
560 2322
560 3465
560 3585
560 4224
560 5056
560 5112
560 5535
560 5725
560 5954
560 6357
560 7945
560 8197
560 9258
561 594
561 600
561 1119
561 1354
561 1624
561 1950
561 2084
561 2134
561 2137
561 2143
561 2721
561 3738
561 4120
561 4313
561 4959
561 4967
561 5099
561 5303
561 6020
561 6154
561 6222
561 6238
561 6340
561 6898
561 6945
561 7198
561 7765
561 8171
561 8333
561 8391
561 8673
561 9710
561 9776
562 632
562 719
562 886
562 929
562 948
562 1010
562 1039
562 1096
562 1107
562 1176
562 1513
562 1540
562 1547
562 1549
562 1637
562 1687
562 1897
562 1961
562 2119
562 2174
562 2224
562 2239
562 2312
562 2378
562 2834
562 2862
562 2937
562 3094
562 3244
562 3360
562 3468
562 3742
562 3896
562 3983
562 4080
562 4112
562 5276
562 5523
562 5562
562 5569
562 5856
562 6033
562 6058
562 6223
562 6369
562 6643
562 6941
562 6985
562 7157
562 8389
562 8871
563 783
563 866
563 926
563 956
563 1047
563 1115
563 1299
563 1498
563 1537
563 1878
563 1967
563 2257
563 2462
563 2471
563 2644
563 2688
563 2810
563 2872
563 2976
563 3107
563 3300
563 3407
563 3421
563 3644
563 3688
563 3700
563 3722
563 3725
563 3785
563 3930
563 4011
563 4333
563 4396
563 4848
563 5416
563 7579
563 7891
563 8162
563 8446
563 8591
563 8824
563 9034
563 9138
563 9405
564 618
564 633
564 656
564 803
564 829
564 909
564 1114
564 1439
564 1458
564 1500
564 1903
564 2038
564 2470
564 2638
564 2675
564 2784
564 2874
564 3754
564 4325
564 4564
564 4667
564 5411
564 5823
564 6269
564 6413
564 6652
564 6758
564 7235
564 7935
564 8524
564 8671
564 9392
565 585
565 743
565 925
565 1118
565 1395
565 1593
565 1614
565 1785
565 1938
565 1939
565 2066
565 2132
565 2179
565 2577
565 2669
565 2999
565 3100
565 3109
565 3374
565 3490
565 3566
565 4010
565 4435
565 5380
565 5694
565 5976
565 6330
565 6429
565 6431
565 6613
565 7365
565 7630
565 7676
565 7936
565 8024
565 8436
565 8640
565 8646
565 8654
565 8656
565 8658
565 8754
565 8964
565 9131
565 9999
566 571
566 672
566 681
566 689
566 732
566 831
566 838
566 966
566 1008
566 1073
566 1083
566 1306
566 1377
566 1475
566 1505
566 1533
566 1728
566 1824
566 1867
566 1973
566 2105
566 2372
566 2505
566 2507
566 2652
566 2852
566 3080
566 3082
566 3132
566 3190
566 3387
566 3459
566 3803
566 4049
566 4144
566 4222
566 4224
566 4348
566 4628
566 4634
566 4701
566 4750
566 5208
566 5413
566 5437
566 5742
566 5943
566 5959
566 6078
566 6127
566 6340
566 6612
566 6654
566 6729
566 6902
566 6920
566 6930
566 7450
566 7770
566 7771
566 7826
566 8117
566 8426
566 8963
566 9165
566 9175
566 9693
567 712
567 718
567 767
567 810
567 950
567 1466
567 1728
567 2735
567 2840
567 3434
567 4470
567 4675
567 5255
567 5366
567 5486
567 5556
567 5979
567 7015
567 7428
567 7627
567 7782
567 9374
568 795
568 870
568 959
568 1093
568 1106
568 2080
568 2130
568 2515
568 2966
568 3700
568 3807
568 4444
568 4619
568 5374
568 6780
568 9357
569 764
569 960
569 1290
569 1526
569 1685
569 1838
569 1926
569 2010
569 2027
569 2077
569 2408
569 2466
569 3155
569 3567
569 4497
569 4934
569 5495
569 5589
569 5601
569 5785
569 5892
569 6486
569 6770
569 7336
569 7590
569 8634
569 8649
569 8919
569 8983
570 626
570 663
570 710
570 736
570 844
570 912
570 978
570 1198
570 1284
570 1376
570 1691
570 1807
570 1871
570 2072
570 2148
570 2433
570 2592
570 3305
570 3378
570 3536
570 4324
570 4328
570 4445
570 4529
570 4729
570 5394
570 5601
570 5926
570 6649
570 6767
570 7011
570 7201
570 7555
570 7747
570 7778
570 8189
570 8782
571 655
571 836
571 864
571 924
571 1198
571 1415
571 1619
571 1676
571 1861
571 1989
571 2145
571 2374
571 2675
571 2680
571 2698
571 3564
571 4074
571 4297
571 4382
571 4884
571 4955
571 5706
571 6669
571 6899
571 7009
571 7357
571 7994
571 8588
571 8776
571 9084
571 9932
572 591
572 656
572 774
572 825
572 849
572 922
572 934
572 1206
572 1657
572 1994
572 2189
572 2928
572 2960
572 3044
572 3169
572 3343
572 3368
572 4080
572 4173
572 4492
572 4618
572 4625
572 4988
572 5075
572 6640
572 7105
572 8264
572 8503
572 8704
572 9128
572 9341
572 9493
572 9683
573 1167
573 1333
573 1415
573 1844
573 1849
573 2211
573 2732
573 3029
573 3181
573 3430
573 3797
573 3895
573 4380
573 5126
573 5148
573 5183
573 5236
573 5569
573 6368
573 7278
573 7395
573 7773
573 7788
573 7792
573 7849
573 8260
573 8317
573 8446
573 8840
573 8857
573 8880
573 9064
574 727
574 871
574 945
574 1138
574 1246
574 1605
574 1688
574 1857
574 1865
574 2021
574 2125
574 2273
574 2332
574 2346
574 2421
574 2681
574 2881
574 3213
574 3426
574 3576
574 3679
574 4153
574 5195
574 5690
574 6117
574 6671
574 7336
574 8201
574 8326
574 8361
574 8433
574 8511
574 8534
574 9636
575 651
575 668
575 774
575 1039
575 1327
575 1385
575 1438
575 1617
575 1667
575 1767
575 1791
575 1987
575 2001
575 2112
575 2138
575 2228
575 2494
575 2587
575 2694
575 2730
575 2810
575 2839
575 3033
575 3324
575 3336
575 3362
575 4069
575 4437
575 4928
575 5122
575 5202
575 5251
575 5385
575 5899
575 6046
575 6222
575 6354
575 6485
575 6599
575 6931
575 7078
575 7514
575 7554
575 7569
575 7785
575 8117
575 9029
575 9090
575 9200
575 9268
575 9496
575 9601
575 9737
576 640
576 641
576 652
576 690
576 960
576 1145
576 1424
576 1436
576 1453
576 1602
576 1604
576 1762
576 1765
576 1856
576 1888
576 1907
576 2149
576 2258
576 2575
576 2671
576 3078
576 3339
576 3627
576 3797
576 4503
576 4579
576 4611
576 4673
576 5270
576 5844
576 5935
576 5943
576 6167
576 6281
576 6336
576 6843
576 6990
576 7454
576 7591
576 7895
576 8138
576 8261
576 8873
576 9199
576 9332
576 9852
577 915
577 1103
577 1106
577 1308
577 1362
577 1515
577 1559
577 1603
577 1841
577 2030
577 2041
577 2064
577 2447
577 2766
577 3649
577 3745
577 3821
577 4301
577 4309
577 4388
577 5348
577 7080
577 7112
577 7133
577 7414
577 7584
577 7595
577 8093
577 8182
577 8291
577 8604
577 8824
577 9145
577 9783
577 9937
578 951
578 1948
578 1981
578 2427
578 3183
578 3226
578 3355
578 3672
578 3883
578 3898
578 4396
578 5219
578 5425
578 5744
578 6313
578 6615
578 6981
579 604
579 646
579 782
579 888
579 893
579 1031
579 1207
579 1422
579 1626
579 1711
579 1975
579 2161
579 2434
579 2629
579 2711
579 2733
579 2938
579 3153
579 3652
579 3715
579 3841
579 4082
579 5073
579 5444
579 5451
579 5667
579 5746
579 6405
579 6461
579 6520
579 7835
579 8393
579 9040
579 9412
580 628
580 642
580 649
580 700
580 724
580 762
580 848
580 952
580 1069
580 1114
580 1196
580 1212
580 1255
580 1518
580 1546
580 1567
580 1643
580 1704
580 1966
580 2008
580 2378
580 2705
580 2809
580 3264
580 3724
580 3984
580 4011
580 4364
580 4763
580 4766
580 5095
580 5257
580 5285
580 5531
580 5576
580 5609
580 5691
580 6189
580 6465
580 6731
580 6764
580 7068
580 7133
580 7307
580 8037
580 9165
580 9292
580 9368
580 9438
580 9566
580 9693
580 9838
581 604
581 705
581 773
581 816
581 1845
581 2118
581 2134
581 2355
581 2586
581 2870
581 3409
581 3495
581 3737
581 3786
581 4005
581 4102
581 4103
581 4389
581 4533
581 4668
581 4867
581 5025
581 5253
581 5268
581 5571
581 5614
581 6309
581 6359
581 6583
581 6642
581 6777
581 8053
581 8182
581 8280
581 8802
581 8827
581 9212
581 9216
581 9236
581 9574
582 606
582 671
582 761
582 789
582 1006
582 1035
582 1848
582 2124
582 2128
582 2959
582 4284
582 4839
582 5141
582 5688
582 5946
582 5991
582 7054
582 7204
582 7786
582 8376
582 9002
582 9516
583 637
583 709
583 720
583 799
583 828
583 841
583 1015
583 1047
583 1108
583 1279
583 1286
583 1359
583 1375
583 1546
583 2212
583 2438
583 2486
583 2527
583 2689
583 3419
583 3483
583 3740
583 3792
583 4124
583 4227
583 4316
583 4515
583 4517
583 4905
583 5314
583 5798
583 6086
583 6832
583 6941
583 7198
583 7453
583 7858
583 8124
583 8238
583 9846
584 698
584 1129
584 2062
584 2524
584 2642
584 2784
584 2833
584 3305
584 3346
584 3752
584 3793
584 4625
584 4634
584 5193
584 5529
584 5641
584 5984
584 6610
584 7432
584 8171
584 9360
584 9646
585 688
585 801
585 1017
585 1139
585 1351
585 1556
585 1805
585 2131
585 2355
585 2575
585 2921
585 2931
585 3099
585 3276
585 4960
585 4982
585 5005
585 5735
585 5939
585 6717
585 7011
585 7156
585 7479
585 8448
585 8555
585 8650
585 8709
585 9172
586 612
586 1488
586 1530
586 1927
586 2600
586 2708
586 2924
586 5490
586 6319
586 6432
586 7464
586 7833
586 8169
586 8574
586 9010
586 9839
587 699
587 1273
587 1676
587 2264
587 2493
587 3616
587 3683
587 3889
587 4351
587 5134
587 5433
587 6058
587 6641
587 7586
587 9125
588 709
588 807
588 1229
588 1351
588 1769
588 1918
588 1942
588 2087
588 2143
588 2236
588 3192
588 3397
588 4128
588 4208
588 4331
588 5148
588 5775
588 7479
588 7844
588 7963
588 8156
588 8582
588 9907
588 9943
589 617
589 704
589 769
589 924
589 978
589 1098
589 1267
589 1334
589 1526
589 1652
589 1675
589 1770
589 1944
589 1977
589 1988
589 2602
589 2968
589 3122
589 3364
589 3367
589 3457
589 3741
589 3805
589 3865
589 4174
589 4531
589 4595
589 4892
589 5244
589 5362
589 5420
589 5864
589 6317
589 6875
589 7450
589 7491
589 8124
589 8720
589 8872
589 9547
590 1172
590 1187
590 1568
590 1650
590 1710
590 1742
590 1811
590 1964
590 2259
590 2343
590 2588
590 2602
590 3393
590 3563
590 4036
590 4203
590 4270
590 4317
590 4410
590 4495
590 5626
590 5631
590 5911
590 7268
590 7392
590 7593
590 8402
590 8931
590 8999
590 9526
590 9566
590 9780
591 622
591 691
591 847
591 983
591 1073
591 1152
591 1174
591 1301
591 1370
591 1584
591 1714
591 1719
591 1720
591 1814
591 1845
591 1881
591 2468
591 2780
591 2954
591 2992
591 3097
591 3167
591 3302
591 3310
591 3435
591 3538
591 3691
591 4511
591 4800
591 5016
591 5082
591 5799
591 5944
591 6692
591 6770
591 7175
591 7522
591 7604
591 8071
591 8420
591 8521
591 8622
591 8835
591 9938
592 886
592 1320
592 1511
592 1669
592 2383
592 2828
592 2881
592 3025
592 3029
592 3134
592 3747
592 6633
592 6719
592 8168
592 8934
593 717
593 824
593 1436
593 1499
593 1563
593 1864
593 3965
593 4273
593 4407
593 4647
593 4915
593 6062
593 6065
593 6548
593 7842
593 7982
593 8502
593 8531
593 9345
593 9875
593 9882
594 611
594 625
594 825
594 988
594 1058
594 1284
594 1347
594 1498
594 2023
594 2036
594 2042
594 2078
594 2089
594 2350
594 2674
594 2730
594 2871
594 2908
594 3125
594 3141
594 3691
594 4341
594 4696
594 4972
594 5474
594 5828
594 5961
594 6178
594 6288
594 6528
594 6849
594 7304
594 7854
594 8944
594 9306
594 9476
595 615
595 762
595 925
595 1254
595 1374
595 2619
595 2685
595 2692
595 3065
595 3780
595 3937
595 3947
595 4069
595 4803
595 5027
595 5261
595 5270
595 5492
595 5603
595 5678
595 5762
595 5885
595 7215
595 7363
595 8961
595 9173
596 624
596 719
596 961
596 978
596 1023
596 1148
596 1290
596 1361
596 1362
596 1376
596 1606
596 1631
596 1668
596 2309
596 2377
596 2756
596 2855
596 3263
596 3295
596 3598
596 3608
596 4096
596 4342
596 4378
596 4424
596 4484
596 4520
596 4994
596 5064
596 5583
596 5645
596 5666
596 5790
596 6407
596 6430
596 6564
596 6670
596 6762
596 6933
596 6939
596 7450
596 7553
596 7583
596 7685
596 7757
596 7776
596 8339
596 8541
596 8678
596 9388
596 9837
596 9863
596 9947
596 9986
597 603
597 718
597 773
597 832
597 853
597 856
597 994
597 1069
597 1336
597 1363
597 1365
597 1560
597 1839
597 1879
597 2287
597 2293
597 2738
597 2902
597 2991
597 3081
597 3098
597 3351
597 3950
597 5052
597 5590
597 5674
597 6630
597 6809
597 6844
597 7071
597 7136
597 7388
597 7960
597 8029
597 9310
597 9313
597 9414
598 834
598 916
598 1126
598 1167
598 1176
598 2052
598 2226
598 2321
598 2489
598 3332
598 3784
598 4159
598 4812
598 5023
598 5233
598 5844
598 6569
598 6643
598 6717
598 7498
598 7989
598 8051
598 8595
598 8699
598 8879
598 9042
598 9222
599 661
599 753
599 994
599 1027
599 1064
599 1114
599 1203
599 1230
599 1355
599 1674
599 1852
599 1950
599 1965
599 2038
599 2075
599 2328
599 2465
599 2711
599 2770
599 3055
599 3288
599 3290
599 3331
599 3523
599 3593
599 3625
599 3762
599 3968
599 4107
599 4166
599 4407
599 4610
599 4918
599 5011
599 5032
599 5766
599 6431
599 6754
599 6833
599 6989
599 7286
599 7295
599 8177
599 9399
599 9522
600 606
600 609
600 869
600 987
600 1258
600 1914
600 2221
600 2529
600 2554
600 2675
600 2715
600 2767
600 2995
600 5081
600 5820
600 6103
600 6133
600 6343
600 6505
600 7187
600 7289
600 8441
600 8521
600 9343
600 9558
600 9723
601 665
601 927
601 1025
601 1455
601 1534
601 1677
601 1857
601 2016
601 2228
601 2303
601 2808
601 2971
601 3183
601 3521
601 3774
601 4423
601 5204
601 5402
601 5825
601 5931
601 6538
601 6634
601 6844
601 7290
601 7370
601 8305
601 8619
601 9062
601 9101
601 9161
601 9168
601 9526
601 9793
601 9840
602 687
602 756
602 923
602 1012
602 1102
602 1147
602 1160
602 1241
602 1488
602 1792
602 1803
602 2261
602 4116
602 5124
602 5148
602 5591
602 5758
602 5932
602 6281
602 6527
602 6890
602 8832
603 620
603 852
603 1379
603 1550
603 1720
603 1721
603 1730
603 2414
603 2456
603 2469
603 3110
603 3125
603 3308
603 3384
603 3488
603 4081
603 4148
603 4418
603 4509
603 5231
603 5515
603 5578
603 5649
603 6172
603 7670
603 7897
603 9059
603 9597
603 9634
604 974
604 992
604 1271
604 1289
604 1331
604 1560
604 2173
604 2230
604 2338
604 2348
604 2368
604 2768
604 2789
604 3187
604 3226
604 5980
604 5984
604 6344
604 6502
604 7226
604 8049
604 8458
604 8668
604 9330
605 707
605 768
605 827
605 1624
605 1968
605 2304
605 2435
605 2734
605 2937
605 2999
605 3102
605 3250
605 3763
605 3856
605 4085
605 4142
605 6871
605 7015
605 7236
605 7308
605 7630
605 8483
605 9842
606 745
606 826
606 873
606 884
606 1085
606 2491
606 2852
606 2979
606 3246
606 3687
606 3760
606 4236
606 4458
606 4802
606 4996
606 5540
606 6056
606 6069
606 6932
606 7038
606 7150
606 7389
606 7552
606 7818
606 7878
606 8975
607 612
607 652
607 658
607 749
607 874
607 921
607 949
607 1133
607 1156
607 1388
607 1759
607 1854
607 2192
607 2210
607 2304
607 2389
607 2745
607 3059
607 3103
607 3164
607 3237
607 3473
607 3987
607 4197
607 4342
607 4435
607 4941
607 5148
607 5177
607 5869
607 6453
607 6519
607 6664
607 6722
607 6834
607 6934
607 6970
607 7040
607 7607
607 7664
607 8222
607 9134
607 9659
607 9798
608 629
608 662
608 763
608 899
608 919
608 934
608 961
608 962
608 1054
608 1174
608 1236
608 1389
608 1434
608 1614
608 1622
608 1688
608 1709
608 1737
608 1810
608 1828
608 1940
608 2027
608 2094
608 2352
608 2529
608 2791
608 2878
608 2910
608 3287
608 3392
608 3708
608 4052
608 4359
608 4977
608 4984
608 5229
608 5438
608 5648
608 6092
608 6132
608 6199
608 6397
608 6685
608 6787
608 6874
608 6970
608 7390
608 7503
608 7818
608 8048
608 8067
608 8080
608 8599
608 8744
608 8905
608 9844
609 723
609 762
609 786
609 879
609 1038
609 1115
609 1140
609 1169
609 1273
609 1591
609 2020
609 2048
609 2071
609 2077
609 2079
609 2226
609 2261
609 2339
609 2351
609 2363
609 2666
609 2727
609 2807
609 3066
609 3086
609 3254
609 3437
609 3578
609 3735
609 3910
609 3936
609 4945
609 6479
609 6693
609 7205
609 7554
609 7888
609 8085
609 9077
609 9106
610 1648
610 2111
610 2163
610 2308
610 3034
610 3255
610 3392
610 3513
610 5868
610 6226
610 9051
610 9058
610 9425
610 9906
611 757
611 886
611 970
611 1087
611 1451
611 1644
611 1666
611 1701
611 2641
611 4370
611 5562
611 5918
611 6201
611 6785
611 7543
611 8101
611 9589
611 9665
612 688
612 845
612 1019
612 1054
612 1487
612 1507
612 1561
612 1609
612 1641
612 1715
612 1741
612 2030
612 2112
612 2332
612 2415
612 2580
612 2625
612 2780
612 3380
612 3385
612 3490
612 3677
612 3702
612 3784
612 3952
612 4049
612 4285
612 4553
612 5107
612 5187
612 5997
612 6229
612 6331
612 6606
612 6753
612 7714
612 7828
612 7830
612 7956
612 8142
612 8232
612 8872
612 9311
612 9349
612 9418
612 9637
613 889
613 1094
613 1100
613 1292
613 1336
613 2082
613 2399
613 2447
613 3216
613 5141
613 5753
613 6313
613 6752
613 6914
613 8120
613 8181
613 9152
613 9423
614 713
614 729
614 938
614 1746
614 1978
614 2156
614 2235
614 2242
614 2545
614 2855
614 2879
614 3393
614 3717
614 4703
614 4727
614 5347
614 5374
614 6604
614 6613
614 7138
614 7533
614 8226
614 9005
614 9162
615 621
615 654
615 684
615 947
615 1058
615 1117
615 2045
615 3320
615 3876
615 4053
615 4243
615 4653
615 4906
615 5110
615 5309
615 5499
615 5783
615 6672
615 7308
615 7684
615 7798
615 9542
616 623
616 776
616 1273
616 1504
616 1517
616 1666
616 1940
616 2045
616 2400
616 2563
616 2641
616 2951
616 4717
616 4993
616 5041
616 5300
616 5625
616 6594
616 7146
616 8227
616 8741
616 8923
616 9322
617 718
617 1048
617 1120
617 1288
617 1391
617 1434
617 1487
617 1926
617 2932
617 2973
617 3688
617 4728
617 4821
617 4897
617 6280
617 6335
617 6584
617 8712
617 8717
617 8980
618 754
618 839
618 942
618 1053
618 1144
618 1191
618 2341
618 3109
618 3111
618 3369
618 4018
618 4532
618 4769
618 6351
618 6678
618 7303
619 693
619 743
619 833
619 861
619 905
619 1583
619 1604
619 1938
619 3295
619 4394
619 4785
619 5219
619 6418
619 6636
619 6865
619 6900
619 7177
619 7891
619 7966
619 9568
619 9696
619 9965
620 713
620 809
620 1111
620 1340
620 1509
620 1548
620 1628
620 1671
620 1681
620 1702
620 1737
620 1747
620 2156
620 2337
620 2363
620 2472
620 2479
620 2840
620 2960
620 3262
620 3295
620 3298
620 3664
620 3800
620 3809
620 3823
620 4303
620 4364
620 4664
620 5039
620 5177
620 5294
620 5321
620 5418
620 5671
620 5726
620 5880
620 7695
620 8037
620 9277
621 642
621 761
621 907
621 1026
621 1069
621 1274
621 1417
621 1424
621 1956
621 2172
621 2227
621 2328
621 2998
621 3255
621 3463
621 4404
621 4656
621 4923
621 5259
621 5288
621 5710
621 6651
621 7019
621 7129
621 7389
621 7935
621 8645
621 9118
621 9144
621 9844
621 9896
621 9965
622 795
622 874
622 991
622 1131
622 1169
622 1296
622 2068
622 2301
622 2579
622 3546
622 3859
622 4405
622 4609
622 5004
622 5123
622 5154
622 5196
622 6205
622 6700
622 6840
622 7296
622 7461
622 7672
622 7817
622 8494
623 738
623 927
623 992
623 1059
623 1133
623 1496
623 1499
623 1816
623 1933
623 2002
623 2433
623 2509
623 2606
623 3469
623 4757
623 5031
623 5043
623 5061
623 5858
623 6740
623 7860
623 8114
623 9037
623 9466
624 666
624 729
624 749
624 794
624 797
624 863
624 1483
624 1511
624 1570
624 1596
624 1659
624 1797
624 1971
624 2138
624 2329
624 2344
624 2442
624 2707
624 2796
624 2953
624 3143
624 3245
624 3597
624 3604
624 3873
624 3945
624 4038
624 4330
624 4500
624 4896
624 4927
624 4955
624 5178
624 5758
624 5955
624 6002
624 6185
624 6220
624 6572
624 6601
624 7094
624 7242
624 7303
624 7581
624 7618
625 643
625 662
625 851
625 853
625 1173
625 1425
625 1442
625 1506
625 1518
625 1605
625 1779
625 1936
625 1982
625 2106
625 2948
625 3105
625 3196
625 3581
625 3682
625 3754
625 3763
625 3822
625 4218
625 4446
625 4621
625 4781
625 4939
625 5746
625 6039
625 6806
625 6914
625 7041
625 7122
625 7552
625 8403
625 8788
625 8854
625 9133
625 9957
626 669
626 697
626 917
626 1316
626 1932
626 1970
626 2004
626 2165
626 2564
626 3281
626 3347
626 3373
626 3575
626 3628
626 4007
626 4398
626 5096
626 5786
626 6384
626 6454
626 6783
626 7781
626 8232
626 8275
626 8366
626 8902
626 9204
626 9566
626 9854
627 1090
627 1235
627 2862
627 3312
627 4199
627 4369
627 4781
627 5454
627 6022
627 6023
627 6964
627 8448
627 9749
628 703
628 781
628 1001
628 1080
628 1149
628 1151
628 1293
628 1377
628 1391
628 1460
628 1489
628 1524
628 1574
628 1732
628 1994
628 2097
628 2321
628 2340
628 2462
628 3161
628 3250
628 3403
628 3468
628 4572
628 4679
628 4896
628 5079
628 5916
628 5997
628 6221
628 6354
628 6768
628 7039
628 7432
628 7508
628 7869
628 8020
628 8301
628 8621
628 8830
628 9245
629 1175
629 1635
629 1816
629 2307
629 4602
629 6696
629 7253
629 7960
629 7982
629 8015
629 8535
629 9008
629 9034
629 9723
630 980
630 991
630 1204
630 1302
630 1438
630 1728
630 2270
630 2869
630 5176
630 7294
631 740
631 1000
631 1036
631 1382
631 1778
631 1886
631 2000
631 2209
631 2220
631 3380
631 4027
631 4397
631 4853
631 6028
631 7318
631 8084
631 8278
631 9830
632 758
632 815
632 870
632 961
632 1056
632 1227
632 1328
632 1577
632 1588
632 1636
632 1968
632 2187
632 2430
632 2506
632 2657
632 2785
632 3176
632 3267
632 3487
632 3848
632 4363
632 4409
632 4490
632 5389
632 5568
632 6156
632 6271
632 6486
632 6840
632 7499
632 7813
632 8209
632 9878
633 788
633 819
633 1042
633 1219
633 1258
633 1273
633 1364
633 1923
633 2083
633 3331
633 3811
633 3826
633 4049
633 4623
633 4841
633 5431
633 5618
633 5672
633 6352
633 6432
633 7058
633 7312
633 7623
633 8910
633 9874
634 794
634 1115
634 1411
634 1820
634 1936
634 2089
634 2175
634 2517
634 3497
634 3616
634 3921
634 4006
634 4186
634 4309
634 4704
634 5231
634 5317
634 5987
634 6070
634 6667
634 6687
634 8721
635 733
635 830
635 924
635 976
635 1136
635 1417
635 1552
635 1561
635 1722
635 1899
635 2081
635 2140
635 2264
635 2348
635 2525
635 2615
635 2634
635 2669
635 2770
635 2949
635 3022
635 3251
635 3426
635 3746
635 3816
635 3941
635 3984
635 4091
635 4164
635 4625
635 4674
635 5050
635 5192
635 5294
635 5556
635 5678
635 5860
635 5893
635 6036
635 6373
635 6374
635 6640
635 6664
635 6705
635 6820
635 6873
635 6909
635 6947
635 6965
635 7243
635 7378
635 7959
635 8339
635 8697
635 8846
635 8911
635 8929
635 9050
635 9156
635 9251
635 9886
636 970
636 1123
636 1161
636 1186
636 1375
636 1538
636 2180
636 2208
636 2324
636 2384
636 2519
636 2653
636 2783
636 2867
636 3143
636 3170
636 3451
636 3879
636 4759
636 4919
636 5536
636 6111
636 6245
636 6379
636 6526
636 8132
636 9069
636 9445
636 9733
636 9854
637 721
637 904
637 1199
637 1385
637 1514
637 1850
637 2170
637 2451
637 2765
637 3074
637 3224
637 3363
637 4696
637 4929
637 4996
637 5149
637 5267
637 5586
637 6503
637 6843
637 7326
637 7552
637 7658
637 7769
637 8599
637 8704
637 9069
638 702
638 729
638 851
638 878
638 916
638 1005
638 1205
638 1259
638 1428
638 1697
638 1874
638 1983
638 2080
638 2128
638 2413
638 2528
638 2936
638 2984
638 3425
638 3530
638 3805
638 3836
638 4062
638 4256
638 4306
638 5110
638 5767
638 5878
638 5960
638 6364
638 6520
638 7004
638 7463
638 8339
638 8570
638 9060
638 9472
638 9592
638 9642
638 9834
639 1077
639 1476
639 1585
639 1599
639 1748
639 2175
639 2481
639 2590
639 2622
639 3783
639 4134
639 4197
639 4303
639 4573
639 4587
639 4635
639 4846
639 5819
639 6189
639 7068
639 7384
639 7627
639 8139
639 8720
639 8847
639 9437
640 753
640 858
640 1429
640 1739
640 1881
640 2809
640 3056
640 3160
640 3301
640 3736
640 3758
640 4465
640 4761
640 5880
640 6619
640 9219
640 9409
640 9521
641 658
641 887
641 978
641 995
641 1331
641 1356
641 1640
641 1959
641 1984
641 2065
641 2356
641 2487
641 2768
641 2925
641 3675
641 4137
641 4328
641 4492
641 4632
641 5460
641 5722
641 5747
641 5817
641 5873
641 6045
641 6641
641 6949
641 7043
641 7229
641 7588
641 7706
641 7799
641 7963
641 8173
641 9159
641 9492
642 682
642 1130
642 1517
642 1728
642 1928
642 1964
642 2299
642 2568
642 2618
642 2645
642 3079
642 3552
642 3698
642 3714
642 3879
642 4130
642 4405
642 4727
642 4779
642 5035
642 5803
642 6276
642 6527
642 7405
642 7520
642 7698
642 8758
643 653
643 794
643 1443
643 1586
643 1732
643 2446
643 2452
643 2622
643 2859
643 2889
643 2892
643 3155
643 3443
643 3506
643 3534
643 3620
643 3735
643 3845
643 4045
643 4488
643 4696
643 5445
643 5569
643 5729
643 5743
643 6083
643 6637
643 6644
643 7029
643 7508
643 7607
643 7975
643 8118
643 8706
643 9196
644 1092
644 1349
644 1374
644 1717
644 1904
644 1913
644 1953
644 2236
644 2600
644 2955
644 3036
644 3667
644 3759
644 4356
644 4837
644 5026
644 5057
644 5284
644 5391
644 6189
644 6917
644 7164
644 7557
644 8277
644 8370
644 8846
644 9523
645 743
645 1042
645 1053
645 1291
645 1578
645 1761
645 2130
645 2373
645 2535
645 2606
645 2633
645 2735
645 2817
645 3221
645 3356
645 3374
645 3387
645 3563
645 3637
645 3778
645 5496
645 6133
645 7049
645 7188
645 7653
645 7873
645 7906
645 7983
645 8942
645 9086
645 9169
646 697
646 1096
646 1389
646 1446
646 1860
646 2058
646 2462
646 3587
646 3608
646 4182
646 5603
646 5711
646 7464
646 8698
647 719
647 860
647 902
647 930
647 1117
647 1152
647 1329
647 1502
647 1974
647 2175
647 2447
647 2602
647 3373
647 3576
647 3760
647 4495
647 4652
647 5129
647 5215
647 5366
647 5373
647 6044
647 6147
647 7750
647 8318
647 8368
647 8467
647 8502
647 8572
647 8585
647 9080
647 9813
647 9852
648 649
648 659
648 932
648 1386
648 1422
648 1458
648 1459
648 1646
648 1956
648 2094
648 2542
648 2595
648 2679
648 2711
648 3029
648 3409
648 3738
648 3803
648 4429
648 5067
648 5719
648 5780
648 5781
648 5789
648 5931
648 6055
648 6206
648 7070
648 7309
648 7353
648 7402
648 9895
648 9937
649 835
649 923
649 1020
649 1086
649 1104
649 1164
649 1206
649 1323
649 1354
649 2026
649 2074
649 2276
649 2330
649 2568
649 2577
649 3133
649 3246
649 4036
649 4322
649 4405
649 4429
649 4822
649 4836
649 5220
649 5252
649 5453
649 5484
649 5872
649 5873
649 6140
649 6238
649 6534
649 7266
649 7557
649 9325
649 9527
649 9627
649 9733
649 9814
649 9849
650 1157
650 1498
650 1535
650 2787
650 3073
650 3075
650 4246
650 4321
650 4705
650 5932
650 6107
650 6860
650 7680
650 8091
650 8972
650 9209
650 9411
650 9502
650 9596
650 9965
651 662
651 719
651 1066
651 1214
651 1218
651 1657
651 1795
651 1803
651 1945
651 2421
651 2635
651 2922
651 3177
651 3349
651 3432
651 3507
651 3522
651 3558
651 3778
651 4409
651 4748
651 5729
651 6527
651 7567
651 7580
651 7827
651 8593
651 9866
651 9968
652 811
652 1020
652 1337
652 1947
652 2998
652 3918
652 4660
652 5096
652 6439
652 7767
653 703
653 705
653 767
653 914
653 1180
653 1332
653 1623
653 1730
653 1797
653 1860
653 2056
653 2231
653 2247
653 2385
653 2467
653 2744
653 3194
653 3390
653 4464
653 5249
653 5276
653 5382
653 6384
653 7413
653 7452
653 8081
653 8618
653 8889
653 9051
654 735
654 1009
654 1012
654 1490
654 1908
654 2079
654 2229
654 2339
654 2686
654 3004
654 3053
654 3176
654 4848
654 5104
654 6125
654 6157
654 6182
654 7876
654 8377
654 9253
654 9663
655 727
655 757
655 1078
655 1280
655 1420
655 1561
655 1894
655 2649
655 3032
655 4445
655 4748
655 4983
655 5090
655 5488
655 7361
655 7587
655 7858
655 8794
655 9344
655 9909
656 900
656 1245
656 1918
656 2199
656 2310
656 2537
656 2878
656 3098
656 3564
656 3713
656 3979
656 5000
656 6032
656 6353
656 8447
656 9169
657 774
657 899
657 937
657 990
657 1267
657 1268
657 1425
657 1497
657 1539
657 1715
657 1853
657 2403
657 3414
657 3500
657 3713
657 3931
657 4819
657 4825
657 4833
657 4883
657 6013
657 6231
657 6351
657 6381
657 6852
657 7594
657 7618
657 7844
657 8277
657 8969
658 780
658 801
658 846
658 860
658 862
658 1145
658 1333
658 1420
658 1619
658 1621
658 1864
658 2212
658 2381
658 2412
658 2419
658 3142
658 3153
658 3879
658 3892
658 3940
658 4623
658 4663
658 5484
658 5828
658 7181
658 7460
658 9512
659 712
659 914
659 1106
659 1130
659 1149
659 1215
659 1473
659 1639
659 1710
659 1789
659 1793
659 2085
659 2219
659 2824
659 3088
659 3261
659 3306
659 3431
659 4173
659 4181
659 5120
659 5685
659 6167
659 6396
659 6512
659 6630
659 6915
659 8198
659 8301
659 8866
659 8943
659 9398
659 9535
660 885
660 1154
660 1191
660 1235
660 1302
660 1731
660 1774
660 1781
660 1816
660 1949
660 2105
660 2330
660 3304
660 3714
660 4047
660 4195
660 4418
660 5144
660 5183
660 5628
660 6626
660 6897
660 8050
660 8974
660 9198
660 9415
661 676
661 713
661 737
661 753
661 808
661 865
661 1286
661 1526
661 1528
661 1679
661 1769
661 2085
661 3531
661 3669
661 3734
661 4020
661 4046
661 4276
661 4277
661 4357
661 5115
661 6854
661 7597
661 7628
661 8197
661 8321
661 8833
661 9267
662 1603
662 1924
662 2101
662 2447
662 3296
662 3752
662 4351
662 5274
662 5709
662 5819
662 5872
662 6799
662 7105
662 7146
662 7483
662 8896
662 8914
662 9354
663 744
663 861
663 929
663 2558
663 3468
663 4340
663 4656
663 5224
663 5345
663 5358
663 5940
663 6249
663 6334
663 6444
663 7208
663 8720
663 9330
663 9441
664 696
664 820
664 1026
664 1040
664 1119
664 1133
664 1185
664 1240
664 1606
664 1637
664 1710
664 1721
664 2207
664 2260
664 2656
664 2964
664 3043
664 3216
664 3344
664 3503
664 3514
664 3839
664 4216
664 4261
664 4607
664 4798
664 4876
664 5224
664 5260
664 5401
664 5651
664 5840
664 5878
664 6038
664 6066
664 6398
664 6556
664 6717
664 7088
664 7847
664 7943
664 7999
664 8560
664 8742
664 8770
664 8797
664 9105
664 9192
665 912
665 1347
665 1391
665 1494
665 1515
665 1866
665 2352
665 2781
665 3250
665 3449
665 3663
665 3775
665 3816
665 3869
665 4360
665 4513
665 4661
665 4854
665 4855
665 5781
665 5893
665 6098
665 6553
665 7040
665 7346
665 7707
665 7803
665 7997
665 8063
665 8087
665 9317
666 903
666 1034
666 1448
666 2390
666 2568
666 2791
666 3199
666 3365
666 4662
666 4712
666 7147
666 7284
666 7475
666 7970
667 730
667 1295
667 3169
667 3198
667 3615
667 5427
667 7028
668 686
668 1021
668 1935
668 2005
668 2495
668 2615
668 2839
668 3041
668 3443
668 3917
668 4401
668 4621
668 4845
668 5813
668 5920
668 6866
668 7396
668 7952
668 8619
668 8703
668 8886
668 9274
668 9364
668 9533
668 9684
669 860
669 1214
669 1689
669 2590
669 3552
669 3607
669 3785
669 4231
669 4946
669 5163
669 5384
669 5547
669 7138
669 7487
669 8228
669 8841
670 840
670 936
670 1146
670 1393
670 1398
670 1421
670 1495
670 1928
670 2416
670 2627
670 2964
670 3350
670 4154
670 4375
670 4615
670 4699
670 5376
670 5618
670 5767
670 5906
670 6512
670 6848
670 7501
670 7624
670 7645
670 8331
670 8655
670 9974
671 834
671 1104
671 1143
671 1335
671 1378
671 1572
671 1599
671 1631
671 2567
671 3406
671 3519
671 5445
671 5522
671 6674
671 6856
671 9202
672 1180
672 1205
672 1316
672 1426
672 1630
672 1776
672 1906
672 2161
672 2224
672 3484
672 3976
672 4781
672 5868
672 5909
672 6463
672 6868
672 7411
672 7557
672 8037
672 8610
672 9824
673 874
673 878
673 1012
673 1457
673 2251
673 2306
673 2556
673 2719
673 2890
673 2983
673 2987
673 3022
673 3296
673 4073
673 5233
673 5429
673 5483
673 6177
673 6979
673 7356
673 8768
673 9616
674 707
674 778
674 1002
674 1014
674 1240
674 1263
674 1416
674 1578
674 1775
674 2442
674 3782
674 3858
674 3968
674 4343
674 4702
674 4733
674 4899
674 5079
674 5234
674 5462
674 5707
674 6092
674 6544
674 6841
674 7197
674 8739
674 8962
674 9291
674 9330
674 9770
674 9902
675 796
675 863
675 947
675 970
675 1029
675 1114
675 1207
675 1261
675 1510
675 1844
675 1878
675 1982
675 2135
675 2562
675 2752
675 2818
675 2919
675 2940
675 3188
675 3940
675 4395
675 4513
675 4767
675 4894
675 4947
675 5054
675 5254
675 5509
675 5949
675 6320
675 6385
675 6660
675 6801
675 6915
675 7072
675 7429
675 7614
675 7631
675 7852
675 7929
675 8624
675 8813
675 9410
675 9474
676 692
676 1026
676 1050
676 1057
676 1322
676 1494
676 1557
676 1730
676 1906
676 1920
676 1930
676 1991
676 2132
676 2182
676 2202
676 2204
676 2278
676 2335
676 2489
676 2695
676 2888
676 3597
676 3849
676 4114
676 4512
676 4587
676 5049
676 5319
676 5395
676 5442
676 5566
676 5659
676 6302
676 6313
676 7748
676 7848
676 7859
676 7941
676 7964
676 8465
676 8489
676 8746
676 9013
676 9194
676 9393
677 1181
677 2328
677 3699
677 3730
677 4278
677 4435
677 7364
677 9019
677 9962
678 714
678 755
678 785
678 1029
678 1038
678 1042
678 1177
678 1266
678 1404
678 1529
678 1916
678 2223
678 2920
678 3278
678 3444
678 3718
678 4938
678 5046
678 5052
678 5213
678 5337
678 5504
678 5555
678 5858
678 5983
678 6151
678 6774
678 6814
678 6883
678 6897
678 7231
678 7290
678 8592
678 9489
678 9642
678 9647
678 9857
679 730
679 901
679 979
679 1438
679 1599
679 2023
679 2201
679 2217
679 2570
679 3296
679 4230
679 4394
679 4422
679 4635
679 5338
679 5432
679 5823
679 6284
679 6383
679 6483
679 6673
679 6903
679 7567
679 7623
679 9481
679 9528
679 9892
680 958
680 1121
680 1300
680 1686
680 1727
680 2219
680 2398
680 2511
680 3024
680 3058
680 3083
680 3136
680 3193
680 3574
680 4606
680 5265
680 5639
680 6000
680 6454
680 6559
680 6566
680 6686
680 6737
680 8177
680 8385
680 9008
681 918
681 970
681 1025
681 1069
681 1248
681 1590
681 1911
681 2059
681 2929
681 3455
681 3636
681 4349
681 4487
681 4880
681 5073
681 5258
681 5737
681 6222
681 7065
681 7181
681 7702
681 8149
681 8286
681 8321
681 9257
682 700
682 965
682 992
682 1115
682 1132
682 1149
682 1320
682 1517
682 2887
682 3451
682 3455
682 3560
682 3590
682 4074
682 4109
682 4156
682 4396
682 4463
682 4972
682 5045
682 5080
682 6050
682 6076
682 6272
682 6565
682 6695
682 6827
682 9261
683 785
683 1337
683 1480
683 1487
683 1615
683 1792
683 1832
683 2612
683 2663
683 3628
683 3634
683 3884
683 4408
683 4754
683 4819
683 5123
683 5204
683 5388
683 5389
683 5480
683 5509
683 6178
683 6419
683 6535
683 6919
683 7055
683 7251
683 7619
683 7633
683 8321
683 9067
684 704
684 1115
684 1171
684 1410
684 1665
684 2132
684 2437
684 2616
684 2796
684 2962
684 3353
684 3387
684 3579
684 3664
684 3840
684 3930
684 3942
684 4742
684 5089
684 6524
684 6685
684 7988
684 8015
684 8021
684 8151
684 8177
684 8549
684 9582
685 760
685 866
685 1068
685 1105
685 1186
685 1191
685 1261
685 1416
685 1517
685 1685
685 1801
685 1935
685 2112
685 2270
685 2524
685 2617
685 2647
685 2781
685 3064
685 3704
685 3722
685 3817
685 4243
685 4685
685 4808
685 4953
685 5374
685 5503
685 5856
685 6040
685 6113
685 6235
685 6308
685 7332
685 7350
685 7414
685 8295
685 8445
685 9229
685 9341
685 9638
685 9757
686 1193
686 1584
686 1634
686 1772
686 2157
686 2176
686 2208
686 2536
686 2882
686 2953
686 3083
686 3427
686 4034
686 4194
686 4654
686 5290
686 5402
686 5745
686 6263
686 6470
686 6492
686 6651
686 7637
686 8410
686 9504
687 709
687 798
687 807
687 842
687 958
687 968
687 1375
687 1412
687 1537
687 1620
687 2081
687 2244
687 2323
687 2378
687 2423
687 2462
687 2807
687 3711
687 4331
687 4459
687 4883
687 5718
687 5807
687 5870
687 5989
687 6129
687 6385
687 6490
687 6530
687 8137
687 8559
687 8697
687 9349
687 9862
688 709
688 729
688 859
688 1327
688 1413
688 1456
688 1503
688 1851
688 1897
688 2041
688 2065
688 2679
688 2854
688 3030
688 3699
688 4003
688 5603
688 7034
688 7682
688 8847
689 690
689 882
689 1048
689 1681
689 2267
689 2975
689 3874
689 4543
689 4570
689 4935
689 5208
689 5425
689 6719
689 7263
689 7357
689 7719
689 8845
689 9007
689 9019
689 9762
689 9865
690 845
690 919
690 1598
690 2187
690 2197
690 2479
690 2556
690 3020
690 4547
690 4762
690 5157
690 5478
690 5936
690 6211
690 6483
690 7620
690 7711
690 7778
690 9362
691 784
691 952
691 2102
691 2312
691 2659
691 2771
691 2950
691 2980
691 3201
691 3208
691 3257
691 3669
691 3678
691 4783
691 5026
691 5096
691 5314
691 5450
691 5886
691 6148
691 6503
691 6539
691 7941
691 8406
691 9026
691 9929
692 1761
692 1784
692 2280
692 2603
692 2727
692 2839
692 2870
692 2999
692 3020
692 3381
692 3486
692 3538
692 3673
692 5401
692 6099
692 6494
692 6985
692 7068
692 7923
692 8605
692 8859
692 9327
693 913
693 1002
693 1043
693 1073
693 1143
693 1260
693 1525
693 1661
693 1724
693 1964
693 2042
693 2274
693 2783
693 2786
693 3329
693 3720
693 3817
693 4029
693 4074
693 4109
693 4280
693 4297
693 4360
693 4856
693 5260
693 5289
693 5302
693 5425
693 5794
693 6446
693 6842
693 7408
693 7485
693 7563
693 7898
693 7911
693 8179
693 8197
693 8232
693 8326
693 8515
693 9091
693 9199
693 9710
693 9998
694 734
694 779
694 1046
694 1100
694 1454
694 1548
694 1593
694 1664
694 1688
694 1833
694 1898
694 2733
694 2770
694 2813
694 3193
694 3379
694 3770
694 3819
694 3877
694 4002
694 4416
694 4656
694 5295
694 5355
694 5787
694 7112
694 7729
694 8016
694 8551
694 9174
694 9586
695 777
695 788
695 791
695 906
695 957
695 1086
695 1130
695 1368
695 1529
695 2107
695 2218
695 2388
695 2757
695 2876
695 3079
695 3270
695 3496
695 3653
695 4339
695 4900
695 6412
695 6507
695 6565
695 6722
695 6889
695 7135
695 7165
695 8197
695 8596
695 8804
695 8956
695 9042
695 9218
695 9560
695 9749
695 9769
696 713
696 721
696 1124
696 1142
696 1181
696 1300
696 1977
696 2009
696 2279
696 2289
696 2558
696 3055
696 3259
696 3379
696 3383
696 3509
696 4484
696 4515
696 6132
696 6843
696 7001
696 7064
696 7416
696 7506
696 8078
696 9078
697 726
697 995
697 1657
697 1743
697 1900
697 2048
697 2078
697 2538
697 2718
697 2855
697 3224
697 3250
697 4052
697 4345
697 4388
697 4651
697 5123
697 5611
697 5949
697 5979
697 6192
697 6512
697 7013
697 7057
697 7473
697 7544
697 7795
697 8004
697 8057
697 8536
697 8863
697 9057
697 9425
697 9589
698 753
698 945
698 1183
698 1243
698 1327
698 1363
698 1581
698 1972
698 2122
698 3449
698 3721
698 4126
698 4499
698 5122
698 5192
698 6270
698 6925
698 7998
698 8166
698 8319
698 8812
699 794
699 1008
699 1015
699 1214
699 1387
699 1723
699 1849
699 3940
699 4891
699 5459
699 7457
699 7510
699 7716
699 8164
699 9854
700 943
700 1029
700 1075
700 1094
700 1187
700 1210
700 1270
700 1432
700 1616
700 1626
700 2545
700 2561
700 2625
700 3131
700 3412
700 3567
700 3905
700 4137
700 4314
700 4454
700 4462
700 4540
700 5047
700 5542
700 5551
700 5637
700 6024
700 6146
700 6357
700 6359
700 6585
700 6647
700 6687
700 6982
700 7490
700 7752
700 7823
700 8448
700 9176
700 9258
700 9401
700 9931
701 846
701 905
701 1005
701 1147
701 1724
701 1849
701 3325
701 4143
701 4174
701 4373
701 4785
701 6941
701 8090
701 9480
701 9671
701 9757
702 1008
702 1127
702 1365
702 1831
702 2147
702 2311
702 3122
702 3222
702 3309
702 7181
702 7631
702 7777
702 9317
702 9658
703 834
703 837
703 871
703 1050
703 1680
703 1707
703 1801
703 2059
703 2180
703 2224
703 2455
703 2559
703 2662
703 3006
703 3566
703 4065
703 4239
703 4656
703 5011
703 5439
703 5440
703 5937
703 6259
703 6621
703 6772
703 7145
703 7188
703 7508
703 8179
703 8515
703 8612
703 9491
703 9534
704 847
704 1065
704 1083
704 1120
704 1149
704 1358
704 1379
704 1526
704 1709
704 1851
704 1975
704 2017
704 2429
704 2463
704 2481
704 2488
704 2500
704 2782
704 3028
704 3089
704 3127
704 3478
704 3554
704 3731
704 3756
704 3992
704 4401
704 4963
704 5267
704 5377
704 6009
704 6543
704 7246
704 7544
704 7833
704 8074
704 8124
704 8481
704 8811
704 8864
704 9115
704 9155
705 752
705 772
705 1427
705 1446
705 1473
705 1620
705 1703
705 1859
705 2792
705 3477
705 3578
705 3853
705 4975
705 5053
705 6900
705 7844
705 8862
705 8895
705 9186
705 9198
705 9522
706 740
706 856
706 939
706 982
706 1216
706 1285
706 1432
706 1925
706 2019
706 2232
706 2332
706 2373
706 2433
706 2498
706 2763
706 3048
706 3117
706 3131
706 3247
706 3578
706 3631
706 3907
706 3990
706 4059
706 4413
706 4543
706 4567
706 4596
706 4699
706 4730
706 4994
706 5053
706 5158
706 5222
706 5638
706 5656
706 5715
706 5935
706 6203
706 6447
706 6770
706 6806
706 7327
706 7736
706 7859
706 8292
706 8462
706 8480
706 8946
706 9460
706 9884
707 1032
707 1220
707 1289
707 1462
707 1625
707 1797
707 2425
707 2521
707 2817
707 2858
707 3784
707 3798
707 4034
707 4315
707 4600
707 5110
707 5242
707 5472
707 6761
707 7245
707 8292
707 9665
707 9782
708 1312
708 1504
708 1633
708 1796
708 1930
708 1966
708 2134
708 2315
708 2356
708 2368
708 2654
708 2816
708 3019
708 3034
708 3154
708 3193
708 3472
708 3710
708 3853
708 3961
708 3986
708 4782
708 5308
708 5471
708 5832
708 6294
708 7082
708 7349
708 8658
708 9011
708 9014
708 9474
708 9483
709 712
709 862
709 952
709 987
709 1075
709 1119
709 1313
709 1379
709 1412
709 1440
709 1973
709 2119
709 2339
709 2525
709 3668
709 4355
709 5164
709 5188
709 5474
709 5990
709 6053
709 6315
709 6436
709 7147
709 7192
709 9994
710 755
710 903
710 922
710 983
710 1010
710 1317
710 1324
710 1341
710 1535
710 1652
710 2819
710 3883
710 4002
710 4309
710 4411
710 4938
710 5166
710 5207
710 5814
710 6859
710 7084
710 8872
711 780
711 1013
711 1051
711 1517
711 1691
711 1798
711 1917
711 2165
711 2703
711 2797
711 3127
711 3134
711 3881
711 4227
711 4329
711 4548
711 4807
711 4944
711 5045
711 5225
711 5828
711 6608
711 6790
711 8423
712 1034
712 2084
712 2158
712 2436
712 2541
712 2547
712 2613
712 2664
712 2815
712 4447
712 4482
712 5191
712 5808
712 5952
712 6087
712 9834
713 911
713 1089
713 1238
713 1278
713 1462
713 1480
713 1497
713 2040
713 2146
713 2315
713 2434
713 2811
713 3168
713 3379
713 4001
713 5143
713 5347
713 5952
713 6214
713 6486
713 6542
713 7153
713 8017
713 8059
713 8536
713 9528
713 9950
714 736
714 840
714 856
714 890
714 898
714 950
714 1144
714 1250
714 1325
714 1490
714 1750
714 1754
714 2150
714 2223
714 2719
714 3194
714 3777
714 4650
714 4997
714 5457
714 5986
714 6229
714 6755
714 7017
714 7180
714 7246
714 8550
715 731
715 754
715 771
715 848
715 938
715 956
715 1146
715 1314
715 1353
715 1971
715 2045
715 2143
715 2167
715 2898
715 3281
715 3568
715 3591
715 3604
715 3667
715 3851
715 4009
715 4953
715 4954
715 5268
715 5358
715 5557
715 5613
715 5680
715 6104
715 6228
715 6267
715 6768
715 7205
715 7517
715 7628
715 8002
715 8251
715 9141
716 772
716 1328
716 1679
716 1786
716 1834
716 1840
716 2327
716 2509
716 2612
716 2968
716 3349
716 3962
716 4184
716 4191
716 4742
716 5070
716 6086
716 6232
716 6265
716 6392
716 7405
716 8517
716 8560
716 9243
716 9280
716 9595
717 1045
717 1070
717 1350
717 1749
717 1860
717 1870
717 2256
717 2284
717 3555
717 3948
717 4053
717 4211
717 4561
717 4606
717 5223
717 6893
717 6943
717 7118
717 7161
717 8757
717 9079
717 9979
718 821
718 1288
718 1725
718 1786
718 2052
718 2395
718 3730
718 3836
718 3974
718 4249
718 4349
718 4417
718 4678
718 4749
718 5136
718 5163
718 5704
718 5750
718 5903
718 5925
718 6219
718 6363
718 6470
718 6656
718 6723
718 7027
718 7065
718 7517
718 7641
718 7981
718 8079
718 8394
718 8417
718 8562
718 9157
718 9229
718 9328
718 9403
718 9962
719 814
719 873
719 923
719 1824
719 2093
719 2404
719 2420
719 2569
719 2722
719 2760
719 3159
719 3251
719 3341
719 4976
719 5314
719 5394
719 5545
719 5635
719 6769
719 7161
719 7519
719 7845
719 8463
720 778
720 817
720 955
720 1217
720 1319
720 1331
720 1572
720 1734
720 1902
720 2111
720 2232
720 2320
720 2571
720 2765
720 2780
720 2894
720 3296
720 3597
720 3766
720 4072
720 4220
720 4468
720 5326
720 5387
720 5838
720 6786
720 6935
720 7341
720 7512
720 7627
720 8204
720 8635
720 8754
720 8942
720 8981
720 9247
720 9693
720 9701
721 1007
721 1230
721 1417
721 1474
721 1516
721 1616
721 1737
721 1839
721 2074
721 2313
721 2506
721 2583
721 2970
721 3238
721 3342
721 3730
721 3743
721 3897
721 3960
721 4097
721 4125
721 4488
721 4795
721 4840
721 4976
721 6170
721 7180
721 7304
721 7624
721 7647
721 7664
721 7805
721 8967
721 9408
721 9588
722 1239
722 1330
722 1501
722 1755
722 2004
722 2072
722 3044
722 3448
722 4127
722 4502
722 5009
722 5487
722 6106
722 6309
722 6731
722 7821
722 9797
723 766
723 792
723 875
723 979
723 1288
723 1310
723 1330
723 1544
723 1828
723 2468
723 2480
723 2621
723 2894
723 3007
723 3076
723 3156
723 3212
723 3269
723 3276
723 3398
723 3879
723 4052
723 4442
723 4579
723 4688
723 5050
723 5068
723 5132
723 5235
723 5343
723 5684
723 6083
723 6144
723 6503
723 6792
723 7175
723 7552
723 7582
723 7593
723 7689
723 7698
723 7750
723 8022
723 8065
723 8178
723 8614
723 8802
724 734
724 735
724 742
724 806
724 857
724 956
724 1411
724 1732
724 2000
724 2009
724 2405
724 2624
724 3403
724 3537
724 3673
724 3961
724 4011
724 4165
724 4438
724 4474
724 4587
724 4782
724 5372
724 5440
724 5449
724 5697
724 5818
724 6064
724 6409
724 6466
724 6927
724 7704
724 7995
724 8216
724 8544
724 8679
724 8780
724 9125
724 9864
725 1044
725 1203
725 1298
725 1405
725 1591
725 1780
725 1886
725 1911
725 1937
725 2110
725 2176
725 2643
725 2696
725 2994
725 3152
725 3531
725 3749
725 4068
725 4475
725 4576
725 6053
725 6438
725 8008
725 8149
725 8188
725 8378
725 8540
725 8927
725 9826
725 9829
726 867
726 924
726 1250
726 1299
726 1375
726 1403
726 1478
726 1523
726 1716
726 1888
726 1935
726 2664
726 2709
726 2783
726 3211
726 3437
726 3693
726 3864
726 4745
726 5299
726 6154
726 6411
726 6603
726 6649
726 7758
726 8069
726 8436
726 8849
726 8908
726 8909
726 9466
727 1141
727 1406
727 1440
727 1493
727 1550
727 1736
727 1799
727 1899
727 2116
727 2179
727 2408
727 4353
727 7590
727 9431
728 953
728 1101
728 1261
728 1299
728 1402
728 1989
728 2129
728 2788
728 2829
728 3385
728 3880
728 4401
728 4548
728 4949
728 5875
728 6201
729 1058
729 1112
729 1860
729 2075
729 2269
729 2272
729 2726
729 3053
729 3474
729 3565
729 3605
729 3628
729 4455
729 4792
729 4954
729 5202
729 5238
729 5326
729 6137
729 6488
729 9433
730 1029
730 1046
730 1323
730 1378
730 1678
730 1818
730 1881
730 2100
730 2407
730 3396
730 3469
730 3733
730 3850
730 4176
730 4275
730 4323
730 4832
730 4959
730 5251
730 5664
730 5831
730 6871
730 6882
730 7286
730 7749
730 7894
730 8225
730 8513
730 8697
730 8699
730 8781
730 9378
731 1092
731 1212
731 1299
731 1331
731 1396
731 1585
731 1735
731 1981
731 2708
731 2923
731 4078
731 4236
731 5430
731 6552
731 8127
731 8393
731 8731
731 9193
731 9878
731 9905
732 808
732 884
732 940
732 1184
732 1354
732 1562
732 1748
732 1867
732 2053
732 2312
732 2329
732 3094
732 3267
732 3855
732 3870
732 3921
732 3982
732 4122
732 4315
732 4631
732 4762
732 5165
732 5400
732 5494
732 5496
732 5924
732 6283
732 6323
732 6994
732 7500
732 7826
732 9182
732 9333
732 9474
733 834
733 973
733 1023
733 1092
733 1615
733 1975
733 2015
733 2802
733 3077
733 3259
733 3298
733 3852
733 4591
733 6285
733 6665
733 7013
733 7632
734 755
734 920
734 1281
734 1450
734 1549
734 1598
734 2090
734 2231
734 5809
734 6340
734 7069
734 8938
734 9257
734 9461
735 892
735 992
735 1088
735 2413
735 2528
735 2951
735 2995
735 3360
735 3493
735 4049
735 4277
735 4390
735 5088
735 5252
735 6319
735 6805
735 7057
735 7418
735 8501
735 8812
735 9451
736 753
736 762
736 1034
736 1319
736 1655
736 1727
736 1750
736 1974
736 1994
736 2026
736 2040
736 2158
736 2305
736 2851
736 2928
736 3153
736 3565
736 4018
736 4047
736 4687
736 4760
736 4779
736 5130
736 5446
736 6171
736 6295
736 6419
736 6795
736 7095
736 7129
736 8513
736 8825
736 8865
736 8868
736 9754
737 835
737 905
737 1172
737 1198
737 1275
737 1863
737 3400
737 3807
737 3916
737 3982
737 4324
737 4550
737 5550
737 5895
737 5900
737 6058
737 6337
737 7532
737 7723
737 8257
737 8764
737 9123
737 9352
737 9502
738 762
738 790
738 810
738 850
738 937
738 1009
738 1030
738 1053
738 1164
738 1179
738 1188
738 1263
738 1500
738 1598
738 1634
738 1731
738 1826
738 1910
738 1941
738 2319
738 2368
738 2610
738 2637
738 2885
738 3087
738 3162
738 3390
738 3402
738 3551
738 3576
738 3669
738 3816
738 4155
738 4314
738 4505
738 4633
738 4669
738 4746
738 5014
738 5432
738 5849
738 6051
738 6117
738 6282
738 6316
738 6350
738 6685
738 6756
738 6879
738 7128
738 7501
738 7620
738 7800
738 7872
738 7873
738 7889
738 7896
738 8800
738 9309
738 9434
739 866
739 960
739 1161
739 1326
739 1498
739 1911
739 2711
739 2743
739 3399
739 3658
739 3792
739 3802
739 4579
739 4648
739 6192
739 6347
739 6794
739 8781
739 9079
739 9085
740 798
740 974
740 1087
740 1134
740 1631
740 1680
740 2604
740 2706
740 2892
740 3273
740 3326
740 3691
740 4086
740 4102
740 4268
740 4316
740 5292
740 5363
740 5665
740 8231
740 8860
740 8907
741 951
741 1278
741 1618
741 1790
741 2095
741 2218
741 2520
741 2574
741 2952
741 3020
741 3166
741 3259
741 3641
741 3804
741 3974
741 4151
741 4202
741 4469
741 4529
741 4594
741 4769
741 4924
741 5261
741 5392
741 5529
741 5754
741 5827
741 5856
741 6817
741 7043
741 7056
741 7368
741 7494
741 7710
741 8101
741 8318
741 8399
741 8510
741 8893
741 9075
741 9122
741 9787
741 9985
742 1263
742 1286
742 1408
742 1431
742 1793
742 1914
742 1983
742 2100
742 2206
742 2456
742 2629
742 2954
742 3929
742 4535
742 5017
742 5292
742 5583
742 5694
742 5846
742 7347
742 8696
742 9498
743 1611
743 2553
743 3652
743 4372
743 4441
743 5320
743 5490
743 6010
743 6307
743 7564
743 7617
743 8920
743 9678
744 1240
744 1493
744 1593
744 1662
744 2267
744 2413
744 2775
744 2811
744 4154
744 4282
744 4360
744 4497
744 4707
744 6851
744 6917
744 7976
744 8152
744 8735
744 9335
744 9540
744 9558
744 9653
744 9870
745 817
745 831
745 852
745 988
745 1086
745 1099
745 1477
745 2069
745 2563
745 2913
745 3309
745 3323
745 3440
745 5017
745 5210
745 5492
745 6258
745 6271
745 6516
745 6620
745 6869
745 7622
745 8491
745 9056
745 9198
745 9875
746 767
746 809
746 824
746 828
746 931
746 1013
746 1091
746 1133
746 1195
746 1316
746 1400
746 1439
746 1565
746 1626
746 1729
746 1842
746 1871
746 1884
746 2025
746 2120
746 2254
746 2269
746 2458
746 2732
746 2933
746 3090
746 3206
746 3430
746 3956
746 4079
746 4116
746 4146
746 4318
746 4438
746 4526
746 4540
746 4982
746 5169
746 5343
746 5702
746 6068
746 6681
746 6892
746 6922
746 7358
746 7507
746 8185
746 8779
746 9360
746 9373
747 830
747 901
747 958
747 986
747 989
747 1053
747 1128
747 1169
747 1459
747 1470
747 1519
747 1549
747 1607
747 1627
747 1862
747 1890
747 1973
747 2013
747 2052
747 2099
747 2100
747 2124
747 2620
747 2636
747 2849
747 3115
747 3441
747 3520
747 3583
747 4551
747 4576
747 4651
747 4672
747 4688
747 4772
747 4928
747 5016
747 5464
747 5655
747 6207
747 6324
747 7060
747 7112
747 7318
747 7513
747 7849
747 8078
747 8191
747 8207
747 8767
747 8792
747 8805
747 8857
747 8925
748 1128
748 1146
748 1208
748 1325
748 1531
748 1742
748 2129
748 2164
748 2255
748 2690
748 3308
748 3618
748 4699
748 5219
748 5368
748 5706
748 6284
748 6349
748 6780
748 7082
748 7588
749 882
749 2138
749 3490
749 3682
749 3765
749 5560
749 5581
749 7042
749 9656
750 823
750 1191
750 1845
750 3484
750 3664
750 3936
750 5151
750 5570
750 7616
750 7665
750 9416
750 9747
750 9861
751 797
751 1077
751 1298
751 1349
751 1519
751 1909
751 1997
751 2426
751 2434
751 3436
751 3793
751 4338
751 4397
751 4467
751 4947
751 5315
751 5705
751 5801
751 6129
751 6514
751 6998
751 7536
751 7653
751 7734
751 8064
751 8096
751 9007
752 839
752 1002
752 1059
752 1299
752 1405
752 1410
752 1511
752 1575
752 1610
752 1859
752 1913
752 1963
752 2180
752 2194
752 2211
752 2281
752 2293
752 2425
752 2597
752 2714
752 2799
752 2821
752 2908
752 3035
752 4072
752 4283
752 4383
752 4423
752 4932
752 5237
752 5346
752 5873
752 6388
752 6770
752 7477
752 8872
753 822
753 829
753 992
753 1169
753 1212
753 1242
753 1262
753 1269
753 1287
753 1383
753 1388
753 1401
753 1406
753 1604
753 1660
753 1705
753 1788
753 2107
753 2320
753 2611
753 2742
753 2862
753 3083
753 3452
753 3533
753 3711
753 4679
753 4754
753 4819
753 4896
753 5594
753 7290
753 7721
753 8057
753 8134
753 8370
753 8561
753 8866
753 9841
753 9950
754 1126
754 2064
754 2169
754 2364
754 2666
754 2914
754 2935
754 4192
754 4376
754 4787
754 4887
754 4893
754 5135
754 5601
754 6758
754 6894
754 7483
754 8400
754 8821
755 1426
755 1638
755 1884
755 2056
755 2177
755 2336
755 3246
755 3279
755 4580
755 4716
755 6488
755 8439
755 8644
755 9080
755 9712
756 786
756 880
756 921
756 2277
756 4113
756 4556
756 5639
756 5685
756 6551
756 7405
756 7595
756 8530
756 8629
756 8808
756 9107
756 9765
756 9857
757 882
757 883
757 917
757 1059
757 1164
757 1221
757 1318
757 1425
757 1531
757 1683
757 1946
757 2242
757 2351
757 2453
757 3067
757 3092
757 3621
757 4230
757 4640
757 4730
757 4991
757 5382
757 5475
757 5569
757 5587
757 5759
757 7043
757 7076
757 7504
757 8031
757 8096
757 8269
757 8288
757 8445
757 8641
757 8658
757 8693
757 8698
757 8925
757 9119
757 9603
758 832
758 834
758 898
758 1074
758 1526
758 1763
758 1780
758 1975
758 2153
758 2256
758 2423
758 2529
758 2765
758 2769
758 2867
758 2897
758 3124
758 3310
758 3517
758 3524
758 3742
758 3768
758 3813
758 3831
758 3938
758 3994
758 4046
758 4759
758 4776
758 4992
758 5191
758 5304
758 5866
758 5887
758 6339
758 7700
758 8175
758 8242
758 8372
758 8940
758 9020
758 9125
758 9544
758 9617
759 888
759 979
759 984
759 1028
759 1047
759 1109
759 1310
759 1334
759 1729
759 1928
759 1942
759 2111
759 2309
759 2455
759 2615
759 3274
759 3556
759 3700
759 3933
759 4094
759 4375
759 4745
759 4816
759 4839
759 5119
759 5193
759 5229
759 5360
759 5901
759 5944
759 6499
759 6555
759 6760
759 6837
759 7005
759 7034
759 7219
759 7399
759 7640
759 8795
759 9035
760 828
760 1530
760 2395
760 3073
760 3626
760 3929
760 4051
760 4210
760 4392
760 4695
760 4717
760 4865
760 4868
760 6837
760 7696
760 8154
760 8550
760 8657
761 954
761 976
761 1015
761 2383
761 2904
761 3562
761 3910
761 5633
761 7358
761 7431
761 8071
761 8391
761 8782
762 828
762 957
762 976
762 1079
762 1271
762 1611
762 1804
762 2010
762 2046
762 2192
762 2213
762 2452
762 2515
762 2577
762 2721
762 2806
762 2971
762 3016
762 3088
762 4395
762 4456
762 4470
762 4544
762 5126
762 5642
762 5938
762 7434
762 7444
762 7519
762 7804
762 9375
763 812
763 978
763 1074
763 1343
763 1710
763 1868
763 2345
763 2497
763 3719
763 3818
763 4667
763 4676
763 4719
763 4879
763 5289
763 5662
763 6702
763 8561
764 812
764 1263
764 1432
764 2634
764 3480
764 3552
764 4140
764 7092
764 7868
764 8722
765 933
765 1222
765 2874
765 3481
765 4288
765 4545
765 6151
765 7264
765 8240
765 9651
765 9860
766 1700
766 1810
766 1955
766 2321
766 2647
766 3157
766 3851
766 5205
766 5568
766 7393
766 7870
766 8973
766 9274
766 9485
766 9601
767 1030
767 1141
767 1247
767 1352
767 2123
767 2148
767 3058
767 3714
767 3993
767 4218
767 4882
767 5370
767 5399
767 6402
767 6977
767 7360
767 8155
767 8934
768 790
768 883
768 982
768 1298
768 1300
768 1333
768 2462
768 2702
768 3997
768 4071
768 4456
768 5109
768 5362
768 5888
768 6180
768 6327
768 6455
768 6747
768 7014
768 7128
768 7790
768 7842
768 8454
768 8525
768 9024
768 9579
769 917
769 1237
769 1527
769 1628
769 2303
769 2482
769 2615
769 3292
769 3347
769 4010
769 6200
769 7289
769 7518
769 7534
769 7559
769 7573
769 7881
769 8044
769 8390
769 8620
769 8853
769 9107
769 9496
769 9720
770 822
770 847
770 869
770 936
770 1264
770 1273
770 1392
770 1698
770 1753
770 2142
770 2222
770 2288
770 2434
770 2771
770 3028
770 3204
770 3411
770 3872
770 3931
770 4017
770 4307
770 4636
770 6011
770 6881
770 7426
770 7445
770 7532
770 8518
770 8727
770 8906
770 8992
770 9731
770 9755
770 9836
770 9840
771 937
771 1103
771 1256
771 1530
771 1802
771 2064
771 2195
771 2777
771 2869
771 2890
771 3159
771 3256
771 3380
771 3560
771 3670
771 4125
771 5737
771 6123
771 6637
771 7238
771 7390
771 7408
771 8437
771 9099
771 9410
771 9622
772 956
772 975
772 1245
772 1388
772 1541
772 1772
772 1918
772 2131
772 2292
772 2441
772 2894
772 3408
772 3917
772 4098
772 4314
772 4803
772 5478
772 7512
772 8768
772 9155
773 835
773 1137
773 2146
773 2398
773 2642
773 2764
773 2928
773 3018
773 3147
773 3642
773 3824
773 3897
773 4029
773 4769
773 5901
773 6499
773 7376
773 7673
773 8980
773 9014
773 9555
774 966
774 1045
774 1124
774 1271
774 1749
774 1828
774 2162
774 2516
774 2761
774 3561
774 4329
774 4472
774 4651
774 4820
774 5284
774 6123
774 6632
774 7574
774 7722
774 8223
774 8468
775 835
775 1165
775 1437
775 1501
775 1705
775 1772
775 1946
775 1978
775 2434
775 2637
775 3520
775 3819
775 3937
775 4356
775 4421
775 6111
775 6246
775 6548
775 6601
775 7501
775 7698
775 8041
775 9408
775 9500
775 9519
775 9538
776 918
776 976
776 1066
776 1247
776 1412
776 1435
776 1478
776 1583
776 1651
776 1944
776 2066
776 2141
776 2241
776 3088
776 3413
776 4004
776 4284
776 4750
776 5103
776 6119
776 7733
776 8354
776 9293
777 916
777 999
777 1009
777 1224
777 1310
777 1409
777 1840
777 2551
777 2582
777 2985
777 3781
777 4051
777 4300
777 4677
777 5654
777 5702
777 5895
777 6458
777 6513
777 6825
777 7144
777 8754
777 9645
778 1059
778 1070
778 1197
778 1312
778 1349
778 1499
778 1596
778 1965
778 2084
778 2526
778 2761
778 2916
778 3190
778 3493
778 3537
778 4120
778 4163
778 4198
778 4552
778 4965
778 5482
778 5710
778 5835
778 6994
778 8117
778 9562
778 9682
779 1051
779 1241
779 1318
779 1494
779 1613
779 1703
779 2333
779 2377
779 3085
779 3232
779 3764
779 3814
779 3862
779 3974
779 4089
779 4167
779 4316
779 5104
779 5114
779 5935
779 5947
779 6580
779 6601
779 6724
779 7185
779 7201
779 7225
779 8003
779 9319
779 9456
780 1419
780 1562
780 1717
780 2156
780 2289
780 2389
780 2391
780 2936
780 2990
780 3434
780 3612
780 5731
780 7525
780 7628
780 8096
780 8109
780 8261
780 9784
781 1414
781 1900
781 2165
781 3365
781 3522
781 3792
781 4375
781 4683
781 5138
781 5260
781 5331
781 7560
781 8178
781 8715
781 9328
781 9772
782 805
782 1072
782 1465
782 1576
782 2234
782 2493
782 2778
782 2835
782 2860
782 2884
782 2945
782 2961
782 3285
782 3516
782 3551
782 3871
782 3886
782 3984
782 4082
782 4491
782 4561
782 4749
782 5087
782 5299
782 5477
782 5827
782 5925
782 6375
782 6464
782 6614
782 6975
782 7205
782 7591
782 7636
782 7652
782 8784
782 9106
782 9146
782 9228
782 9282
782 9591
782 9960
783 1047
783 1770
783 1782
783 1808
783 2942
783 5013
783 5769
783 6275
783 7375
783 7648
784 918
784 1388
784 1467
784 1599
784 2015
784 2211
784 2264
784 3699
784 3708
784 4058
784 4453
784 4569
784 5372
784 5569
784 5909
784 7085
784 7555
784 7829
784 8068
784 8413
784 8473
784 9978
785 1267
785 1645
785 2832
785 2911
785 2962
785 3260
785 3314
785 4460
785 4575
785 4935
785 6126
785 8114
785 8663
785 8738
785 9545
785 9817
786 1184
786 1453
786 1592
786 3176
786 3357
786 3793
786 4695
786 4715
786 4824
786 5105
786 7193
786 7802
786 8517
787 793
787 1140
787 1158
787 1190
787 1191
787 1243
787 1318
787 1423
787 1570
787 2068
787 2307
787 2790
787 3177
787 3216
787 3298
787 3661
787 3685
787 3845
787 4213
787 4536
787 4957
787 4972
787 5459
787 6024
787 6064
787 6790
787 7505
787 7514
787 7922
787 8537
787 8574
787 8740
787 8883
787 9639
787 9747
788 1158
788 1215
788 1582
788 1706
788 1731
788 1746
788 1820
788 1991
788 2272
788 2407
788 2455
788 2934
788 3639
788 3786
788 4217
788 4220
788 4593
788 4857
788 4975
788 5033
788 5145
788 6185
788 6645
788 6945
788 7522
788 8122
788 8406
788 9462
788 9741
788 9783
789 890
789 960
789 1478
789 1703
789 2131
789 2570
789 3123
789 3334
789 4186
789 4676
789 4831
789 6557
789 6586
789 7305
789 8337
789 9240
789 9247
789 9850
790 870
790 1023
790 1264
790 1276
790 2018
790 2544
790 2934
790 3196
790 3288
790 3461
790 4406
790 4521
790 6715
790 6908
790 7817
790 9149
791 860
791 944
791 1764
791 1784
791 1883
791 2578
791 2885
791 3333
791 3773
791 4348
791 4692
791 4709
791 4872
791 5119
791 5493
791 5794
791 6841
791 7747
791 8117
791 8357
791 9628
791 9653
791 9917
792 819
792 850
792 893
792 922
792 1067
792 1276
792 1502
792 1524
792 1649
792 1725
792 1730
792 2391
792 2466
792 2808
792 2898
792 3078
792 4311
792 4523
792 4769
792 5032
792 5124
792 5435
792 6361
792 7634
792 7738
792 7778
792 7893
792 8356
792 8546
792 8828
792 8884
792 9036
792 9044
792 9051
792 9180
792 9590
792 9875
792 9981
793 980
793 1225
793 1242
793 1396
793 1423
793 1485
793 1491
793 2026
793 3520
793 3673
793 3763
793 4199
793 4654
793 4966
793 5112
793 5163
793 5168
793 5248
793 5474
793 5554
793 5601
793 6098
793 6388
793 6647
793 6903
793 7744
793 7871
793 8009
793 9172
793 9309
794 935
794 936
794 1031
794 1185
794 1225
794 1756
794 1916
794 2028
794 4683
794 5685
794 6635
794 7021
794 8248
794 8250
794 8993
794 9722
795 922
795 1066
795 3100
795 3139
795 3496
795 3917
795 4340
795 4568
795 5684
795 6073
795 7616
795 7872
795 7922
795 8226
795 8819
796 1007
796 1219
796 1253
796 1271
796 1413
796 1644
796 1719
796 1837
796 1927
796 2067
796 2280
796 2688
796 2713
796 2832
796 3057
796 3223
796 3282
796 3960
796 4242
796 4891
796 5080
796 5187
796 5466
796 5572
796 6147
796 6702
796 7188
796 7205
796 7889
796 8041
796 8169
796 8294
796 8371
796 8766
796 9612
797 2102
797 2462
797 2874
797 3423
797 3586
797 3678
797 4404
797 4843
797 5010
797 5883
797 6561
797 6997
797 7031
797 9194
797 9394
798 1274
798 1399
798 1457
798 2138
798 2409
798 2416
798 6580
798 8015
798 8801
798 9552
799 1066
799 1291
799 1526
799 1576
799 1723
799 1730
799 1786
799 1842
799 2528
799 3129
799 3832
799 4147
799 4346
799 4547
799 4609
799 4641
799 6901
799 7200
799 7231
799 7861
799 7955
799 8271
799 8321
799 8593
799 8939
799 9472
800 1252
800 1915
800 2157
800 2463
800 3015
800 3203
800 3600
800 3690
800 4185
800 4334
800 4910
800 5154
800 5642
800 6101
800 7002
800 7036
800 8194
801 1039
801 1312
801 1349
801 1548
801 1901
801 2123
801 2274
801 2376
801 2554
801 2821
801 3282
801 3540
801 3989
801 4628
801 4739
801 5256
801 5997
801 6050
801 6902
801 7021
801 9754
801 9889
802 846
802 1071
802 1186
802 1392
802 2174
802 2220
802 2396
802 2515
802 2578
802 2634
802 2799
802 2970
802 3008
802 3312
802 3371
802 3580
802 3640
802 4120
802 4852
802 5528
802 5883
802 6511
802 6801
802 6809
802 7152
802 7515
802 7741
802 7798
802 8121
802 8171
802 8352
802 8486
802 8688
802 8901
802 9448
802 9615
802 9898
802 9924
803 911
803 926
803 1496
803 1537
803 1663
803 1683
803 1760
803 1763
803 1972
803 3796
803 4616
803 4702
803 5791
803 6192
803 6379
803 6587
803 7394
803 7808
803 8072
803 8892
803 9464
804 1033
804 1176
804 1432
804 1717
804 1887
804 2092
804 2523
804 2548
804 2632
804 2801
804 3157
804 3258
804 3371
804 3501
804 3728
804 3769
804 4539
804 4730
804 4857
804 7112
804 8328
804 8634
804 9114
804 9815
804 9848
805 960
805 1100
805 1102
805 1214
805 1227
805 1553
805 1945
805 2012
805 2150
805 2363
805 2785
805 3164
805 3166
805 3452
805 3694
805 3705
805 3883
805 3888
805 4144
805 4331
805 4342
805 4931
805 5083
805 5144
805 5488
805 5599
805 5734
805 5961
805 7109
805 7578
805 7991
805 8533
805 9178
805 9321
805 9523
806 1073
806 1234
806 2089
806 2141
806 2532
806 2871
806 2996
806 3364
806 3632
806 4589
806 5130
806 5395
806 6341
806 6686
806 7185
806 7604
806 8481
806 8500
806 9042
806 9458
807 1276
807 1532
807 1555
807 1654
807 1705
807 2195
807 3011
807 3150
807 3422
807 4050
807 4295
807 4406
807 6492
807 7307
807 7797
807 8034
807 8546
807 8759
807 8962
807 9866
808 1170
808 1239
808 1303
808 1508
808 1579
808 1824
808 1968
808 2092
808 2262
808 2411
808 2431
808 3889
808 3952
808 3965
808 4235
808 4629
808 4637
808 5049
808 5740
808 7028
808 7460
808 7561
808 7922
808 9336
808 9340
808 9823
808 9824
808 9896
809 928
809 1095
809 1117
809 1409
809 1435
809 1486
809 1627
809 1705
809 1808
809 2090
809 2185
809 2212
809 2270
809 2472
809 2526
809 2599
809 2803
809 2849
809 3181
809 3300
809 3331
809 3438
809 3501
809 3945
809 4116
809 4181
809 4379
809 4598
809 4670
809 4844
809 4893
809 5198
809 5436
809 5494
809 5524
809 5707
809 5860
809 5870
809 6714
809 7029
809 7180
809 7459
809 7464
809 7615
809 7692
809 8164
809 8368
809 8557
809 8882
809 9283
809 9294
809 9344
809 9405
810 818
810 933
810 957
810 1065
810 1134
810 1214
810 1896
810 1900
810 2072
810 2342
810 2477
810 2655
810 2768
810 2811
810 3347
810 3395
810 3537
810 3551
810 3567
810 3591
810 3857
810 4090
810 4221
810 4311
810 4315
810 4911
810 5144
810 5341
810 5717
810 5997
810 6113
810 6338
810 6707
810 7581
810 7895
810 7970
810 8030
810 8630
810 9379
810 9585
810 9667
811 814
811 948
811 1051
811 1244
811 1540
811 1632
811 2704
811 2742
811 3031
811 3196
811 3647
811 5352
811 5778
811 6184
811 7102
811 7508
811 7748
811 7822
811 7876
811 8866
811 9027
811 9484
812 1090
812 1988
812 2361
812 2487
812 2553
812 2713
812 3024
812 3284
812 4254
812 4336
812 4451
812 4843
812 6245
812 6623
812 6665
812 7961
812 8462
812 8800
813 1068
813 1650
813 2385
813 2713
813 3036
813 3062
813 3605
813 3713
813 4241
813 4430
813 5869
813 6090
813 6731
813 8211
813 8864
813 9301
813 9637
814 1046
814 1759
814 2703
814 2941
814 3145
814 4762
814 5405
814 5823
814 5964
814 6361
814 6974
814 7227
814 7893
814 7972
814 8133
814 8271
814 9487
814 9686
815 897
815 1538
815 2817
815 2932
815 3270
815 3428
815 3484
815 4307
815 5070
815 6734
815 7767
815 8258
815 8720
816 823
816 1507
816 2061
816 2323
816 2942
816 3705
816 4049
816 4113
816 4671
816 5072
816 6327
816 9135
816 9733
816 9855
817 1389
817 1523
817 2990
817 3853
817 4041
817 4391
817 5322
817 5522
817 5542
817 6565
817 7613
817 8135
817 8790
817 9465
817 9496
818 845
818 881
818 948
818 990
818 1219
818 1332
818 1353
818 1362
818 1400
818 1402
818 1428
818 1485
818 2540
818 2622
818 2687
818 2907
818 2990
818 3115
818 3158
818 3645
818 3678
818 4034
818 4037
818 4234
818 4301
818 4562
818 4791
818 5183
818 6471
818 6657
818 6714
818 6991
818 7005
818 7109
818 7262
818 7339
818 7352
818 8213
818 8323
818 8430
818 8815
818 9034
818 9158
818 9555
819 1601
819 1955
819 2054
819 2366
819 2600
819 3061
819 3238
819 3433
819 4395
819 4471
819 4686
819 5428
819 7768
819 8328
819 9057
819 9262
820 1123
820 1529
820 1675
820 3771
820 3833
820 4456
820 4724
820 5590
820 5878
820 6582
820 6607
820 9400
821 832
821 1244
821 1363
821 2479
821 2848
821 4010
821 5255
821 6320
821 6408
821 6413
821 6752
821 7775
821 7805
821 8014
821 8270
821 8355
821 8414
821 8703
822 1057
822 1139
822 1262
822 1294
822 1390
822 1403
822 1646
822 2589
822 3175
822 3189
822 3642
822 4119
822 4204
822 4309
822 5222
822 5227
822 5451
822 5510
822 7783
822 7831
822 8060
822 8200
822 8369
823 920
823 969
823 1160
823 1266
823 1314
823 1399
823 1667
823 1718
823 2205
823 2443
823 2673
823 2907
823 2966
823 3100
823 3102
823 3295
823 3377
823 3681
823 3697
823 3771
823 5089
823 5941
823 6803
823 6807
823 6923
823 7710
823 9050
823 9301
823 9559
823 9612
824 960
824 1071
824 1225
824 1474
824 1490
824 2428
824 2505
824 2532
824 4126
824 4135
824 4170
824 4291
824 4682
824 5169
824 5631
824 6298
824 6371
824 6672
824 7154
824 8313
824 9038
824 9795
825 920
825 1048
825 1145
825 1159
825 1169
825 1473
825 2011
825 2178
825 2277
825 2683
825 3041
825 3751
825 4464
825 7004
825 7073
825 7421
825 8247
825 8311
825 9725
826 1024
826 1197
826 1855
826 1881
826 1968
826 3888
826 4050
826 4219
826 5110
826 5125
826 6320
826 6460
826 6687
826 7626
826 8694
826 9884
827 847
827 897
827 981
827 1465
827 1625
827 1661
827 2280
827 2750
827 2975
827 3198
827 3224
827 3761
827 3970
827 4131
827 5008
827 5789
827 5850
827 5922
827 6255
827 7446
827 7874
827 9086
828 957
828 1313
828 1426
828 1693
828 1992
828 1999
828 2105
828 2108
828 2147
828 2191
828 2663
828 2790
828 2837
828 2920
828 3090
828 3105
828 3437
828 3536
828 3703
828 3794
828 3892
828 3966
828 4036
828 4218
828 4260
828 4268
828 4646
828 4983
828 5107
828 6321
828 6374
828 7267
828 7580
828 7603
828 7903
828 8932
828 9068
828 9191
828 9782
829 980
829 1045
829 1059
829 1117
829 1395
829 1447
829 1765
829 1779
829 2133
829 2482
829 2934
829 2956
829 3315
829 4273
829 4470
829 4525
829 4680
829 6406
829 6824
829 7429
829 7467
829 7480
830 1317
830 1557
830 1879
830 2117
830 2182
830 2357
830 2424
830 2430
830 2591
830 2870
830 3075
830 3301
830 3982
830 4073
830 4181
830 4445
830 4547
830 4691
830 5259
830 5672
830 6513
830 6685
830 6760
830 6831
830 7596
830 7691
830 7708
830 7814
830 8669
830 8927
830 9662
830 9856
831 1037
831 1119
831 1190
831 1425
831 1501
831 1538
831 1761
831 1819
831 2058
831 2349
831 2570
831 2609
831 3029
831 3033
831 3059
831 3230
831 3538
831 3704
831 3747
831 4253
831 4263
831 4442
831 5012
831 5067
831 5091
831 5390
831 6183
831 6594
831 6955
831 7097
831 7165
831 7393
831 7481
831 7666
831 7675
831 8027
831 8139
831 8714
831 8773
831 8810
831 9043
831 9138
831 9233
831 9439
831 9589
831 9920
832 887
832 932
832 1181
832 1284
832 2575
832 3349
832 4125
832 4533
832 5004
832 5206
832 5286
832 5400
832 5708
832 6476
832 6948
832 7228
832 8089
832 8623
832 9591
832 9601
832 9829
833 1010
833 1011
833 1062
833 1119
833 1220
833 1317
833 1332
833 1511
833 2071
833 2360
833 2957
833 3805
833 3923
833 4213
833 4436
833 4666
833 4810
833 5279
833 5675
833 5985
833 6013
833 6284
833 6561
833 6722
833 7635
833 7699
833 8024
833 8124
833 8233
833 8661
833 8686
833 8726
833 8883
833 9108
833 9178
833 9312
834 1203
834 1292
834 1352
834 1396
834 1482
834 1487
834 1720
834 1781
834 1968
834 2470
834 2607
834 3045
834 3508
834 3539
834 3916
834 4128
834 4555
834 5383
834 5452
834 5589
834 5837
834 6010
834 8137
834 8479
834 8648
834 9022
834 9923
835 918
835 1266
835 1307
835 1496
835 1513
835 1561
835 1748
835 1828
835 1893
835 3005
835 3485
835 3860
835 4286
835 4441
835 4527
835 4541
835 5408
835 5542
835 5941
835 6099
835 6680
835 7038
835 7377
835 7766
835 8102
835 8575
835 9876
836 845
836 1128
836 1315
836 1554
836 1603
836 1641
836 1855
836 2514
836 2687
836 2867
836 3151
836 3722
836 3767
836 4110
836 4465
836 4680
836 4925
836 6663
836 6842
836 6932
836 6977
836 7238
836 7734
836 8124
836 8294
836 8597
836 8722
836 9631
837 998
837 1134
837 1529
837 1773
837 1774
837 2147
837 2247
837 2753
837 3101
837 3601
837 4256
837 4889
837 5505
837 5713
837 6023
837 7241
837 7881
837 7921
837 8291
837 8568
837 9174
837 9368
837 9654
837 9729
838 843
838 1335
838 1909
838 1913
838 1949
838 2009
838 2293
838 2536
838 2875
838 2993
838 3460
838 3504
838 3690
838 3716
838 3949
838 4110
838 4840
838 5204
838 5726
838 5771
838 5985
838 6245
838 6376
838 6468
838 6549
838 6783
838 7371
838 7779
838 9194
838 9240
838 9729
838 9858
839 899
839 946
839 1076
839 1112
839 1424
839 1834
839 1844
839 2063
839 2245
839 2695
839 2720
839 2876
839 3440
839 3591
839 4012
839 4542
839 4873
839 5003
839 5088
839 6072
839 6107
839 6228
839 7049
839 7221
839 7374
839 7392
839 7535
839 8044
839 9011
839 9182
839 9419
840 1003
840 1008
840 1453
840 1928
840 2487
840 3048
840 4947
840 5308
840 6552
840 6596
840 7464
840 8756
841 950
841 971
841 998
841 1031
841 1054
841 1178
841 1206
841 1219
841 1331
841 1618
841 1759
841 1904
841 2530
841 3049
841 3994
841 4149
841 5064
841 5137
841 5438
841 5517
841 5907
841 6378
841 8387
841 8499
841 8554
841 9674
842 847
842 963
842 1084
842 1093
842 1108
842 1445
842 1471
842 1788
842 1815
842 1910
842 2144
842 2498
842 2625
842 2866
842 5122
842 6494
842 6708
842 7100
842 7461
842 7600
842 7951
842 8092
842 8436
843 993
843 1170
843 1298
843 1419
843 1562
843 1586
843 1773
843 2040
843 2304
843 2908
843 2933
843 3561
843 3782
843 4346
843 4437
843 4479
843 4697
843 5994
843 6107
843 6205
843 6986
843 6996
843 7071
843 7892
843 8652
843 9594
843 9599
844 894
844 902
844 1012
844 1356
844 1430
844 1533
844 1702
844 1836
844 2025
844 2627
844 2976
844 3073
844 3287
844 4022
844 4161
844 4164
844 5676
844 6255
844 6274
844 6340
844 6799
844 7229
844 7806
844 8140
844 8425
844 8581
844 8686
844 8818
844 8978
844 9647
845 915
845 1084
845 1309
845 1429
845 1844
845 2306
845 2454
845 2741
845 3313
845 3638
845 3772
845 5178
845 5414
845 6937
846 989
846 1080
846 1197
846 1311
846 1775
846 1950
846 2861
846 3211
846 3230
846 3276
846 3757
846 4311
846 6692
846 7176
846 7251
846 8394
846 9767
847 857
847 987
847 1095
847 1169
847 1662
847 1775
847 2542
847 2569
847 2732
847 2994
847 3119
847 3546
847 4251
847 4485
847 4792
847 4899
847 6145
847 6873
847 8788
847 8806
847 9220
848 963
848 976
848 1011
848 1097
848 1334
848 1379
848 1721
848 1809
848 1968
848 2273
848 2312
848 2316
848 2328
848 2390
848 2457
848 3559
848 3624
848 4079
848 4180
848 4318
848 4571
848 5218
848 5593
848 6047
848 6451
848 6563
848 6689
848 6695
848 6785
848 7064
848 9038
848 9194
849 874
849 946
849 1094
849 1126
849 1245
849 1539
849 1677
849 1692
849 1720
849 1752
849 1865
849 1930
849 2063
849 2364
849 2633
849 2833
849 2851
849 2920
849 3001
849 3068
849 3549
849 3574
849 3660
849 3850
849 3919
849 4069
849 4308
849 4318
849 4397
849 4402
849 4612
849 4848
849 5396
849 5849
849 6135
849 6179
849 6751
849 7023
849 7700
849 7944
849 8622
849 9160
849 9366
849 9451
849 9454
849 9556
850 1057
850 2448
850 2584
850 2698
850 2768
850 2772
850 2811
850 2964
850 3017
850 3065
850 3345
850 4710
850 4829
850 4885
850 5184
850 5541
850 5658
850 5740
850 5874
850 6155
850 6623
850 6667
850 6848
850 6959
850 7452
850 7533
850 7860
851 885
851 1137
851 1199
851 1339
851 1400
851 1606
851 2015
851 2019
851 2986
851 3148
851 3239
851 3870
851 3989
851 4052
851 4063
851 4617
851 4841
851 5186
851 5663
851 6001
851 6235
851 6558
851 6658
851 6941
851 7292
851 7421
851 7525
851 7690
851 8234
851 9043
851 9627
851 9813
852 881
852 1314
852 1689
852 2251
852 2367
852 2450
852 2607
852 4651
852 5063
852 5946
852 6565
852 7130
852 8261
852 9974
853 941
853 944
853 972
853 1103
853 1248
853 1528
853 1736
853 1858
853 2038
853 2238
853 2344
853 2345
853 2656
853 2812
853 2841
853 3207
853 3330
853 3711
853 4142
853 4298
853 4456
853 4473
853 5156
853 6011
853 6356
853 6449
853 6713
853 7183
853 7854
853 8052
853 8725
853 9657
854 887
854 1008
854 1162
854 1938
854 2052
854 2300
854 2646
854 3079
854 4397
854 4487
854 5006
854 5030
854 5204
854 5333
854 7210
854 7568
854 7570
854 7739
854 9652
855 874
855 1189
855 2159
855 2449
855 3014
855 3428
855 3505
855 3789
855 4124
855 4206
855 5078
855 7358
855 9721
856 899
856 950
856 1407
856 1501
856 1643
856 1756
856 1779
856 2267
856 3140
856 4865
856 5399
856 5508
856 6792
856 9249
856 9616
857 858
857 1071
857 1588
857 1691
857 1879
857 3082
857 3283
857 3329
857 3936
857 4275
857 4432
857 4959
857 5728
857 7092
857 7465
857 8009
857 8155
857 9172
857 9895
858 1482
858 1537
858 1837
858 1851
858 1934
858 2308
858 2409
858 3628
858 4677
858 4725
858 5212
858 5395
858 5571
858 5846
858 6213
858 7186
858 9072
859 1205
859 1332
859 1560
859 1688
859 1861
859 1919
859 1982
859 2014
859 2071
859 2217
859 2545
859 2574
859 2873
859 2972
859 3093
859 3197
859 3215
859 3375
859 3408
859 3447
859 3545
859 3633
859 3865
859 4281
859 4959
859 5097
859 5292
859 5302
859 5401
859 5620
859 5782
859 5838
859 5948
859 6160
859 6171
859 6253
859 6415
859 6703
859 6848
859 7041
859 7295
859 7318
859 7350
859 8163
859 9015
859 9081
859 9109
859 9327
860 1331
860 1390
860 1421
860 1686
860 1873
860 1957
860 2080
860 2106
860 2160
860 2215
860 2613
860 2638
860 3358
860 3626
860 3880
860 3917
860 5514
860 5667
860 5795
860 5910
860 6005
860 6102
860 6533
860 6826
860 7195
860 7592
860 8639
860 8748
860 8773
860 9142
860 9340
860 9565
860 9867
861 964
861 1226
861 1306
861 1626
861 1629
861 1735
861 1812
861 2024
861 2112
861 2413
861 2540
861 2894
861 2935
861 3130
861 3259
861 3333
861 3457
861 3622
861 3907
861 4244
861 4613
861 4883
861 4909
861 5821
861 5835
861 6110
861 6618
861 7153
861 7492
861 7545
861 7858
861 8355
861 8737
861 8873
861 9329
861 9795
862 977
862 1427
862 1661
862 2155
862 2536
862 2900
862 2925
862 2952
862 2990
862 3053
862 3195
862 3203
862 3453
862 3456
862 3941
862 4093
862 4298
862 4571
862 5103
862 6048
862 6076
862 6504
862 7692
863 871
863 1344
863 1892
863 2812
863 3048
863 3074
863 3097
863 3288
863 4944
863 5348
863 5402
864 1018
864 1292
864 1417
864 1479
864 1566
864 1890
864 2212
864 2367
864 2424
864 2713
864 2779
864 2903
864 2990
864 3255
864 3891
864 4541
864 5329
864 5607
864 6450
864 6892
864 6921
864 7354
864 7912
864 8361
864 8885
865 961
865 1093
865 1293
865 1873
865 2387
865 2800
865 3015
865 4835
865 5117
865 6103
865 7118
865 8357
865 8933
865 9731
866 879
866 897
866 935
866 1077
866 1082
866 1155
866 1218
866 1282
866 1318
866 1479
866 1502
866 1780
866 1830
866 2241
866 2587
866 3052
866 3116
866 3451
866 3456
866 3467
866 3871
866 3969
866 4350
866 4652
866 4719
866 4725
866 4743
866 6052
866 6242
866 6476
866 6589
866 6973
866 7059
866 8001
866 9653
866 9752
866 9956
867 896
867 1753
867 1941
867 2402
867 2640
867 2706
867 2728
867 2873
867 3095
867 3163
867 3400
867 3641
867 4240
867 4311
867 4333
867 4609
867 4911
867 5038
867 6467
867 6950
867 8132
867 8172
867 9030
867 9248
867 9909
867 9921
868 926
868 1097
868 1315
868 1433
868 1481
868 1633
868 1801
868 1856
868 1969
868 2330
868 2582
868 2617
868 2816
868 2870
868 3215
868 3380
868 3615
868 4247
868 5753
868 6808
868 7240
868 7742
868 8491
868 9085
868 9653
868 9787
869 912
869 1020
869 1246
869 1902
869 1967
869 2156
869 2401
869 3321
869 3854
869 4295
869 4778
869 5150
869 6159
869 7662
869 8022
869 8348
869 9053
869 9323
869 9443
869 9722
870 1879
870 2205
870 2866
870 3064
870 4116
870 4651
870 4777
870 5045
870 8087
870 8909
870 9057
870 9153
871 905
871 1217
871 1325
871 1612
871 1613
871 1703
871 2220
871 2876
871 3042
871 4150
871 4163
871 5040
871 5208
871 5343
871 5431
871 5703
871 5757
871 5939
871 5971
871 6775
871 7222
871 7867
871 7877
871 8852
871 9261
871 9487
872 1043
872 1405
872 1448
872 1458
872 1526
872 1967
872 2112
872 3033
872 3152
872 3264
872 3317
872 3416
872 3456
872 3465
872 3764
872 4071
872 4141
872 5404
872 7770
872 7777
872 8720
872 9385
872 9713
872 9908
873 1432
873 1479
873 1633
873 1715
873 2139
873 2172
873 2622
873 2678
873 3795
873 3881
873 4064
873 4725
873 5659
873 5712
873 5805
873 7005
873 7267
873 7320
873 7726
873 7985
873 8471
873 9334
874 1008
874 1310
874 1517
874 1742
874 2414
874 2533
874 3490
874 4220
874 4799
874 5334
874 5791
874 6067
874 6088
874 6699
874 6987
874 7100
874 8632
874 8728
874 9705
875 1589
875 1612
875 2733
875 2848
875 3446
875 3453
875 4222
875 4982
875 5721
875 6206
875 6265
876 1052
876 1121
876 1128
876 1145
876 1189
876 1199
876 1614
876 1674
876 1697
876 1903
876 2208
876 2767
876 3474
876 3619
876 3713
876 3718
876 3746
876 4066
876 4109
876 4902
876 4956
876 5312
876 5403
876 5456
876 5820
876 6025
876 6325
876 6391
876 6535
876 7251
876 7858
876 7905
876 8026
876 8069
876 8711
876 8743
876 8926
876 9041
876 9554
877 1212
877 1428
877 1758
877 1859
877 1979
877 2642
877 2762
877 2966
877 3341
877 3428
877 3473
877 4283
877 4571
877 4945
877 5305
877 5371
877 5510
877 5625
877 6001
877 6315
877 6818
877 7232
877 7382
877 9045
877 9760
878 1143
878 1200
878 1532
878 1609
878 2396
878 2457
878 2629
878 2731
878 3593
878 4494
878 5210
878 6239
878 6423
878 6612
878 7833
878 8367
878 8460
878 9332
879 1009
879 1593
879 1871
879 1978
879 2216
879 3055
879 3208
879 3390
879 3626
879 3975
879 4312
879 4975
879 4998
879 5248
879 5517
879 5545
879 5558
879 5567
879 6194
879 6950
879 7062
879 7069
879 7417
879 8676
879 8791
879 9578
879 9749
879 9806
879 9866
880 1135
880 1647
880 1815
880 2127
880 2226
880 2484
880 2901
880 3165
880 3235
880 3370
880 4623
880 4799
880 5545
880 5962
880 6374
880 6471
880 6477
880 6847
880 7756
880 8216
880 8327
880 9981
881 897
881 977
881 1016
881 1344
881 1467
881 1578
881 2506
881 2770
881 2857
881 3186
881 3417
881 3730
881 4516
881 4626
881 4855
881 5258
881 5542
881 6420
881 6475
881 6755
881 6796
881 7001
881 9111
881 9114
882 885
882 1044
882 1853
882 1919
882 2373
882 2608
882 2714
882 2896
882 3383
882 3559
882 3643
882 3822
882 4868
882 5079
882 5303
882 6261
882 6394
882 6707
882 7586
882 7743
882 8300
882 8338
882 9262
883 1184
883 1306
883 1499
883 1577
883 1744
883 2159
883 2626
883 2672
883 2697
883 2755
883 2855
883 3139
883 3268
883 3455
883 4327
883 4674
883 4710
883 4778
883 5403
883 5895
883 6173
883 7472
883 9073
883 9117
884 985
884 1670
884 2319
884 3648
884 4814
884 5209
884 5300
884 5513
884 5575
884 6348
884 6460
884 7335
884 9397
885 1084
885 1433
885 2190
885 2325
885 2584
885 3305
885 3589
885 3734
885 4090
885 4363
885 4370
885 4528
885 4664
885 5105
885 5646
885 5661
885 5803
885 5830
885 6157
885 6362
885 7058
885 7329
885 8565
885 8746
885 9535
886 1578
886 1996
886 2295
886 3147
886 3446
886 3692
886 3836
886 3870
886 3913
886 5638
886 5701
886 5867
886 7020
886 8620
886 9096
887 1248
887 1637
887 1995
887 3255
887 3429
887 4043
887 4275
887 4309
887 5724
887 5759
887 5814
887 6329
887 7549
887 8090
887 8687
887 9444
887 9773
888 1719
888 3733
888 5174
888 5479
888 5745
888 6396
888 7452
888 7735
889 1168
889 1280
889 1663
889 1737
889 1842
889 1933
889 2002
889 2106
889 2165
889 2197
889 2257
889 2599
889 2888
889 3057
889 3114
889 3183
889 3316
889 4460
889 4492
889 5141
889 5213
889 5782
889 5889
889 6137
889 6406
889 6689
889 7048
889 7120
889 7562
889 8204
889 8337
889 8463
889 9012
889 9301
890 1049
890 1144
890 1234
890 1321
890 1646
890 2119
890 2540
890 2709
890 2825
890 2905
890 3649
890 3992
890 4184
890 4308
890 4400
890 4666
890 4904
890 5186
890 5393
890 5942
890 7358
890 7378
890 8360
890 8511
890 8948
890 9219
890 9308
891 1182
891 1616
891 2147
891 2373
891 2530
891 3048
891 3277
891 3799
891 4053
891 6417
891 6543
891 6588
891 7264
891 8003
891 8220
892 958
892 1366
892 1397
892 1664
892 1746
892 1927
892 2476
892 7132
892 7475
892 7589
892 8230
892 8856
892 9604
893 990
893 1061
893 1379
893 1500
893 1751
893 1762
893 2051
893 2158
893 2338
893 2778
893 2907
893 4047
893 4506
893 5115
893 5275
893 5550
893 5639
893 6423
893 8283
893 8324
893 8427
893 9304
893 9985
894 946
894 1250
894 1259
894 1340
894 1372
894 1439
894 1550
894 1670
894 1793
894 2464
894 2595
894 3164
894 4315
894 4836
894 8201
894 8383
894 9688
895 1628
895 2308
895 2734
895 2962
895 3072
895 3546
895 3651
895 4022
895 4037
895 4371
895 4395
895 4831
895 5106
895 6362
895 6781
895 7137
895 7495
895 7857
895 8282
895 8745
895 9099
895 9457
895 9516
896 906
896 962
896 1361
896 1642
896 1655
896 2103
896 2215
896 2352
896 2422
896 2477
896 2808
896 3936
896 4258
896 4519
896 4875
896 5416
896 5487
896 5648
896 6041
896 6205
896 6856
896 6930
896 7819
896 8043
896 8885
896 9872
896 9956
897 1425
897 2085
897 2214
897 2316
897 2578
897 3915
897 4631
897 4812
897 5333
897 5666
897 6509
897 6597
897 7422
897 7734
897 7758
897 8550
897 8740
898 1539
898 1635
898 1850
898 2068
898 2564
898 4024
898 4126
898 4384
898 5080
898 5294
898 7555
898 8109
898 8653
899 936
899 940
899 1238
899 1353
899 1419
899 1581
899 2033
899 2812
899 4075
899 4746
899 4751
899 4933
899 5555
899 6008
899 6670
899 6896
899 7712
899 7940
899 8040
899 8870
899 9203
899 9389
900 909
900 920
900 952
900 1087
900 1095
900 1209
900 1596
900 1771
900 1848
900 1961
900 2589
900 2625
900 2844
900 2946
900 3061
900 3763
900 4369
900 5821
900 5882
900 6046
900 6304
900 6355
900 6493
900 6791
900 7319
900 7467
900 8332
900 8604
900 8952
900 9453
901 1163
901 1224
901 1395
901 1545
901 1571
901 1827
901 2063
901 2336
901 2456
901 2865
901 3081
901 3198
901 3318
901 3642
901 3665
901 3749
901 3756
901 3772
901 3774
901 3852
901 3921
901 4098
901 4982
901 5084
901 5121
901 5383
901 5477
901 5695
901 6661
901 7252
901 7370
901 7497
901 7900
901 8903
901 9472
901 9528
901 9553
901 9581
901 9621
901 9735
901 9998
902 919
902 1009
902 1095
902 1142
902 1220
902 1254
902 1372
902 1821
902 2103
902 2305
902 2887
902 3355
902 3580
902 3835
902 4199
902 4824
902 5582
902 5756
902 5953
902 6286
902 7050
902 7911
902 8056
902 8306
902 8461
902 8589
902 8642
902 9028
902 9433
902 9679
903 1525
903 2824
903 3140
903 5717
903 5905
904 909
904 1926
904 2470
904 2540
904 2621
904 2791
904 3100
904 3734
904 4332
904 4449
904 4469
904 6128
904 6375
904 6680
904 6735
904 7113
904 8269
904 9590
904 9680
904 9776
904 9858
905 980
905 1254
905 1268
905 1556
905 1773
905 1907
905 2275
905 2285
905 2473
905 2510
905 2799
905 2802
905 3005
905 4030
905 4276
905 4324
905 4994
905 5043
905 5202
905 5369
905 5516
905 6274
905 6343
905 6669
905 7066
905 7888
905 8754
905 9252
906 1037
906 1089
906 1320
906 1437
906 1627
906 2034
906 2302
906 2312
906 2393
906 2720
906 2820
906 3214
906 3544
906 3933
906 3988
906 4145
906 4160
906 4531
906 4600
906 4601
906 4700
906 5148
906 5522
906 5761
906 6454
906 6504
906 7118
906 7367
906 7380
906 8661
906 8815
906 9053
906 9390
906 9852
907 1275
907 1523
907 1531
907 1540
907 1593
907 2255
907 2518
907 3333
907 3589
907 4022
907 4108
907 4837
907 5015
907 5075
907 5835
907 5846
907 6168
907 6402
907 6595
907 6743
907 6758
907 6787
907 8180
907 8829
907 9319
907 9645
908 1413
908 1462
908 1813
908 1823
908 2079
908 2083
908 2477
908 2624
908 2884
908 2898
908 2966
908 3355
908 3508
908 3821
908 4035
908 4501
908 4508
908 4559
908 4628
908 4671
908 4846
908 5460
908 5491
908 6077
908 6097
908 6234
908 6393
908 7686
908 8025
908 8113
908 8552
908 8751
908 9151
908 9344
908 9367
908 9800
909 996
909 1044
909 1206
909 1270
909 1399
909 1623
909 1640
909 1803
909 2091
909 2142
909 2460
909 3603
909 5104
909 5167
909 5312
909 5825
909 6053
909 6158
909 6428
909 8094
909 8357
909 9855
910 1196
910 1204
910 1444
910 1477
910 1493
910 1548
910 2034
910 2040
910 2335
910 2473
910 2554
910 2969
910 3144
910 3314
910 3376
910 3463
910 3853
910 4326
910 4931
910 5826
910 6549
910 6666
910 6965
910 7519
910 8195
910 8362
911 1013
911 1103
911 2052
911 2103
911 2580
911 2944
911 2945
911 3148
911 3225
911 3424
911 3621
911 4093
911 4251
911 4687
911 4756
911 5831
911 6217
911 6262
911 6490
911 7608
911 7961
911 8345
912 1009
912 1209
912 1486
912 2385
912 2917
912 3057
912 3380
912 3908
912 4086
912 6750
912 6881
912 7617
912 7951
912 8058
912 8511
912 9424
913 1040
913 1066
913 1119
913 1148
913 1472
913 1476
913 2055
913 2099
913 2262
913 2295
913 2335
913 2520
913 2540
913 2909
913 3481
913 3996
913 4833
913 5525
913 5706
913 6825
913 7042
913 8457
913 9400
914 965
914 1285
914 1759
914 2488
914 3115
914 3230
914 3726
914 6472
914 6681
914 6815
914 7559
914 8019
914 8991
914 9899
915 962
915 1121
915 1193
915 1494
915 1555
915 1834
915 2095
915 2537
915 3432
915 3700
915 3761
915 4006
915 4033
915 4444
915 4623
915 5103
915 5229
915 5313
915 5559
915 5782
915 6033
915 6192
915 6773
915 6867
915 6916
915 7265
915 7533
915 7878
915 8356
915 8702
915 9321
915 9336
915 9386
915 9931
916 1599
916 2439
916 2524
916 2652
916 2963
916 3028
916 3214
916 3695
916 4075
916 4140
916 6445
916 6629
916 8461
916 8629
916 9901
917 1411
917 1442
917 1647
917 1680
917 2340
917 2353
917 2368
917 2417
917 2774
917 3125
917 3320
917 4421
917 4985
917 5125
917 5352
917 5565
917 5643
917 5727
917 6021
917 6205
917 6253
917 6639
917 8262
917 9239
917 9795
918 1418
918 1686
918 1883
918 2289
918 2588
918 3888
918 4357
918 4386
918 4593
918 5043
918 6227
918 6335
918 7252
918 7312
918 7321
918 7561
918 7778
918 7781
918 8222
918 8241
918 8346
918 8473
918 8716
918 8725
918 8911
918 9035
918 9260
918 9384
919 1102
919 1140
919 1232
919 1748
919 2346
919 2922
919 3913
919 4025
919 4531
919 4624
919 5447
919 6358
919 6839
919 6851
919 8079
919 8934
919 9106
919 9127
920 953
920 995
920 1085
920 1319
920 1580
920 1662
920 1724
920 1762
920 1808
920 1906
920 1969
920 2039
920 2220
920 2427
920 3130
920 3264
920 3586
920 3870
920 4292
920 4294
920 4555
920 4978
920 4997
920 5663
920 5929
920 5965
920 6389
920 7042
920 7087
920 7455
920 7637
920 7855
920 7888
920 7910
921 926
921 1003
921 1464
921 2213
921 2504
921 3320
921 4473
921 4996
921 5982
921 5985
921 7416
921 7908
921 8806
921 9861
922 1121
922 1486
922 1772
922 2519
922 2977
922 3368
922 3557
922 3578
922 3841
922 3973
922 4356
922 5279
922 6168
922 6226
922 6229
922 7075
922 7403
922 7685
922 7959
922 8280
922 9452
923 942
923 1041
923 1203
923 1449
923 1713
923 1738
923 2274
923 2294
923 2490
923 2632
923 3721
923 4180
923 4857
923 5686
923 5777
923 5797
923 6367
923 6418
923 6816
923 6928
923 7633
923 7734
923 8600
923 9526
924 994
924 1999
924 2154
924 2499
924 2946
924 3577
924 4410
924 4629
924 5671
924 6047
924 6629
924 7488
924 7675
924 8311
924 8374
924 8787
924 8917
924 9265
924 9283
925 1090
925 1326
925 1340
925 1447
925 1462
925 1483
925 1516
925 1716
925 1776
925 2725
925 2980
925 3113
925 4172
925 4457
925 4939
925 5002
925 5584
925 5597
925 5847
925 5969
925 6708
925 6747
925 6859
925 7400
925 7612
925 7996
925 8319
925 9407
925 9984
926 1904
926 2549
926 2959
926 3224
926 3290
926 4023
926 4228
926 5251
926 6305
926 7879
926 9049
926 9675
927 987
927 994
927 1538
927 1751
927 1821
927 2177
927 2720
927 2938
927 4036
927 4115
927 4226
927 4515
927 4576
927 5787
927 5934
927 6062
927 6663
927 6769
927 6813
927 7291
927 7367
927 8329
927 9976
928 1358
928 1362
928 1547
928 2628
928 2663
928 2824
928 3058
928 4609
928 5263
928 5743
928 6587
928 6734
928 6956
928 7571
928 8947
929 1133
929 1233
929 1416
929 1787
929 2057
929 3191
929 3196
929 5526
929 6358
929 6478
929 7379
929 9388
930 950
930 1030
930 1295
930 1537
930 2352
930 2734
930 2845
930 2932
930 3152
930 3196
930 3291
930 3389
930 4675
930 5535
930 6149
930 7366
930 7376
930 8213
930 8715
930 9274
930 9437
930 9678
930 9958
931 1238
931 2626
931 2987
931 3460
931 3866
931 4062
931 4236
931 4630
931 5444
931 5467
931 6190
931 6472
931 6535
931 7937
931 8011
931 8635
931 9039
932 1196
932 1225
932 1239
932 1249
932 1252
932 1257
932 1584
932 1681
932 1804
932 2269
932 2466
932 2841
932 2935
932 2961
932 3187
932 3572
932 3677
932 4077
932 4111
932 4320
932 4388
932 4977
932 4995
932 5078
932 5545
932 5710
932 5970
932 7523
932 8290
932 8993
932 9356
932 9926
933 1073
933 1449
933 1839
933 2169
933 2447
933 2768
933 2835
933 3193
933 3373
933 3391
933 3469
933 4088
933 4168
933 4360
933 4858
933 4958
933 5077
933 5743
933 5748
933 5961
933 6145
933 6697
933 6797
933 6904
933 7276
933 7645
933 8064
933 8221
933 8569
933 9071
933 9643
933 9911
934 1150
934 1171
934 1204
934 1491
934 1708
934 1787
934 2615
934 2691
934 2723
934 3033
934 3542
934 3668
934 3932
934 4288
934 4658
934 4933
934 5028
934 5314
934 5875
934 7067
934 7104
934 7320
934 7578
934 7660
934 8208
934 8387
934 9068
934 9420
934 9717
935 1215
935 1323
935 1622
935 2017
935 2755
935 4057
935 4380
935 4384
935 5695
935 7720
935 7838
935 8713
935 9699
936 1139
936 1469
936 1525
936 1566
936 1869
936 1997
936 2695
936 2906
936 3013
936 3280
936 3381
936 4132
936 4317
936 5350
936 6305
936 6497
936 6513
936 6657
936 6735
936 7727
936 7771
936 7821
936 8004
936 9659
936 9952
937 945
937 1109
937 1418
937 1557
937 2486
937 2886
937 4076
937 4144
937 5033
937 5070
937 6195
937 6406
937 6613
937 7287
937 7376
937 8619
937 9724
938 1084
938 1301
938 1335
938 1445
938 1509
938 1826
938 1929
938 2066
938 2169
938 2372
938 2414
938 2470
938 2662
938 3389
938 3645
938 3986
938 4339
938 4523
938 4838
938 5912
938 6317
938 6799
938 6846
938 7166
938 7960
938 8086
938 8377
938 8626
939 1599
939 1826
939 1879
939 2011
939 3519
939 4524
939 5035
939 5781
939 5899
939 6029
939 6113
939 7122
939 7547
939 7980
939 9821
939 9950
940 1285
940 1382
940 1416
940 1422
940 1535
940 1554
940 1687
940 1988
940 2061
940 2104
940 2261
940 2283
940 2425
940 2426
940 2501
940 2713
940 2834
940 3258
940 3261
940 3373
940 3438
940 3611
940 3746
940 4378
940 4852
940 5737
940 5842
940 6149
940 6156
940 6208
940 6307
940 6860
940 6934
940 7456
940 7689
940 8190
940 8386
940 9629
940 9827
940 9897
940 9915
941 1026
941 1102
941 1202
941 1229
941 1272
941 1417
941 1426
941 1472
941 1686
941 1808
941 2301
941 2649
941 2792
941 2854
941 3351
941 3381
941 3585
941 3680
941 4176
941 4236
941 5062
941 5225
941 5226
941 5366
941 7845
941 8035
941 8547
941 9307
941 9583
942 1305
942 2083
942 2234
942 2260
942 3090
942 3099
942 3788
942 3975
942 4242
942 4594
942 4627
942 5343
942 5350
942 5383
942 5748
942 5849
942 7427
942 7796
942 7918
942 8005
942 8131
942 9389
942 9801
943 1244
943 1519
943 1822
943 2435
943 2685
943 3447
943 4274
943 4453
943 4606
943 4738
943 5278
943 6862
943 7925
943 7933
943 7987
943 8218
943 8291
943 8729
943 9658
944 1011
944 1306
944 1320
944 1576
944 1603
944 1711
944 1825
944 1960
944 2109
944 2160
944 2165
944 2294
944 2394
944 2726
944 2783
944 2873
944 3111
944 3325
944 3625
944 3851
944 4013
944 4681
944 5128
944 5231
944 6108
944 6485
944 6955
944 7029
944 7184
944 7997
944 8264
944 8269
944 8284
945 1060
945 1581
945 1831
945 2191
945 2315
945 2423
945 2727
945 2892
945 3471
945 3472
945 3677
945 3901
945 4242
945 5177
945 5425
945 6292
945 6696
945 7283
945 7409
945 7750
945 8152
945 8228
945 9140
945 9334
945 9602
945 9657
945 9703
946 1138
946 1414
946 1859
946 2027
946 2598
946 2829
946 3203
946 4041
946 4717
946 6573
946 8660
946 8945
947 1057
947 1179
947 1282
947 1303
947 1551
947 1787
947 1852
947 1933
947 1976
947 2031
947 2102
947 2183
947 2378
947 2390
947 2584
947 2818
947 2906
947 2907
947 3035
947 3077
947 3113
947 3260
947 3370
947 3519
947 3578
947 3676
947 4254
947 4626
947 5021
947 5029
947 5235
947 5286
947 5327
947 5643
947 5810
947 5815
947 5844
947 6028
947 6137
947 6348
947 6522
947 6726
947 6871
947 7233
947 7295
947 7388
947 7679
947 8839
947 9042
947 9190
947 9554
948 2073
948 2801
948 3097
948 3236
948 3669
948 3828
948 4072
948 5028
948 5205
948 5946
948 6530
948 7856
948 8227
948 8233
948 9391
948 9433
948 9451
949 1369
949 2079
949 2151
949 2502
949 2982
949 3206
949 3244
949 4247
949 5001
949 5739
949 6254
949 7752
949 7829
949 9539
950 1014
950 1085
950 1283
950 1534
950 1668
950 1894
950 2541
950 2856
950 3040
950 3194
950 3594
950 3806
950 4447
950 4498
950 4500
950 4725
950 4739
950 4924
950 5059
950 5073
950 5128
950 5231
950 5282
950 5823
950 6068
950 6079
950 7435
950 7654
950 7688
950 8207
950 8700
950 8719
950 9413
950 9505
951 1171
951 1829
951 2558
951 3411
951 5186
951 6129
951 6214
951 6966
951 7343
951 8938
952 1195
952 1307
952 1512
952 1782
952 1962
952 1979
952 2114
952 2781
952 2824
952 4894
952 5120
952 5271
952 5304
952 5443
952 5696
952 6849
952 7070
952 7177
952 7423
952 8610
953 1663
953 1726
953 1961
953 2264
953 2397
953 2937
953 3289
953 3844
953 3891
953 4012
953 4140
953 4440
953 4875
953 5416
953 6075
953 6404
953 7267
953 8274
953 8514
954 981
954 1126
954 1617
954 1695
954 1726
954 2070
954 2196
954 2962
954 3473
954 3675
954 4178
954 4874
954 5041
954 5059
954 5272
954 5505
954 6559
954 6666
954 6861
954 6977
954 7086
954 7952
954 8080
954 8202
954 8893
954 9649
955 1260
955 1672
955 2820
955 3654
955 4053
955 4272
955 6298
955 6743
955 6992
955 7279
955 8411
955 8966
955 9361
956 1049
956 1074
956 1207
956 1483
956 1531
956 2007
956 2395
956 2453
956 2511
956 2550
956 2554
956 2744
956 3044
956 3081
956 3523
956 3795
956 4224
956 5253
956 5258
956 5638
956 5672
956 5714
956 6029
956 6267
956 6500
956 7028
956 7691
956 7883
956 8119
956 8135
956 8781
956 8859
956 9397
956 9685
956 9721
956 9738
956 9834
956 9903
957 1096
957 1261
957 1827
957 1884
957 1995
957 2075
957 2094
957 2268
957 2556
957 2692
957 2699
957 3128
957 3135
957 3664
957 4261
957 4365
957 4831
957 4864
957 4871
957 5549
957 5880
957 6362
957 6377
957 7172
957 7195
957 7949
957 8456
957 8496
957 8581
957 8932
957 9291
957 9530
957 9696
957 9790
957 9857
957 9887
957 9924
957 9944
958 1302
958 1371
958 1565
958 1629
958 1872
958 2093
958 4574
958 4834
958 6348
958 6696
958 7182
958 7958
958 8737
958 9241
959 1551
959 2011
959 2979
959 4136
959 4192
959 9984
960 1243
960 1397
960 1471
960 1472
960 2459
960 2488
960 2860
960 3364
960 3988
960 4634
960 4666
960 5164
960 5583
960 5671
960 6115
960 6445
960 6472
960 6602
960 7221
961 986
961 998
961 1375
961 1384
961 1907
961 2470
961 2534
961 2766
961 2850
961 2871
961 3151
961 3173
961 3398
961 4263
961 4505
961 4656
961 4803
961 4836
961 5165
961 5180
961 5247
961 5281
961 5349
961 5410
961 5497
961 5787
961 5912
961 6169
961 6209
961 6626
961 6739
961 7046
961 7433
961 7467
961 7663
961 8089
961 8921
961 9158
961 9190
961 9214
961 9355
961 9885
962 1106
962 1283
962 1325
962 1585
962 1746
962 2061
962 2518
962 2723
962 3049
962 3124
962 3540
962 5688
962 5712
962 6436
962 7297
962 8478
962 9836
963 1127
963 1432
963 1633
963 1869
963 2031
963 3459
963 3604
963 4141
963 5024
963 5269
963 5631
963 5908
963 6276
963 6893
963 7144
963 7412
963 7947
963 8007
963 8472
963 8732
963 9745
964 985
964 1184
964 1237
964 1321
964 1771
964 1905
964 2405
964 2439
964 2897
964 3044
964 3201
964 3212
964 3596
964 3749
964 3920
964 4136
964 4227
964 4309
964 4366
964 4465
964 4472
964 4561
964 4600
964 4665
964 5062
964 5123
964 5827
964 6035
964 6177
964 6485
964 6593
964 6668
964 6700
964 6840
964 7040
964 7102
964 7115
964 7478
964 8203
964 8416
964 8705
964 9531
964 9862
965 988
965 1294
965 1329
965 2090
965 2210
965 2376
965 2805
965 2882
965 3056
965 3133
965 3206
965 3419
965 3712
965 3839
965 3848
965 3860
965 3861
965 3869
965 4081
965 4562
965 5129
965 5415
965 5547
965 6909
965 7131
965 7443
965 7448
965 7620
965 7733
965 8745
965 8984
965 9117
965 9346
965 9649
966 1312
966 1518
966 1524
966 1634
966 1698
966 1965
966 2258
966 2266
966 2851
966 2879
966 2902
966 2935
966 3104
966 3165
966 3469
966 3794
966 4060
966 4152
966 4165
966 4209
966 4636
966 5153
966 5517
966 5743
966 6380
966 6499
966 8121
966 8316
966 8613
966 9522
967 1352
967 1430
967 1664
967 1668
967 1885
967 2186
967 2347
967 2381
967 4296
967 4378
967 4522
967 4726
967 4920
967 5466
967 5791
967 6229
967 6288
967 6894
967 6925
967 7780
967 8557
967 9442
967 9478
968 1643
968 2311
968 2436
968 3936
968 5108
968 5553
968 5576
968 7343
968 7559
969 1148
969 1580
969 1664
969 1908
969 2173
969 2665
969 2868
969 3439
969 4174
969 4943
969 5249
969 5491
969 6029
969 6531
969 6849
969 8641
970 2417
970 2468
970 3457
970 4023
970 4054
970 4289
970 4630
970 7050
970 7521
970 8239
970 9843
971 1110
971 1125
971 1324
971 1419
971 1549
971 1642
971 2151
971 2160
971 2239
971 2284
971 2540
971 2830
971 3744
971 3992
971 4441
971 5139
971 5335
971 5451
971 5709
971 5811
971 5979
971 6032
971 6166
971 7448
971 7644
971 8170
971 8280
971 8628
971 8674
971 8813
971 9015
971 9337
972 3029
972 3928
972 4745
972 4862
972 8079
972 8123
972 8548
973 1062
973 1078
973 1221
973 1811
973 1941
973 2015
973 2152
973 2253
973 2303
973 2531
973 2538
973 2552
973 2684
973 2735
973 2774
973 3210
973 3384
973 3502
973 3527
973 3602
973 3937
973 3976
973 4078
973 4270
973 4442
973 4463
973 4869
973 5073
973 6482
973 6506
973 6538
973 6628
973 6751
973 6756
973 6875
973 7075
973 7126
973 7911
973 7942
973 7996
973 8354
973 8462
973 8480
973 8491
973 8977
973 9402
974 1487
974 2073
974 2187
974 3157
974 3291
974 3446
974 3709
974 4153
974 4777
974 4985
974 5513
974 5651
974 7749
974 9699
975 1482
975 1566
975 1779
975 1825
975 1875
975 1897
975 2658
975 2705
975 2845
975 2896
975 3571
975 3762
975 4187
975 4563
975 4571
975 6034
975 6144
975 6167
975 8309
975 8819
976 1027
976 1354
976 1898
976 2109
976 2381
976 2610
976 3613
976 5062
976 6541
976 8097
976 8415
976 9616
977 1759
977 2003
977 2121
977 2238
977 2278
977 2602
977 3465
977 4176
977 5288
977 6301
977 7303
977 7417
977 8138
977 9676
978 1358
978 1425
978 1549
978 1672
978 1974
978 2409
978 2608
978 2627
978 2679
978 2795
978 3467
978 3578
978 4507
978 4639
978 4940
978 5035
978 5427
978 5458
978 5664
978 5818
978 5909
978 6063
978 6197
978 6718
978 6858
978 8077
978 8242
978 8574
978 8957
978 9702
979 1162
979 2362
979 3014
979 3015
979 3127
979 3222
979 3430
979 3857
979 4469
979 4596
979 4851
979 5323
979 6166
979 6695
979 9779
980 1081
980 1887
980 2014
980 2102
980 2197
980 3022
980 3319
980 3540
980 3892
980 3933
980 4048
980 4211
980 4470
980 5452
980 6084
980 7270
980 7984
980 8005
980 8329
980 8463
980 8562
980 9081
981 1033
981 1327
981 1804
981 1939
981 2200
981 2256
981 2658
981 3106
981 3137
981 3378
981 3627
981 4539
981 5540
981 5649
981 6029
981 9012
981 9248
982 1059
982 1204
982 2099
982 2200
982 2340
982 2556
982 3415
982 3508
982 3607
982 3973
982 3986
982 4265
982 4293
982 4628
982 4633
982 4973
982 5345
982 5698
982 5876
982 6644
982 6921
982 7123
982 9095
982 9175
982 9299
982 9400
982 9619
983 1422
983 2478
983 2581
983 4144
983 4777
984 985
984 1088
984 1187
984 2408
984 2497
984 2820
984 2973
984 3083
984 3454
984 3927
984 4222
984 6207
984 6623
984 6852
984 8277
984 8890
985 1028
985 1047
985 1123
985 1484
985 1602
985 1893
985 2007
985 2101
985 3036
985 3189
985 3221
985 3873
985 4049
985 4811
985 5316
985 5944
985 6464
985 7146
985 8965
985 9801
986 1134
986 1213
986 1548
986 1835
986 1934
986 2047
986 2095
986 2415
986 3070
986 3701
986 4136
986 4231
986 4315
986 4748
986 4900
986 4919
986 5129
986 5352
986 6347
986 7361
986 7513
986 8797
986 8860
986 9262
986 9497
986 9812
987 1048
987 1053
987 1502
987 1842
987 1976
987 2419
987 2974
987 3072
987 3450
987 4266
987 5515
987 5832
987 6200
987 6768
987 6952
987 8431
987 9166
988 1153
988 1706
988 1764
988 1848
988 2060
988 2223
988 2253
988 2265
988 2342
988 2405
988 2620
988 2872
988 3287
988 3352
988 3895
988 3961
988 4058
988 4307
988 4761
988 5160
988 5239
988 5300
988 5584
988 5611
988 5854
988 6051
988 6888
988 6952
988 7832
988 8128
988 8498
988 8912
989 1795
989 2037
989 2177
989 2655
989 2707
989 3180
989 3247
989 3407
989 3764
989 3866
989 4805
989 5356
989 5677
989 6140
989 6286
989 6740
989 7268
989 7766
989 8359
989 8601
989 8643
990 1683
990 2366
990 3195
990 7827
990 8244
990 8461
990 9124
990 9357
990 9788
990 9879
990 9958
991 1135
991 1457
991 1632
991 1820
991 2345
991 2420
991 2518
991 3056
991 3310
991 3550
991 3627
991 3677
991 3695
991 3733
991 4571
991 4621
991 4887
991 5376
991 6324
991 6439
991 7073
991 7868
991 8570
991 8696
991 8978
991 9885
992 1023
992 1264
992 1324
992 1563
992 1581
992 1752
992 1840
992 3010
992 3334
992 3612
992 3746
992 3939
992 4764
992 4801
992 4844
992 5344
992 5904
992 6476
992 7376
992 7457
992 7488
992 8143
992 8613
992 8671
992 9738
993 1089
993 1118
993 1208
993 2026
993 2331
993 2358
993 2454
993 2951
993 3037
993 4190
993 5733
993 5969
993 6012
993 6502
993 6545
993 6706
993 7940
993 8055
993 8453
993 8648
993 8821
993 8903
994 1032
994 1070
994 1127
994 1173
994 1217
994 1658
994 1896
994 1935
994 1990
994 2084
994 2438
994 2742
994 2785
994 3292
994 3456
994 3708
994 3737
994 4034
994 4129
994 4519
994 4685
994 4750
994 5607
994 6198
994 6346
994 6357
994 6750
994 6775
994 7579
994 8659
994 8806
994 9862
994 9886
995 1116
995 1357
995 1361
995 1372
995 1377
995 1776
995 1791
995 1878
995 2423
995 2718
995 3014
995 3287
995 3496
995 4352
995 4454
995 6778
995 7580
995 7595
995 8613
995 8679
995 9109
995 9416
995 9525
996 1239
996 1286
996 1655
996 1665
996 1847
996 1879
996 2051
996 2336
996 2652
996 2716
996 2843
996 3375
996 3429
996 3680
996 3728
996 3904
996 3993
996 4273
996 4674
996 4900
996 5687
996 5809
996 5873
996 5961
996 6140
996 6246
996 6660
996 6768
996 7643
996 7825
996 7880
996 8252
996 8299
996 8329
996 8629
996 8786
996 8848
996 8849
996 9237
996 9273
996 9428
996 9465
996 9726
997 1096
997 1312
997 1378
997 1909
997 1919
997 2106
997 2399
997 2605
997 2897
997 3221
997 3674
997 4085
997 4607
997 5496
997 6415
997 6638
997 8494
997 8848
997 8850
997 9038
997 9284
997 9502
998 1098
998 1203
998 1525
998 1995
998 2183
998 2508
998 2639
998 2737
998 3000
998 3094
998 3534
998 3854
998 3957
998 4091
998 4206
998 4501
998 4503
998 4721
998 5085
998 5215
998 5417
998 6065
998 6995
998 7177
998 7899
998 8139
998 9082
998 9307
998 9402
998 9800
998 9878
998 9992
999 1102
999 1183
999 1303
999 1388
999 1752
999 2025
999 2042
999 2177
999 2327
999 3020
999 3151
999 3263
999 3802
999 3818
999 3844
999 4081
999 4187
999 5834
999 6494
999 9139
999 9539
999 9626
1000 1160
1000 1270
1000 2020
1000 2217
1000 2644
1000 3155
1000 3348
1000 3618
1000 3629
1000 3777
1000 4200
1000 4488
1000 4673
1000 4710
1000 5650
1000 6399
1000 6816
1000 7215
1000 7681
1000 8004
1000 8150
1000 8862
1000 8937
1000 9969
1001 1183
1001 1204
1001 1602
1001 1724
1001 2095
1001 2513
1001 2643
1001 4653
1001 6241
1001 9113
1001 9269
1002 1107
1002 1352
1002 1464
1002 1650
1002 1796
1002 2132
1002 2174
1002 2284
1002 3139
1002 3773
1002 4058
1002 4608
1002 7108
1002 7541
1002 7666
1002 8799
1003 1552
1003 1695
1003 2151
1003 3276
1003 3391
1003 3696
1003 3759
1003 4839
1003 4872
1003 5013
1003 5741
1003 5919
1003 7016
1003 8179
1003 8206
1003 9033
1003 9169
1004 1196
1004 1336
1004 4026
1004 4874
1004 5446
1004 5871
1004 6855
1004 7015
1004 9513
1004 9748
1004 9786
1005 1031
1005 1073
1005 1186
1005 1592
1005 1775
1005 1806
1005 1843
1005 1868
1005 1881
1005 2155
1005 2158
1005 2179
1005 2291
1005 2313
1005 2611
1005 2817
1005 2872
1005 2874
1005 3926
1005 4037
1005 4187
1005 4396
1005 5155
1005 5206
1005 5259
1005 5606
1005 6278
1005 6329
1005 7490
1005 7967
1005 8363
1005 9530
1005 9732
1005 9774
1006 1337
1006 1439
1006 2130
1006 2289
1006 2571
1006 3094
1006 3483
1006 3844
1006 3885
1006 3943
1006 4276
1006 4334
1006 4435
1006 4821
1006 4973
1006 5297
1006 5424
1006 5787
1006 5880
1006 6328
1006 7016
1006 7891
1006 8012
1006 8406
1006 9354
1007 1080
1007 1083
1007 1137
1007 1255
1007 1304
1007 1326
1007 1377
1007 1691
1007 1904
1007 2155
1007 2242
1007 2445
1007 2922
1007 3006
1007 3131
1007 3287
1007 3422
1007 3539
1007 3969
1007 4132
1007 4846
1007 4885
1007 4956
1007 4977
1007 5270
1007 5374
1007 6698
1007 6891
1007 7443
1007 7449
1007 7577
1007 7633
1007 8826
1007 9972
1008 1061
1008 1268
1008 1733
1008 1895
1008 2114
1008 2189
1008 2350
1008 2716
1008 3304
1008 3575
1008 3654
1008 3930
1008 4407
1008 4457
1008 4537
1008 5202
1008 5281
1008 5404
1008 5988
1008 7091
1008 8553
1009 1062
1009 1213
1009 1301
1009 1700
1009 1750
1009 1822
1009 2594
1009 3324
1009 3683
1009 3761
1009 3773
1009 5306
1009 5544
1009 5877
1009 6270
1009 7314
1009 7773
1009 7776
1009 7796
1009 9423
1010 1419
1010 1798
1010 2106
1010 2455
1010 2549
1010 2914
1010 3024
1010 3604
1010 3939
1010 6098
1010 6379
1010 7477
1010 7497
1010 8021
1010 8491
1010 8536
1010 8539
1010 9403
1010 9723
1011 1335
1011 1343
1011 1353
1011 1375
1011 1594
1011 1649
1011 1788
1011 1910
1011 2217
1011 2606
1011 2809
1011 3151
1011 3280
1011 3708
1011 3804
1011 3820
1011 3962
1011 4260
1011 4414
1011 4674
1011 5191
1011 5350
1011 5549
1011 7203
1011 7440
1011 7763
1011 7962
1011 8087
1011 8958
1011 9164
1011 9453
1011 9841
1012 1036
1012 1502
1012 2476
1012 2514
1012 3053
1012 3214
1012 4671
1012 7953
1012 8596
1012 9777
1013 1089
1013 1307
1013 1915
1013 2407
1013 2508
1013 2674
1013 4093
1013 4229
1013 4332
1013 5046
1013 5275
1013 5456
1013 5923
1013 6835
1013 8147
1013 8368
1014 1043
1014 1130
1014 1243
1014 1642
1014 1743
1014 1779
1014 1953
1014 2089
1014 2315
1014 2605
1014 3093
1014 3412
1014 3502
1014 4018
1014 4501
1014 5622
1014 5921
1014 7018
1014 7060
1014 7128
1014 7791
1014 8010
1014 8447
1014 8888
1014 8960
1014 9613
1015 1026
1015 1285
1015 1468
1015 1916
1015 2014
1015 2704
1015 2794
1015 3476
1015 3631
1015 3736
1015 3828
1015 4468
1015 4854
1015 5120
1015 5454
1015 5846
1015 8334
1015 8644
1015 8703
1015 8714
1015 9036
1015 9087
1015 9496
1016 2031
1016 2521
1016 2620
1016 3056
1016 3236
1016 3922
1016 5897
1016 6641
1016 6719
1017 1152
1017 1159
1017 2012
1017 2330
1017 2414
1017 2631
1017 2765
1017 2929
1017 2956
1017 3030
1017 3319
1017 3346
1017 3799
1017 4379
1017 4711
1017 4966
1017 4991
1017 4994
1017 5018
1017 5611
1017 5635
1017 7603
1017 8034
1017 9736
1018 1028
1018 1060
1018 1177
1018 1238
1018 1367
1018 1493
1018 1517
1018 1535
1018 1792
1018 1800
1018 1804
1018 2014
1018 2028
1018 2204
1018 2418
1018 2523
1018 2930
1018 3010
1018 3135
1018 3159
1018 3263
1018 3421
1018 3531
1018 4152
1018 4353
1018 4975
1018 5039
1018 5748
1018 5756
1018 5811
1018 6584
1018 6596
1018 6744
1018 7583
1018 7684
1018 7873
1018 9045
1018 9137
1018 9309
1019 1161
1019 1324
1019 1368
1019 1383
1019 1406
1019 1492
1019 1646
1019 2137
1019 2145
1019 2556
1019 3582
1019 3852
1019 4280
1019 4300
1019 4789
1019 5301
1019 5601
1019 6116
1019 6196
1019 6836
1019 8356
1019 8776
1019 9005
1019 9902
1020 1046
1020 1090
1020 1418
1020 1610
1020 1678
1020 1889
1020 2489
1020 2687
1020 2711
1020 2741
1020 2754
1020 3012
1020 3262
1020 3909
1020 4455
1020 5401
1020 6075
1020 6772
1020 8059
1020 8555
1020 9083
1020 9693
1021 1208
1021 1972
1021 2929
1021 3756
1021 3822
1021 3975
1021 9775
1022 1129
1022 1132
1022 1223
1022 1338
1022 1587
1022 2516
1022 2517
1022 2849
1022 5010
1022 6266
1022 6446
1022 6891
1022 8048
1022 9598
1022 9681
1022 9741
1022 9778
1023 1223
1023 1944
1023 2641
1023 3055
1023 4188
1023 5641
1023 5772
1023 5811
1023 6243
1023 6253
1023 6807
1023 7199
1023 9417
1023 9894
1024 1050
1024 1635
1024 1694
1024 1822
1024 2359
1024 3336
1024 3489
1024 5803
1024 6616
1024 6693
1024 8601
1025 1140
1025 1305
1025 1372
1025 1528
1025 1572
1025 1636
1025 1882
1025 1896
1025 1935
1025 1953
1025 2165
1025 2244
1025 2428
1025 2636
1025 2662
1025 2743
1025 3215
1025 3712
1025 4430
1025 4440
1025 4447
1025 4726
1025 4869
1025 5205
1025 5523
1025 5592
1025 5800
1025 6450
1025 6677
1025 7326
1025 7807
1025 7862
1025 8557
1025 8732
1025 9375
1025 9414
1025 9493
1025 9597
1026 1390
1026 1610
1026 3050
1026 3313
1026 3341
1026 4247
1026 5199
1026 5998
1026 6977
1026 7304
1026 8289
1026 8502
1026 9544
1027 1217
1027 1254
1027 1318
1027 1385
1027 1532
1027 1949
1027 2425
1027 2478
1027 2492
1027 2760
1027 2791
1027 3238
1027 3435
1027 3656
1027 3964
1027 4095
1027 4386
1027 5134
1027 6037
1027 6375
1027 6718
1027 6913
1027 7193
1027 7731
1027 7866
1027 7953
1027 8431
1027 9711
1027 9932
1028 1087
1028 1108
1028 1322
1028 1901
1028 2038
1028 3046
1028 3138
1028 4201
1028 4834
1028 4926
1028 5517
1028 5972
1028 7254
1028 7334
1028 7389
1028 7414
1028 7420
1028 7497
1028 8141
1028 8407
1029 1050
1029 1166
1029 1252
1029 1537
1029 2671
1029 3758
1029 4530
1029 4552
1029 4613
1029 4827
1029 5747
1029 5787
1029 7283
1029 7307
1029 8321
1029 8441
1030 1967
1030 2294
1030 6250
1030 8685
1030 9344
1031 1401
1031 1461
1031 1998
1031 2250
1031 2279
1031 2501
1031 2557
1031 2684
1031 2830
1031 2840
1031 3121
1031 3146
1031 3332
1031 3422
1031 3526
1031 3869
1031 3970
1031 4081
1031 4523
1031 4699
1031 4999
1031 5161
1031 5373
1031 6101
1031 6730
1031 7744
1031 8295
1031 9370
1031 9545
1031 9792
1032 1085
1032 1137
1032 1381
1032 1492
1032 1553
1032 1894
1032 1929
1032 2459
1032 2504
1032 3043
1032 3384
1032 3462
1032 3588
1032 3919
1032 4220
1032 4259
1032 4676
1032 4908
1032 5292
1032 5358
1032 5479
1032 5766
1032 6499
1032 6709
1032 6730
1032 7142
1032 7276
1032 7831
1032 8288
1032 8699
1032 9347
1032 9803
1033 1120
1033 1161
1033 1450
1033 1575
1033 1758
1033 1777
1033 1784
1033 2076
1033 2097
1033 3054
1033 3323
1033 3679
1033 3702
1033 4042
1033 4440
1033 4645
1033 5167
1033 6560
1033 6771
1033 6790
1033 7797
1033 9230
1033 9339
1033 9688
1034 1397
1034 2015
1034 2145
1034 2331
1034 2342
1034 2401
1034 3169
1034 3229
1034 3708
1034 5859
1034 6551
1034 6663
1034 6934
1034 7408
1034 7629
1034 7834
1034 8991
1035 1975
1035 2009
1035 2662
1035 3675
1035 4565
1035 4901
1035 5081
1035 5398
1035 6334
1035 8958
1035 9764
1036 1045
1036 1397
1036 1822
1036 1970
1036 2135
1036 2426
1036 2658
1036 2867
1036 3181
1036 3302
1036 3516
1036 4417
1036 4499
1036 4642
1036 5028
1036 5668
1036 6309
1036 6767
1036 6990
1036 7316
1036 7473
1036 7851
1036 8770
1036 8796
1036 9169
1036 9522
1037 1450
1037 1883
1037 2539
1037 3583
1037 5106
1037 6037
1037 6145
1037 6386
1037 7811
1037 8743
1037 8745
1037 8785
1037 9947
1038 1224
1038 1277
1038 1356
1038 1520
1038 1662
1038 2129
1038 2218
1038 2252
1038 2787
1038 3188
1038 3890
1038 3972
1038 3979
1038 4026
1038 4146
1038 4383
1038 4536
1038 4637
1038 4871
1038 5651
1038 5686
1038 6237
1038 6278
1038 6627
1038 7269
1038 7427
1038 7472
1038 7688
1038 7841
1038 7881
1038 7970
1038 8252
1038 8835
1038 8959
1038 9315
1038 9381
1038 9416
1038 9479
1038 9547
1038 9719
1038 9997
1039 1213
1039 1743
1039 2304
1039 2446
1039 3010
1039 3451
1039 3592
1039 3906
1039 4396
1039 5708
1039 5732
1039 5932
1039 6108
1039 6337
1039 6971
1039 7124
1039 9115
1040 1206
1040 1456
1040 1727
1040 1804
1040 2496
1040 2682
1040 3528
1040 3926
1040 4930
1040 5257
1040 5333
1040 6536
1040 7928
1040 8183
1040 9135
1040 9708
1041 1373
1041 1672
1041 1956
1041 2381
1041 2509
1041 3339
1041 3408
1041 3556
1041 3726
1041 4450
1041 6111
1041 6592
1041 7026
1041 8168
1041 9483
1041 9502
1042 1194
1042 1464
1042 1757
1042 2055
1042 2771
1042 2836
1042 3016
1042 3282
1042 3293
1042 3320
1042 3360
1042 3691
1042 3927
1042 4297
1042 4489
1042 4612
1042 4783
1042 4809
1042 4855
1042 4936
1042 5202
1042 5257
1042 5315
1042 5626
1042 5658
1042 6123
1042 6124
1042 7012
1042 7076
1042 7124
1042 7398
1042 7704
1042 8126
1042 9677
1042 9699
1043 1626
1043 1630
1043 1862
1043 1878
1043 2044
1043 2266
1043 2394
1043 2618
1043 2633
1043 2712
1043 2846
1043 3631
1043 3662
1043 4015
1043 4490
1043 4505
1043 4708
1043 4877
1043 5550
1043 5839
1043 7384
1043 7618
1043 7828
1043 8007
1043 8202
1043 8947
1043 9661
1044 1958
1044 2024
1044 2545
1044 2573
1044 2664
1044 2718
1044 2999
1044 5561
1044 5716
1044 5938
1044 6388
1044 6580
1044 6660
1044 6720
1044 6888
1044 6980
1044 7032
1044 7044
1044 7063
1044 8184
1044 9336
1044 9421
1044 9767
1045 1317
1045 2152
1045 2188
1045 2658
1045 2790
1045 2911
1045 3653
1045 3842
1045 5098
1045 6043
1045 6127
1045 8240
1045 9191
1045 9507
1045 9554
1045 9714
1046 1100
1046 1255
1046 1322
1046 1391
1046 1514
1046 1538
1046 1686
1046 1845
1046 1866
1046 1900
1046 2314
1046 2354
1046 2743
1046 2895
1046 3105
1046 3492
1046 3869
1046 4687
1046 5040
1046 5552
1046 6464
1046 6665
1046 7902
1046 7908
1046 7982
1046 8483
1046 8577
1046 8655
1046 8941
1047 3120
1047 3153
1047 3659
1047 6007
1047 6746
1047 7716
1047 8036
1047 8826
1048 1111
1048 1152
1048 1159
1048 1165
1048 1250
1048 1476
1048 2049
1048 2260
1048 2351
1048 3004
1048 3192
1048 3415
1048 4629
1048 4752
1048 4989
1048 5096
1048 5248
1048 5679
1048 6084
1048 6162
1048 6216
1048 6517
1048 6796
1048 7130
1048 7659
1048 7914
1048 8148
1048 8952
1048 8996
1048 9350
1048 9408
1048 9611
1048 9646
1048 9853
1049 1195
1049 1311
1049 1461
1049 1765
1049 2008
1049 2162
1049 2181
1049 2742
1049 3815
1049 3913
1049 4038
1049 4517
1049 5926
1049 8497
1049 9202
1049 9370
1049 9674
1050 1271
1050 1323
1050 1654
1050 1852
1050 1944
1050 1952
1050 1969
1050 1998
1050 2318
1050 2545
1050 3418
1050 4966
1050 5116
1050 5156
1050 5839
1050 6590
1050 6976
1050 8058
1050 8110
1050 8116
1050 9024
1051 2254
1051 2721
1051 3379
1051 4593
1051 4642
1051 4840
1051 5048
1051 6233
1051 7074
1051 7669
1051 8303
1051 8620
1051 9433
1051 9939
1052 1138
1052 1192
1052 1459
1052 1729
1052 1867
1052 2212
1052 2292
1052 2297
1052 2373
1052 2465
1052 2579
1052 2647
1052 2687
1052 3197
1052 3353
1052 4379
1052 4699
1052 5485
1052 5728
1052 6022
1052 6259
1052 6661
1052 7323
1052 9058
1052 9111
1052 9218
1052 9604
1053 1307
1053 1733
1053 2043
1053 3140
1053 4198
1053 4312
1053 4545
1053 4626
1053 4863
1053 5793
1053 5946
1053 6429
1053 6994
1053 7800
1053 8162
1053 9211
1053 9860
1054 1216
1054 1542
1054 1962
1054 2189
1054 2198
1054 2251
1054 2435
1054 2913
1054 3078
1054 3501
1054 4194
1054 5085
1054 5603
1054 5916
1054 6573
1054 7088
1054 7694
1054 8136
1054 8212
1054 8775
1054 8929
1054 9314
1054 9355
1054 9403
1054 9889
1055 1077
1055 1841
1055 2404
1055 2410
1055 2563
1055 2582
1055 3357
1055 3404
1055 3421
1055 4182
1055 4389
1055 5199
1055 5589
1055 6636
1055 6918
1055 7688
1055 8081
1055 8688
1055 9899
1056 1215
1056 1408
1056 1429
1056 1452
1056 1644
1056 1694
1056 2115
1056 2185
1056 2449
1056 3461
1056 4330
1056 4381
1056 7089
1056 7120
1056 7359
1056 7431
1056 7750
1056 8345
1056 8916
1056 9020
1056 9120
1056 9418
1056 9859
1057 1257
1057 1694
1057 2032
1057 2713
1057 2990
1057 3731
1057 3732
1057 4306
1057 6216
1057 6529
1057 9002
1057 9077
1058 1615
1058 1696
1058 1906
1058 2554
1058 3651
1058 5175
1058 5929
1058 6809
1058 6856
1058 8832
1058 9527
1058 9829
1059 1117
1059 1166
1059 1757
1059 1782
1059 2214
1059 2336
1059 2341
1059 2378
1059 2384
1059 2813
1059 3133
1059 5165
1059 6176
1059 6847
1059 8517
1060 1096
1060 1102
1060 1154
1060 1160
1060 1182
1060 1371
1060 2266
1060 2426
1060 2507
1060 2599
1060 2624
1060 2717
1060 2736
1060 3008
1060 3353
1060 3449
1060 3659
1060 3728
1060 3840
1060 4036
1060 4450
1060 4830
1060 6051
1060 6348
1060 8092
1060 8580
1060 8658
1060 8760
1060 9988
1061 1322
1061 1464
1061 1672
1061 1957
1061 1981
1061 2070
1061 2248
1061 2748
1061 2986
1061 3117
1061 3136
1061 3321
1061 3905
1061 4860
1061 5057
1061 5242
1061 7390
1061 7487
1061 8741
1061 9103
1061 9423
1061 9718
1062 1137
1062 1187
1062 1309
1062 1471
1062 1555
1062 1580
1062 2048
1062 2162
1062 2349
1062 2406
1062 2497
1062 2661
1062 2827
1062 2952
1062 3962
1062 3964
1062 5513
1062 7380
1062 7527
1062 9256
1063 1571
1063 1640
1063 1770
1063 2302
1063 2572
1063 2604
1063 3316
1063 3587
1063 4540
1063 4557
1063 5507
1063 5961
1063 6367
1063 7053
1063 7670
1063 8654
1063 8760
1063 9538
1063 9596
1064 2151
1064 2629
1064 2651
1064 2792
1064 3064
1064 3453
1064 3457
1064 3682
1064 6201
1064 7827
1064 9874
1065 1066
1065 1069
1065 1086
1065 1222
1065 1255
1065 1290
1065 1329
1065 1393
1065 2270
1065 2309
1065 3096
1065 3462
1065 3943
1065 5238
1065 7878
1066 1068
1066 1199
1066 1488
1066 1513
1066 1547
1066 1554
1066 1917
1066 2037
1066 2079
1066 2244
1066 2333
1066 3149
1066 3532
1066 3582
1066 3659
1066 3909
1066 4231
1066 6423
1066 6540
1066 7496
1066 9113
1067 1500
1067 2321
1067 2795
1067 3011
1067 3215
1067 3272
1067 3705
1067 4603
1067 7546
1067 7865
1067 8273
1068 1229
1068 1460
1068 1488
1068 1542
1068 1865
1068 2084
1068 2301
1068 2759
1068 2781
1068 3526
1068 3678
1068 4185
1068 4476
1068 5072
1068 5153
1068 5385
1068 5768
1068 6949
1068 6979
1068 7274
1068 8285
1068 9602
1069 1780
1069 1793
1069 2639
1069 3431
1069 4227
1069 4773
1069 5107
1069 5626
1069 6645
1069 6706
1069 6986
1069 7350
1069 7781
1069 8691
1069 9425
1070 1162
1070 1200
1070 1202
1070 1369
1070 2129
1070 2703
1070 2909
1070 3135
1070 3270
1070 3601
1070 3619
1070 3901
1070 4371
1070 4627
1070 5376
1070 5549
1070 5909
1070 7532
1070 7657
1070 7764
1070 8970
1070 9168
1070 9263
1070 9401
1071 1151
1071 1284
1071 1364
1071 1401
1071 1441
1071 1831
1071 1910
1071 2463
1071 2586
1071 2733
1071 2756
1071 2978
1071 3169
1071 3454
1071 3631
1071 3996
1071 4105
1071 4350
1071 4394
1071 4546
1071 5109
1071 5253
1071 5500
1071 6074
1071 6094
1071 6102
1071 6991
1071 7319
1071 7576
1071 7676
1071 7931
1071 8100
1071 8345
1071 8365
1071 8397
1071 8548
1071 8594
1071 9710
1072 1342
1072 1377
1072 1420
1072 1607
1072 1790
1072 2602
1072 3859
1072 4430
1072 5146
1072 9517
1073 1163
1073 1741
1073 1939
1073 2028
1073 2912
1073 3280
1073 3594
1073 4023
1073 4217
1073 4231
1073 4589
1073 4681
1073 5019
1073 5861
1073 6359
1073 6481
1073 6679
1073 6709
1073 6785
1073 6835
1073 6921
1073 7367
1073 8159
1073 8504
1073 8508
1073 9527
1074 1311
1074 1319
1074 1608
1074 2910
1074 3401
1074 3489
1074 3503
1074 4717
1074 5622
1074 5959
1074 6299
1074 6367
1074 7689
1074 7729
1074 7854
1074 8018
1074 8179
1074 8856
1074 9505
1075 1441
1075 1529
1075 1547
1075 1599
1075 1800
1075 1805
1075 2465
1075 2843
1075 2928
1075 3677
1075 3987
1075 4175
1075 6030
1075 6158
1075 6202
1075 6535
1075 6974
1075 7718
1075 8440
1075 8564
1075 9115
1075 9273
1075 9625
1076 1269
1076 1317
1076 1335
1076 1443
1076 2240
1076 2645
1076 4604
1076 5912
1076 7776
1076 9927
1077 1094
1077 1136
1077 1163
1077 1178
1077 1766
1077 1807
1077 1902
1077 1938
1077 2158
1077 2280
1077 2801
1077 3021
1077 3112
1077 3182
1077 3238
1077 3718
1077 4428
1077 4589
1077 4829
1077 5943
1077 5952
1077 5978
1077 7230
1077 7282
1077 7655
1077 7917
1077 9076
1077 9131
1077 9245
1077 9607
1078 1245
1078 1346
1078 1647
1078 1677
1078 1811
1078 2365
1078 2404
1078 2431
1078 2884
1078 3225
1078 3338
1078 4106
1078 4134
1078 4300
1078 4986
1078 6872
1078 6985
1078 7155
1078 8430
1078 9038
1078 9426
1078 9471
1078 9685
1079 1189
1079 1217
1079 1305
1079 1978
1079 3635
1079 4089
1079 4438
1079 4582
1079 5408
1079 6310
1079 6539
1079 6549
1079 6921
1079 6977
1079 7072
1079 8682
1079 8894
1079 8940
1080 1434
1080 1625
1080 1788
1080 1937
1080 2029
1080 2077
1080 2157
1080 2392
1080 2475
1080 2640
1080 2668
1080 3622
1080 3766
1080 5620
1080 7606
1080 9417
1080 9441
1081 1360
1081 1687
1081 1751
1081 2248
1081 2478
1081 2722
1081 2795
1081 3206
1081 3261
1081 4531
1081 4544
1081 4722
1081 4919
1081 5723
1081 5764
1081 7669
1081 8615
1081 8834
1081 9071
1082 1143
1082 1249
1082 1413
1082 1478
1082 1637
1082 1693
1082 2151
1082 2240
1082 2389
1082 2871
1082 3039
1082 4483
1082 4547
1082 4757
1082 4768
1082 4814
1082 4893
1082 5554
1082 5931
1082 6567
1082 7224
1082 9374
1083 1088
1083 1355
1083 1430
1083 1769
1083 1874
1083 2214
1083 2270
1083 2372
1083 2450
1083 2621
1083 2643
1083 2775
1083 2823
1083 3718
1083 3941
1083 4041
1083 4118
1083 4207
1083 4532
1083 4728
1083 4946
1083 5385
1083 6102
1083 6485
1083 6567
1083 7268
1083 7629
1083 8437
1083 9141
1083 9450
1083 9577
1083 9583
1083 9655
1084 1231
1084 1283
1084 1804
1084 2247
1084 2315
1084 2412
1084 2898
1084 3008
1084 3060
1084 3284
1084 3362
1084 3574
1084 3612
1084 3708
1084 3871
1084 4454
1084 4783
1084 5168
1084 5801
1084 5830
1084 7096
1084 8161
1084 8656
1084 8807
1084 9559
1084 9760
1084 9790
1085 1245
1085 1893
1085 2020
1085 2100
1085 2163
1085 2414
1085 3524
1085 3533
1085 4571
1085 5198
1085 5742
1085 6027
1085 6750
1085 7855
1085 8141
1085 9895
1086 1308
1086 1944
1086 2192
1086 2331
1086 2995
1086 3005
1086 4147
1086 4496
1086 4577
1086 4676
1086 4822
1086 4937
1086 5155
1086 5216
1086 5390
1086 5404
1086 5478
1086 5486
1086 5534
1086 6288
1086 6998
1086 7136
1086 7247
1086 7609
1086 9422
1086 9581
1086 9812
1086 9845
1087 1187
1087 1247
1087 1768
1087 2774
1087 3522
1087 5010
1087 5146
1087 5257
1087 5602
1087 6160
1087 6381
1087 6502
1087 7989
1087 8195
1087 8242
1087 8661
1087 9658
1088 1114
1088 1131
1088 1215
1088 1229
1088 1939
1088 2018
1088 2056
1088 2057
1088 3308
1088 3438
1088 4134
1088 4329
1088 5050
1088 5124
1088 5885
1088 6157
1088 6914
1088 8283
1089 1511
1089 2750
1089 2985
1089 3238
1089 4431
1089 4440
1089 5107
1089 5274
1089 7496
1089 7917
1089 8206
1089 9504
1090 1275
1090 2328
1090 2334
1090 2452
1090 3462
1090 3670
1090 5631
1090 6174
1090 6422
1090 6943
1090 8207
1090 9568
1091 1291
1091 1555
1091 1867
1091 2481
1091 2769
1091 3569
1091 3591
1091 3756
1091 3818
1091 4537
1091 5062
1091 6399
1091 6438
1092 1224
1092 1714
1092 2400
1092 2523
1092 2539
1092 3167
1092 6841
1092 6853
1092 7453
1092 9205
1092 9379
1093 1322
1093 1433
1093 2365
1093 3049
1093 3706
1093 4050
1093 4276
1093 4490
1093 4522
1093 4972
1093 5096
1093 6351
1093 7049
1093 7078
1093 7951
1093 7985
1093 8948
1093 9335
1094 1106
1094 2245
1094 2598
1094 2784
1094 2879
1094 3463
1094 3722
1094 3890
1094 3990
1094 4072
1094 4987
1094 5362
1094 5479
1094 6976
1094 7102
1094 7346
1094 7419
1094 8823
1094 9021
1095 1343
1095 1982
1095 2190
1095 2363
1095 2838
1095 3284
1095 3843
1095 4869
1095 4880
1095 5174
1095 5521
1095 6626
1095 7255
1095 7547
1095 7923
1095 8395
1096 1097
1096 1132
1096 1169
1096 1201
1096 1211
1096 1247
1096 2309
1096 2579
1096 3112
1096 3253
1096 3320
1096 3529
1096 3550
1096 3977
1096 4674
1096 4695
1096 5687
1096 6486
1096 7254
1096 9177
1096 9291
1096 9484
1097 1756
1097 2195
1097 2584
1097 3052
1097 3157
1097 3320
1097 3921
1097 4840
1097 5383
1097 5450
1097 5459
1097 6312
1097 6707
1097 7005
1097 7140
1097 7265
1097 8001
1097 8119
1097 8950
1097 9108
1097 9138
1098 2110
1098 2429
1098 3275
1098 4181
1098 4269
1098 4484
1098 4606
1098 4672
1098 5055
1098 5099
1098 5576
1098 5949
1098 6146
1098 6346
1098 6414
1098 6761
1098 6998
1098 7207
1098 7332
1098 8139
1098 8388
1098 8871
1098 9393
1098 9503
1099 1409
1099 1820
1099 1831
1099 2036
1099 2511
1099 3641
1099 3934
1099 4151
1099 4682
1099 4788
1099 4802
1099 5360
1099 5798
1099 7516
1099 7957
1099 8078
1099 8624
1100 1297
1100 1343
1100 1980
1100 2371
1100 2419
1100 2548
1100 2608
1100 2984
1100 3132
1100 3240
1100 3476
1100 3840
1100 3896
1100 3927
1100 4414
1100 4988
1100 5832
1100 5864
1100 5928
1100 7134
1100 8153
1100 8463
1100 9933
1101 1209
1101 1249
1101 1672
1101 3369
1101 3682
1101 4379
1101 4669
1101 5267
1101 5672
1101 6260
1101 7843
1101 7916
1101 8003
1101 8213
1101 8358
1102 1232
1102 1998
1102 2157
1102 2347
1102 2534
1102 2718
1102 3152
1102 3729
1102 4699
1102 5964
1102 6668
1102 7186
1102 7342
1102 7856
1102 8161
1102 9066
1102 9446
1102 9673
1102 9815
1103 1159
1103 1212
1103 1293
1103 1304
1103 1344
1103 1704
1103 1766
1103 2688
1103 3609
1103 3656
1103 3883
1103 4184
1103 4279
1103 5556
1103 5670
1103 5801
1103 5813
1103 6220
1103 6255
1103 6613
1103 8160
1103 8255
1103 8480
1103 9217
1103 9512
1104 1267
1104 1344
1104 1697
1104 1829
1104 1838
1104 1868
1104 1996
1104 2145
1104 2560
1104 2580
1104 2599
1104 2652
1104 2694
1104 2824
1104 3222
1104 3490
1104 3629
1104 3776
1104 4041
1104 4143
1104 4336
1104 4481
1104 4486
1104 4747
1104 4916
1104 5092
1104 5655
1104 6475
1104 6655
1104 6752
1104 6989
1104 7358
1104 7610
1104 7694
1104 7974
1104 8060
1104 8601
1104 8622
1104 8657
1104 8738
1104 8977
1104 9689
1105 1158
1105 1885
1105 2331
1105 3018
1105 3442
1105 3753
1105 4336
1105 4497
1105 6332
1105 7150
1105 8621
1106 1568
1106 3803
1106 4011
1106 4776
1106 4817
1106 5262
1106 8749
1107 1255
1107 1401
1107 2034
1107 2174
1107 2229
1107 2628
1107 2644
1107 2724
1107 2955
1107 3056
1107 3906
1107 4460
1107 4712
1107 5336
1107 5446
1107 6151
1107 6203
1107 6795
1107 7496
1107 8293
1107 9546
1107 9651
1107 9781
1108 1115
1108 1154
1108 1472
1108 1712
1108 2081
1108 2786
1108 3055
1108 3131
1108 5174
1108 5618
1108 6078
1108 6138
1108 6852
1108 7200
1108 7652
1108 8165
1109 1377
1109 1619
1109 2117
1109 2198
1109 2743
1109 3219
1109 3521
1109 4455
1109 5428
1109 5689
1109 6522
1109 6637
1109 6836
1109 6839
1109 7094
1109 7131
1109 7329
1109 7891
1110 1346
1110 1416
1110 1886
1110 1988
1110 2226
1110 2454
1110 2545
1110 3061
1110 3181
1110 3210
1110 3283
1110 3298
1110 3554
1110 3662
1110 4382
1110 4788
1110 4925
1110 5288
1110 5504
1110 6104
1110 6200
1110 6220
1110 6310
1110 6338
1110 6491
1110 7259
1110 7516
1110 7764
1110 8441
1110 9258
1111 1220
1111 1441
1111 1519
1111 1533
1111 1557
1111 1826
1111 2181
1111 2183
1111 2506
1111 3221
1111 3727
1111 4048
1111 4191
1111 4716
1111 5008
1111 5827
1111 6168
1111 7329
1111 7573
1111 8236
1111 9470
1111 9841
1111 9994
1112 1247
1112 1839
1112 1955
1112 2029
1112 2053
1112 2087
1112 2113
1112 2271
1112 2399
1112 2414
1112 2915
1112 3009
1112 3060
1112 3839
1112 3874
1112 4305
1112 5091
1112 5105
1112 5139
1112 7148
1112 8030
1112 8199
1112 8297
1112 8721
1112 9179
1112 9321
1113 1127
1113 1403
1113 1552
1113 1610
1113 1650
1113 1653
1113 2161
1113 2552
1113 2983
1113 3489
1113 4018
1113 5495
1113 5703
1113 6245
1113 6779
1113 7136
1113 7409
1113 7432
1113 7740
1113 9134
1113 9374
1113 9663
1114 2327
1114 4830
1114 5170
1114 5452
1114 5629
1114 6142
1114 7288
1114 8521
1114 9423
1114 9499
1115 1841
1115 2011
1115 2272
1115 2315
1115 3918
1115 4057
1115 4594
1115 4889
1115 5560
1115 5625
1115 8061
1115 9533
1115 9959
1116 1380
1116 1422
1116 1489
1116 1747
1116 1917
1116 2121
1116 2427
1116 2799
1116 2906
1116 2916
1116 2926
1116 3399
1116 4448
1116 4528
1116 4599
1116 4689
1116 4833
1116 4836
1116 5270
1116 5930
1116 5937
1116 6226
1116 6239
1116 6722
1116 6817
1116 6991
1116 7106
1116 8003
1116 8809
1116 9428
1117 1159
1117 1184
1117 1468
1117 1508
1117 1677
1117 1716
1117 2153
1117 2209
1117 2762
1117 2970
1117 3359
1117 4258
1117 4279
1117 4303
1117 4701
1117 4704
1117 4722
1117 4827
1117 5623
1117 6077
1117 6349
1117 6840
1117 7246
1117 8325
1117 8327
1117 9292
1117 9318
1117 9884
1118 1148
1118 1713
1118 1801
1118 2032
1118 2066
1118 2265
1118 2303
1118 2823
1118 2948
1118 3069
1118 3178
1118 3239
1118 3515
1118 3704
1118 5063
1118 5208
1118 5600
1118 5875
1118 6293
1118 6569
1118 7027
1118 7581
1118 8114
1118 8239
1118 9529
1119 1605
1119 2064
1119 2184
1119 2218
1119 2920
1119 3398
1119 3780
1119 5077
1119 6189
1119 6408
1119 8848
1119 9412
1119 9716
1120 1125
1120 1130
1120 1287
1120 1554
1120 2311
1120 2520
1120 2605
1120 2693
1120 3728
1120 3937
1120 4094
1120 5436
1120 5587
1120 5824
1120 6684
1120 6772
1120 7582
1120 8080
1121 1352
1121 1413
1121 1592
1121 1706
1121 1768
1121 2397
1121 2816
1121 3502
1121 3599
1121 3602
1121 3607
1121 3664
1121 6517
1121 7942
1121 9176
1122 1227
1122 1272
1122 1385
1122 1409
1122 1474
1122 1673
1122 2124
1122 2377
1122 2634
1122 4557
1122 5111
1122 5819
1122 6081
1122 6193
1122 6303
1122 6992
1122 7061
1122 8099
1122 9192
1123 1333
1123 2345
1123 2355
1123 3197
1123 3310
1123 3971
1123 4003
1123 4592
1123 4891
1123 4911
1123 5560
1123 5927
1123 6802
1123 7076
1123 7835
1123 8078
1123 8341
1123 9196
1123 9520
1123 9694
1124 1296
1124 1573
1124 1580
1124 2005
1124 3745
1124 4510
1124 4803
1124 4816
1124 5462
1124 5718
1124 5959
1124 7415
1124 8035
1124 8234
1124 9982
1125 1554
1125 1658
1125 1871
1125 2253
1125 2400
1125 2452
1125 3539
1125 4116
1125 4315
1125 4361
1125 4990
1125 5202
1125 6195
1125 7287
1125 7606
1125 7787
1126 1143
1126 1341
1126 1342
1126 1402
1126 1473
1126 1513
1126 1617
1126 1654
1126 1731
1126 1733
1126 1763
1126 1889
1126 1941
1126 2060
1126 2267
1126 2574
1126 3472
1126 3493
1126 3572
1126 3641
1126 3963
1126 4572
1126 4645
1126 5322
1126 5426
1126 6011
1126 6560
1126 7508
1126 8345
1126 8672
1126 8931
1126 9655
1126 9737
1126 9957
1127 1687
1127 2171
1127 3353
1127 4408
1127 4514
1127 5294
1127 5725
1127 8114
1127 8206
1127 8648
1127 9320
1127 9422
1128 1405
1128 1662
1128 1759
1128 1817
1128 2494
1128 2687
1128 2777
1128 3745
1128 3912
1128 4432
1128 4487
1128 5098
1128 6032
1128 6706
1128 6877
1129 2026
1129 2474
1129 3398
1129 3639
1129 3996
1129 4549
1129 4737
1129 4884
1129 5951
1129 6436
1129 6594
1129 6802
1129 7558
1129 7894
1129 7944
1129 8344
1129 8827
1129 9190
1130 1249
1130 1320
1130 1356
1130 1723
1130 2204
1130 2286
1130 2496
1130 3152
1130 3333
1130 4192
1130 4754
1130 4773
1130 5088
1130 5342
1130 5734
1130 6414
1130 7180
1130 7186
1130 8367
1130 8765
1131 1181
1131 2270
1131 2353
1131 3686
1131 4309
1131 4732
1131 5626
1131 6631
1131 7300
1131 7375
1131 7765
1131 7782
1131 8307
1131 8901
1131 9924
1132 1152
1132 1919
1132 2367
1132 2982
1132 4929
1132 5104
1132 5117
1132 5295
1132 6066
1132 7100
1132 7154
1132 7524
1132 7886
1132 8341
1132 9055
1132 9303
1132 9805
1133 1685
1133 2268
1133 2518
1133 2659
1133 3051
1133 3077
1133 3148
1133 3190
1133 4061
1133 4120
1133 5317
1133 6753
1133 6852
1133 7180
1133 8381
1133 8658
1134 1342
1134 1729
1134 1745
1134 2113
1134 2590
1134 2705
1134 3246
1134 3279
1134 4134
1134 5024
1134 5181
1134 5263
1134 5434
1134 7408
1134 7564
1135 1275
1135 1633
1135 2317
1135 2324
1135 2380
1135 2931
1135 2955
1135 3320
1135 3862
1135 5459
1135 9036
1136 1758
1136 2475
1136 2666
1136 2694
1136 3201
1136 3603
1136 3963
1136 4944
1136 5125
1136 5419
1136 6194
1136 6723
1136 7434
1136 9488
1136 9701
1137 1518
1137 1789
1137 1810
1137 2131
1137 2329
1137 2415
1137 2443
1137 2924
1137 3144
1137 5886
1137 6197
1137 6853
1137 7514
1137 8625
1138 1926
1138 1949
1138 2275
1138 3133
1138 3931
1138 4334
1138 4812
1138 5373
1138 5501
1138 5548
1138 6616
1138 6799
1138 7538
1138 7603
1138 9118
1138 9600
1139 1293
1139 1309
1139 1513
1139 1542
1139 1583
1139 1760
1139 2780
1139 2819
1139 3068
1139 3166
1139 3536
1139 3560
1139 3716
1139 3741
1139 5278
1139 6509
1139 6982
1139 7354
1139 8479
1139 9023
1139 9229
1139 9479
1140 1204
1140 1387
1140 2622
1140 2675
1140 3079
1140 3217
1140 3669
1140 4082
1140 7420
1140 7437
1140 8797
1141 1372
1141 2078
1141 2133
1141 8307
1141 8349
1141 8609
1141 8746
1142 1511
1142 1519
1142 1846
1142 2350
1142 2864
1142 3051
1142 3239
1142 3312
1142 3354
1142 3625
1142 4067
1142 4969
1142 5130
1142 5548
1142 5900
1142 6029
1142 6531
1142 6764
1142 6798
1142 6835
1142 7273
1142 7678
1142 8157
1142 8284
1142 9663
1143 1192
1143 2800
1143 2840
1143 3770
1143 4009
1143 5282
1143 7872
1143 8113
1143 8343
1144 1428
1144 1694
1144 1977
1144 2396
1144 2484
1144 3869
1144 4070
1144 4589
1144 4957
1144 6363
1144 7087
1144 8738
1144 8819
1144 9933
1145 1435
1145 1653
1145 2302
1145 2726
1145 3934
1145 4386
1145 5380
1145 6427
1145 7378
1145 7959
1146 1238
1146 1660
1146 1798
1146 1825
1146 3123
1146 4405
1146 4897
1146 5019
1146 5832
1146 5934
1146 8128
1146 8442
1146 8512
1146 9240
1146 9509
1147 1302
1147 1438
1147 2730
1147 2883
1147 2911
1147 3438
1147 5769
1147 6136
1147 6215
1147 8433
1147 9964
1148 1438
1148 1895
1148 2289
1148 2359
1148 2545
1148 2798
1148 3247
1148 3390
1148 3515
1148 4217
1148 5030
1148 5160
1148 5813
1148 6162
1148 6525
1148 6700
1148 7205
1148 7269
1148 7551
1148 8062
1148 8525
1148 8724
1148 8943
1148 9395
1148 9707
1149 1451
1149 1582
1149 1872
1149 2237
1149 3295
1149 3857
1149 5223
1149 5409
1149 6204
1149 7536
1149 8241
1149 8297
1149 9196
1149 9275
1150 1739
1150 1868
1150 1870
1150 1926
1150 2183
1150 2801
1150 3005
1150 3402
1150 3561
1150 3723
1150 3842
1150 3922
1150 4371
1150 4783
1150 5142
1150 6430
1150 7163
1150 7769
1150 8026
1150 8056
1150 9042
1150 9801
1150 9818
1150 9825
1151 1646
1151 1658
1151 1951
1151 1972
1151 2105
1151 2158
1151 2308
1151 2483
1151 3243
1151 3264
1151 3278
1151 3350
1151 3794
1151 4463
1151 4479
1151 4734
1151 4846
1151 5389
1151 5745
1151 5765
1151 6341
1151 6376
1151 6518
1151 6643
1151 6769
1151 6894
1151 7092
1151 7843
1151 8020
1151 8043
1152 1764
1152 1860
1152 2995
1152 3792
1152 3823
1152 4038
1152 4585
1152 5269
1152 5602
1152 6278
1152 6412
1152 6452
1152 8482
1153 1595
1153 1746
1153 1906
1153 2212
1153 2945
1153 3185
1153 3518
1153 3586
1153 5266
1153 5683
1153 7313
1153 7964
1153 8014
1153 8626
1153 8774
1153 8880
1153 8917
1153 9611
1153 9706
1154 1519
1154 1556
1154 1594
1154 2038
1154 3144
1154 4033
1154 4256
1154 4573
1154 5685
1154 5778
1154 6605
1154 6988
1154 8598
1154 9277
1155 1277
1155 1447
1155 1843
1155 2534
1155 2725
1155 2742
1155 3279
1155 3849
1155 4577
1155 4619
1155 4901
1155 4981
1155 6306
1155 7006
1155 7077
1155 7540
1155 7846
1156 1189
1156 1381
1156 1384
1156 1402
1156 1716
1156 1811
1156 2143
1156 2383
1156 2892
1156 3142
1156 3321
1156 3503
1156 3636
1156 3841
1156 3901
1156 4053
1156 4717
1156 5509
1156 6076
1156 6766
1156 7107
1156 7121
1156 7594
1156 7863
1156 8138
1156 8145
1156 8159
1156 8186
1156 9316
1156 9536
1156 9918
1157 1259
1157 1656
1157 1818
1157 2497
1157 2643
1157 2919
1157 3523
1157 3604
1157 4394
1157 4533
1157 4663
1157 5015
1157 5911
1157 6056
1157 7315
1157 8828
1157 9013
1157 9689
1158 1201
1158 1740
1158 1856
1158 1943
1158 2141
1158 2194
1158 2259
1158 2361
1158 2829
1158 3167
1158 3303
1158 4604
1158 4651
1158 5270
1158 6716
1158 7467
1158 7979
1158 8471
1159 1305
1159 1411
1159 1908
1159 2396
1159 2514
1159 3051
1159 3241
1159 3309
1159 3932
1159 4718
1159 7940
1159 8544
1159 8935
1159 9025
1159 9426
1160 2081
1160 2197
1160 2479
1160 2599
1160 3381
1160 3401
1160 4103
1160 4276
1160 4353
1160 4646
1160 5230
1160 5750
1160 5757
1160 6789
1160 6799
1160 7633
1160 8476
1160 8660
1160 9010
1160 9539
1160 9738
1161 1432
1161 1488
1161 1589
1161 1837
1161 2076
1161 2202
1161 2330
1161 2392
1161 2828
1161 2851
1161 2852
1161 3072
1161 4083
1161 4737
1161 5168
1161 5682
1161 5952
1161 6605
1161 6712
1161 6806
1161 7792
1161 8700
1161 9800
1162 1587
1162 1594
1162 1897
1162 2273
1162 2522
1162 2769
1162 2833
1162 3653
1162 4194
1162 4229
1162 4451
1162 6101
1162 6145
1162 6321
1162 7162
1162 9189
1162 9869
1163 3022
1163 3478
1163 5714
1163 5928
1163 6733
1163 7709
1164 1181
1164 1336
1164 1937
1164 2300
1164 2303
1164 2892
1164 2932
1164 3007
1164 3271
1164 4126
1164 4385
1164 4420
1164 4864
1164 5684
1164 5848
1164 6000
1164 6687
1164 7097
1164 7377
1164 7431
1164 8099
1164 8173
1164 9404
1164 9684
1165 1481
1165 1512
1165 1951
1165 1997
1165 2268
1165 2536
1165 2730
1165 3908
1165 3954
1165 4124
1165 4196
1165 4914
1165 5067
1165 5232
1165 5879
1165 6004
1165 6339
1165 7797
1165 8048
1165 8214
1165 8253
1165 8734
1165 8810
1165 8886
1165 8913
1165 9920
1166 1170
1166 1438
1166 1714
1166 1978
1166 2069
1166 2167
1166 2320
1166 2674
1166 2780
1166 2838
1166 2970
1166 3226
1166 3281
1166 3651
1166 4024
1166 4065
1166 4237
1166 4326
1166 4353
1166 6259
1166 6488
1166 6584
1166 6790
1166 6867
1166 6991
1166 7007
1166 7062
1166 7181
1166 8300
1166 8558
1166 8782
1166 8951
1166 9213
1166 9321
1166 9329
1166 9907
1167 1256
1167 1436
1167 1507
1167 1814
1167 1869
1167 1946
1167 2096
1167 2147
1167 2295
1167 2512
1167 2667
1167 2837
1167 3361
1167 3406
1167 3476
1167 3630
1167 3810
1167 3814
1167 3906
1167 4796
1167 5464
1167 5735
1167 6441
1167 8985
1167 9770
1168 1291
1168 1669
1168 1684
1168 2409
1168 2941
1168 4508
1168 4555
1168 5077
1168 6664
1168 6779
1168 7951
1168 9735
1169 1427
1169 1473
1169 1507
1169 1690
1169 1903
1169 2211
1169 2317
1169 2623
1169 2729
1169 3152
1169 3285
1169 3409
1169 3650
1169 3906
1169 4087
1169 4139
1169 4319
1169 4850
1169 5438
1169 5533
1169 6059
1169 6222
1169 6269
1169 7067
1169 7166
1169 7556
1169 8270
1169 8921
1169 9623
1169 9759
1169 9891
1170 1270
1170 1931
1170 2230
1170 2439
1170 3084
1170 3128
1170 3375
1170 5096
1170 7252
1170 7624
1170 7879
1170 8618
1171 1313
1171 2276
1171 2448
1171 2723
1171 3124
1171 3248
1171 3338
1171 3347
1171 3454
1171 4056
1171 4331
1171 4346
1171 5642
1171 6466
1171 8266
1171 9272
1172 1381
1172 1452
1172 1792
1172 1838
1172 1859
1172 1899
1172 1979
1172 2225
1172 2591
1172 3337
1172 3736
1172 3830
1172 4032
1172 5056
1172 5197
1172 5203
1172 5366
1172 5401
1172 5504
1172 5531
1172 5576
1172 5748
1172 5813
1172 5935
1172 6876
1172 7151
1172 7261
1172 7297
1172 7878
1172 8099
1172 8392
1172 8476
1172 8924
1172 9310
1172 9630
1173 1410
1173 1463
1173 1842
1173 2415
1173 4102
1173 4346
1173 5304
1173 5582
1173 6247
1173 8461
1173 8792
1173 9004
1174 1407
1174 1479
1174 1630
1174 1677
1174 2251
1174 2508
1174 2642
1174 2690
1174 2708
1174 2944
1174 3203
1174 3238
1174 4463
1174 4655
1174 5562
1174 6297
1174 7940
1174 8183
1174 8855
1174 8875
1174 9369
1174 9622
1174 9678
1174 9908
1175 1221
1175 1254
1175 1363
1175 1501
1175 1594
1175 1799
1175 2097
1175 3240
1175 4142
1175 4149
1175 4692
1175 4763
1175 4775
1175 5149
1175 5210
1175 6435
1175 7469
1175 7709
1175 8357
1175 8697
1175 8971
1175 9232
1175 9784
1175 9871
1176 1287
1176 1661
1176 2012
1176 2041
1176 2202
1176 2536
1176 2920
1176 2976
1176 4500
1176 5368
1176 5720
1176 6482
1177 1322
1177 1422
1177 1513
1177 1562
1177 1674
1177 1761
1177 1861
1177 1985
1177 2008
1177 2125
1177 3115
1177 3537
1177 3642
1177 3688
1177 3770
1177 3790
1177 3850
1177 4155
1177 4558
1177 4689
1177 5239
1177 5256
1177 5265
1177 5340
1177 6162
1177 6655
1177 6963
1177 7040
1177 7582
1177 9190
1177 9285
1177 9545
1177 9604
1178 1282
1178 1306
1178 1518
1178 1870
1178 2288
1178 2319
1178 2693
1178 2864
1178 3425
1178 3448
1178 4073
1178 5757
1178 5767
1178 6856
1178 7730
1178 8088
1178 9239
1178 9960
1179 2040
1179 2283
1179 2805
1179 3579
1179 4844
1179 4979
1179 5307
1179 5647
1179 6007
1179 6121
1179 6530
1179 6961
1179 7238
1179 7478
1179 9335
1180 1684
1180 1782
1180 1901
1180 1995
1180 2069
1180 2172
1180 2321
1180 2484
1180 2771
1180 3244
1180 3374
1180 5098
1180 6448
1180 6580
1180 6700
1180 6714
1181 1224
1181 1424
1181 1487
1181 2067
1181 2132
1181 2320
1181 3600
1181 4585
1181 5307
1181 6007
1181 7335
1181 8729
1181 9115
1181 9316
1181 9618
1181 9704
1181 9995
1182 1367
1182 1814
1182 1933
1182 2411
1182 3140
1182 3691
1182 3693
1182 5082
1182 5453
1182 7837
1182 8527
1182 9047
1182 9522
1183 1238
1183 1306
1183 1962
1183 2661
1183 2714
1183 3026
1183 3105
1183 3517
1183 4580
1183 5074
1183 5684
1183 6225
1183 6395
1183 9519
1183 9588
1184 1320
1184 1382
1184 1491
1184 1553
1184 1621
1184 1731
1184 2114
1184 2118
1184 2346
1184 2771
1184 3062
1184 3124
1184 3141
1184 3209
1184 3484
1184 4054
1184 4258
1184 4426
1184 4913
1184 6532
1184 6985
1184 7842
1184 8053
1184 8410
1184 8583
1184 9477
1184 9874
1185 1279
1185 1382
1185 2257
1185 2412
1185 2485
1185 2681
1185 2994
1185 3389
1185 3630
1185 4064
1185 5373
1185 6770
1185 6854
1185 7475
1185 8810
1186 3415
1186 3820
1186 5321
1186 5371
1186 9650
1187 1290
1187 1404
1187 1793
1187 1814
1187 2056
1187 2314
1187 2388
1187 3510
1187 4009
1187 4038
1187 4068
1187 4689
1187 4723
1187 4743
1187 6230
1187 6412
1187 6829
1187 6945
1187 7174
1187 7241
1187 7326
1187 7627
1187 8075
1187 8188
1187 8779
1187 9436
1187 9682
1187 9685
1188 2028
1188 2427
1188 3317
1188 3450
1188 3864
1188 4248
1188 4874
1188 5766
1188 5805
1188 5987
1188 7119
1188 7244
1188 7973
1188 9497
1188 9792
1189 1228
1189 1633
1189 1895
1189 2110
1189 2683
1189 4736
1189 5884
1189 6752
1189 9290
1189 9582
1190 1489
1190 2337
1190 5247
1190 7530
1190 7694
1190 9054
1191 1393
1191 2097
1191 2324
1191 2937
1191 3284
1191 3493
1191 4396
1191 4415
1191 5106
1191 5365
1191 5679
1192 1218
1192 1614
1192 1880
1192 2056
1192 2417
1192 2758
1192 2956
1192 3089
1192 3120
1192 3146
1192 3288
1192 3750
1192 3989
1192 4862
1192 5149
1192 5190
1192 5746
1192 5822
1192 7035
1192 7558
1192 8514
1192 9151
1192 9427
1193 1661
1193 1673
1193 1886
1193 2182
1193 2572
1193 2607
1193 2765
1193 6811
1193 7212
1193 7296
1193 8316
1194 1972
1194 2221
1194 2332
1194 2535
1194 4727
1194 5915
1194 6851
1194 7184
1194 8722
1194 8780
1194 9398
1195 1420
1195 1421
1195 1431
1195 1516
1195 1523
1195 1527
1195 1606
1195 1635
1195 1910
1195 2077
1195 2086
1195 2362
1195 2466
1195 2563
1195 4070
1195 4120
1195 4298
1195 4488
1195 5508
1195 5848
1195 6664
1195 7222
1195 7890
1195 9365
1196 1653
1196 1858
1196 1951
1196 2010
1196 2728
1196 2748
1196 3108
1196 3269
1196 4082
1196 4206
1196 4373
1196 5025
1196 5424
1196 5945
1196 6191
1196 6591
1196 8577
1196 9327
1196 9435
1197 1645
1197 2799
1197 2868
1197 3526
1197 4105
1197 4157
1197 5779
1197 5789
1197 6036
1197 6254
1197 6528
1197 7118
1197 7191
1197 7651
1197 8380
1198 1490
1198 3104
1198 3148
1198 3499
1198 4350
1198 4424
1198 7266
1198 9474
1199 1350
1199 1480
1199 2217
1199 2663
1199 3264
1199 3297
1199 3364
1199 3406
1199 3801
1199 4062
1199 4104
1199 4622
1199 5182
1199 6879
1199 7731
1200 1510
1200 1569
1200 1980
1200 2164
1200 2436
1200 3011
1200 3024
1200 3090
1200 3957
1200 4188
1200 4510
1200 4919
1200 5983
1200 6753
1200 6908
1200 7016
1200 7260
1201 1282
1201 1381
1201 1633
1201 1740
1201 2474
1201 2693
1201 2955
1201 3603
1201 4769
1201 5661
1201 5806
1201 6462
1201 6505
1201 7606
1201 8587
1201 8906
1201 8988
1201 9096
1201 9135
1201 9816
1201 9929
1202 1821
1202 2162
1202 2932
1202 3258
1202 3814
1202 3889
1202 3949
1202 5059
1202 5391
1202 5459
1202 5791
1202 5903
1202 7293
1202 7323
1202 7433
1202 7448
1202 7747
1202 8725
1202 8821
1202 8962
1202 9420
1202 9776
1203 1991
1203 2802
1203 3538
1203 4323
1203 5204
1203 5835
1203 6562
1203 7251
1203 7275
1203 8942
1203 9097
1203 9187
1204 1413
1204 1646
1204 2168
1204 2297
1204 3052
1204 3123
1204 3522
1204 3889
1204 5337
1204 7003
1204 7064
1204 7549
1204 8316
1204 8864
1204 9011
1204 9245
1205 1616
1205 1971
1205 2112
1205 2224
1205 2826
1205 3045
1205 5926
1205 6185
1205 7112
1205 8462
1205 8619
1205 9002
1206 1262
1206 1344
1206 1395
1206 1508
1206 1536
1206 1751
1206 1771
1206 1797
1206 2073
1206 2106
1206 2130
1206 2149
1206 2399
1206 2412
1206 2560
1206 3088
1206 3252
1206 3466
1206 4077
1206 6780
1206 6880
1206 6948
1206 7236
1206 8795
1207 1779
1207 1907
1207 1953
1207 2111
1207 2177
1207 2349
1207 2436
1207 2489
1207 2749
1207 2866
1207 2892
1207 3031
1207 3083
1207 3223
1207 3974
1207 4061
1207 4443
1207 5753
1207 6027
1207 6158
1207 6519
1207 6618
1207 7378
1207 7727
1207 7803
1207 8176
1207 9057
1207 9163
1208 1475
1208 2031
1208 2178
1208 2264
1208 2677
1208 2834
1208 3312
1208 3358
1208 4658
1208 4971
1208 6071
1208 6563
1208 6581
1208 8110
1208 8137
1208 9551
1209 1365
1209 1969
1209 2155
1209 2477
1209 2672
1209 3470
1209 3999
1209 4400
1209 4523
1209 4760
1209 4789
1209 5420
1209 5959
1209 6453
1209 6958
1209 6997
1209 7808
1209 8072
1209 8112
1209 9939
1210 1222
1210 1428
1210 1617
1210 1665
1210 2578
1210 2638
1210 2825
1210 2839
1210 2893
1210 3195
1210 4055
1210 4196
1210 4322
1210 4361
1210 4571
1210 5055
1210 5192
1210 6041
1210 6101
1210 7198
1210 7230
1210 7269
1210 7430
1210 7659
1210 7826
1210 7935
1210 8672
1210 9100
1210 9520
1211 1344
1211 1372
1211 1821
1211 1963
1211 2228
1211 2412
1211 2443
1211 2615
1211 2763
1211 2786
1211 2826
1211 2869
1211 3093
1211 3464
1211 3549
1211 3647
1211 3662
1211 3707
1211 4094
1211 4267
1211 4594
1211 4682
1211 4715
1211 4946
1211 5624
1211 5660
1211 6015
1211 6526
1211 6718
1211 6916
1211 6999
1211 7361
1211 7791
1211 8162
1211 8226
1211 8397
1211 8768
1211 8955
1211 8981
1211 9110
1212 1641
1212 1949
1212 2104
1212 2320
1212 4133
1212 5150
1212 6187
1212 6701
1212 7560
1212 8295
1213 1228
1213 1396
1213 1461
1213 1651
1213 1659
1213 1724
1213 2181
1213 2407
1213 2721
1213 3124
1213 3289
1213 3471
1213 3923
1213 4404
1213 4541
1213 4739
1213 4850
1213 6436
1213 7912
1213 8251
1213 8298
1213 9872
1214 1395
1214 1540
1214 1598
1214 1657
1214 1703
1214 1896
1214 2646
1214 2853
1214 3424
1214 3958
1214 4593
1214 5321
1214 5359
1214 5495
1214 5762
1214 5939
1214 6581
1214 6842
1214 6963
1214 8550
1214 9719
1215 1556
1215 1758
1215 1767
1215 1768
1215 2199
1215 2316
1215 2330
1215 2616
1215 2784
1215 2789
1215 3150
1215 3391
1215 3432
1215 3610
1215 3791
1215 3819
1215 4802
1215 5136
1215 5622
1215 5740
1215 5888
1215 6030
1215 6206
1215 6282
1215 6367
1215 6436
1215 6550
1215 6635
1215 7022
1215 7465
1215 7471
1215 8999
1215 9166
1215 9383
1216 1322
1216 1336
1216 2446
1216 4395
1216 4597
1216 4633
1216 4876
1216 5287
1216 5465
1216 6066
1216 6230
1216 6250
1216 7059
1216 8872
1217 1376
1217 1468
1217 2049
1217 2458
1217 2484
1217 2878
1217 3708
1217 4132
1217 4257
1217 5001
1217 5112
1217 5430
1217 6218
1217 6405
1217 8347
1218 1999
1218 2402
1218 3336
1218 3649
1218 3808
1218 3975
1218 3984
1218 4005
1218 4091
1218 4674
1218 4978
1218 6175
1218 6377
1218 6969
1218 7248
1218 7482
1218 9039
1219 1258
1219 2853
1219 4330
1219 6014
1219 6444
1219 8492
1219 9901
1220 1226
1220 1235
1220 1303
1220 1347
1220 1601
1220 1657
1220 1680
1220 2060
1220 2251
1220 2321
1220 2337
1220 4101
1220 4420
1220 5480
1220 5616
1220 6336
1220 6890
1220 6946
1220 7291
1220 8441
1220 9892
1221 1408
1221 2020
1221 2751
1221 2890
1221 2901
1221 3098
1221 3414
1221 3763
1221 4054
1221 5344
1221 5676
1221 6651
1221 8898
1221 9822
1222 1240
1222 1318
1222 1500
1222 1696
1222 1808
1222 2129
1222 2618
1222 2645
1222 2700
1222 3342
1222 3376
1222 3707
1222 3744
1222 3756
1222 5035
1222 5974
1222 6313
1222 6739
1222 6922
1222 7116
1222 7182
1222 7277
1222 7535
1222 7566
1222 7907
1222 8011
1222 8212
1222 8530
1222 8774
1222 9038
1222 9463
1222 9772
1223 1706
1223 1892
1223 2233
1223 2502
1223 2887
1223 2901
1223 2953
1223 3600
1223 3904
1223 4125
1223 4295
1223 6035
1223 6694
1223 7509
1223 7831
1223 8040
1223 8575
1223 9453
1224 1338
1224 1360
1224 1564
1224 1675
1224 2755
1224 2901
1224 3812
1224 3933
1224 4704
1224 5228
1224 5978
1224 7252
1224 7521
1224 8172
1224 8211
1225 1322
1225 1722
1225 1771
1225 1975
1225 2284
1225 2330
1225 2716
1225 3581
1225 4381
1225 4397
1225 4620
1225 6341
1225 7476
1225 8080
1225 8242
1225 8979
1225 9269
1225 9761
1226 1301
1226 1707
1226 1796
1226 1851
1226 2208
1226 2517
1226 3381
1226 3709
1226 3827
1226 3878
1226 4368
1226 4627
1226 4684
1226 4858
1226 4972
1226 5412
1226 5442
1226 6904
1226 7255
1226 7933
1226 7982
1226 8837
1226 9161
1226 9716
1226 9976
1227 1380
1227 1481
1227 1852
1227 1904
1227 2314
1227 3768
1227 3918
1227 4529
1227 5366
1227 5379
1227 5847
1227 6026
1227 6833
1227 7179
1227 7339
1227 7388
1227 7597
1227 7985
1227 8921
1227 9992
1228 2181
1228 2238
1228 2439
1228 3317
1228 4269
1228 4317
1228 4471
1228 5072
1228 5904
1228 6973
1229 1360
1229 1687
1229 2078
1229 2659
1229 2984
1229 3057
1229 3228
1229 3971
1229 4477
1229 4678
1229 5660
1229 6111
1229 6142
1229 6796
1230 1399
1230 1557
1230 1744
1230 1997
1230 2218
1230 2418
1230 2553
1230 3066
1230 3316
1230 3440
1230 3564
1230 5530
1230 6388
1230 6465
1230 6692
1230 6952
1230 7905
1230 8276
1230 9022
1231 1254
1231 1342
1231 1346
1231 1527
1231 1543
1231 1817
1231 1882
1231 2011
1231 2054
1231 2081
1231 2103
1231 2416
1231 2771
1231 3512
1231 3575
1231 4431
1231 4568
1231 4832
1231 4862
1231 5057
1231 5066
1231 5818
1231 5856
1231 6031
1231 6034
1231 6387
1231 6460
1231 6912
1231 6955
1231 7385
1231 7698
1231 7908
1231 7938
1231 8460
1231 8901
1232 2326
1232 3267
1232 3467
1232 4318
1232 7755
1232 7988
1232 9580
1233 1742
1233 2955
1233 3191
1233 3466
1233 5862
1233 8580
1233 8590
1233 9339
1233 9627
1234 1766
1234 2043
1234 2288
1234 2644
1234 2690
1234 2739
1234 2754
1234 3175
1234 3239
1234 3425
1234 4267
1234 4679
1234 4993
1234 5313
1234 6052
1234 6081
1234 6186
1234 6218
1234 6286
1234 6289
1234 7124
1234 8098
1234 8410
1234 9402
1235 1284
1235 1359
1235 1471
1235 2235
1235 2410
1235 2608
1235 3476
1235 3843
1235 3945
1235 6036
1235 6881
1235 7072
1235 7404
1235 7905
1235 8098
1235 8242
1235 8989
1235 9427
1235 9801
1236 1283
1236 1339
1236 2201
1236 2307
1236 2684
1236 2751
1236 2792
1236 2820
1236 3032
1236 3297
1236 4567
1236 4773
1236 4988
1236 5360
1236 5502
1236 5632
1236 5912
1236 5972
1236 6441
1236 6574
1236 6743
1236 6892
1236 8791
1236 9185
1236 9254
1236 9742
1237 1408
1237 1653
1237 1822
1237 1831
1237 2079
1237 2454
1237 3059
1237 3500
1237 3638
1237 3639
1237 3801
1237 4259
1237 4518
1237 4615
1237 6087
1237 6450
1237 6561
1237 6912
1237 7329
1237 7749
1237 8782
1238 1330
1238 1346
1238 1386
1238 1468
1238 1510
1238 1548
1238 1605
1238 1901
1238 1920
1238 2474
1238 2485
1238 2533
1238 3050
1238 3159
1238 3481
1238 3900
1238 3917
1238 4285
1238 4403
1238 4680
1238 4909
1238 4978
1238 5093
1238 5264
1238 5316
1238 5390
1238 5686
1238 5754
1238 6044
1238 6986
1238 7213
1238 7317
1238 7336
1238 7417
1238 7784
1238 7867
1238 7924
1238 7949
1238 8054
1238 8293
1238 8494
1238 8626
1238 8794
1238 9318
1239 1587
1239 1765
1239 1934
1239 1940
1239 1942
1239 2029
1239 2067
1239 2378
1239 2401
1239 2430
1239 4480
1239 4771
1239 4849
1239 5300
1239 5983
1239 6606
1239 6621
1239 6684
1239 6719
1239 7172
1239 7498
1239 8743
1239 9585
1240 1666
1240 1677
1240 2429
1240 3121
1240 3507
1240 3706
1240 4844
1240 5049
1240 5596
1240 6270
1240 6540
1240 7974
1240 8099
1240 8274
1240 8290
1241 1335
1241 1431
1241 1456
1241 1554
1241 1673
1241 1718
1241 1950
1241 2753
1241 2834
1241 3645
1241 4248
1241 4797
1241 5293
1241 5342
1241 6106
1241 6567
1241 6614
1241 6785
1241 7726
1241 8077
1241 8438
1241 9250
1241 9374
1242 1304
1242 2289
1242 2340
1242 3561
1242 3586
1242 3684
1242 3886
1242 4302
1242 4308
1242 4328
1242 4420
1242 7258
1242 8639
1242 8770
1242 8915
1242 9090
1242 9818
1243 1298
1243 1514
1243 1692
1243 1773
1243 1839
1243 2494
1243 2979
1243 3196
1243 3341
1243 3680
1243 3758
1243 4509
1243 4904
1243 4927
1243 5554
1243 5811
1243 5819
1243 6061
1243 6248
1243 6398
1243 7074
1243 8914
1243 9383
1244 1437
1244 1821
1244 1923
1244 2372
1244 2406
1244 2426
1244 2437
1244 2446
1244 2494
1244 4372
1244 4381
1244 4744
1244 4949
1244 5351
1244 5521
1244 5574
1244 5676
1244 5679
1244 6442
1244 6724
1244 7830
1244 8617
1245 2349
1245 2389
1245 2743
1245 3144
1245 4742
1245 4986
1245 5120
1245 6002
1245 6598
1245 7335
1245 7398
1245 7682
1245 8207
1245 8283
1245 8295
1245 9856
1246 1367
1246 2116
1246 2228
1246 2653
1246 2692
1246 3221
1246 3276
1246 5311
1246 5768
1246 5998
1246 6032
1246 8875
1246 9660
1247 2676
1247 2865
1247 2971
1247 3500
1247 4131
1247 4132
1247 4272
1247 4616
1247 5010
1247 5166
1247 5295
1247 5337
1247 5361
1247 5456
1247 6123
1247 6841
1247 7854
1247 8958
1248 1372
1248 1807
1248 2059
1248 2568
1248 2907
1248 2912
1248 3092
1248 3240
1248 3515
1248 3790
1248 3935
1248 4683
1248 5687
1248 6241
1248 7010
1248 7767
1248 8034
1248 8156
1248 8332
1248 8639
1248 9375
1248 9733
1249 1345
1249 3945
1249 6540
1249 6640
1249 6973
1249 6998
1250 1852
1250 2016
1250 2928
1250 3594
1250 3673
1250 3753
1250 4074
1250 4861
1250 5540
1250 6092
1250 8771
1251 1278
1251 1454
1251 1711
1251 1736
1251 1785
1251 2433
1251 2518
1251 2651
1251 2753
1251 4390
1251 4729
1251 4855
1251 5004
1251 5535
1251 6713
1251 7388
1251 7401
1251 9552
1251 9705
1252 3005
1252 3624
1252 4118
1252 4555
1252 4561
1252 4681
1252 4951
1252 5445
1252 5710
1252 5721
1252 5777
1252 6231
1252 6381
1252 6982
1252 7914
1252 8600
1252 9086
1252 9868
1252 9940
1253 1338
1253 1507
1253 1846
1253 2018
1253 2772
1253 2873
1253 3132
1253 3887
1253 4452
1253 4649
1253 4921
1253 4966
1253 6172
1253 6963
1253 8193
1253 8551
1253 8806
1253 9454
1254 2058
1254 3136
1254 5206
1254 5280
1254 6457
1254 6850
1254 7034
1254 8771
1255 1282
1255 1378
1255 1423
1255 1873
1255 2284
1255 2346
1255 2757
1255 2920
1255 4183
1255 4444
1255 4494
1255 5345
1255 5612
1255 6706
1255 7172
1255 7448
1255 8116
1255 8171
1255 9171
1255 9193
1255 9402
1256 1403
1256 1567
1256 1613
1256 1875
1256 2039
1256 2299
1256 2318
1256 3951
1256 4009
1256 4098
1256 4788
1256 6357
1256 7266
1256 7742
1257 1302
1257 1394
1257 1522
1257 1533
1257 1827
1257 1996
1257 2362
1257 2560
1257 2904
1257 3091
1257 3655
1257 3828
1257 4576
1257 4759
1257 4922
1257 5606
1257 6360
1257 6735
1257 6818
1257 6820
1257 7285
1257 7671
1257 8023
1257 8611
1257 9512
1258 1470
1258 1929
1258 2027
1258 2070
1258 3462
1258 3846
1258 4068
1258 4305
1258 4546
1258 4747
1258 4792
1258 5559
1258 5610
1258 7052
1258 7161
1258 7444
1258 8344
1258 8505
1258 9344
1259 1279
1259 1978
1259 2231
1259 2894
1259 3127
1259 3882
1259 4671
1259 5058
1259 5110
1259 5355
1259 5480
1259 6045
1259 6084
1259 6796
1259 7880
1259 8001
1259 8245
1259 9848
1260 1344
1260 2832
1260 2848
1260 3407
1260 4052
1260 4120
1260 4976
1260 5112
1260 5999
1260 6275
1260 7437
1260 7829
1261 1572
1261 1616
1261 1670
1261 2418
1261 4301
1261 4312
1261 4721
1261 4820
1261 4890
1261 5616
1261 5713
1261 5742
1261 6091
1261 6724
1261 6729
1261 7639
1261 7914
1262 1903
1262 2958
1262 3013
1262 3199
1262 3400
1262 3915
1262 4143
1262 4276
1262 4861
1262 5141
1262 5173
1262 5283
1262 5339
1262 6298
1262 6452
1262 6744
1262 7937
1262 8704
1262 9068
1263 1525
1263 2140
1263 2296
1263 4230
1263 4517
1263 4751
1263 6697
1263 6936
1263 6969
1263 7065
1263 8271
1263 8904
1263 9133
1263 9734
1264 1391
1264 1467
1264 1469
1264 1507
1264 1525
1264 1753
1264 1809
1264 2375
1264 2569
1264 2819
1264 3240
1264 3992
1264 4495
1264 4665
1264 5189
1264 5431
1264 5507
1264 5663
1264 5670
1264 6665
1264 7008
1264 7100
1264 7533
1264 7634
1264 8615
1264 8621
1264 9095
1265 1280
1265 1323
1265 1729
1265 2418
1265 2789
1265 3819
1265 3864
1265 4196
1265 5234
1265 5788
1265 5838
1265 6428
1265 6721
1265 7523
1265 7842
1265 8183
1265 8490
1265 9610
1265 9715
1265 9792
1266 2239
1266 2680
1266 2970
1266 3226
1266 3299
1266 3976
1266 4111
1266 4180
1266 4530
1266 5338
1266 5449
1266 5755
1266 7434
1266 8777
1266 9905
1267 1350
1267 1552
1267 1627
1267 2077
1267 2315
1267 2734
1267 2790
1267 2866
1267 2984
1267 3643
1267 3965
1267 4188
1267 4535
1267 5501
1267 5919
1267 5976
1267 7044
1267 7379
1267 7415
1267 8316
1267 8558
1268 1392
1268 1485
1268 1626
1268 2028
1268 2481
1268 2492
1268 2896
1268 3006
1268 3290
1268 3395
1268 3971
1268 4004
1268 4550
1268 4646
1268 6962
1268 8163
1268 8232
1268 8815
1268 9015
1268 9287
1269 1562
1269 1613
1269 2382
1269 2447
1269 2482
1269 2921
1269 2956
1269 3151
1269 4130
1269 4913
1269 5568
1269 6151
1269 6984
1269 7137
1269 7601
1269 8303
1269 9159
1270 2235
1270 3115
1270 3213
1270 4278
1270 4601
1270 6300
1270 6721
1270 7401
1270 7911
1270 8279
1270 9334
1270 9578
1271 1775
1271 2045
1271 2112
1271 2606
1271 2858
1271 3794
1271 4105
1271 4215
1271 5291
1271 5294
1271 5647
1271 5694
1271 5811
1271 5826
1271 5990
1271 7211
1271 7901
1271 8127
1271 8447
1271 9024
1271 9353
1271 9501
1271 9679
1271 9935
1272 2516
1272 3123
1272 4040
1272 4743
1272 5274
1272 6196
1272 7168
1272 7170
1272 7551
1272 7778
1272 8178
1272 8331
1272 8564
1272 8821
1273 1592
1273 1667
1273 1784
1273 2032
1273 2096
1273 4006
1273 4168
1273 5181
1273 7574
1273 7740
1273 8980
1273 9927
1274 1417
1274 1464
1274 1819
1274 2765
1274 2787
1274 2885
1274 3621
1274 4402
1274 4895
1274 5025
1274 5561
1274 6118
1274 6146
1274 7218
1274 7473
1274 8528
1275 1348
1275 1561
1275 1690
1275 1981
1275 2005
1275 2070
1275 2291
1275 2388
1275 2392
1275 2485
1275 2595
1275 2670
1275 2860
1275 3775
1275 3776
1275 3805
1275 3875
1275 4636
1275 4888
1275 5441
1275 5658
1275 5717
1275 6094
1275 6586
1275 7185
1275 8262
1275 8627
1275 8897
1275 9066
1276 1554
1276 1557
1276 1610
1276 1739
1276 1776
1276 2902
1276 3184
1276 3213
1276 3868
1276 4076
1276 4505
1276 4668
1276 5026
1276 5674
1276 5747
1276 6596
1276 6603
1276 7154
1276 7196
1276 7391
1276 7418
1276 8136
1276 8404
1276 8993
1276 9436
1277 1847
1277 1851
1277 1972
1277 2751
1277 2872
1277 3080
1277 3269
1277 3938
1277 3946
1277 3997
1277 4250
1277 4306
1277 4368
1277 4416
1277 4777
1277 5987
1277 6364
1277 7116
1277 8689
1277 8821
1277 9366
1277 9930
1277 9936
1278 1874
1278 2422
1278 2791
1278 3081
1278 3363
1278 3766
1278 4167
1278 4285
1278 4634
1278 4655
1278 7062
1278 9250
1279 1558
1279 1743
1279 1885
1279 2239
1279 2486
1279 2959
1279 2999
1279 3553
1279 3748
1279 4358
1279 4369
1279 5057
1279 5210
1279 5287
1279 5419
1279 5587
1279 5972
1279 6699
1279 6775
1279 6811
1279 6997
1279 7504
1279 7603
1279 8032
1279 8403
1279 8493
1279 8498
1279 8817
1279 9786
1280 2500
1280 2612
1280 2653
1280 2886
1280 3148
1280 3635
1280 3658
1280 3716
1280 5372
1280 5723
1280 7412
1280 8362
1280 9135
1280 9192
1281 2125
1281 2635
1281 3102
1281 4749
1281 5493
1281 5760
1281 6556
1281 6624
1281 7450
1281 8895
1281 9082
1281 9110
1282 1534
1282 2166
1282 2297
1282 2619
1282 3472
1282 4811
1282 5303
1282 5396
1282 5822
1282 5898
1282 5976
1282 6511
1282 6783
1282 7183
1282 7188
1282 7241
1282 8136
1282 8908
1282 9028
1282 9353
1283 1440
1283 1452
1283 2808
1283 2955
1283 3244
1283 3508
1283 3679
1283 3768
1283 3863
1283 4189
1283 4330
1283 4442
1283 4648
1283 5182
1283 5625
1283 5719
1283 6244
1283 6481
1283 6817
1283 6864
1283 7174
1283 8132
1283 8329
1283 9594
1283 9683
1284 1522
1284 1561
1284 1846
1284 3599
1284 3811
1284 6109
1284 6366
1284 7163
1284 8216
1284 8772
1285 1730
1285 1932
1285 1982
1285 2213
1285 2235
1285 2639
1285 3016
1285 3097
1285 3137
1285 3147
1285 3367
1285 3424
1285 3815
1285 3979
1285 4207
1285 4215
1285 4367
1285 4466
1285 4618
1285 4718
1285 4803
1285 5607
1285 6282
1285 6728
1285 7054
1285 7210
1285 7313
1285 7911
1285 7954
1285 8670
1285 8811
1285 9638
1285 9698
1285 9800
1286 1407
1286 1803
1286 2176
1286 2264
1286 3182
1286 3243
1286 4507
1286 4607
1286 9591
1287 2096
1287 2163
1287 2206
1287 2539
1287 2633
1287 2758
1287 2943
1287 4868
1287 4984
1287 5192
1287 5382
1287 6818
1287 7721
1287 8193
1287 8287
1287 8578
1287 8697
1287 8856
1287 9448
1288 2129
1288 2869
1288 2906
1288 3424
1288 3610
1288 3622
1288 5519
1288 6247
1288 6958
1288 7489
1288 7602
1288 8378
1288 8994
1288 9239
1288 9455
1289 2815
1289 4624
1289 5084
1289 5134
1289 5324
1289 6433
1289 7256
1289 7397
1289 7803
1289 7843
1289 8755
1289 8797
1289 9409
1290 1378
1290 1994
1290 2002
1290 2653
1290 2943
1290 3038
1290 3189
1290 3893
1290 3961
1290 4745
1290 5309
1290 7218
1290 7462
1290 7468
1290 7686
1290 8083
1290 8900
1290 8936
1290 9446
1290 9693
1290 9738
1291 2522
1291 3449
1291 4631
1291 9806
1292 1360
1292 1840
1292 2433
1292 3259
1292 4039
1292 4533
1292 4959
1292 5368
1292 5703
1292 8112
1292 8231
1292 8241
1292 8623
1293 2781
1293 8016
1293 8527
1293 9905
1294 1697
1294 1998
1294 2024
1294 2098
1294 2201
1294 2277
1294 2695
1294 3041
1294 3090
1294 3156
1294 3466
1294 3488
1294 3492
1294 3576
1294 3895
1294 3904
1294 4340
1294 4385
1294 4707
1294 4780
1294 5099
1294 5948
1294 6051
1294 6059
1294 6209
1294 7171
1294 7402
1294 7779
1294 8532
1294 9018
1294 9307
1294 9496
1295 1348
1295 1418
1295 3096
1295 3443
1295 3909
1295 3954
1295 3982
1295 5332
1295 5524
1295 6180
1295 6466
1295 6618
1295 6823
1295 7023
1295 7310
1295 7837
1296 2258
1296 3652
1296 4352
1296 4818
1296 5872
1296 7058
1296 7407
1296 8209
1296 8250
1296 8323
1296 8793
1296 9609
1297 1415
1297 2761
1297 3006
1297 3354
1297 4004
1297 4124
1297 4477
1297 5330
1297 5455
1297 8813
1297 8894
1297 9807
1298 1339
1298 1462
1298 1540
1298 1904
1298 2003
1298 2115
1298 2607
1298 2641
1298 2678
1298 3252
1298 4354
1298 4856
1298 6026
1298 6501
1298 6530
1298 6730
1298 7275
1298 7535
1298 8319
1298 9252
1298 9349
1298 9565
1299 1489
1299 1823
1299 1999
1299 2216
1299 2573
1299 3118
1299 3260
1299 3672
1299 3851
1299 4589
1299 4732
1299 4998
1299 5295
1299 5386
1299 5445
1299 6603
1299 6729
1299 6746
1299 6992
1299 8331
1299 9278
1299 9393
1300 1395
1300 2158
1300 2745
1300 3487
1300 3723
1300 4338
1300 5171
1300 5578
1300 5650
1300 6733
1300 6754
1300 7204
1300 7546
1300 7621
1300 8710
1300 9692
1300 9935
1300 9940
1301 1480
1301 1558
1301 1640
1301 1919
1301 3026
1301 3316
1301 4376
1301 5431
1301 5670
1301 7542
1301 8690
1302 1691
1302 2249
1302 2773
1302 3777
1302 4362
1302 4640
1302 6205
1302 7451
1302 7578
1302 8423
1302 9208
1302 9346
1303 1381
1303 1456
1303 1819
1303 1826
1303 2391
1303 3610
1303 4369
1303 6532
1303 7301
1303 7326
1303 8556
1303 8669
1303 9661
1304 1957
1304 2193
1304 2285
1304 2695
1304 2710
1304 3253
1304 3468
1304 3858
1304 4840
1304 4984
1304 5861
1304 6226
1304 7571
1304 7865
1304 7940
1304 8052
1304 9245
1305 1832
1305 1927
1305 2186
1305 2505
1305 2768
1305 3503
1305 3547
1305 3582
1305 4019
1305 4283
1305 4769
1305 5660
1305 5936
1305 6600
1305 6747
1305 7400
1305 7979
1305 8263
1305 9027
1305 9150
1305 9690
1306 1809
1306 1994
1306 2043
1306 2154
1306 2170
1306 2185
1306 2207
1306 2437
1306 3561
1306 6987
1306 7777
1306 7994
1306 8064
1306 8314
1307 1714
1307 1829
1307 2025
1307 2481
1307 2828
1307 5271
1307 6037
1307 7318
1307 8558
1307 9131
1307 9415
1308 1333
1308 1340
1308 2576
1308 2779
1308 2792
1308 3366
1308 3725
1308 3865
1308 4575
1308 4586
1308 4624
1308 5042
1308 5610
1308 5676
1308 5932
1308 6737
1308 7286
1308 7673
1308 7840
1308 8018
1308 9297
1308 9302
1308 9502
1308 9880
1309 1449
1309 1626
1309 1775
1309 1932
1309 2018
1309 5162
1309 5284
1309 5340
1309 5897
1309 6445
1309 7201
1309 7920
1309 8056
1309 8851
1309 9077
1310 1689
1310 2066
1310 2226
1310 2282
1310 2972
1310 3095
1310 3881
1310 5462
1310 5612
1310 5781
1310 5982
1310 6318
1310 6470
1311 1541
1311 2513
1311 2557
1311 3288
1311 4065
1311 4098
1311 4131
1311 4302
1311 4767
1311 5479
1311 6460
1311 7247
1311 8398
1311 9829
1311 9937
1312 1535
1312 1755
1312 1907
1312 1947
1312 3160
1312 3170
1312 3363
1312 4328
1312 4783
1312 5588
1312 5941
1312 6302
1312 8261
1312 8560
1312 9432
1313 1418
1313 1865
1313 2380
1313 3018
1313 4181
1313 5073
1313 5305
1313 6530
1313 7487
1313 9690
1314 1532
1314 1539
1314 1686
1314 1875
1314 1958
1314 2054
1314 2556
1314 2819
1314 3096
1314 3186
1314 3191
1314 4972
1314 5204
1314 5231
1314 5592
1314 5802
1314 5836
1314 5923
1314 6647
1314 6667
1314 6792
1314 7524
1314 7625
1314 7781
1314 7887
1314 7942
1314 8282
1314 8904
1314 9113
1314 9139
1315 3562
1315 5496
1316 1648
1316 1816
1316 2265
1316 2941
1316 3114
1316 3483
1316 4377
1316 4429
1316 4463
1316 4507
1316 5446
1316 5704
1316 6064
1316 6361
1316 6392
1316 6630
1316 7041
1316 7187
1316 7571
1317 1418
1317 1511
1317 1772
1317 2120
1317 2292
1317 2795
1317 3034
1317 3122
1317 3174
1317 3241
1317 3264
1317 3529
1317 3929
1317 5786
1317 5980
1317 6188
1317 6205
1317 6333
1317 6480
1317 6770
1317 6828
1317 7324
1317 7399
1317 7660
1317 7953
1317 8326
1317 8475
1317 8655
1317 9041
1317 9405
1317 9710
1318 1588
1318 1651
1318 1881
1318 1972
1318 2019
1318 2057
1318 2421
1318 2843
1318 3161
1318 3313
1318 3904
1318 4911
1318 5214
1318 5361
1318 5473
1318 6201
1318 6292
1318 8074
1318 9419
1318 9525
1318 9656
1319 1462
1319 1717
1319 1748
1319 1888
1319 2887
1319 3189
1319 3479
1319 3599
1319 3641
1319 3738
1319 4229
1319 4399
1319 5378
1319 5442
1319 6064
1319 6084
1319 6455
1319 6534
1319 6862
1319 9271
1320 1327
1320 1956
1320 1986
1320 1994
1320 2278
1320 2356
1320 2404
1320 2610
1320 2627
1320 2877
1320 2885
1320 3085
1320 3851
1320 5226
1320 5989
1320 6539
1320 8059
1320 9009
1320 9085
1320 9991
1321 2144
1321 2233
1321 2245
1321 2361
1321 2666
1321 2859
1321 3237
1321 3454
1321 3530
1321 3755
1321 3897
1321 3907
1321 5006
1321 5196
1321 5554
1321 7245
1321 7261
1321 7294
1321 7476
1321 7641
1321 8014
1321 8546
1321 9619
1321 9935
1322 1796
1322 1836
1322 2198
1322 2485
1322 2493
1322 3227
1322 3436
1322 3548
1322 3689
1322 3806
1322 3902
1322 3957
1322 4023
1322 4289
1322 4706
1322 5246
1322 6683
1322 7310
1322 9022
1322 9472
1322 9737
1323 1437
1323 1741
1323 2126
1323 2308
1323 2311
1323 3337
1323 3665
1323 4347
1323 5413
1323 5681
1323 5797
1323 6839
1323 6841
1323 7027
1323 7057
1323 7307
1323 7563
1323 7673
1323 7879
1323 8151
1323 8870
1324 1346
1324 1376
1324 1480
1324 2086
1324 2380
1324 2713
1324 2811
1324 2937
1324 3175
1324 3205
1324 3736
1324 3781
1324 4126
1324 4275
1324 4328
1324 4474
1324 5460
1324 6351
1324 6761
1324 7246
1324 7364
1324 7760
1324 8092
1325 1601
1325 1939
1325 2500
1325 2557
1325 3814
1325 4193
1325 4483
1325 5368
1325 7256
1325 8492
1325 8825
1325 8992
1326 1407
1326 1725
1326 1787
1326 1833
1326 2050
1326 2225
1326 2537
1326 2724
1326 2739
1326 3152
1326 3484
1326 3524
1326 3782
1326 3954
1326 3968
1326 4641
1326 4666
1326 5604
1326 5763
1326 6390
1326 6424
1326 6580
1326 6690
1326 6898
1326 7286
1326 7363
1326 7436
1326 7674
1326 7759
1326 8375
1326 8672
1326 8848
1326 9130
1327 1369
1327 1444
1327 1593
1327 1750
1327 2259
1327 2575
1327 3112
1327 3368
1327 3443
1327 3560
1327 3700
1327 3759
1327 4119
1327 4421
1327 4535
1327 4568
1327 4652
1327 5029
1327 5353
1327 5585
1327 6187
1327 6377
1327 6517
1327 6580
1327 6593
1327 6649
1327 7144
1327 7434
1327 9160
1328 1347
1328 2004
1328 2549
1328 2681
1328 2921
1328 3175
1328 3230
1328 3479
1328 4733
1328 4825
1328 5674
1328 5901
1328 6579
1328 6768
1328 7466
1328 7553
1328 8485
1328 8533
1328 9512
1329 2592
1329 6079
1329 6325
1329 9010
1329 9185
1329 9682
1330 1350
1330 2172
1330 2256
1330 2275
1330 2838
1330 3671
1330 4142
1330 4199
1330 4294
1330 4994
1330 5538
1330 5541
1330 5816
1330 5973
1330 6227
1330 6949
1330 7309
1330 7863
1330 9028
1330 9541
1330 9636
1331 2231
1331 2412
1331 2745
1331 3549
1331 4015
1331 5438
1331 6505
1331 6795
1331 6899
1331 7001
1331 8119
1331 8562
1331 8690
1331 9898
1332 1838
1332 3091
1332 3688
1332 4264
1332 5349
1332 6379
1332 7834
1332 7984
1333 1518
1333 1709
1333 4564
1333 5209
1333 7545
1334 1454
1334 1770
1334 1800
1334 1845
1334 2745
1334 3410
1334 3437
1334 3540
1334 4090
1334 4496
1334 4766
1334 4857
1334 5277
1334 5351
1334 5657
1334 5752
1334 6736
1334 8198
1334 8489
1334 8686
1334 9280
1334 9359
1334 9785
1335 1414
1335 1453
1335 1475
1335 1558
1335 1689
1335 1695
1335 1709
1335 2301
1335 2635
1335 2886
1335 3106
1335 3475
1335 3960
1335 4317
1335 4544
1335 5616
1335 6862
1335 6911
1335 7277
1335 7714
1335 8151
1335 8289
1335 8961
1335 9055
1335 9089
1336 2199
1336 2574
1336 2600
1336 2741
1336 3003
1336 3625
1336 3892
1336 4778
1336 4980
1336 8035
1336 8912
1336 9983
1337 1380
1337 1433
1337 1533
1337 2143
1337 2199
1337 2980
1337 3113
1337 3328
1337 3415
1337 3726
1337 4055
1337 4122
1337 4166
1337 4354
1337 4659
1337 5103
1337 5375
1337 5974
1337 6080
1337 6370
1337 6625
1337 6821
1337 7308
1337 8038
1337 8417
1337 8528
1337 9119
1338 1398
1338 2168
1338 2341
1338 3181
1338 3452
1338 3504
1338 3997
1338 4466
1338 5212
1338 5363
1338 6056
1338 6353
1338 6863
1338 6878
1338 8484
1339 1437
1339 2143
1339 2369
1339 2389
1339 2557
1339 2706
1339 2921
1339 3638
1339 4372
1339 4470
1339 5267
1339 5668
1339 6156
1339 7508
1339 8381
1339 8732
1339 9866
1340 1373
1340 1843
1340 3242
1340 3750
1340 3775
1340 4163
1340 4649
1340 4864
1340 5560
1340 5701
1340 6919
1340 6939
1340 7262
1340 7450
1340 7668
1340 8099
1340 9604
1341 1545
1341 1911
1341 1937
1341 2181
1341 2658
1341 2722
1341 2979
1341 4408
1341 4557
1341 4979
1341 5467
1341 5534
1341 7120
1341 7387
1341 7617
1341 8659
1341 9026
1341 9281
1342 1748
1342 2398
1342 3284
1342 3549
1342 3846
1342 5909
1342 7048
1342 7799
1343 1381
1343 1691
1343 1794
1343 2127
1343 2188
1343 3080
1343 3237
1343 4051
1343 4419
1343 4613
1343 4838
1343 5477
1343 5613
1343 6037
1343 7655
1343 9428
1343 9730
1344 1505
1344 1667
1344 1678
1344 1810
1344 1944
1344 2206
1344 2284
1344 3156
1344 4560
1344 4803
1344 5779
1344 6232
1344 7315
1344 8019
1344 8146
1345 2478
1345 2528
1345 3130
1345 5315
1345 9143
1346 1460
1346 1464
1346 3155
1346 4068
1346 4614
1346 5868
1346 6018
1346 6217
1346 7688
1346 7820
1346 8751
1346 9184
1346 9471
1347 2366
1347 2436
1347 2902
1347 3063
1347 3433
1347 3649
1347 4045
1347 5580
1347 5910
1347 6649
1347 6813
1348 1366
1348 1804
1348 1872
1348 2213
1348 2683
1348 2802
1348 3136
1348 3301
1348 3326
1348 3355
1348 3521
1348 3608
1348 3742
1348 3838
1348 3881
1348 4352
1348 4591
1348 4879
1348 5272
1348 5555
1348 5617
1348 5922
1348 6066
1348 6194
1348 6498
1348 6983
1348 7062
1348 7173
1348 7203
1348 7885
1348 8231
1348 8395
1348 8589
1348 8769
1348 9360
1348 9395
1348 9578
1349 1541
1349 1691
1349 2157
1349 2808
1349 3947
1349 5208
1349 6005
1349 6544
1349 8245
1349 8268
1349 8711
1350 1449
1350 1597
1350 1668
1350 1686
1350 2044
1350 3543
1350 3551
1350 3554
1350 4032
1350 4090
1350 4126
1350 4160
1350 4299
1350 5013
1350 6108
1350 7314
1350 7747
1350 7864
1350 8268
1350 8475
1350 9097
1351 1376
1351 1517
1351 1808
1351 2525
1351 7253
1351 8609
1351 8934
1352 1589
1352 1951
1352 2075
1352 2190
1352 3025
1352 3031
1352 3845
1352 4123
1352 4839
1352 5240
1352 6018
1352 8711
1352 8785
1352 9185
1353 1810
1353 1985
1353 2083
1353 2138
1353 2221
1353 2325
1353 2406
1353 2535
1353 3249
1353 4095
1353 4497
1353 4843
1353 4849
1353 5827
1353 7529
1353 8009
1353 8293
1353 8890
1353 9434
1354 1508
1354 2255
1354 2578
1354 2944
1354 3561
1354 3911
1354 3939
1354 4081
1354 4164
1354 4199
1354 5800
1354 5808
1354 6553
1354 6674
1354 6727
1354 7403
1354 7754
1354 7870
1354 8300
1354 8485
1355 1604
1355 1856
1355 2828
1355 3500
1355 4318
1355 5246
1355 5297
1355 6178
1355 6269
1355 6797
1355 7070
1355 7071
1355 7512
1355 7819
1355 9601
1356 1363
1356 1509
1356 1560
1356 2118
1356 2883
1356 3210
1356 3213
1356 3276
1356 3555
1356 3855
1356 4328
1356 4362
1356 5089
1356 5242
1356 5481
1356 6420
1356 6627
1356 8192
1356 8320
1356 8459
1356 8802
1356 9099
1356 9638
1356 9828
1357 1463
1357 1790
1357 2139
1357 2450
1357 3356
1357 3394
1357 3400
1357 5018
1357 5290
1357 5528
1357 7184
1357 7922
1357 8000
1357 8001
1357 8183
1357 8518
1357 9359
1357 9571
1358 1501
1358 1830
1358 1954
1358 2367
1358 2920
1358 2969
1358 3269
1358 4122
1358 4205
1358 4342
1358 4381
1358 4964
1358 5475
1358 6346
1358 7435
1358 7928
1358 8089
1358 9635
1358 9999
1359 1448
1359 1476
1359 1503
1359 1572
1359 1738
1359 1915
1359 2537
1359 3235
1359 3658
1359 3871
1359 4195
1359 4471
1359 4740
1359 5262
1359 5838
1359 6512
1359 8016
1359 8214
1359 8352
1359 8668
1359 8845
1360 1455
1360 1619
1360 1631
1360 1866
1360 2498
1360 2694
1360 2909
1360 3359
1360 3520
1360 3816
1360 4131
1360 4174
1360 4197
1360 4349
1360 4454
1360 4757
1360 4826
1360 5386
1360 5730
1360 6065
1360 6158
1360 6181
1360 7673
1360 8873
1360 9430
1361 1388
1361 2539
1361 2651
1361 3461
1361 4184
1361 4475
1361 4898
1361 6521
1361 6604
1361 7891
1361 8566
1361 9218
1362 1385
1362 1732
1362 1776
1362 1923
1362 2072
1362 2304
1362 2723
1362 2815
1362 3137
1362 3630
1362 4191
1362 4283
1362 5126
1362 5609
1362 5647
1362 6058
1362 6085
1362 6269
1362 6395
1362 8420
1362 8545
1362 9794
1363 1520
1363 1771
1363 1869
1363 2141
1363 2441
1363 2467
1363 2609
1363 2885
1363 2973
1363 3089
1363 3475
1363 3978
1363 5818
1363 6010
1363 6417
1363 6454
1363 6869
1363 7497
1363 8287
1363 9949
1364 1400
1364 1627
1364 1791
1364 1951
1364 2554
1364 2679
1364 2868
1364 3838
1364 3933
1364 4014
1364 4062
1364 4251
1364 5026
1364 5822
1364 6330
1364 6583
1364 6762
1364 7032
1364 7854
1364 7902
1364 8043
1364 8079
1364 8276
1364 8760
1364 9221
1364 9942
1365 1499
1365 1957
1365 2237
1365 2344
1365 2710
1365 3880
1365 3900
1365 4033
1365 4691
1365 5627
1365 6951
1365 7202
1365 7297
1365 7332
1365 7954
1365 8273
1365 8358
1365 9659
1365 9833
1366 1383
1366 1769
1366 2010
1366 2357
1366 3074
1366 3647
1366 4114
1366 4509
1366 4906
1366 6059
1366 6440
1366 6591
1366 7924
1366 9024
1366 9236
1366 9292
1366 9933
1367 3688
1367 6828
1367 6996
1367 7942
1367 8464
1368 1863
1368 2097
1368 2306
1368 2447
1368 2484
1368 2942
1368 3493
1368 3646
1368 4232
1368 4374
1368 4819
1368 5103
1368 5184
1368 6478
1368 6514
1368 7134
1368 7271
1368 7650
1369 1538
1369 1741
1369 2000
1369 2325
1369 2463
1369 2563
1369 2757
1369 3214
1369 3673
1369 3938
1369 4025
1369 4490
1369 4966
1369 6007
1369 6114
1369 6421
1369 7171
1369 7306
1369 7311
1369 8058
1369 8230
1369 9849
1369 9947
1370 1695
1370 1754
1370 1806
1370 2874
1370 3047
1370 3446
1370 4383
1370 5293
1370 5777
1370 6078
1370 6546
1370 6562
1370 8290
1370 9359
1371 1458
1371 3135
1371 4473
1371 6171
1371 7769
1371 8054
1371 8892
1371 9183
1371 9668
1371 9700
1371 9873
1372 1608
1372 2983
1372 3148
1372 3174
1372 6119
1372 6195
1372 6359
1372 6500
1372 9791
1373 1553
1373 2919
1373 3785
1373 7304
1373 9638
1373 9753
1374 1861
1374 1964
1374 2466
1374 3236
1374 3864
1374 4606
1374 5056
1374 6257
1374 6340
1374 6983
1374 7104
1374 7195
1374 7213
1374 8348
1374 8765
1374 9327
1374 9559
1374 9715
1374 9978
1375 1858
1375 2402
1375 2949
1375 3452
1375 3724
1375 4908
1375 7237
1375 9213
1376 1675
1376 1821
1376 2503
1376 2721
1376 2738
1376 3308
1376 3700
1376 3977
1376 4161
1376 4409
1376 4706
1376 4787
1376 4929
1376 5100
1376 5143
1376 5833
1376 6168
1376 6181
1376 6504
1376 6654
1376 7505
1376 7703
1376 9223
1376 9408
1376 9785
1377 1769
1377 2581
1377 2752
1377 2809
1377 2814
1377 2930
1377 3703
1377 3859
1377 5480
1377 5663
1377 6126
1377 6791
1377 7311
1377 7957
1377 8717
1377 8901
1378 2193
1378 2464
1378 2984
1378 3821
1378 4164
1378 4292
1378 4854
1378 5545
1378 6048
1378 6079
1378 7683
1378 7802
1378 8490
1378 8640
1378 8912
1378 9990
1379 1454
1379 2115
1379 2153
1379 2230
1379 2751
1379 2782
1379 2953
1379 3114
1379 3852
1379 3885
1379 4649
1379 4752
1379 4924
1379 5001
1379 5176
1379 5735
1379 5810
1379 6043
1379 6840
1379 7520
1379 8026
1379 8221
1379 8284
1379 8519
1379 9034
1379 9764
1380 1863
1380 2242
1380 3329
1380 3400
1380 3587
1380 4400
1380 5119
1380 5127
1380 6211
1380 6265
1380 6687
1380 6940
1380 7417
1380 7948
1380 8157
1380 8327
1380 8335
1380 9133
1380 9651
1380 9883
1381 1443
1381 1607
1381 1764
1381 2385
1381 2934
1381 3231
1381 3396
1381 3448
1381 4080
1381 4276
1381 5060
1381 5753
1381 6338
1381 6360
1381 6784
1381 6790
1381 6966
1381 7075
1381 8343
1381 8400
1381 8600
1381 9838
1382 1423
1382 3391
1382 4372
1382 6554
1382 7481
1382 8559
1383 1459
1383 1613
1383 2832
1383 2850
1383 3173
1383 3422
1383 3464
1383 3501
1383 3950
1383 4501
1383 4762
1383 5147
1383 5624
1383 5921
1383 6127
1383 8022
1383 8088
1383 8944
1383 9364
1383 9450
1383 9587
1384 1579
1384 2042
1384 2104
1384 2150
1384 2361
1384 2961
1384 3187
1384 3652
1384 4890
1384 5157
1384 5427
1384 5678
1384 5826
1384 6074
1384 6388
1384 6414
1384 6509
1384 6829
1384 7132
1384 7202
1384 7449
1384 7868
1384 8653
1384 8843
1384 8870
1385 1401
1385 1781
1385 2059
1385 2427
1385 3242
1385 3254
1385 3388
1385 3645
1385 3740
1385 4178
1385 4508
1385 5286
1385 5412
1385 5730
1385 5734
1385 6006
1385 6085
1385 6537
1385 6542
1385 6648
1385 6743
1385 6778
1385 7031
1385 7050
1385 7637
1385 8200
1385 8498
1385 8503
1385 8624
1385 8888
1385 9928
1386 1652
1386 1654
1386 1735
1386 2453
1386 3168
1386 3486
1386 3599
1386 4406
1386 5113
1386 5405
1386 5422
1386 5624
1386 5812
1386 5898
1386 6986
1386 7058
1386 8028
1386 8787
1386 9764
1387 1974
1387 4540
1387 5433
1387 5437
1387 5684
1387 5804
1387 6358
1387 6605
1387 7039
1387 7086
1387 7284
1387 8385
1387 8730
1388 1443
1388 2601
1388 2662
1388 2887
1388 3107
1388 3588
1388 3725
1388 3798
1388 4825
1388 5432
1388 5821
1388 7447
1388 7878
1388 8814
1388 9618
1389 1586
1389 1648
1389 1653
1389 2058
1389 2072
1389 2088
1389 2187
1389 2205
1389 2432
1389 3202
1389 3228
1389 3449
1389 4131
1389 5336
1389 6036
1389 6055
1389 6195
1389 6231
1389 6252
1389 6760
1389 7455
1389 9057
1389 9132
1390 1589
1390 1685
1390 2356
1390 2788
1390 2801
1390 3992
1390 5101
1390 5122
1390 5555
1390 6069
1390 6565
1390 6598
1390 7212
1390 9743
1391 1661
1391 3185
1391 3252
1391 3584
1391 3806
1391 4310
1391 5166
1391 5640
1391 5645
1391 5765
1391 6470
1391 7027
1391 7621
1391 9287
1391 9971
1392 1818
1392 1932
1392 2458
1392 2768
1392 3268
1392 3499
1392 3640
1392 3794
1392 4320
1392 4654
1392 4657
1392 5302
1392 5306
1392 6072
1392 6282
1392 6488
1392 6509
1392 7040
1392 7372
1392 8402
1392 8691
1392 9482
1392 9775
1393 1405
1393 1642
1393 1651
1393 2249
1393 2348
1393 2651
1393 2707
1393 3034
1393 3171
1393 3190
1393 3334
1393 3362
1393 4915
1393 5093
1393 7252
1393 7527
1393 7601
1393 7764
1393 7862
1393 8703
1393 8717
1393 8770
1393 9210
1393 9544
1393 9681
1393 9948
1393 9986
1394 3160
1394 4258
1394 5188
1394 7735
1394 8895
1395 1985
1395 2090
1395 2222
1395 3217
1395 3328
1395 4441
1395 5862
1395 5967
1395 6005
1395 6296
1395 6697
1395 7109
1395 7946
1395 8312
1396 1855
1396 2855
1396 3789
1396 4709
1396 5182
1396 5377
1396 6213
1396 8787
1397 1525
1397 1566
1397 1756
1397 1980
1397 1996
1397 2067
1397 2554
1397 3195
1397 3891
1397 4139
1397 4226
1397 4367
1397 4507
1397 4827
1397 5101
1397 5161
1397 5298
1397 5741
1397 7372
1397 7647
1397 7935
1397 7983
1397 8059
1397 8075
1397 8480
1397 9041
1397 9277
1397 9753
1397 9939
1398 1417
1398 1643
1398 1990
1398 2154
1398 2296
1398 2974
1398 3310
1398 3480
1398 3916
1398 4070
1398 4212
1398 4240
1398 5045
1398 6661
1398 6744
1398 9565
1398 9630
1399 1528
1399 1532
1399 1565
1399 1700
1399 1901
1399 1921
1399 2042
1399 2164
1399 2430
1399 2673
1399 2797
1399 2972
1399 3308
1399 4407
1399 4821
1399 5216
1399 5291
1399 5464
1399 5922
1399 6455
1399 6599
1399 6833
1399 7252
1399 7264
1399 7834
1399 7962
1399 8388
1399 8489
1399 8929
1399 9046
1399 9114
1399 9513
1400 1726
1400 1922
1400 2125
1400 2538
1400 2841
1400 5881
1400 6058
1400 7588
1400 8425
1400 9559
1401 1446
1401 1515
1401 2089
1401 2280
1401 2588
1401 3163
1401 3630
1401 4361
1401 4701
1401 5113
1401 5243
1401 5359
1401 6585
1401 7078
1401 8289
1401 8398
1401 8664
1401 9394
1402 1513
1402 2632
1402 2911
1402 3067
1402 3094
1402 3466
1402 3830
1402 4316
1402 4352
1402 4641
1402 5200
1402 7272
1402 7836
1403 1481
1403 1587
1403 1915
1403 2269
1403 2820
1403 3006
1403 3279
1403 3387
1403 4189
1403 6325
1403 7035
1403 7074
1403 7399
1403 8230
1403 8459
1403 8528
1403 8676
1403 9065
1404 1584
1404 1938
1404 2934
1404 2980
1404 3082
1404 3120
1404 3512
1404 3636
1404 3670
1404 3897
1404 3909
1404 4972
1404 6004
1404 6311
1404 7366
1404 8043
1404 8286
1404 8376
1405 1532
1405 1847
1405 2073
1405 2112
1405 2113
1405 2598
1405 2641
1405 2855
1405 3047
1405 3060
1405 4118
1405 4989
1405 5898
1405 6505
1405 7088
1405 8929
1405 9173
1405 9803
1406 1895
1406 2146
1406 2219
1406 2322
1406 2346
1406 2483
1406 2508
1406 4012
1406 4357
1406 5067
1406 5436
1406 5759
1406 6115
1406 7240
1406 7376
1406 7474
1406 8251
1406 8372
1407 1495
1407 1559
1407 1968
1407 1971
1407 1988
1407 2086
1407 2776
1407 3882
1407 4558
1407 5387
1407 6022
1407 6058
1407 8882
1408 1410
1408 1809
1408 2077
1408 2528
1408 2542
1408 2544
1408 2597
1408 3917
1408 4134
1408 4442
1408 4952
1408 5037
1408 5579
1408 7511
1408 8538
1408 8587
1408 8920
1408 9078
1409 1841
1409 2232
1409 2322
1409 2407
1409 2492
1409 3220
1409 3498
1409 3919
1409 4952
1409 6417
1409 6498
1409 7862
1409 8822
1409 8830
1409 9789
1410 1846
1410 2395
1410 2676
1410 3396
1410 5918
1410 5996
1410 7576
1410 9005
1410 9048
1410 9948
1411 1417
1411 1434
1411 2162
1411 6455
1411 6741
1411 8167
1411 9098
1412 2370
1412 2553
1412 2601
1412 2994
1412 3091
1412 3817
1412 3893
1412 4069
1412 4361
1412 5372
1412 5376
1412 5611
1412 5962
1412 6353
1412 6449
1412 8967
1412 9358
1412 9484
1412 9643
1412 9685
1413 1913
1413 2241
1413 2675
1413 2924
1413 6839
1413 8945
1414 1715
1414 1791
1414 2088
1414 2280
1414 2566
1414 2617
1414 2928
1414 3165
1414 3294
1414 3314
1414 3481
1414 4506
1414 4637
1414 4875
1414 4918
1414 4949
1414 5592
1414 5837
1414 6105
1414 6210
1414 6811
1414 7181
1414 7977
1414 9265
1414 9731
1415 1447
1415 2376
1415 2758
1415 2930
1415 2935
1415 3222
1415 3422
1415 3580
1415 3673
1415 4757
1415 5621
1415 5717
1415 6067
1415 6510
1415 7034
1415 9644
1415 9732
1416 2146
1416 2245
1416 2370
1416 2486
1416 2494
1416 2524
1416 3188
1416 3313
1416 3622
1416 4358
1416 4636
1416 5016
1416 6256
1416 7174
1416 7362
1416 7746
1416 8147
1416 9186
1416 9249
1416 9831
1417 1489
1417 3336
1417 3383
1417 3461
1417 4234
1417 4475
1417 4930
1417 5487
1417 5830
1417 8225
1417 8237
1417 8634
1417 8831
1418 1853
1418 1982
1418 2532
1418 3161
1418 3724
1418 4478
1418 4479
1418 4643
1418 5661
1418 6164
1418 8304
1418 9374
1419 1471
1419 1564
1419 1945
1419 2298
1419 2701
1419 3406
1419 3622
1419 5435
1419 6371
1419 6737
1419 6860
1419 7224
1419 7497
1419 8195
1419 8482
1419 9637
1420 1474
1420 1551
1420 1912
1420 2234
1420 2515
1420 2610
1420 2872
1420 3125
1420 3269
1420 4135
1420 4257
1420 5920
1420 5931
1420 6992
1420 7415
1420 8693
1420 9042
1420 9989
1421 1674
1421 2045
1421 2293
1421 2728
1421 3355
1421 3382
1421 3698
1421 4112
1421 4403
1421 5341
1421 6109
1421 6806
1421 7388
1421 7663
1421 9290
1422 1516
1422 1605
1422 1982
1422 2006
1422 3017
1422 3028
1422 4006
1422 5060
1422 5480
1422 5662
1422 6582
1422 7235
1422 7669
1422 7738
1422 8545
1422 9285
1422 9675
1422 9971
1423 1487
1423 1564
1423 2045
1423 2451
1423 2640
1423 3287
1423 3780
1423 4484
1423 4983
1423 5660
1423 7485
1423 8049
1423 9104
1423 9280
1424 1892
1424 2197
1424 2579
1424 3066
1424 3416
1424 3584
1424 3743
1424 5056
1424 5714
1424 5856
1424 6251
1424 7214
1424 7315
1424 7501
1424 8677
1424 9002
1425 1546
1425 1636
1425 1935
1425 2149
1425 2283
1425 2408
1425 3431
1425 4365
1425 4464
1425 4911
1425 4953
1425 5093
1425 5712
1425 6063
1425 6908
1425 7580
1425 8789
1426 1600
1426 1623
1426 1646
1426 1898
1426 2281
1426 2382
1426 2389
1426 2732
1426 3500
1426 3791
1426 4431
1426 5571
1426 6204
1426 6449
1426 7624
1426 7784
1426 8776
1427 1602
1427 1642
1427 1698
1427 1797
1427 2344
1427 2439
1427 3867
1427 3993
1427 4736
1427 7584
1427 8900
1428 1612
1428 2500
1428 2503
1428 2577
1428 3194
1428 3967
1428 5968
1428 6109
1428 9290
1429 1715
1429 3098
1429 5981
1429 7420
1429 8208
1430 4233
1430 6743
1430 8026
1430 8275
1430 9066
1430 9534
1431 3443
1431 3750
1431 3789
1431 4059
1431 4713
1431 5708
1431 6526
1431 7138
1431 8375
1431 8649
1431 9031
1432 1602
1432 2329
1432 2335
1432 2610
1432 3320
1432 4742
1432 5219
1432 5367
1432 5576
1432 5831
1432 7273
1432 8633
1432 8791
1433 2863
1433 6703
1433 6805
1433 7556
1433 7773
1433 8205
1433 8245
1434 1827
1434 2188
1434 2626
1434 2938
1434 3435
1434 4553
1434 5236
1434 5837
1434 6215
1434 6507
1434 6868
1434 7055
1434 7176
1434 7403
1434 7526
1434 7933
1434 8150
1434 8352
1434 8429
1434 9224
1434 9240
1435 2271
1435 3750
1435 5220
1436 1843
1436 2454
1436 2823
1436 2867
1436 2950
1436 3004
1436 4604
1436 4623
1436 4974
1436 5378
1436 5407
1436 5891
1436 6097
1436 6469
1436 8829
1437 1640
1437 3013
1437 3024
1437 3074
1437 3333
1437 3335
1437 3414
1437 3424
1437 3713
1437 3786
1437 3826
1437 4259
1437 4329
1437 4342
1437 4470
1437 4868
1437 5285
1437 6158
1437 6242
1437 6270
1437 6670
1437 6902
1437 7117
1437 7265
1437 7649
1437 8572
1437 8929
1438 1638
1438 1721
1438 1800
1438 2271
1438 2493
1438 3850
1438 3857
1438 4615
1438 4644
1438 4984
1438 5471
1438 6642
1438 6686
1438 6951
1438 7158
1438 8045
1438 8319
1439 1970
1439 2322
1439 2333
1439 2856
1439 3200
1439 3964
1439 3996
1439 4033
1439 4114
1439 5365
1439 5654
1439 6553
1439 6699
1439 9842
1440 1892
1440 2152
1440 2266
1440 2461
1440 2989
1440 3252
1440 3270
1440 3757
1440 3829
1440 4092
1440 4665
1440 5017
1440 5230
1440 5309
1440 6015
1440 6321
1440 6626
1440 6909
1440 8759
1440 9487
1441 1686
1441 1714
1441 1929
1441 2440
1441 2788
1441 2811
1441 2972
1441 2973
1441 3512
1441 3556
1441 3790
1441 3958
1441 4184
1441 4415
1441 4842
1441 5384
1441 6207
1441 6325
1441 6343
1441 6376
1441 6459
1441 6560
1441 7223
1441 7606
1441 7765
1441 7816
1441 8032
1441 8170
1441 8610
1441 9718
1441 9878
1442 1596
1442 2048
1442 2284
1442 2730
1442 2772
1442 4021
1442 4798
1442 5138
1442 5275
1442 5603
1442 6261
1442 6325
1442 6455
1442 6682
1442 7487
1442 7934
1442 8566
1442 8676
1443 1484
1443 1638
1443 2099
1443 2458
1443 2982
1443 3481
1443 4051
1443 4159
1443 4178
1443 4393
1443 4514
1443 4644
1443 4770
1443 5346
1443 5483
1443 5500
1443 5917
1443 6277
1443 6304
1443 6682
1443 6914
1443 7823
1443 9274
1443 9355
1443 9520
1443 9809
1444 1632
1444 1716
1444 2253
1444 2381
1444 2616
1444 2712
1444 2942
1444 2987
1444 3164
1444 3312
1444 4942
1444 4963
1444 5241
1444 5662
1444 5857
1444 5882
1444 6335
1444 6652
1444 7543
1444 7703
1444 7901
1444 8216
1444 9298
1445 1497
1445 1898
1445 2292
1445 2686
1445 3178
1445 4242
1445 4290
1445 4505
1445 5265
1445 5414
1445 6376
1445 6405
1445 6969
1445 7102
1445 8375
1445 8718
1446 1564
1446 3471
1446 3952
1446 5048
1446 5522
1446 6162
1446 9753
1447 1552
1447 1717
1447 2203
1447 2419
1447 2739
1447 2988
1447 3468
1447 3540
1447 4223
1447 4264
1447 4736
1447 5256
1447 5557
1447 5836
1447 5917
1447 6257
1447 6552
1447 8188
1447 8412
1447 8858
1447 9126
1447 9395
1447 9408
1447 9527
1448 1466
1448 2250
1448 2881
1448 3970
1448 4046
1448 4491
1448 4656
1448 4760
1448 5027
1448 5095
1448 6102
1448 6147
1448 6501
1448 6562
1448 6675
1448 8082
1448 8694
1448 8926
1448 9682
1448 9957
1449 1789
1449 2678
1449 2710
1449 3025
1449 3139
1449 3948
1449 4151
1449 4191
1449 4906
1449 5730
1449 5927
1449 7569
1449 9069
1449 9386
1449 9482
1450 1538
1450 1586
1450 2364
1450 2496
1450 3634
1450 3834
1450 5814
1450 6148
1450 6738
1450 7228
1450 8304
1450 8414
1450 8978
1450 9620
1451 1689
1451 2088
1451 2906
1451 3271
1451 3999
1451 4409
1451 4687
1451 5069
1451 5269
1451 5544
1451 6287
1451 6857
1451 8614
1451 9675
1451 9766
1452 1482
1452 1826
1452 2205
1452 2306
1452 2375
1452 2603
1452 2797
1452 3702
1452 4121
1452 4128
1452 4266
1452 5344
1452 5523
1452 5803
1452 5853
1452 6035
1452 6200
1452 6625
1452 8385
1452 9166
1453 1538
1453 2255
1453 2420
1453 2884
1453 2953
1453 3318
1453 4239
1453 4646
1453 4698
1453 5078
1453 5735
1453 7168
1453 7726
1453 8198
1453 8352
1453 9036
1454 1492
1454 2342
1454 3244
1454 3535
1454 3612
1454 4517
1454 6159
1454 6234
1454 8343
1454 9542
1455 1484
1455 1556
1455 2082
1455 2221
1455 2334
1455 3103
1455 4206
1455 5095
1455 5820
1455 5913
1455 6301
1455 7865
1455 8357
1455 9006
1455 9967
1456 1516
1456 1684
1456 1728
1456 1973
1456 2045
1456 2076
1456 2299
1456 2834
1456 3363
1456 3415
1456 3442
1456 3510
1456 3646
1456 4393
1456 4650
1456 4877
1456 5213
1456 5532
1456 5572
1456 5902
1456 6149
1456 6382
1456 7982
1456 8380
1456 8747
1456 9375
1456 9901
1457 1675
1457 1784
1457 2025
1457 2752
1457 3327
1457 3727
1457 5211
1457 6153
1457 6637
1457 6670
1457 8106
1457 8212
1457 8941
1457 9283
1458 1952
1458 2075
1458 3308
1458 3357
1458 3891
1458 4957
1458 5060
1458 5177
1458 5279
1458 5970
1458 6407
1458 6620
1458 8034
1458 9956
1459 1534
1459 1627
1459 1751
1459 2196
1459 3652
1459 4790
1459 4808
1459 5408
1459 5417
1459 6011
1459 7109
1459 7322
1459 7753
1459 8214
1459 8331
1459 9825
1459 9997
1460 1854
1460 2380
1460 3276
1460 3913
1460 4471
1460 5215
1460 7091
1460 7306
1460 7586
1460 8224
1460 8551
1460 9590
1460 9859
1461 1641
1461 1722
1461 1919
1461 3042
1461 3127
1461 3254
1461 3420
1461 3437
1461 4109
1461 6232
1461 6717
1461 6865
1461 7087
1461 7224
1461 7226
1461 7523
1461 7540
1461 7696
1461 7783
1461 9126
1461 9139
1461 9297
1461 9341
1462 1778
1462 1862
1462 3462
1462 3522
1462 3704
1462 3754
1462 4286
1462 4693
1462 4994
1462 6155
1462 6265
1462 6868
1462 6983
1462 8449
1462 8883
1463 1911
1463 2022
1463 2153
1463 2578
1463 2619
1463 2699
1463 2864
1463 3874
1463 5020
1463 5875
1463 6476
1463 6795
1463 7334
1463 8147
1464 1824
1464 1886
1464 2060
1464 2336
1464 2731
1464 2789
1464 2948
1464 3463
1464 4659
1464 4802
1464 4830
1464 5195
1464 5448
1464 5516
1464 5721
1464 6351
1464 6972
1464 6979
1464 7089
1464 8064
1464 8276
1464 9362
1464 9680
1465 1685
1465 1801
1465 2024
1465 2272
1465 2424
1465 2433
1465 2498
1465 2604
1465 2821
1465 4895
1465 4929
1465 5165
1465 5339
1465 5411
1465 5457
1465 5486
1465 5636
1465 6130
1465 6429
1465 6577
1465 6733
1465 7721
1465 7899
1465 7909
1465 8362
1465 9724
1466 2318
1466 2805
1466 4298
1466 4565
1466 4845
1466 4851
1466 5800
1466 6183
1466 6395
1466 6645
1466 6881
1466 7158
1466 9632
1467 1763
1467 2119
1467 3653
1467 4474
1467 4555
1467 4604
1467 4809
1467 4864
1467 5205
1467 5528
1467 5538
1467 5668
1467 7019
1467 7144
1467 7800
1467 8592
1467 9802
1468 1980
1468 2348
1468 2603
1468 6024
1468 8194
1468 9142
1469 1754
1469 1864
1469 2035
1469 2161
1469 2548
1469 2693
1469 3635
1469 3991
1469 5345
1469 7567
1469 7695
1469 8221
1469 8358
1469 9341
1469 9472
1470 1497
1470 1551
1470 1656
1470 2636
1470 2987
1470 3247
1470 3325
1470 3570
1470 3679
1470 3684
1470 3812
1470 4559
1470 4677
1470 5662
1470 6858
1470 6990
1470 9372
1471 1513
1471 1677
1471 1792
1471 2120
1471 2358
1471 2401
1471 2430
1471 3269
1471 3579
1471 3691
1471 3745
1471 4065
1471 4233
1471 5207
1471 6494
1471 8261
1471 8401
1472 1534
1472 1605
1472 1790
1472 2093
1472 2100
1472 2975
1472 3413
1472 4013
1472 4519
1472 5061
1472 6253
1472 6259
1472 6264
1472 6835
1472 7041
1472 7416
1472 8530
1472 8921
1472 8958
1472 9881
1473 1575
1473 1749
1473 2264
1473 2457
1473 2631
1473 2680
1473 2868
1473 2969
1473 3431
1473 3529
1473 3651
1473 4368
1473 4448
1473 4459
1473 4774
1473 5422
1473 6712
1473 6928
1473 7653
1473 7996
1473 8544
1473 9216
1474 1874
1474 2263
1474 2589
1474 2786
1474 2827
1474 2924
1474 3221
1474 3332
1474 3537
1474 3959
1474 4218
1474 4408
1474 5572
1474 6568
1474 6635
1474 7179
1474 7369
1474 7394
1474 7973
1474 8242
1474 9504
1474 9895
1475 1700
1475 2073
1475 2222
1475 3315
1475 4319
1475 4482
1475 4882
1475 5946
1475 6280
1475 7302
1475 8526
1475 9129
1476 1831
1476 2582
1476 3056
1476 3979
1476 3996
1476 4814
1476 4835
1476 4848
1476 7093
1476 7316
1476 9245
1477 1688
1477 2974
1477 3197
1477 3243
1477 5233
1477 5614
1477 5826
1477 7034
1477 7637
1477 8036
1478 1544
1478 1773
1478 2267
1478 2884
1478 4343
1478 5420
1478 5581
1478 6135
1478 6901
1478 8109
1478 9161
1478 9177
1478 9348
1479 1975
1479 2254
1479 2347
1479 2868
1479 3993
1479 4294
1479 4895
1479 5918
1479 6404
1479 6619
1479 7331
1479 8539
1479 9060
1480 1557
1480 2164
1480 2484
1480 2735
1480 3164
1480 3728
1480 4177
1480 4426
1480 7098
1480 8480
1480 8652
1481 1681
1481 2004
1481 2066
1481 2154
1481 2231
1481 2548
1481 2895
1481 3028
1481 3419
1481 3754
1481 3978
1481 4708
1481 5364
1481 5725
1481 5753
1481 6558
1481 7523
1481 7611
1481 7647
1481 8414
1481 8721
1482 1693
1482 1752
1482 2221
1482 2744
1482 2750
1482 3472
1482 3717
1482 4487
1482 4895
1482 5483
1482 5596
1482 6699
1482 6857
1482 8070
1482 8240
1482 8500
1482 9547
1483 2039
1483 2178
1483 2244
1483 2319
1483 2363
1483 2424
1483 2591
1483 2705
1483 2726
1483 2824
1483 3940
1483 4322
1483 5210
1483 5720
1483 6258
1483 6614
1483 6944
1483 7292
1483 7301
1483 7567
1483 8151
1483 8646
1483 8790
1483 9026
1483 9551
1483 9558
1484 1565
1484 1707
1484 1730
1484 1771
1484 1795
1484 1817
1484 1936
1484 2076
1484 2213
1484 2313
1484 2350
1484 2499
1484 2515
1484 2952
1484 2960
1484 2978
1484 3531
1484 3563
1484 3751
1484 3780
1484 4050
1484 4054
1484 4058
1484 4336
1484 5264
1484 5520
1484 6141
1484 6960
1484 7981
1484 8461
1484 9331
1484 9473
1484 9486
1484 9573
1484 9598
1485 1933
1485 2566
1485 4782
1485 5500
1485 5657
1485 6847
1485 7847
1485 9758
1486 2026
1486 2850
1486 3637
1486 5444
1486 7272
1486 9005
1487 1696
1487 1739
1487 1919
1487 1960
1487 2055
1487 2497
1487 3186
1487 3390
1487 4405
1487 5194
1487 5381
1487 5664
1487 5805
1487 6879
1487 6996
1487 7712
1487 7813
1487 7882
1487 8178
1487 8472
1487 9588
1488 1571
1488 1877
1488 2143
1488 2262
1488 2274
1488 3570
1488 6449
1488 6959
1488 7028
1488 7190
1488 7458
1488 9700
1488 9848
1489 1542
1489 1722
1489 1802
1489 1840
1489 1993
1489 2046
1489 2504
1489 2794
1489 2900
1489 3074
1489 3659
1489 3709
1489 3731
1489 4729
1489 5412
1489 6264
1489 7035
1489 8364
1490 1723
1490 1764
1490 1880
1490 2146
1490 2194
1490 2287
1490 2296
1490 2448
1490 2644
1490 3084
1490 3177
1490 3413
1490 3427
1490 3591
1490 3860
1490 4224
1490 4468
1490 4565
1490 4612
1490 4686
1490 4954
1490 5775
1490 5931
1490 6538
1490 7302
1490 7363
1490 9680
1491 1587
1491 1781
1491 1847
1491 1967
1491 2084
1491 2269
1491 2765
1491 2829
1491 3085
1491 3442
1491 3719
1491 3935
1491 5280
1491 6832
1491 7474
1491 7576
1491 7681
1491 8000
1491 9315
1492 1541
1492 3138
1492 3681
1492 3785
1492 3919
1492 5693
1492 5774
1492 6359
1492 6434
1492 8387
1492 8438
1492 9564
1492 9568
1493 1546
1493 1756
1493 1850
1493 2840
1493 2953
1493 3646
1493 4028
1493 4147
1493 5110
1493 5113
1493 5263
1493 5282
1493 5525
1493 5883
1493 6623
1493 6650
1493 7570
1493 7657
1493 8042
1493 8743
1494 1619
1494 1965
1494 2543
1494 2716
1494 2901
1494 3549
1494 4155
1494 5533
1494 5732
1494 6113
1494 7298
1494 7340
1494 7617
1494 7906
1494 8855
1494 9632
1495 1497
1495 3069
1495 3318
1495 4001
1495 4343
1495 4368
1495 4560
1495 4862
1495 5158
1495 5365
1495 6383
1495 6601
1495 6654
1495 6993
1495 7512
1495 7628
1495 8493
1495 9015
1495 9246
1496 1864
1496 2198
1496 2338
1496 2444
1496 2686
1496 3495
1496 3541
1496 3635
1496 3732
1496 3943
1496 4503
1496 4930
1496 5306
1496 5374
1496 5391
1496 5854
1496 6023
1496 6040
1496 7044
1496 7833
1496 7970
1496 7980
1497 2041
1497 2067
1497 2813
1497 3394
1497 4091
1497 4376
1497 5034
1497 5991
1497 6004
1497 6427
1497 6682
1497 7202
1497 9739
1498 1999
1498 2087
1498 2211
1498 3118
1498 3337
1498 3506
1498 3516
1498 3840
1498 3933
1498 5784
1498 6143
1498 6273
1498 6879
1498 8085
1498 9375
1499 2634
1499 2640
1499 2944
1499 4604
1499 4970
1499 5076
1499 5529
1499 5577
1499 5655
1499 6097
1499 6718
1499 7685
1499 8229
1499 8424
1499 8604
1499 9811
1500 1824
1500 2437
1500 2749
1500 2870
1500 3139
1500 3645
1500 4017
1500 4096
1500 4121
1500 4919
1500 5051
1500 7322
1500 8331
1500 8516
1500 8647
1500 9755
1501 3414
1501 3571
1501 3834
1501 5608
1501 6427
1501 8535
1501 8657
1502 2262
1502 2368
1502 2422
1502 2878
1502 4212
1502 4766
1502 4969
1502 5030
1502 7283
1502 8381
1502 8585
1502 8673
1502 8932
1502 8954
1503 1620
1503 1856
1503 2501
1503 2522
1503 2780
1503 3310
1503 3825
1503 3903
1503 4007
1503 4288
1503 4671
1503 4909
1503 6742
1503 7676
1503 8504
1503 9040
1504 1808
1504 1843
1504 2239
1504 3850
1504 4528
1504 5208
1504 7053
1504 7236
1504 7953
1504 8786
1505 1648
1505 1655
1505 1669
1505 1823
1505 2067
1505 2420
1505 3000
1505 3007
1505 4478
1505 4842
1505 5193
1505 5911
1505 7347
1505 7758
1505 9034
1505 9051
1505 9096
1505 9189
1505 9453
1505 9785
1506 1660
1506 2208
1506 2217
1506 2317
1506 2349
1506 2660
1506 2668
1506 3292
1506 3573
1506 4387
1506 4811
1506 7465
1506 8190
1506 8618
1506 8648
1506 9379
1507 1516
1507 3378
1507 3566
1507 3586
1507 5238
1507 7414
1507 7505
1507 7599
1507 9131
1508 1631
1508 1811
1508 1813
1508 3711
1508 3952
1508 4744
1508 5578
1508 6180
1508 6234
1508 8484
1508 8589
1508 8709
1508 9982
1509 1756
1509 1980
1509 2198
1509 2708
1509 2885
1509 3498
1509 3585
1509 3926
1509 4554
1509 5240
1509 5323
1509 5329
1509 6073
1509 6957
1509 8779
1509 9232
1509 9719
1510 2388
1510 2508
1510 3092
1510 3916
1510 4054
1510 4055
1510 4462
1510 4950
1510 5071
1510 5138
1511 1612
1511 1771
1511 1777
1511 1833
1511 2160
1511 2851
1511 3217
1511 3242
1511 3304
1511 3328
1511 3707
1511 4164
1511 4670
1511 4681
1511 4821
1511 5450
1511 6573
1511 6771
1511 6998
1511 7383
1511 7594
1511 7875
1511 8288
1511 8397
1511 8405
1512 1917
1512 2207
1512 2557
1512 2586
1512 2942
1512 4610
1512 4700
1512 5010
1512 5448
1512 6000
1512 6556
1512 6992
1512 7598
1512 7812
1512 8058
1512 8129
1512 8140
1512 8264
1512 8867
1512 8944
1513 1667
1513 1947
1513 2530
1513 2708
1513 3627
1513 3911
1513 4121
1513 5810
1513 5894
1513 6227
1513 6492
1513 6578
1513 6918
1513 7763
1513 8430
1513 8988
1513 9424
1514 2065
1514 2180
1514 2286
1514 2364
1514 2471
1514 2507
1514 2773
1514 3172
1514 3436
1514 3709
1514 3954
1514 4005
1514 4140
1514 4540
1514 4824
1514 5040
1514 5292
1514 5791
1514 6440
1514 6764
1514 7466
1514 8116
1514 8689
1514 9692
1515 1707
1515 2686
1515 3278
1515 3670
1515 4516
1515 4517
1515 6002
1515 6152
1515 8683
1516 1966
1516 2604
1516 2687
1516 3424
1516 5280
1516 5514
1516 6359
1516 7385
1516 7416
1516 9611
1517 1745
1517 2758
1517 2977
1517 3959
1517 4670
1517 5236
1517 6692
1517 7066
1517 7766
1517 7930
1517 9270
1517 9272
1517 9768
1518 2546
1518 3397
1518 3609
1518 3632
1518 5978
1518 6183
1518 7787
1518 8649
1518 8966
1518 9262
1518 9323
1518 9730
1519 1656
1519 1789
1519 2198
1519 2353
1519 3037
1519 3515
1519 3826
1519 4166
1519 5269
1519 7268
1519 7358
1519 8343
1519 8354
1519 9567
1519 9638
1520 1669
1520 1733
1520 1813
1520 2076
1520 2279
1520 2355
1520 2384
1520 2736
1520 4111
1520 4213
1520 4219
1520 4554
1520 5658
1520 5771
1520 6126
1520 8699
1520 8785
1520 9305
1521 1630
1521 1688
1521 1719
1521 2431
1521 2617
1521 2704
1521 2992
1521 3756
1521 4225
1521 4474
1521 4599
1521 4782
1521 4795
1521 6228
1521 6389
1521 6905
1521 8165
1521 9170
1522 1537
1522 2037
1522 2078
1522 2832
1522 2947
1522 4416
1522 4569
1522 5190
1522 6106
1522 6132
1522 7267
1522 7272
1522 8444
1522 8964
1522 9521
1522 9606
1523 1671
1523 1783
1523 2327
1523 2374
1523 2795
1523 3441
1523 3540
1523 4303
1523 4779
1523 4916
1523 4920
1523 5048
1523 5454
1523 5646
1523 6241
1523 6544
1523 7480
1523 8716
1523 8795
1523 9209
1523 9556
1523 9622
1524 2500
1524 2535
1524 3143
1524 3562
1524 3957
1524 6308
1524 7734
1524 8010
1524 8073
1524 8135
1524 9422
1525 1678
1525 1745
1525 2021
1525 2132
1525 2179
1525 2258
1525 2259
1525 2538
1525 2627
1525 2648
1525 2765
1525 3410
1525 4238
1525 6252
1525 7967
1525 8214
1525 8541
1525 8898
1525 9078
1525 9477
1525 9650
1526 2701
1526 2976
1526 4926
1526 5651
1526 5735
1526 7064
1526 7710
1526 8534
1526 8603
1527 1833
1527 2089
1527 2338
1527 2510
1527 2574
1527 3162
1527 3300
1527 3346
1527 3413
1527 3463
1527 3478
1527 4467
1527 4743
1527 5474
1527 5786
1527 5800
1527 5841
1527 6938
1527 7365
1527 8598
1528 1721
1528 1975
1528 2145
1528 2446
1528 2474
1528 2641
1528 2693
1528 2712
1528 2740
1528 2993
1528 3436
1528 3446
1528 3489
1528 3853
1528 3962
1528 4203
1528 5563
1528 5761
1528 5938
1528 6550
1528 7186
1528 7476
1528 8630
1528 9915
1529 1565
1529 2065
1529 2190
1529 2687
1529 4268
1529 4388
1529 4644
1529 5999
1529 6033
1529 6631
1529 7066
1529 8094
1530 1778
1530 1874
1530 2716
1530 3786
1530 4124
1530 6380
1530 6448
1530 6756
1530 7176
1530 8153
1530 8182
1530 9719
1530 9831
1531 1582
1531 1600
1531 1697
1531 2867
1531 2916
1531 3050
1531 3541
1531 3568
1531 3618
1531 3809
1531 3884
1531 3888
1531 4196
1531 4251
1531 4345
1531 5133
1531 5327
1531 6791
1531 6811
1531 7438
1531 7805
1531 8290
1531 9806
1532 2372
1532 2931
1532 3695
1532 5478
1532 5893
1532 7047
1532 9129
1532 9676
1532 9919
1533 1762
1533 1857
1533 2281
1533 2425
1533 2432
1533 2830
1533 3246
1533 3392
1533 3569
1533 3628
1533 4522
1533 4780
1533 5581
1533 5687
1533 5761
1533 7162
1533 7621
1533 7700
1533 7981
1533 8066
1533 8340
1533 8955
1533 9695
1533 9735
1534 2393
1534 3074
1534 3278
1534 3506
1534 3695
1534 3856
1534 4141
1534 5978
1534 7430
1534 8187
1534 8203
1534 8524
1534 8830
1534 9656
1535 1780
1535 2011
1535 2249
1535 2368
1535 2496
1535 2576
1535 2868
1535 2914
1535 3040
1535 3251
1535 3285
1535 4210
1535 4252
1535 4434
1535 4452
1535 4888
1535 4918
1535 4925
1535 5057
1535 5558
1535 5564
1535 5606
1535 7378
1535 7512
1535 7919
1536 1561
1536 1624
1536 1803
1536 2023
1536 3626
1536 4092
1536 4876
1536 5560
1536 7402
1536 7619
1536 8998
1537 2004
1537 2712
1537 3767
1537 6080
1537 7425
1537 8897
1537 9551
1538 2819
1538 3303
1538 4162
1539 1886
1539 2139
1539 2256
1539 2592
1539 2671
1539 3598
1539 4023
1539 4493
1539 4807
1539 4842
1539 5155
1539 5190
1539 5302
1539 5615
1539 5981
1539 8966
1540 1602
1540 2460
1540 3172
1540 3241
1540 3550
1540 3578
1540 3589
1540 3908
1540 4179
1540 4245
1540 4421
1540 4546
1540 4565
1540 5190
1540 5467
1540 6124
1540 6260
1540 6378
1540 6910
1540 7081
1540 7351
1540 7433
1540 7715
1540 8432
1540 9011
1541 1636
1541 2013
1541 4452
1541 5434
1542 1588
1542 1699
1542 1789
1542 2024
1542 2026
1542 2447
1542 2840
1542 2901
1542 2952
1542 3760
1542 3844
1542 3894
1542 4092
1542 4093
1542 4210
1542 4384
1542 4449
1542 4876
1542 5031
1542 5890
1542 5902
1542 6040
1542 6096
1542 6442
1542 6549
1542 6575
1542 6620
1542 6812
1542 6912
1542 7082
1542 7496
1542 8330
1542 8439
1542 9017
1542 9030
1543 1725
1543 2200
1543 2354
1543 2464
1543 3525
1543 6160
1543 6255
1543 6336
1543 6421
1543 6539
1543 6695
1544 3964
1544 4635
1544 5895
1544 6426
1544 6815
1544 7256
1544 8305
1545 2119
1545 2964
1545 2966
1545 3254
1545 3328
1545 4457
1545 5967
1545 5987
1545 6071
1545 6148
1545 6301
1545 6767
1545 7313
1545 7852
1545 8157
1545 8692
1545 9157
1546 2895
1546 3381
1546 3437
1546 5286
1546 6065
1546 7791
1546 8941
1547 1888
1547 2047
1547 2309
1547 2596
1547 2708
1547 3113
1547 3140
1547 3314
1547 3792
1547 4171
1547 5284
1547 5647
1547 6670
1547 7333
1547 8302
1547 8680
1547 8736
1547 8881
1547 9013
1548 1567
1548 1710
1548 1908
1548 2678
1548 3745
1548 5164
1548 5645
1548 5692
1548 6636
1548 8459
1548 8684
1548 9181
1549 1661
1549 1801
1549 2772
1549 3401
1549 5830
1549 8612
1549 8810
1550 1696
1550 1740
1550 1796
1550 1808
1550 1889
1550 2093
1550 2140
1550 3105
1550 3526
1550 4182
1550 4883
1550 4925
1550 4971
1550 5480
1550 6150
1550 6306
1550 6961
1550 6980
1550 7262
1550 7572
1550 7938
1550 8693
1550 8916
1551 2080
1551 2698
1551 2808
1551 2992
1551 3099
1551 3429
1551 3842
1551 4285
1551 4451
1551 4842
1551 5554
1551 6556
1551 6557
1551 6906
1551 7129
1551 8042
1551 8231
1551 8993
1551 9873
1552 1755
1552 2310
1552 2788
1552 4479
1552 5050
1552 5261
1552 5723
1552 6368
1552 7210
1552 9013
1553 1640
1553 1725
1553 2952
1553 3798
1553 3899
1553 5822
1553 6549
1553 6579
1553 8184
1553 9045
1553 9782
1553 9858
1554 1577
1554 1897
1554 2253
1554 2255
1554 2290
1554 2379
1554 2666
1554 3011
1554 3351
1554 3960
1554 4020
1554 4207
1554 4296
1554 4714
1554 4992
1554 5387
1554 5789
1554 6227
1554 6946
1554 7474
1554 7874
1554 7915
1554 7974
1554 8353
1554 9107
1554 9382
1555 1834
1555 1882
1555 1995
1555 2427
1555 2440
1555 2496
1555 3355
1555 3411
1555 3618
1555 4278
1555 4453
1555 4709
1555 4765
1555 5109
1555 5695
1555 5963
1555 5972
1555 7168
1555 7348
1555 7535
1555 7601
1555 8065
1555 9282
1555 9284
1555 9604
1555 9611
1556 1866
1556 3179
1556 4256
1556 4359
1556 4995
1556 5086
1556 5417
1556 9314
1557 2096
1557 2858
1557 2876
1557 3469
1557 5144
1557 5608
1557 8345
1557 8528
1558 1639
1558 1958
1558 2181
1558 2527
1558 3252
1558 3626
1558 3971
1558 4359
1558 4462
1558 4506
1558 4661
1558 4885
1558 5009
1558 5543
1558 5990
1558 6188
1558 6201
1558 6496
1558 7833
1558 8263
1559 1593
1559 1668
1559 2859
1559 3137
1559 5497
1559 6072
1559 7051
1559 9257
1559 9576
1559 9939
1560 2484
1560 3274
1560 3352
1560 3607
1560 4435
1560 4481
1560 6949
1560 7587
1560 8263
1560 8681
1560 9312
1560 9387
1561 1621
1561 2456
1561 2732
1561 2748
1561 2869
1561 4305
1561 4396
1561 4524
1561 4668
1561 4738
1561 4769
1561 5322
1561 5592
1561 6112
1561 8446
1561 8526
1562 1589
1562 1657
1562 1763
1562 1848
1562 2003
1562 2479
1562 2584
1562 2779
1562 2901
1562 2915
1562 3104
1562 4112
1562 4286
1562 4720
1562 4911
1562 5345
1562 5405
1562 5802
1562 7088
1562 7126
1562 7222
1562 7310
1562 7318
1562 8339
1562 9489
1562 9676
1563 2364
1563 2878
1563 3049
1563 3068
1563 3620
1563 3872
1563 5281
1563 5661
1563 6289
1563 6864
1563 7199
1563 8925
1563 8947
1564 2082
1564 2382
1564 2534
1564 2715
1564 3441
1564 4805
1564 4886
1564 6401
1564 8633
1564 8747
1564 8889
1564 9777
1564 9893
1565 2461
1565 2473
1565 2580
1565 2587
1565 2604
1565 2831
1565 3051
1565 3513
1565 3550
1565 3681
1565 3872
1565 4791
1565 4910
1565 5482
1565 7739
1565 9404
1565 9557
1565 9686
1565 9950
1566 1569
1566 1762
1566 1833
1566 1940
1566 2224
1566 2268
1566 2393
1566 2753
1566 3009
1566 3256
1566 3710
1566 4427
1566 4439
1566 5114
1566 5336
1566 5512
1566 6075
1566 6089
1566 7200
1566 7332
1566 8388
1566 8426
1566 8483
1567 1577
1567 1651
1567 1925
1567 2312
1567 2434
1567 2665
1567 2685
1567 2732
1567 2750
1567 3420
1567 3633
1567 4310
1567 4453
1567 4855
1567 5164
1567 5330
1567 5350
1567 5872
1567 6010
1567 6070
1567 6190
1567 6353
1567 6402
1567 6799
1567 6829
1567 6946
1567 8069
1567 9823
1567 9874
1568 3107
1568 4695
1568 5318
1568 5399
1568 5860
1568 6039
1568 6110
1568 6317
1568 7290
1568 7679
1568 7879
1568 8999
1569 2147
1569 3229
1569 4400
1569 5512
1569 5530
1569 5807
1569 6470
1569 6535
1569 7141
1569 8342
1570 4084
1570 5430
1570 7848
1570 8638
1571 1673
1571 2195
1571 3176
1571 3294
1571 3610
1571 3954
1571 4235
1571 4483
1571 4633
1571 4636
1571 5956
1571 8486
1571 9132
1572 1711
1572 1896
1572 2013
1572 2122
1572 2608
1572 2748
1572 3135
1572 3207
1572 3328
1572 3362
1572 4794
1572 6157
1572 7196
1572 7311
1572 7774
1572 8039
1572 8176
1572 8419
1572 8433
1572 9834
1573 2177
1573 5380
1573 6201
1573 7226
1573 7274
1573 8327
1574 2443
1574 2513
1574 2716
1574 2910
1574 3634
1574 4246
1574 4366
1574 4453
1574 4571
1574 4785
1574 4886
1574 5783
1574 6114
1574 6415
1574 6569
1574 6959
1574 8884
1575 2896
1575 2957
1575 2986
1575 3300
1575 3327
1575 3569
1575 4257
1575 4267
1575 4582
1575 4641
1575 5429
1575 8880
1575 9390
1575 9455
1576 1734
1576 2320
1576 2446
1576 2553
1576 3225
1576 3543
1576 4709
1576 5569
1576 6843
1576 7737
1576 8317
1576 8510
1576 9184
1576 9228
1577 1596
1577 2245
1577 2344
1577 2908
1577 2996
1577 3690
1577 3710
1577 3771
1577 5955
1577 6549
1578 1737
1578 1796
1578 2081
1578 2152
1578 2186
1578 3136
1578 3369
1578 3568
1578 3934
1578 4130
1578 4164
1578 4277
1578 5006
1578 5226
1578 5956
1578 6026
1578 6139
1578 6399
1578 7441
1578 7992
1578 8182
1579 1971
1579 2097
1579 2417
1579 3262
1579 4474
1579 4499
1579 5361
1579 7239
1579 8435
1579 8724
1579 8820
1580 1592
1580 1634
1580 1689
1580 2810
1580 3035
1580 3345
1580 3692
1580 3997
1580 4480
1580 5059
1580 5760
1580 5886
1580 6152
1580 7468
1580 8829
1580 9178
1580 9595
1581 1590
1581 1679
1581 2660
1581 3650
1581 3779
1581 4513
1581 4735
1581 4858
1581 5203
1581 6709
1581 7347
1581 8283
1582 1883
1582 1980
1582 2473
1582 5341
1582 5439
1582 5772
1582 7710
1582 7721
1582 8661
1582 9121
1582 9580
1582 9995
1583 2642
1583 2793
1583 3067
1583 4766
1583 5755
1583 7683
1583 7976
1583 8290
1583 8332
1583 8333
1583 8724
1584 1639
1584 1799
1584 1976
1584 2311
1584 2465
1584 2601
1584 3126
1584 3147
1584 3179
1584 3664
1584 4381
1584 4496
1584 4847
1584 5317
1584 5568
1584 5979
1584 6405
1584 6477
1584 7176
1584 8198
1584 8418
1584 8998
1584 9763
1584 9860
1584 9973
1585 1786
1585 2258
1585 2282
1585 2787
1585 3130
1585 3856
1585 4150
1585 4478
1585 4526
1585 5654
1585 9232
1586 1958
1586 2775
1586 3046
1586 3312
1586 3396
1586 3573
1586 3814
1586 4501
1586 5375
1586 5421
1586 5653
1586 5817
1586 7175
1586 7538
1586 7998
1586 9252
1587 3070
1587 3684
1587 4567
1587 5843
1587 6863
1587 7002
1587 7115
1587 8413
1587 8866
1588 1864
1588 1948
1588 2052
1588 2253
1588 2259
1588 2383
1588 2607
1588 2810
1588 2951
1588 2954
1588 3237
1588 4374
1588 4540
1588 5009
1588 5197
1588 5312
1588 6349
1588 6576
1588 6686
1588 6726
1588 7928
1588 8515
1588 8567
1588 8672
1588 8871
1588 9219
1589 1993
1589 2001
1589 2177
1589 2409
1589 2697
1589 2751
1589 2853
1589 2989
1589 3066
1589 3362
1589 4420
1589 4640
1589 5261
1589 6432
1589 7799
1589 8442
1590 2049
1590 2247
1590 2442
1590 2925
1590 3005
1590 3085
1590 6096
1590 7065
1590 7705
1590 8768
1590 9834
1590 9861
1591 1915
1591 1921
1591 1948
1591 2068
1591 3179
1591 3218
1591 3754
1591 4310
1591 4702
1591 5444
1591 5501
1591 5538
1591 5715
1591 5808
1591 6079
1591 6337
1591 7045
1591 8164
1591 8167
1591 9873
1592 2246
1592 2268
1592 3109
1592 3121
1592 3213
1592 3481
1592 3794
1592 4087
1592 4153
1592 4200
1592 6845
1592 7168
1592 7225
1592 7280
1592 9017
1593 2583
1593 2757
1593 3057
1593 3853
1593 3906
1593 4499
1593 4773
1593 5398
1593 5888
1593 8001
1593 8660
1593 9010
1593 9390
1594 2086
1594 2768
1594 3243
1594 3505
1594 3536
1594 4346
1594 4781
1594 5149
1594 5652
1594 6199
1594 6782
1594 6804
1594 6835
1594 7986
1594 7989
1594 9942
1595 1623
1595 1811
1595 1935
1595 2194
1595 2992
1595 3878
1595 4108
1595 5836
1595 9392
1595 9979
1596 2438
1596 2476
1596 2793
1596 4078
1596 4147
1596 4158
1596 5036
1596 7095
1596 7644
1596 9221
1596 9369
1597 1875
1597 1995
1597 2237
1597 2267
1597 2338
1597 2495
1597 2563
1597 2823
1597 2969
1597 2978
1597 3983
1597 3991
1597 4130
1597 4533
1597 4662
1597 4727
1597 5406
1597 5748
1597 5977
1597 6832
1598 1714
1598 1797
1598 2062
1598 2150
1598 2663
1598 2690
1598 3040
1598 3452
1598 3553
1598 4069
1598 4788
1598 5437
1598 5663
1598 5937
1598 6048
1598 6421
1598 7316
1598 7484
1598 7556
1598 7836
1598 7935
1598 8584
1598 9093
1598 9782
1598 9790
1599 2603
1599 3154
1599 3895
1599 3909
1599 4484
1599 5303
1599 6148
1599 7166
1599 7385
1599 7667
1599 8033
1599 8991
1599 9589
1599 9951
1600 1639
1600 1917
1600 2532
1600 2671
1600 3169
1600 3304
1600 3313
1600 3923
1600 4057
1600 4215
1600 4471
1600 4502
1600 5272
1600 5999
1600 7035
1600 7828
1600 7916
1601 1660
1601 2624
1601 2982
1601 3143
1601 3401
1601 3831
1601 3906
1601 4424
1601 4645
1601 4682
1601 5147
1601 5665
1601 5723
1601 6275
1601 8897
1601 9121
1602 2116
1602 2464
1602 2612
1602 2652
1602 2698
1602 3731
1602 4172
1602 4351
1602 4445
1602 6278
1602 6722
1602 7926
1602 8112
1602 8977
1603 1608
1603 1760
1603 1975
1603 2136
1603 3290
1603 3393
1603 4492
1603 4947
1603 5572
1603 6109
1603 7172
1603 7373
1603 7947
1603 8554
1603 8666
1603 8748
1603 8913
1603 9239
1604 1869
1604 1923
1604 2303
1604 2820
1604 3158
1604 4557
1604 4616
1604 4711
1604 4742
1604 5142
1604 5233
1604 5436
1604 5459
1604 8351
1604 9002
1604 9127
1604 9173
1605 1792
1605 1835
1605 1889
1605 2082
1605 2129
1605 2337
1605 2387
1605 2939
1605 3393
1605 3477
1605 4620
1605 4876
1605 5884
1605 7139
1605 7295
1605 7801
1605 8354
1605 8514
1605 9231
1606 2614
1606 3112
1606 3539
1606 3837
1606 4790
1606 4892
1606 4998
1606 5132
1606 6488
1606 8403
1607 2023
1607 2108
1607 2583
1607 2942
1607 2962
1607 3645
1607 6765
1607 7812
1607 8123
1607 9681
1608 2445
1608 3299
1608 3438
1608 3487
1608 4279
1608 4490
1608 4576
1608 5431
1608 5709
1608 6404
1608 6798
1608 6808
1608 7002
1608 8086
1608 9032
1608 9695
1609 1656
1609 1854
1609 1939
1609 2135
1609 2617
1609 2778
1609 4015
1609 4152
1609 4187
1609 4438
1609 4453
1609 4458
1609 4637
1609 4749
1609 4884
1609 4964
1609 5021
1609 5138
1609 5274
1609 5675
1609 6445
1609 6539
1609 7739
1609 8324
1610 1878
1610 1902
1610 2026
1610 2121
1610 2283
1610 2527
1610 2568
1610 2817
1610 2818
1610 2991
1610 3019
1610 3125
1610 5288
1610 6326
1610 6662
1610 8227
1610 9900
1610 9919
1610 9925
1611 1615
1611 1638
1611 1706
1611 1762
1611 1921
1611 3013
1611 3058
1611 3141
1611 3373
1611 3464
1611 3795
1611 5715
1611 5771
1611 5985
1611 6276
1611 6606
1611 6825
1611 7178
1611 7670
1611 7771
1611 8647
1611 9174
1611 9249
1611 9414
1611 9892
1612 1890
1612 1994
1612 2033
1612 2085
1612 2153
1612 2375
1612 2406
1612 2516
1612 2518
1612 2648
1612 2723
1612 2836
1612 3035
1612 3203
1612 3578
1612 3986
1612 4033
1612 4038
1612 4111
1612 4147
1612 4595
1612 4741
1612 4955
1612 4987
1612 5493
1612 5747
1612 5850
1612 6150
1612 6348
1612 7136
1612 7585
1612 8083
1612 8604
1612 8733
1612 9054
1612 9091
1612 9255
1612 9353
1612 9918
1613 1872
1613 1993
1613 2317
1613 2471
1613 2836
1613 3634
1613 3822
1613 4169
1613 4392
1613 4448
1613 5793
1613 6386
1613 7806
1613 8123
1613 8317
1613 8510
1613 8599
1613 9661
1614 1624
1614 1806
1614 2301
1614 2585
1614 3098
1614 3215
1614 3451
1614 3591
1614 3739
1614 3978
1614 4170
1614 4670
1614 5632
1614 6069
1614 6728
1614 6912
1614 6929
1614 7160
1614 7244
1614 7354
1614 7402
1614 7465
1614 7576
1614 7788
1614 8417
1614 8445
1614 8513
1614 8610
1614 8861
1614 8867
1614 8909
1614 9297
1614 9614
1615 1642
1615 1655
1615 2258
1615 2484
1615 3327
1615 3791
1615 4772
1615 4907
1615 5131
1615 5239
1615 5690
1615 5982
1615 6009
1615 6293
1615 6650
1615 6869
1615 7192
1615 7351
1615 8033
1615 8337
1615 8534
1615 8912
1615 9443
1616 1777
1616 2527
1616 2976
1616 4432
1616 4516
1616 4690
1616 6294
1616 6334
1616 7199
1616 7352
1616 8105
1616 8488
1616 8924
1616 9380
1617 2219
1617 2444
1617 3296
1617 3835
1617 4179
1617 4423
1617 4551
1617 4759
1617 5828
1617 6515
1617 7204
1617 7355
1617 9597
1618 1783
1618 2298
1618 2301
1618 3760
1618 5173
1618 5426
1618 6876
1618 6980
1618 6988
1618 7029
1618 8840
1618 9436
1619 1766
1619 1974
1619 1992
1619 2425
1619 2599
1619 2748
1619 2794
1619 4539
1619 4777
1619 5013
1619 5185
1619 6355
1619 6744
1619 7049
1619 7294
1619 7753
1619 7952
1619 8098
1619 8117
1619 8890
1619 9353
1619 9620
1620 2232
1620 2302
1620 2329
1620 3439
1620 3766
1620 4227
1620 4305
1620 4390
1620 4502
1620 6273
1620 6837
1620 8326
1620 8866
1620 9112
1621 1997
1621 2620
1621 3675
1621 4208
1621 4534
1621 5065
1621 5361
1621 5640
1621 7042
1621 7501
1621 7760
1621 8577
1622 2480
1622 2532
1622 2623
1622 2875
1622 2954
1622 4936
1622 5438
1622 5602
1622 6117
1622 6368
1622 9209
1622 9854
1623 1849
1623 1890
1623 2074
1623 2122
1623 2413
1623 2913
1623 2990
1623 3411
1623 3993
1623 4575
1623 4911
1623 5571
1623 7720
1623 8416
1623 8906
1623 9356
1623 9998
1624 1745
1624 2576
1624 2813
1624 3016
1624 3273
1624 3343
1624 3766
1624 3818
1624 3878
1624 3893
1624 4079
1624 4425
1624 4534
1624 4564
1624 5255
1624 5710
1624 6383
1624 6809
1624 7054
1624 7610
1624 8378
1624 8600
1624 8830
1624 9739
1625 2423
1625 2653
1625 3615
1625 4146
1625 4756
1625 5907
1625 7044
1625 9180
1626 1981
1626 2058
1626 2313
1626 2510
1626 2752
1626 3889
1626 4636
1626 4770
1626 5240
1626 5379
1626 5756
1626 6539
1626 6774
1626 7863
1626 9385
1627 2333
1627 3230
1627 4238
1627 4487
1627 4687
1627 5851
1627 7202
1627 7610
1627 8985
1627 9132
1627 9215
1628 1652
1628 2287
1628 2512
1628 2550
1628 2816
1628 3202
1628 3465
1628 4082
1628 4878
1628 4903
1628 5262
1628 5931
1628 6662
1628 9866
1629 2145
1629 2331
1629 2515
1629 2520
1629 2886
1629 3440
1629 3563
1629 3601
1629 3608
1629 3757
1629 4221
1629 4926
1629 5764
1629 6253
1629 6332
1629 6762
1629 6782
1629 6970
1629 7727
1629 8714
1629 9141
1629 9458
1629 9551
1630 2279
1630 2310
1630 3100
1630 3105
1630 3748
1630 3895
1630 4534
1630 4805
1630 5211
1630 6491
1630 8676
1630 9721
1631 1849
1631 2035
1631 2349
1631 2651
1631 3192
1631 3473
1631 4239
1631 4468
1631 4758
1631 4778
1631 4864
1631 6080
1631 6212
1631 7337
1631 8529
1631 9214
1631 9593
1632 1728
1632 2398
1632 3048
1632 3307
1632 3958
1632 4135
1632 4493
1632 6210
1632 7626
1632 8046
1633 2233
1633 2680
1633 3481
1633 4702
1633 4814
1633 5328
1633 5470
1633 5681
1633 5849
1633 7768
1633 7987
1633 9372
1634 1674
1634 4191
1634 4390
1634 4418
1634 4934
1634 6094
1634 7263
1634 7276
1634 7551
1634 8652
1635 2852
1635 4367
1635 6409
1635 7431
1635 9270
1636 2482
1636 2680
1636 2694
1636 3086
1636 3534
1636 7762
1636 7930
1636 8857
1636 9393
1637 1800
1637 1903
1637 2108
1637 5194
1637 5546
1637 5768
1637 5898
1637 6439
1637 7473
1637 7629
1637 7677
1637 8322
1637 8331
1637 9431
1637 9928
1638 2181
1638 2835
1638 3019
1638 3335
1638 3546
1638 3854
1638 4566
1638 5514
1638 5533
1638 6987
1638 9050
1639 2048
1639 2094
1639 2109
1639 2165
1639 2298
1639 2646
1639 3036
1639 3166
1639 4897
1639 5910
1639 6457
1639 6897
1639 6920
1639 7109
1639 7179
1639 8196
1639 8783
1639 8953
1639 9654
1640 1781
1640 2069
1640 2216
1640 2369
1640 3851
1640 4099
1640 4992
1640 5087
1640 7702
1640 7720
1640 8523
1640 9610
1641 1657
1641 1759
1641 1774
1641 1893
1641 2007
1641 2468
1641 2684
1641 2746
1641 3613
1641 4618
1641 4619
1641 4694
1641 5226
1641 7781
1641 8305
1641 8710
1641 8851
1641 9969
1642 2016
1642 2617
1642 2912
1642 3008
1642 3199
1642 3526
1642 3534
1642 4030
1642 4225
1642 4592
1642 5544
1642 6935
1642 6961
1642 8580
1642 9363
1642 9775
1642 9861
1643 2410
1643 3657
1643 3746
1643 3824
1643 4286
1643 5518
1643 7634
1643 8179
1643 9685
1644 1835
1644 2103
1644 2868
1644 3047
1644 3744
1644 4245
1644 4339
1644 4377
1644 4732
1644 4880
1644 5591
1644 5989
1644 6486
1644 6507
1644 7562
1644 7602
1644 7872
1644 7879
1644 7933
1644 7949
1644 8654
1644 9696
1644 9973
1645 1691
1645 1862
1645 2946
1645 3325
1645 3416
1645 3577
1645 3826
1645 6894
1645 7190
1645 8057
1646 2178
1646 2277
1646 2400
1646 2667
1646 2741
1646 2747
1646 2876
1646 4344
1646 4472
1646 4568
1646 7294
1646 7339
1646 7355
1646 7494
1646 7840
1646 8096
1646 8253
1646 8496
1646 8543
1646 9228
1647 1721
1647 1877
1647 2461
1647 3366
1647 3372
1647 4073
1647 4660
1647 5049
1647 5853
1647 8050
1648 1985
1648 2006
1648 2480
1648 3156
1648 3172
1648 4442
1648 4712
1648 5301
1648 6378
1648 6508
1648 8985
1649 1731
1649 2724
1649 3622
1649 3858
1649 4270
1649 4447
1649 4605
1649 4616
1649 5385
1649 5602
1649 5825
1649 7642
1649 7684
1650 1878
1650 1970
1650 2227
1650 2507
1650 2741
1650 2989
1650 3080
1650 3393
1650 3532
1650 3698
1650 3993
1650 4105
1650 5090
1650 5199
1650 5786
1650 6350
1650 6837
1650 7358
1651 1814
1651 1855
1651 2019
1651 2136
1651 2145
1651 2168
1651 2902
1651 3152
1651 6077
1651 8974
1651 9842
1651 9851
1652 3008
1652 3998
1652 4248
1652 6006
1652 6375
1653 1825
1653 2008
1653 2699
1653 2703
1653 2709
1653 2777
1653 3160
1653 3584
1653 3692
1653 4213
1653 4360
1653 4424
1653 4443
1653 4553
1653 4900
1653 5107
1653 5236
1653 5743
1653 5748
1653 6600
1653 7619
1653 7766
1653 8549
1653 9480
1654 1682
1654 1735
1654 1753
1654 2168
1654 2759
1654 3091
1654 3123
1654 3363
1654 3759
1654 4445
1654 4554
1654 4642
1654 4852
1654 5511
1654 7370
1654 7982
1654 8137
1654 8510
1654 9921
1655 1701
1655 2834
1655 4192
1655 4217
1655 4426
1655 4767
1655 5277
1655 7223
1656 1699
1656 1735
1656 2374
1656 2709
1656 2766
1656 3271
1656 4535
1656 4557
1656 4867
1656 5475
1656 5657
1656 6111
1656 6905
1656 7123
1656 7256
1656 8307
1656 9495
1656 9548
1656 9746
1656 9932
1657 1712
1657 2479
1657 2759
1657 3721
1657 3941
1657 4231
1657 5776
1657 5781
1657 7983
1657 8484
1657 9378
1658 2968
1658 3322
1658 5279
1658 5565
1658 6084
1658 7808
1659 1857
1659 2747
1659 2985
1659 3370
1659 4634
1659 5604
1659 6211
1659 6921
1659 7776
1659 7906
1659 8737
1659 9104
1659 9152
1659 9358
1660 1699
1660 2536
1660 3569
1660 3766
1660 4511
1660 4713
1660 6016
1660 6336
1660 6999
1660 7774
1660 7934
1660 8475
1660 9833
1661 1931
1661 2066
1661 2179
1661 2623
1661 2648
1661 2958
1661 3007
1661 3759
1661 3958
1661 4045
1661 4598
1661 5258
1661 6051
1661 6120
1661 7417
1661 7956
1661 9888
1662 2156
1662 2576
1662 2728
1662 2832
1662 2947
1662 3525
1662 3706
1662 3903
1662 6034
1662 6091
1662 6462
1662 7133
1662 7341
1662 7711
1662 8281
1662 8304
1662 8658
1662 8678
1662 9204
1662 9284
1662 9519
1662 9822
1663 2260
1663 3553
1663 4000
1663 6545
1663 7242
1664 1673
1664 2054
1664 3446
1664 4044
1664 4073
1664 4626
1664 5254
1664 7372
1664 8010
1664 8150
1664 9750
1665 1680
1665 2333
1665 2374
1665 2587
1665 2598
1665 2905
1665 2930
1665 3090
1665 3133
1665 3521
1665 3783
1665 4041
1665 4523
1665 4775
1665 4912
1665 6164
1665 6523
1665 7011
1665 7563
1665 7905
1665 8119
1665 8332
1665 8456
1665 8996
1665 9589
1665 9855
1665 9951
1666 2452
1666 2719
1666 3106
1666 5820
1666 6717
1666 6901
1666 7462
1666 7649
1666 8542
1666 9820
1666 9961
1667 2661
1667 3068
1667 3753
1667 3882
1667 3920
1667 5102
1667 5159
1667 6413
1667 6942
1667 6970
1667 7391
1667 7444
1667 8445
1667 8738
1667 9269
1668 1935
1668 2242
1668 2555
1668 2718
1668 2827
1668 2909
1668 3107
1668 3235
1668 3393
1668 3992
1668 4619
1668 4643
1668 4697
1668 4784
1668 4814
1668 5083
1668 5591
1668 6295
1668 6496
1668 6548
1668 6563
1668 6621
1668 7098
1668 7638
1668 7720
1668 7845
1668 8470
1668 8471
1668 8496
1668 9048
1668 9611
1669 1682
1669 1945
1669 3209
1670 1755
1670 2027
1670 2173
1670 2792
1670 3330
1670 3432
1670 3773
1670 3941
1670 4103
1670 5472
1670 5505
1670 5584
1670 5799
1670 6039
1670 6083
1670 6167
1670 6820
1670 6885
1670 8243
1670 8706
1670 9934
1671 1765
1671 2421
1671 3384
1671 4002
1671 4053
1671 4797
1671 5445
1671 5696
1671 5700
1671 5979
1671 6027
1671 7143
1671 7242
1671 7348
1671 7524
1671 8673
1672 1730
1672 1863
1672 4041
1672 4050
1672 4403
1672 7857
1672 8636
1672 8637
1672 8733
1672 8933
1673 1713
1673 2166
1673 2346
1673 3037
1673 3122
1673 3640
1673 4560
1673 4889
1673 5159
1673 6515
1673 6706
1673 7668
1673 8642
1673 8693
1673 8712
1673 9907
1674 1699
1674 2001
1674 2263
1674 2464
1674 2631
1674 2743
1674 2752
1674 2759
1674 2888
1674 3796
1674 3900
1674 4227
1674 4321
1674 4426
1674 4705
1674 5217
1674 6290
1674 6522
1674 6562
1674 7169
1674 7350
1674 7655
1674 7748
1674 8311
1674 9125
1675 2202
1675 2500
1675 2603
1675 4805
1675 5465
1675 6321
1675 9634
1676 2049
1676 2961
1676 3236
1676 3710
1676 3717
1676 4466
1676 4672
1676 4729
1676 4736
1676 5662
1676 6729
1676 6738
1676 6789
1676 7739
1676 7900
1676 8596
1676 9013
1676 9652
1677 2245
1677 3486
1677 3864
1677 4744
1677 7607
1678 1756
1678 1946
1678 2027
1678 2494
1678 2504
1678 2660
1678 2804
1678 2813
1678 3111
1678 3759
1678 3863
1678 3991
1678 4031
1678 4045
1678 4310
1678 4332
1678 4478
1678 4771
1678 5567
1678 5822
1678 6291
1678 6573
1678 6970
1678 7161
1678 8471
1678 8923
1678 8967
1678 9187
1679 1802
1679 1885
1679 2081
1679 2666
1679 2796
1679 3366
1679 3593
1679 3720
1679 4081
1679 4243
1679 4899
1679 5489
1679 5605
1679 5860
1679 6044
1679 6559
1679 6851
1679 7621
1679 7841
1679 8518
1679 8600
1679 8680
1679 9705
1680 1752
1680 2169
1680 2300
1680 5229
1680 5351
1680 5897
1680 6170
1680 6224
1680 7079
1680 7338
1680 8290
1680 8822
1681 2160
1681 2167
1681 2341
1681 2627
1681 2660
1681 2763
1681 3337
1681 3966
1681 5391
1681 5582
1681 6427
1681 6434
1681 7240
1681 8003
1681 9288
1682 1891
1682 1913
1682 2300
1682 3700
1682 4609
1682 5239
1682 7053
1682 7691
1682 8003
1683 1740
1683 2731
1683 2931
1683 3275
1683 3305
1683 3467
1683 3694
1683 3851
1683 3875
1683 4057
1683 4351
1683 5377
1683 5548
1683 5598
1683 5754
1683 5957
1683 6329
1683 6578
1683 6771
1683 7816
1683 8327
1683 8595
1683 9162
1684 1705
1684 1794
1684 2178
1685 1949
1685 2714
1685 3117
1685 3673
1685 4366
1685 4491
1685 4528
1685 4586
1685 4983
1685 6633
1685 6858
1685 7062
1685 7140
1685 7435
1685 7568
1685 7706
1685 7781
1685 8263
1685 8893
1685 9643
1686 1748
1686 1810
1686 2240
1686 2489
1686 3257
1686 3347
1686 3507
1686 3765
1686 4436
1686 5312
1686 5949
1686 7445
1686 7821
1686 7990
1686 9016
1686 9552
1686 9704
1687 2754
1687 2956
1687 3099
1687 4465
1687 4742
1687 5471
1687 5778
1687 9390
1688 1742
1688 2461
1688 3019
1688 3107
1688 3153
1688 4968
1688 5690
1688 6521
1688 7538
1688 7808
1688 9560
1689 1897
1689 1962
1689 1967
1689 2295
1689 2376
1689 3095
1689 3129
1689 4099
1689 4179
1689 4222
1689 4395
1689 4491
1689 5153
1689 5599
1689 5991
1689 6125
1689 6502
1689 6889
1689 7148
1689 7548
1689 7884
1689 8107
1689 8204
1689 9370
1689 9505
1689 9777
1689 9975
1690 1763
1690 1843
1690 2029
1690 2044
1690 2079
1690 2506
1690 2724
1690 2879
1690 2975
1690 3263
1690 3386
1690 3732
1690 3751
1690 4240
1690 4423
1690 4546
1690 5288
1690 5299
1690 5516
1690 5558
1690 5616
1690 5714
1690 5995
1690 6497
1690 7082
1690 7095
1690 7242
1690 7258
1690 7308
1690 8361
1690 9112
1690 9552
1691 5654
1691 7368
1691 8625
1692 2216
1692 2281
1692 3056
1692 3658
1692 4158
1692 5472
1692 6273
1692 6783
1692 9390
1693 2760
1693 2880
1693 3287
1693 3467
1693 3672
1693 4047
1693 4182
1693 4280
1693 4459
1693 4961
1693 5110
1693 5252
1693 5322
1693 5450
1693 5524
1693 5669
1693 5958
1693 6001
1693 6628
1693 6932
1693 7045
1693 7158
1693 7261
1693 7486
1693 7579
1693 7910
1693 8052
1693 8149
1693 9313
1694 2153
1694 3098
1694 3465
1694 4147
1694 4522
1694 4728
1694 4978
1694 5049
1694 5287
1694 6291
1694 6717
1694 6776
1694 7132
1694 8586
1694 8650
1694 8909
1695 2001
1695 2125
1695 2151
1695 2230
1695 2257
1695 2644
1695 3637
1695 3728
1695 3810
1695 3873
1695 4252
1695 4951
1695 5411
1695 5519
1695 5719
1695 7192
1695 7275
1695 7304
1695 7545
1695 8404
1695 8623
1695 9945
1696 2654
1696 3445
1696 3693
1696 4388
1696 5094
1696 5697
1696 8897
1696 9495
1696 9769
1697 2039
1697 2369
1697 2800
1697 3037
1697 3087
1697 5236
1697 8742
1697 9455
1698 1950
1698 2390
1698 2705
1698 2706
1698 3302
1698 3651
1698 4469
1698 4661
1698 4985
1698 5365
1698 5448
1698 5917
1698 6112
1698 6674
1698 6906
1698 9283
1698 9525
1698 9569
1698 9889
1699 2254
1699 2939
1699 4424
1699 5190
1699 5416
1699 5439
1699 5473
1699 7138
1699 7222
1699 7560
1699 7771
1699 7821
1699 8272
1699 8881
1699 9595
1699 9939
1700 2532
1700 2740
1700 3644
1700 5109
1700 5308
1700 5570
1700 6191
1700 6856
1700 6973
1700 7002
1700 7312
1700 7447
1701 2900
1701 3016
1701 3301
1701 3306
1701 4369
1701 4556
1701 5537
1701 5908
1701 6045
1701 6160
1701 6233
1701 6613
1701 7102
1701 7925
1701 8528
1701 9642
1701 9719
1702 1901
1702 2028
1702 3170
1702 4016
1702 4270
1702 4273
1702 4945
1702 5189
1703 1860
1703 2054
1703 2071
1703 2159
1703 2225
1703 2476
1703 2915
1703 3574
1703 4359
1703 4370
1703 4438
1703 4620
1703 4663
1703 4798
1703 4938
1703 7074
1703 9825
1704 2139
1704 2689
1704 3201
1704 3484
1704 4529
1704 5998
1704 6858
1704 7344
1705 1943
1705 2245
1705 2511
1705 2514
1705 2954
1705 3419
1705 3587
1705 3953
1705 4524
1705 4722
1705 4898
1705 4920
1705 4957
1705 5645
1705 5899
1705 5919
1705 6165
1705 6689
1705 7106
1705 7200
1705 7220
1705 8343
1705 9887
1706 2314
1706 2587
1706 3162
1706 4657
1706 5114
1706 5150
1706 5781
1706 6143
1706 7164
1706 7467
1706 8532
1706 8851
1706 9202
1706 9506
1707 3092
1707 3944
1707 4156
1707 4466
1707 4794
1707 4823
1707 5027
1707 5351
1707 7119
1707 7159
1708 2110
1708 2640
1708 2753
1708 4112
1708 6404
1708 6679
1708 7397
1709 1773
1709 2023
1709 2126
1709 2449
1709 2670
1709 3163
1709 3491
1709 4183
1709 4692
1709 4782
1709 5530
1709 5653
1709 5745
1709 5988
1709 6292
1709 6715
1709 6935
1709 7343
1709 7617
1709 7817
1709 7979
1709 8070
1709 8504
1709 8581
1709 8709
1709 9456
1709 9544
1709 9948
1710 2695
1710 2705
1710 2797
1710 2953
1710 3434
1710 3477
1710 3685
1710 3808
1710 4087
1710 4537
1710 4593
1710 5502
1710 5852
1710 6353
1710 7030
1710 7800
1710 8234
1711 1865
1711 4407
1711 4768
1711 4967
1711 5000
1711 5112
1711 5541
1711 6031
1711 6808
1711 6895
1711 7424
1711 7822
1711 7839
1712 1866
1712 2572
1712 3184
1712 3422
1712 4005
1712 5385
1712 6954
1712 7125
1712 7208
1712 7284
1712 7534
1712 9515
1713 1733
1713 3830
1713 4160
1713 5061
1713 6016
1713 6244
1713 6316
1713 6582
1713 8176
1713 9811
1714 2209
1714 2635
1714 2645
1714 3886
1714 4145
1714 5036
1714 5425
1714 5889
1714 6088
1714 6602
1714 7138
1714 7147
1714 7713
1714 8701
1714 8844
1714 9670
1715 2025
1715 2216
1715 2222
1715 2485
1715 2523
1715 2728
1715 3799
1715 4033
1715 4121
1715 4420
1715 4677
1715 5217
1715 6303
1715 6390
1715 7565
1715 7996
1715 8835
1716 4336
1716 6636
1716 7026
1716 7063
1716 9347
1717 2048
1717 2314
1717 2789
1717 3110
1717 3179
1717 3310
1717 3587
1717 3678
1717 4326
1717 6372
1717 6547
1717 6742
1717 7340
1717 7859
1717 8007
1717 9348
1717 9458
1717 9544
1718 1920
1718 2091
1718 2716
1718 2993
1718 7468
1718 7770
1719 1846
1719 2099
1719 3514
1719 4262
1719 5060
1719 5221
1719 5244
1719 5701
1719 6029
1719 8856
1719 9635
1719 9865
1719 9976
1720 1799
1720 2273
1720 2440
1720 2658
1720 2722
1720 2933
1720 3434
1720 4399
1720 4884
1720 5223
1720 5334
1720 5579
1720 5606
1720 5694
1720 5843
1720 6424
1720 6731
1720 9986
1721 2597
1721 2988
1721 3359
1721 4053
1721 4778
1721 5476
1721 5492
1721 6351
1721 7261
1721 7786
1721 7802
1721 7977
1721 8489
1721 8607
1721 9691
1722 1742
1722 1925
1722 2486
1722 3160
1722 3296
1722 3440
1722 3617
1722 4585
1722 4681
1722 5349
1722 5417
1722 5734
1722 6198
1722 7642
1722 8760
1722 9983
1723 1917
1723 2060
1723 2134
1723 2541
1723 3525
1723 3733
1723 5476
1723 5795
1723 5871
1723 5875
1723 6423
1723 6544
1723 6739
1723 7229
1723 9435
1723 9784
1724 1815
1724 1985
1724 2463
1724 4370
1724 4590
1724 5542
1724 7219
1724 9530
1724 9804
1725 2523
1725 4756
1725 5298
1725 7182
1725 8171
1726 1758
1726 1770
1726 1864
1726 1866
1726 2090
1726 2536
1726 2698
1726 2987
1726 2998
1726 3011
1726 3107
1726 3182
1726 3446
1726 3562
1726 3730
1726 3761
1726 4195
1726 4428
1726 4719
1726 4769
1726 4817
1726 4822
1726 4949
1726 5054
1726 5121
1726 5173
1726 5277
1726 5307
1726 5649
1726 6165
1726 6183
1726 6245
1726 6498
1726 6982
1726 7003
1726 7044
1726 7103
1726 7122
1726 7162
1726 7805
1726 8468
1726 9177
1726 9211
1726 9447
1726 9880
1727 2526
1727 2569
1727 2577
1727 3410
1727 3657
1727 3999
1727 5935
1727 6108
1727 6127
1727 6366
1727 6607
1727 7568
1727 7598
1727 7810
1727 8209
1727 8322
1727 9577
1727 9921
1728 1887
1728 2814
1728 2887
1728 3200
1728 3690
1728 4932
1728 5549
1728 5875
1728 6682
1729 2166
1729 2541
1729 2590
1729 3121
1729 3672
1729 4735
1729 5164
1729 5526
1729 6487
1729 6766
1729 6935
1729 7575
1729 8091
1729 8416
1729 8766
1730 1951
1730 2444
1730 2495
1730 5354
1730 5390
1730 7015
1730 7219
1730 7416
1730 9068
1731 1823
1731 2561
1731 4328
1731 5703
1731 6370
1731 6770
1731 9263
1732 1918
1732 2155
1732 2186
1732 3515
1732 4123
1732 4186
1732 4403
1732 5146
1732 5515
1732 6131
1732 6983
1732 7578
1732 8602
1732 9511
1733 1766
1733 1993
1733 1995
1733 2187
1733 3433
1733 3826
1733 3830
1733 5027
1733 5595
1733 5632
1733 5652
1733 5988
1733 6038
1733 6253
1733 6600
1733 7398
1733 7483
1733 8556
1733 9679
1734 2241
1734 2798
1734 3197
1734 3497
1734 4100
1734 4240
1734 6903
1734 7149
1734 8783
1734 9350
1735 2369
1735 2374
1735 2423
1735 3743
1735 3908
1735 4070
1735 4171
1735 4202
1735 4401
1735 4754
1735 4848
1735 5011
1735 5189
1735 5644
1735 5903
1735 5995
1735 6317
1735 7123
1735 7143
1735 7228
1735 7277
1735 7436
1735 7533
1735 8487
1735 9606
1735 9877
1736 1914
1736 2286
1736 2721
1736 3133
1736 3582
1736 4175
1736 4705
1736 5814
1736 9575
1736 9793
1737 2047
1737 2141
1737 2180
1737 2680
1737 2841
1737 3211
1737 3213
1737 3353
1737 3465
1737 3660
1737 4110
1737 4375
1737 5275
1737 5469
1737 6428
1737 6814
1737 6925
1737 7555
1737 9276
1738 2559
1738 3150
1738 3500
1738 3754
1738 4486
1738 4631
1738 4784
1738 5167
1738 5391
1738 5648
1738 5661
1738 5982
1738 6308
1738 7279
1738 7714
1738 8261
1738 8897
1738 9605
1739 1832
1739 1942
1739 2082
1739 2133
1739 2493
1739 2553
1739 2891
1739 3162
1739 3326
1739 3605
1739 3828
1739 4005
1739 4440
1739 5057
1739 6048
1739 6832
1739 7200
1739 7993
1739 8150
1739 8310
1739 9463
1740 1932
1740 2411
1740 2861
1740 2893
1740 2993
1740 3374
1740 4013
1740 6273
1740 8014
1740 8555
1740 8936
1740 9041
1741 1999
1741 2718
1741 3531
1741 3898
1741 4315
1741 4515
1741 4653
1741 5080
1741 5172
1741 5324
1741 5344
1741 6555
1741 7516
1741 7520
1741 7722
1741 8532
1741 8762
1741 9099
1742 2003
1742 2172
1742 2210
1742 2318
1742 2785
1742 2895
1742 6173
1742 6263
1742 7036
1742 7941
1742 9620
1742 9629
1743 1867
1743 2333
1743 2404
1743 3210
1743 3631
1743 4161
1743 4545
1743 5760
1743 7564
1743 8061
1743 9003
1743 9249
1744 4148
1744 5225
1744 5349
1744 5495
1744 6656
1744 6918
1744 8779
1744 9697
1745 1820
1745 3326
1745 3663
1745 3791
1745 4422
1745 7870
1746 2037
1746 2216
1746 2772
1746 3245
1746 3407
1746 3473
1746 3627
1746 4793
1746 5319
1746 5852
1746 6558
1746 6578
1746 9921
1747 2551
1747 3199
1747 3681
1747 3866
1747 5872
1747 5934
1747 6760
1747 6787
1747 7409
1747 7619
1747 7793
1747 7824
1747 8053
1747 8716
1747 9426
1747 9631
1748 2584
1748 3623
1748 3624
1748 3675
1748 6219
1749 1867
1749 2254
1749 2530
1749 2628
1749 2725
1749 2825
1749 2969
1749 3116
1749 3710
1749 4045
1749 4174
1749 4992
1749 5129
1749 5386
1749 5790
1749 6060
1749 6067
1749 6178
1749 6568
1749 6986
1749 7651
1749 7813
1749 7903
1749 8694
1749 9246
1749 9659
1750 3076
1750 3247
1750 3963
1750 3995
1750 5303
1750 6186
1750 6402
1750 7499
1750 7918
1750 8462
1751 1806
1751 2438
1751 3473
1751 3655
1751 4409
1751 7429
1751 7808
1751 7980
1751 8161
1751 8847
1751 8972
1751 9004
1751 9062
1751 9778
1752 1791
1752 2082
1752 2095
1752 2131
1752 3632
1752 5146
1752 5565
1752 7155
1752 7346
1752 9052
1752 9387
1753 3131
1753 3171
1753 3380
1753 3689
1753 3995
1753 4002
1753 4289
1753 4624
1753 5248
1753 5332
1753 6156
1753 6229
1753 6585
1753 7627
1753 7989
1753 8092
1753 8569
1753 8991
1753 9324
1753 9594
1754 1958
1754 2237
1754 2343
1754 2591
1754 3023
1754 3455
1754 3562
1754 4206
1754 4629
1754 6024
1754 6193
1754 6544
1754 6590
1754 6981
1754 7587
1754 7868
1754 8342
1754 8504
1755 1864
1755 2069
1755 2125
1755 2128
1755 2339
1755 2749
1755 2829
1755 3268
1755 3336
1755 3435
1755 3665
1755 4322
1755 5278
1755 6294
1755 8742
1755 8868
1755 9332
1756 2016
1756 2187
1756 3232
1756 4107
1756 4322
1756 5205
1756 5407
1756 5554
1756 5655
1756 6366
1756 6409
1756 6554
1756 6556
1756 7658
1756 7821
1756 7875
1756 8874
1756 9536
1756 9931
1756 9951
1757 2255
1757 2531
1757 2715
1757 2764
1757 3061
1757 3559
1757 5488
1757 5608
1757 5800
1757 6086
1757 6249
1757 6443
1757 7529
1757 8073
1757 8499
1757 9656
1757 9798
1758 1930
1758 2086
1758 2213
1758 2702
1758 2801
1758 3300
1758 3548
1758 3814
1758 3924
1758 4377
1758 4463
1758 4925
1758 6534
1758 6692
1758 6895
1758 7329
1758 7472
1758 8744
1759 2521
1759 2883
1759 2976
1759 4214
1759 4370
1759 6117
1759 6810
1759 8487
1759 8920
1759 9060
1760 2782
1760 2889
1760 2937
1760 3001
1760 3275
1760 3276
1760 4142
1760 4160
1760 4199
1760 4290
1760 4417
1760 4567
1760 4734
1760 5153
1760 5283
1760 5600
1760 6625
1760 6772
1760 7044
1760 7186
1760 7322
1760 7609
1760 8380
1760 8791
1760 9094
1760 9115
1761 2015
1761 2296
1761 3046
1761 3286
1761 3329
1761 3352
1761 4078
1761 4634
1761 4662
1761 4808
1761 5983
1761 6387
1761 7726
1761 7814
1761 8183
1761 8571
1761 9462
1761 9651
1762 1802
1762 1912
1762 4422
1762 4874
1762 5231
1762 5465
1762 5493
1762 7842
1762 8271
1762 9762
1763 1956
1763 1977
1763 2731
1763 2941
1763 3684
1763 3964
1763 4249
1763 4738
1763 5144
1763 5215
1763 5686
1763 6401
1763 7447
1763 8886
1764 4357
1764 5046
1764 5213
1764 9103
1764 9204
1764 9448
1765 1928
1765 2050
1765 2151
1765 2449
1765 2469
1765 2523
1765 5172
1765 6314
1765 8437
1765 9178
1765 9202
1766 2102
1766 2293
1766 2342
1766 3592
1766 3624
1766 3925
1766 4252
1766 4705
1766 5013
1766 5020
1766 7094
1766 7218
1766 7873
1766 9690
1766 9846
1767 1860
1767 3434
1767 3606
1767 4029
1767 4856
1767 4860
1767 6432
1767 6546
1767 6953
1767 7054
1767 7796
1767 8583
1767 9713
1768 2629
1768 3204
1768 3340
1768 3825
1768 3839
1768 4144
1768 4676
1768 5060
1768 5940
1768 6116
1768 6306
1768 6853
1768 7736
1768 8791
1768 9115
1768 9199
1769 2322
1769 2378
1769 2663
1769 3044
1769 3207
1769 5152
1769 8276
1770 1785
1770 2144
1770 2212
1770 3300
1770 3426
1770 3438
1770 4125
1770 4733
1770 4753
1770 5709
1770 7133
1770 7195
1771 2531
1771 3039
1771 3986
1771 4088
1771 4414
1771 6604
1771 6779
1771 7089
1772 1844
1772 2031
1772 2276
1772 2445
1772 2674
1772 2828
1772 3994
1772 5139
1772 5403
1772 5852
1772 6674
1772 7724
1772 8697
1773 1815
1773 9034
1773 9606
1774 2459
1774 2581
1774 3211
1774 3376
1774 4630
1774 4847
1774 4851
1774 5486
1774 7087
1774 7751
1774 8119
1775 2372
1775 2383
1775 2630
1775 3003
1775 3021
1775 3244
1775 3582
1775 3663
1775 3735
1775 4099
1775 4383
1775 4567
1775 6043
1775 6201
1775 6284
1775 6546
1775 6572
1775 6682
1775 7104
1775 8622
1775 9797
1775 9838
1776 1976
1776 2774
1776 4224
1776 4464
1776 5143
1776 5860
1776 6691
1776 6755
1776 7080
1776 7122
1776 8915
1776 9593
1776 9954
1777 1853
1777 3036
1777 3146
1777 3265
1777 3680
1777 3794
1777 3865
1777 5411
1777 5622
1777 5623
1777 6541
1777 6589
1777 7562
1777 7908
1777 8818
1777 8969
1777 9008
1777 9677
1778 2436
1778 2474
1778 3958
1778 4354
1778 5993
1778 6240
1778 9265
1778 9462
1778 9946
1778 9975
1779 1897
1779 3012
1779 3168
1779 3742
1779 4178
1779 4468
1779 5625
1780 3379
1780 7095
1780 8064
1780 8220
1780 9643
1781 1957
1781 2149
1781 2379
1781 2420
1781 2436
1781 2453
1781 2795
1781 3137
1781 3740
1781 4257
1781 4263
1781 4381
1781 4740
1781 5186
1781 5533
1781 8592
1781 8951
1782 3156
1782 3183
1782 4934
1782 5455
1782 5511
1782 5770
1782 6711
1782 7130
1782 9754
1783 2159
1783 2386
1783 2460
1783 2526
1783 2608
1783 3042
1783 3413
1783 3514
1783 4527
1783 5501
1783 5833
1783 6541
1783 6585
1783 7138
1783 8843
1783 9027
1784 1838
1784 2092
1784 2779
1784 3460
1784 4163
1784 4524
1784 5773
1784 6320
1784 7481
1784 7687
1784 8093
1784 9321
1784 9556
1784 9893
1785 1791
1785 3650
1785 3867
1785 4044
1785 5977
1785 7312
1785 8913
1786 3141
1786 4035
1786 4825
1786 5147
1786 5887
1786 7815
1786 9044
1786 9897
1786 9933
1787 2379
1787 2441
1787 2824
1787 2839
1787 3194
1787 3395
1787 5003
1787 5192
1787 5687
1787 6150
1787 7877
1787 7968
1787 8097
1787 8173
1787 9432
1788 2176
1788 2605
1788 3105
1788 3173
1788 3266
1788 3696
1788 5687
1788 6179
1788 6395
1788 6440
1788 6749
1788 7984
1788 9133
1788 9691
1789 3058
1789 3464
1789 4719
1789 5140
1789 5263
1789 6788
1789 7081
1789 7234
1790 2433
1790 2473
1790 2723
1790 2877
1790 2956
1790 4508
1790 4532
1790 4968
1790 5015
1790 5076
1790 5628
1790 8365
1790 9343
1791 1849
1791 2495
1791 2624
1791 3088
1791 5581
1791 5634
1791 5728
1791 6130
1791 6887
1791 8221
1791 8278
1791 8508
1791 9558
1792 2778
1792 3520
1792 3688
1792 5124
1792 5242
1792 5247
1792 6774
1792 7273
1792 7652
1792 8442
1792 9322
1793 4285
1793 4495
1793 4729
1793 6001
1793 6621
1793 6972
1793 7003
1793 8524
1794 2005
1794 2657
1794 4187
1794 4807
1794 4914
1794 5253
1794 5358
1794 5447
1794 6104
1794 6128
1794 7370
1794 8077
1794 8577
1794 8585
1795 2403
1795 2646
1795 2930
1795 3429
1795 4629
1796 2018
1796 2679
1796 2832
1796 2866
1796 3057
1796 3081
1796 3232
1796 3647
1796 3807
1796 3895
1796 4251
1796 6127
1796 6372
1796 7316
1796 7353
1796 7874
1797 2031
1797 2200
1797 2636
1797 3367
1797 4327
1797 4489
1797 4687
1797 5254
1797 6056
1797 6145
1797 6818
1797 6828
1797 7456
1797 8210
1797 8995
1797 9088
1797 9316
1797 9345
1797 9825
1798 1961
1798 2361
1798 2969
1798 3187
1798 4463
1798 4776
1798 5358
1798 5762
1798 7965
1799 1847
1799 1986
1799 3775
1799 3860
1799 5489
1799 5570
1799 6296
1799 6807
1799 8204
1799 8447
1800 1836
1800 2242
1800 2417
1800 2549
1800 2825
1800 3329
1800 3477
1800 4108
1800 4412
1800 4943
1800 5036
1800 5200
1800 5215
1800 5847
1800 6636
1800 7067
1800 8677
1801 1855
1801 2537
1801 3219
1801 3237
1801 3811
1801 4549
1801 4602
1801 5232
1801 5373
1801 7502
1801 7513
1801 7533
1801 8177
1801 8900
1801 9032
1801 9074
1801 9651
1802 2379
1802 3321
1802 3616
1802 4323
1802 4951
1802 5105
1802 5502
1802 5664
1802 7287
1802 7837
1802 9490
1803 1931
1803 2371
1803 2610
1803 2703
1803 2856
1803 2967
1803 3026
1803 3077
1803 3190
1803 3443
1803 3732
1803 3874
1803 4231
1803 4839
1803 5325
1803 8266
1803 8308
1804 1875
1804 1972
1804 2047
1804 2078
1804 2252
1804 2384
1804 3747
1804 3791
1804 3804
1804 5654
1804 5831
1804 5852
1804 6257
1804 6799
1804 7005
1804 7096
1804 7800
1804 8612
1804 8677
1804 9503
1804 9657
1805 2896
1805 5063
1805 6609
1805 6691
1805 7264
1805 8363
1805 9830
1806 2137
1806 3852
1806 4182
1806 6536
1806 8216
1806 8396
1807 1941
1807 3014
1807 3846
1807 5082
1807 5823
1807 6116
1807 6237
1807 6612
1807 8543
1807 9488
1808 2308
1808 2685
1808 2802
1808 3803
1808 4139
1808 4146
1808 4960
1808 6260
1808 7869
1808 7920
1808 8307
1808 9076
1809 2135
1809 2236
1809 2331
1809 2566
1809 2928
1809 3213
1809 3294
1809 3392
1809 3921
1809 4273
1809 4420
1809 4474
1809 5886
1809 8473
1809 8548
1809 9986
1810 2972
1810 3809
1810 5550
1810 6138
1810 6961
1810 8502
1810 9318
1811 1837
1811 2246
1811 3051
1811 3600
1811 3828
1811 4295
1811 5070
1811 7553
1811 8146
1811 8254
1811 8349
1812 1932
1812 3218
1812 3281
1812 3658
1812 3683
1812 4214
1812 5132
1812 5572
1812 6690
1812 7233
1812 8146
1812 9981
1813 1852
1813 2027
1813 2118
1813 4906
1813 5833
1813 6902
1813 7998
1813 8987
1813 9885
1814 2110
1814 2266
1814 2481
1814 2523
1814 2678
1814 3804
1814 3805
1814 3959
1814 4623
1814 4652
1814 4686
1814 5035
1814 5229
1814 5301
1814 6324
1814 6490
1814 7391
1814 7704
1814 7773
1814 8452
1814 9153
1814 9561
1815 2018
1815 2149
1815 2324
1815 2357
1815 2408
1815 2917
1815 3033
1815 3818
1815 5063
1815 5246
1815 5741
1815 5816
1815 6041
1815 6076
1815 6418
1815 6673
1815 7112
1815 7651
1815 7702
1815 7727
1816 1896
1816 2079
1816 2156
1816 2218
1816 2268
1816 3350
1816 3383
1816 3421
1816 4519
1816 4676
1816 4742
1816 4820
1816 5207
1816 5784
1816 6436
1816 7014
1816 7534
1816 7650
1816 7664
1816 7792
1816 7964
1816 8148
1816 8955
1817 1959
1817 3830
1817 3938
1817 4271
1817 4513
1817 5415
1817 5790
1817 7748
1817 8236
1817 8668
1818 2226
1818 3855
1818 5075
1818 6270
1819 3355
1819 4313
1819 4707
1819 4768
1819 5102
1819 5877
1819 6332
1819 8529
1819 9189
1819 9338
1819 9489
1820 1960
1820 2178
1820 2985
1820 3242
1820 3788
1820 4088
1820 4250
1820 4448
1820 4811
1820 5719
1820 5795
1820 5848
1820 5971
1820 6278
1820 6455
1820 7191
1820 7952
1820 8670
1820 9854
1821 2062
1821 2355
1821 2662
1821 2688
1821 2726
1821 2836
1821 3178
1821 3187
1821 3571
1821 3718
1821 3751
1821 5301
1821 5365
1821 5784
1821 5961
1821 6411
1821 7380
1821 7412
1821 7560
1821 7596
1821 8374
1821 8483
1821 8486
1821 8733
1821 9089
1822 2762
1822 2809
1822 4388
1822 4501
1822 6885
1822 8617
1823 2639
1823 3760
1823 4171
1823 4500
1823 5101
1823 5462
1823 6133
1823 6444
1823 6705
1823 9127
1824 1861
1824 2028
1824 2122
1824 2729
1824 2956
1824 2958
1824 3086
1824 7240
1825 2965
1825 3090
1825 3125
1825 3330
1825 4295
1825 4406
1825 4696
1825 4794
1825 6479
1825 6726
1825 6929
1826 2115
1826 2793
1826 2826
1826 3117
1826 3210
1826 3513
1826 3747
1826 3965
1826 5005
1826 5540
1826 5877
1826 7307
1826 8569
1826 8667
1826 9354
1826 9937
1826 9943
1827 2599
1827 2856
1827 3036
1827 3795
1827 4353
1827 4889
1827 5194
1827 6033
1827 6930
1827 7708
1827 7801
1827 8488
1827 9213
1828 1882
1828 2306
1828 2422
1828 2513
1828 2845
1828 3166
1828 3422
1828 3536
1828 4074
1828 5015
1828 5569
1828 5609
1828 5705
1828 5771
1828 7316
1829 3089
1829 3226
1829 6661
1829 9064
1830 2152
1830 2393
1830 2675
1830 2967
1830 3012
1830 3136
1830 3275
1830 3377
1830 3428
1830 4576
1830 4581
1830 5019
1830 6810
1830 7222
1830 7553
1830 8243
1830 8299
1830 8765
1830 8812
1831 2056
1831 2122
1831 2150
1831 2582
1831 2875
1831 4042
1831 5356
1832 2142
1832 2299
1832 2359
1832 2677
1832 2813
1832 3273
1832 3362
1832 3420
1832 3509
1832 4010
1832 5117
1832 5178
1832 5334
1832 6627
1832 7295
1832 8302
1832 8414
1832 8766
1832 9242
1833 2092
1833 2314
1833 2409
1833 2526
1833 2889
1833 3384
1833 3687
1833 3853
1833 4114
1833 4607
1833 4631
1833 4688
1833 4957
1833 5232
1833 5537
1833 6111
1833 6693
1833 7393
1833 8459
1833 9108
1833 9850
1833 9932
1834 2577
1834 2608
1834 2753
1834 3111
1834 3112
1834 3158
1834 3223
1834 3356
1834 3420
1834 4895
1834 5816
1834 6404
1834 8442
1834 9879
1834 9948
1835 2168
1835 3026
1835 3143
1835 3543
1835 3885
1835 4290
1835 4716
1835 4833
1835 8164
1835 8914
1836 2611
1836 3106
1836 3743
1836 3860
1836 3909
1836 4915
1836 5028
1836 5159
1836 5686
1836 5863
1836 6320
1837 4025
1837 5074
1837 5404
1837 5485
1837 5985
1837 6062
1837 6102
1837 7015
1837 7695
1837 8553
1837 9186
1838 1993
1838 2611
1838 3210
1838 3807
1838 4122
1838 5585
1838 5690
1838 5809
1838 6095
1838 6419
1838 6841
1838 7125
1838 7297
1838 9060
1838 9357
1838 9966
1839 2117
1839 2416
1839 2709
1839 3293
1839 3970
1839 5040
1839 5717
1839 5951
1839 6552
1840 3470
1840 4519
1840 4919
1840 5505
1840 6965
1840 8753
1840 8784
1840 8946
1841 1898
1841 2686
1841 3170
1841 4960
1841 5069
1841 5138
1841 5336
1841 5771
1841 6597
1841 9480
1841 9645
1842 1895
1842 2125
1842 2351
1842 2365
1842 2618
1842 3162
1842 3548
1842 3790
1842 4853
1842 5587
1842 7731
1842 8726
1842 9297
1842 9621
1842 9742
1843 1905
1843 1966
1843 2182
1843 2450
1843 2512
1843 2591
1843 2750
1843 3063
1843 3205
1843 3258
1843 3802
1843 4391
1843 4612
1843 4715
1843 5235
1843 6006
1843 8434
1843 8653
1843 9298
1843 9765
1844 2012
1844 2927
1844 2936
1844 3762
1844 3980
1844 4596
1844 4768
1844 4944
1844 5093
1844 6108
1844 7739
1844 9586
1845 2144
1845 3220
1845 3455
1845 3554
1845 3748
1845 4824
1845 5730
1845 5968
1845 6167
1845 6205
1845 6451
1845 7170
1845 7377
1845 7668
1845 9964
1846 2677
1846 2879
1846 3403
1846 3854
1846 4293
1846 5437
1846 7117
1846 7419
1846 7802
1846 7804
1846 9291
1846 9545
1846 9640
1846 9823
1847 1987
1847 2014
1847 2244
1847 2748
1847 2751
1847 2929
1847 3223
1847 5175
1847 6802
1847 7345
1847 7426
1847 8173
1847 8314
1847 8638
1847 9640
1847 9977
1848 2019
1848 2050
1848 2707
1848 2922
1848 2971
1848 3505
1848 3803
1848 3835
1848 4241
1848 4265
1848 4532
1848 5582
1848 6284
1848 6429
1848 7172
1848 8535
1848 8715
1848 9161
1848 9686
1849 2008
1849 2317
1849 2357
1849 3223
1849 3291
1849 3910
1849 4157
1849 5292
1849 6592
1849 6865
1849 6885
1849 6954
1849 6964
1849 8716
1849 8977
1850 2273
1850 2318
1850 2540
1850 2541
1850 2883
1850 2931
1850 3277
1850 3352
1850 3422
1850 4457
1850 4521
1850 4993
1850 5503
1850 5747
1850 6678
1850 7309
1850 7714
1850 8083
1850 9124
1851 1958
1851 2471
1851 2565
1851 3590
1851 3697
1851 3822
1851 9206
1851 9419
1852 2235
1852 3076
1852 3208
1852 4233
1852 5575
1852 6297
1852 6944
1852 7404
1852 7440
1852 8168
1853 2044
1853 2300
1853 2445
1853 2616
1853 2656
1853 4993
1853 5322
1853 5499
1853 5954
1853 6685
1853 6828
1853 6924
1853 7459
1853 7656
1853 7685
1853 8449
1854 2074
1854 2259
1854 2613
1854 3297
1854 3484
1854 4340
1854 4669
1854 4824
1854 5606
1854 7019
1854 7132
1854 8072
1854 8926
1854 9591
1855 2163
1855 2210
1855 2306
1855 3803
1855 4353
1855 4849
1855 5243
1855 7831
1855 8493
1855 9947
1856 1871
1856 2159
1856 2599
1856 2883
1856 2926
1856 3149
1856 3328
1856 3527
1856 3573
1856 3882
1856 4246
1856 4411
1856 4420
1856 4942
1856 4993
1856 5065
1856 5426
1856 5457
1856 5575
1856 6023
1856 6056
1856 6644
1856 6667
1856 6867
1856 7057
1856 7175
1856 7471
1856 7771
1856 8366
1856 8590
1856 8598
1856 8818
1856 8958
1856 9175
1857 2276
1857 2299
1857 2923
1857 2927
1857 4206
1857 4383
1857 4756
1857 5204
1857 5792
1857 6536
1857 7763
1857 7848
1857 8259
1857 8866
1857 9421
1858 2035
1858 2621
1858 2703
1858 7793
1858 8244
1858 9495
1859 1926
1859 3035
1859 4340
1859 4550
1859 5268
1859 5696
1859 5697
1859 5812
1859 5999
1859 6103
1859 6759
1859 6961
1859 7345
1859 7583
1859 7763
1860 2478
1860 2821
1860 2874
1860 4528
1860 4971
1860 5039
1860 6078
1860 6316
1860 8117
1860 8655
1861 2750
1861 4770
1861 4959
1861 5667
1861 7169
1861 7369
1861 9847
1862 2304
1862 2415
1862 2424
1862 2688
1862 3653
1862 4278
1862 5161
1862 5361
1862 5631
1862 6005
1862 6319
1862 6459
1862 6750
1862 8296
1862 8313
1862 8372
1862 8935
1862 9208
1863 2120
1863 2727
1863 2825
1863 3382
1863 3777
1863 4697
1863 5534
1863 5556
1863 7130
1863 7147
1863 8036
1863 8342
1863 8419
1864 2133
1864 2384
1864 2636
1864 3249
1864 4060
1864 5926
1864 6065
1864 6274
1864 6454
1865 2630
1865 4149
1865 4787
1865 4835
1865 5145
1865 5561
1865 7024
1865 7097
1865 7902
1865 8561
1865 8952
1865 9238
1865 9811
1865 9959
1866 2095
1866 2207
1866 2269
1866 2544
1866 2607
1866 2669
1866 3191
1866 3304
1866 3377
1866 4918
1866 5317
1866 5376
1866 5470
1866 5535
1866 5576
1866 6521
1866 6915
1866 7348
1866 7786
1866 9282
1867 1893
1867 1898
1867 2471
1867 2561
1867 2773
1867 2940
1867 2949
1867 3361
1867 3471
1867 3759
1867 3902
1867 3951
1867 4025
1867 4046
1867 4242
1867 4966
1867 5139
1867 5692
1867 6338
1867 6393
1867 6398
1867 6901
1867 7054
1867 7488
1868 2091
1868 2510
1868 2586
1868 5072
1868 5157
1868 6354
1868 7094
1869 2251
1869 2552
1869 2857
1869 3801
1869 3988
1869 4089
1869 4509
1869 6939
1869 7899
1869 8936
1869 9164
1869 9183
1869 9709
1870 2276
1870 3124
1870 3488
1870 4313
1870 5010
1870 5980
1870 7089
1870 7100
1871 2469
1871 2908
1871 3756
1871 4491
1871 7648
1871 9091
1871 9125
1871 9663
1872 1916
1872 2573
1872 2578
1872 2663
1872 2669
1872 2749
1872 2875
1872 3819
1872 4138
1872 4442
1872 4584
1872 4757
1872 5084
1872 5086
1872 5127
1872 7248
1872 7868
1872 9708
1873 1932
1873 2059
1873 2417
1873 2446
1873 3427
1873 3546
1873 3836
1873 3974
1873 4103
1873 4487
1873 4780
1873 5059
1873 5994
1873 7187
1873 7470
1873 7900
1873 8531
1873 9487
1873 9801
1873 9877
1874 1877
1874 2293
1874 3272
1874 3626
1874 3661
1874 4265
1874 4778
1874 5478
1874 7083
1874 7338
1874 7550
1874 7578
1875 2438
1875 2942
1875 4566
1875 4918
1875 4997
1875 5379
1875 5435
1875 5636
1875 6295
1875 7709
1875 7744
1875 8855
1875 9823
1876 2148
1876 2428
1876 2772
1876 3164
1876 3471
1876 3658
1876 3782
1876 4279
1876 4417
1876 4927
1876 5023
1876 5181
1876 5607
1876 6223
1876 6407
1876 7803
1876 8135
1876 8351
1876 9813
1877 3332
1877 3564
1877 5736
1877 6824
1877 7505
1878 3523
1878 4183
1878 5001
1878 6247
1878 8341
1879 2030
1879 3483
1879 4492
1879 5364
1879 8390
1879 8829
1879 9256
1880 2222
1880 2836
1880 3133
1880 3196
1880 7762
1880 8695
1881 1899
1881 1959
1881 1999
1881 2176
1881 2728
1881 2849
1881 3402
1881 3639
1881 3657
1881 3807
1881 4670
1881 5331
1881 5508
1881 5925
1881 6827
1881 6911
1881 6984
1881 7128
1881 7241
1881 8036
1881 8039
1881 8269
1881 9878
1882 3267
1882 3433
1882 3513
1882 5915
1882 5924
1882 6715
1882 7639
1882 8593
1882 9003
1882 9118
1883 1936
1883 2010
1883 2392
1883 2403
1883 2558
1883 2862
1883 3146
1883 3299
1883 4180
1883 5230
1883 5610
1883 5704
1883 6749
1883 7857
1883 8656
1883 9095
1884 2092
1884 2189
1884 3146
1884 3218
1884 4402
1884 6282
1884 7017
1884 9522
1885 2697
1885 3302
1885 3804
1885 5118
1885 6289
1885 6478
1885 7665
1885 7801
1885 8068
1885 9515
1885 9824
1886 2538
1886 2564
1886 3134
1886 5281
1887 2360
1887 2433
1887 2986
1887 3351
1887 3464
1887 4000
1887 4254
1887 4593
1887 5696
1887 5806
1887 6473
1887 6607
1887 6689
1887 6920
1887 6984
1887 7704
1887 9472
1887 9607
1887 9613
1888 1984
1888 2185
1888 2698
1888 2704
1888 2918
1888 2936
1888 3748
1888 3992
1888 4083
1888 5288
1888 5458
1888 5549
1888 5867
1888 7234
1889 2045
1889 2247
1889 3076
1889 3178
1889 3823
1889 4504
1889 5623
1889 5724
1889 6227
1889 7820
1889 7852
1889 8145
1889 8454
1889 9700
1890 2004
1890 2185
1890 3012
1890 3388
1890 3607
1890 3812
1890 3944
1890 4483
1890 4638
1890 5067
1890 7124
1890 7383
1890 7508
1890 9413
1890 9570
1891 2336
1891 2495
1891 2502
1891 2802
1891 2895
1891 2976
1891 3477
1891 3808
1891 4106
1891 4622
1891 5012
1891 5237
1891 5873
1891 6177
1891 6471
1891 7086
1891 8216
1891 9009
1891 9660
1892 2098
1892 2136
1892 2318
1892 2604
1892 2715
1892 2957
1892 3983
1892 4900
1892 5150
1892 5361
1892 5427
1892 5488
1892 7828
1892 7901
1892 8157
1892 8495
1892 8859
1892 9735
1893 1902
1893 2835
1893 3306
1893 4724
1893 4891
1893 5765
1893 6552
1893 6831
1893 7364
1893 8130
1893 8228
1893 8625
1893 8636
1893 8657
1894 2393
1894 2499
1894 2695
1894 3225
1894 3525
1894 3566
1894 4002
1894 4435
1894 4439
1894 5201
1894 6380
1894 6430
1894 6477
1894 7561
1894 8608
1894 8768
1894 9709
1895 2532
1895 2929
1895 3310
1895 3816
1895 4605
1895 4607
1895 4833
1895 5362
1895 6914
1895 6937
1895 6942
1895 8067
1895 8241
1895 8532
1895 8579
1895 9041
1896 1915
1896 2138
1896 2375
1896 2401
1896 2684
1896 2703
1896 2736
1896 2760
1896 3458
1896 3543
1896 3804
1896 3930
1896 4056
1896 5507
1896 5659
1896 6197
1896 6786
1896 7037
1896 7378
1896 8872
1896 9416
1896 9738
1897 3170
1897 3530
1897 3565
1897 4168
1897 4848
1897 7096
1897 7154
1897 9774
1897 9975
1898 2075
1898 2910
1898 2977
1898 3805
1898 4365
1898 5544
1898 5597
1898 6138
1898 6310
1898 7012
1898 7596
1898 7793
1898 8134
1898 8904
1898 9500
1899 2224
1899 2443
1899 2609
1899 3050
1899 4784
1899 5768
1899 8751
1899 9238
1899 9318
1900 2088
1900 2738
1900 2946
1900 3349
1900 3964
1900 4240
1900 4565
1900 4892
1900 5349
1900 5458
1900 5777
1900 5847
1900 6152
1900 8811
1900 9481
1900 9910
1901 2632
1901 2831
1901 2898
1901 3000
1901 3003
1901 3034
1901 3049
1901 3340
1901 4802
1901 4830
1901 4873
1901 5655
1901 7158
1901 7906
1901 8270
1901 9632
1901 9707
1902 2317
1902 2739
1902 3057
1902 3485
1902 3682
1902 4311
1902 4991
1902 6016
1902 7233
1902 7531
1902 8572
1902 9569
1903 2043
1903 2539
1903 2796
1903 4265
1903 4491
1903 5266
1903 5430
1903 6330
1903 7888
1903 9529
1904 2510
1904 3062
1904 3126
1904 3498
1904 3580
1904 3901
1904 4274
1904 4521
1904 7325
1904 8760
1904 9323
1905 2200
1905 2204
1905 2523
1905 2642
1905 3496
1905 3498
1905 4038
1905 5820
1905 6857
1905 7789
1905 7919
1905 8241
1905 9105
1906 2164
1906 2763
1906 2939
1906 3073
1906 4219
1906 5904
1906 6576
1907 2285
1907 2584
1907 2749
1907 3033
1907 3121
1907 3285
1907 3289
1907 3359
1907 3656
1907 3827
1907 4622
1907 4967
1907 5311
1907 7193
1907 7360
1907 8032
1907 8260
1907 8568
1908 2009
1908 6538
1908 9601
1908 9676
1908 9820
1909 2287
1909 3177
1909 3445
1909 4519
1909 4709
1909 6212
1909 7854
1909 8002
1909 8844
1910 1943
1910 3012
1910 3526
1910 3780
1910 3868
1910 3915
1910 4427
1910 4613
1910 4865
1910 5189
1910 6306
1910 6333
1910 7061
1910 7513
1910 8308
1910 8500
1910 8541
1910 9120
1910 9756
1911 1952
1911 2058
1911 2167
1911 2363
1911 2755
1911 2989
1911 3599
1911 4514
1911 4905
1911 6236
1911 6424
1911 9048
1912 2585
1912 4613
1912 4704
1912 5105
1912 5190
1912 6410
1912 7031
1912 7564
1912 8371
1913 2009
1913 2592
1913 2973
1913 3558
1913 3721
1913 4048
1913 4399
1913 5144
1913 5436
1913 5489
1913 5765
1913 6474
1913 8269
1913 8548
1913 8962
1913 9186
1914 2298
1914 2724
1914 2972
1914 3145
1914 3429
1914 3707
1914 3837
1914 4422
1914 6168
1914 7066
1914 7338
1914 8804
1915 2248
1915 2416
1915 2421
1915 2612
1915 2904
1915 3203
1915 3248
1915 3527
1915 5798
1915 6243
1915 6757
1915 7053
1915 8165
1915 8948
1915 9394
1916 2959
1916 4066
1916 5193
1916 5665
1916 6771
1916 9520
1917 2354
1917 2817
1917 3088
1917 3089
1917 3091
1917 3534
1917 4990
1917 5332
1917 5904
1917 5913
1917 6183
1917 6685
1917 7116
1917 8772
1917 8835
1917 9265
1917 9375
1918 3404
1918 5180
1918 5585
1918 6471
1918 6778
1918 7355
1918 7978
1918 8838
1918 9743
1919 2089
1919 2163
1919 2889
1919 3111
1919 3240
1919 3416
1919 5988
1919 5992
1919 6121
1919 6165
1919 7241
1919 7356
1919 8257
1919 8821
1919 9575
1920 2399
1920 3866
1920 3895
1920 4083
1920 4716
1920 5428
1920 5514
1920 6115
1920 7461
1920 9252
1921 2192
1921 2240
1921 2776
1921 3416
1921 4796
1921 5111
1921 5602
1921 6009
1921 6499
1921 6978
1921 7522
1921 9316
1921 9339
1921 9389
1921 9722
1922 2527
1922 3200
1922 4186
1922 4760
1922 5435
1922 6578
1922 6616
1922 9734
1923 3667
1923 5018
1923 5726
1923 6402
1923 7199
1923 7259
1923 9173
1923 9673
1924 3173
1924 3448
1924 4187
1924 4219
1924 4249
1924 4336
1924 4658
1924 4937
1924 5226
1924 5238
1924 5605
1924 6097
1924 6614
1924 7408
1924 7495
1924 7650
1924 7745
1924 7915
1924 7992
1924 8050
1924 8548
1924 9391
1924 9731
1924 9896
1925 2628
1925 2678
1925 4883
1925 5633
1925 5659
1925 7020
1925 8023
1925 8074
1925 9512
1925 9548
1925 9723
1926 1963
1926 2308
1926 2400
1926 2759
1926 2960
1926 3623
1926 3665
1926 3985
1926 4268
1926 5775
1926 6031
1926 6241
1926 6903
1926 9843
1927 2776
1927 2807
1927 3480
1927 4977
1927 4997
1927 7210
1927 7636
1927 8967
1927 9521
1928 1962
1928 2561
1928 4682
1928 5604
1928 5736
1928 5831
1928 7687
1928 8273
1928 8288
1928 8647
1928 9203
1928 9951
1929 1990
1929 2048
1929 2242
1929 2610
1929 3307
1929 3439
1929 3809
1929 4397
1929 4574
1929 6588
1929 7074
1929 7845
1929 7898
1929 8745
1929 9630
1930 2043
1930 2288
1930 2694
1930 3195
1930 3434
1930 3456
1930 3541
1930 4087
1930 4114
1930 4331
1930 4595
1930 4829
1930 5291
1930 5387
1930 5435
1930 5975
1930 7813
1930 8033
1930 8518
1930 9188
1930 9626
1930 9669
1931 2785
1931 3156
1931 3947
1931 5676
1931 5808
1931 6567
1931 9893
1932 2113
1932 2169
1932 2360
1932 2943
1932 3506
1932 4393
1932 5423
1932 5438
1932 5595
1932 5775
1932 6577
1932 7434
1932 7447
1932 7870
1932 8276
1933 3192
1933 3706
1933 4217
1933 6410
1933 6445
1933 6597
1933 7656
1933 7732
1933 8039
1933 8399
1934 2401
1934 3448
1934 3482
1934 3999
1934 4115
1934 4720
1934 5527
1934 6338
1934 6828
1935 2061
1935 2654
1935 6159
1935 6681
1935 6819
1935 6853
1935 6858
1935 7271
1935 7488
1935 8121
1935 9098
1935 9231
1936 2467
1936 2595
1936 3435
1936 3788
1936 4123
1936 4538
1936 4645
1936 4680
1936 4685
1936 5819
1936 6044
1936 6106
1936 6181
1936 6577
1936 6819
1936 6844
1936 7437
1936 7501
1936 8469
1936 9279
1936 9489
1937 3233
1937 3372
1937 4028
1937 4413
1937 4824
1937 5182
1937 5246
1937 5481
1937 6181
1937 6539
1937 7707
1937 8407
1937 9702
1938 2017
1938 2408
1938 2662
1938 2692
1938 2970
1938 3111
1938 4145
1938 4686
1938 5024
1938 5053
1938 5115
1938 5613
1938 5940
1938 6213
1938 6642
1938 6931
1938 7446
1938 8322
1938 8993
1938 9138
1939 2560
1939 3094
1939 3175
1939 3915
1939 4477
1939 4801
1939 9018
1939 9647
1940 4116
1940 5063
1940 5184
1940 6428
1940 8320
1940 8340
1940 8934
1940 9706
1941 2181
1941 2250
1941 2407
1941 2485
1941 3163
1941 3311
1941 3435
1941 3469
1941 3562
1941 4115
1941 5026
1941 7755
1941 8209
1941 9892
1942 1979
1942 2121
1942 2366
1942 2960
1942 3040
1942 3201
1942 3813
1942 5003
1942 5400
1942 5598
1942 5940
1942 6271
1942 6568
1942 6934
1942 7121
1942 7394
1942 7612
1942 8050
1942 9487
1942 9497
1942 9510
1943 2122
1943 2311
1943 2315
1943 2433
1943 2509
1943 2985
1943 3343
1943 3382
1943 4336
1943 5207
1943 5591
1943 5680
1943 5872
1943 5948
1943 6430
1943 7395
1943 7743
1943 8365
1943 8605
1944 2630
1944 3570
1944 3822
1944 4284
1944 5040
1944 6505
1944 7486
1944 8687
1944 9314
1944 9392
1944 9567
1944 9606
1944 9639
1944 9971
1945 1955
1945 2098
1945 2699
1945 2864
1945 3410
1945 3525
1945 4090
1945 4917
1945 5652
1945 6091
1945 6745
1945 7674
1945 9902
1946 2164
1946 2368
1946 2905
1946 4048
1946 9371
1946 9543
1947 2882
1947 3059
1947 3196
1947 7729
1947 9332
1947 9610
1948 2096
1948 2195
1948 2798
1948 4316
1948 4514
1948 5294
1948 5923
1948 5940
1948 5980
1948 6867
1948 7587
1948 7754
1948 8017
1948 8869
1948 9035
1948 9141
1948 9618
1948 9940
1949 2753
1949 3056
1949 4181
1949 4555
1949 4858
1949 4874
1949 4954
1949 6622
1949 7260
1949 8140
1949 8429
1949 9823
1949 9931
1950 2063
1950 2073
1950 2530
1950 2897
1950 3654
1950 4553
1950 4580
1950 5027
1950 5340
1950 5921
1950 6617
1950 7147
1950 9724
1951 2735
1951 3155
1951 6910
1951 7205
1951 8590
1952 2558
1952 5846
1952 7440
1952 7553
1952 7990
1952 8418
1952 9154
1953 2013
1953 2167
1953 2290
1953 3775
1953 5091
1953 5780
1953 5896
1953 6612
1953 7666
1953 7963
1953 9622
1953 9737
1954 1955
1954 2137
1954 3459
1954 4243
1954 4494
1954 5418
1954 5858
1954 6261
1954 6544
1954 7676
1954 9156
1955 2343
1955 2802
1955 2918
1955 3019
1955 3215
1955 3903
1955 4901
1955 5438
1955 5880
1955 7726
1955 7880
1955 8857
1955 8918
1955 9909
1956 2652
1956 3335
1956 3350
1956 5013
1956 5131
1956 6370
1956 6574
1956 7293
1956 8655
1956 8679
1956 9671
1957 2179
1957 2913
1957 4057
1957 4750
1957 4837
1957 4937
1957 5942
1957 7564
1957 7820
1957 8089
1957 8405
1957 9413
1958 2282
1958 2974
1958 3070
1958 4480
1958 4827
1958 7209
1958 7927
1958 8049
1958 9024
1958 9390
1959 2457
1959 2643
1959 3664
1959 3705
1959 3935
1959 3958
1959 5635
1959 8067
1959 9397
1959 9587
1959 9732
1959 9767
1960 2550
1960 3474
1960 3921
1960 5925
1960 6691
1960 7083
1960 8658
1961 2822
1961 5758
1961 5974
1961 6551
1961 6787
1961 7432
1961 8830
1962 2248
1962 2346
1962 2520
1962 3284
1962 3461
1962 4779
1962 4793
1962 4854
1962 5526
1962 5713
1962 6439
1962 7049
1962 7752
1962 7884
1962 9248
1963 2994
1963 3113
1963 4021
1963 4154
1963 4179
1963 4241
1963 4632
1963 5007
1963 5367
1963 5481
1963 9917
1964 1970
1964 2237
1964 2343
1964 3222
1964 3847
1964 3922
1964 4329
1964 4352
1964 4837
1964 5255
1964 6284
1964 6669
1964 6865
1964 8688
1964 9615
1965 3227
1965 5167
1965 7731
1965 9582
1965 9606
1966 2255
1966 2461
1966 2883
1966 3345
1966 3688
1966 3787
1966 4092
1966 4108
1966 5716
1966 6174
1966 7025
1966 7094
1966 8575
1966 9115
1966 9365
1967 3257
1967 3743
1967 4015
1967 4226
1967 4684
1967 5666
1967 6135
1968 2229
1968 2515
1968 2611
1968 2790
1968 2901
1968 3552
1968 4037
1968 4998
1968 5704
1968 5966
1968 6202
1968 8174
1968 8438
1968 8467
1968 8477
1969 2275
1969 2520
1969 2585
1969 5289
1969 6928
1969 7222
1969 7424
1969 7459
1969 9672
1969 9975
1970 2166
1970 2488
1970 3271
1970 5095
1970 5140
1970 5454
1970 6403
1970 8379
1971 2003
1971 2149
1971 2459
1971 2660
1971 2850
1971 2983
1971 3879
1971 4014
1971 5363
1971 6727
1971 7988
1971 8616
1972 2325
1972 2706
1972 3323
1972 3497
1972 3917
1972 4211
1972 4908
1972 6181
1972 8211
1972 8455
1972 9823
1973 2101
1973 2254
1973 2373
1973 2500
1973 2864
1973 2915
1973 3004
1973 3011
1973 3314
1973 3349
1973 3370
1973 3439
1973 4109
1973 4375
1973 4862
1973 5022
1973 5318
1973 5949
1973 5968
1973 6533
1973 6556
1973 6577
1973 6618
1973 7169
1973 8480
1973 8540
1974 2360
1974 2853
1974 3606
1974 3778
1974 4333
1974 5659
1974 6336
1974 7824
1974 8592
1974 9367
1975 2374
1975 2517
1975 2624
1975 2821
1975 3293
1975 4043
1975 4562
1975 5997
1975 9044
1975 9077
1976 2219
1976 2303
1976 3842
1976 4414
1976 5209
1976 5566
1976 6377
1976 6774
1976 6958
1976 8361
1976 8621
1976 8985
1976 9420
1977 2121
1977 2122
1977 2209
1977 2828
1977 3563
1977 4256
1977 4506
1977 4585
1977 4735
1977 4794
1977 4929
1977 6104
1977 6520
1977 6766
1977 7450
1977 8096
1977 9200
1978 3104
1978 3365
1978 6254
1978 7810
1978 8312
1978 8879
1978 9398
1978 9512
1978 9578
1979 2555
1979 2618
1979 3250
1979 3441
1979 4225
1979 4413
1979 5218
1979 7174
1979 7601
1979 8780
1979 9180
1979 9861
1979 9863
1980 2165
1980 2496
1980 2816
1980 3205
1980 3424
1980 4170
1980 4191
1980 4443
1980 6018
1980 6019
1980 6125
1980 6330
1980 7705
1980 7846
1980 9571
1980 9619
1980 9651
1980 9740
1981 2124
1981 3517
1981 8216
1981 8551
1981 8978
1981 9311
1981 9338
1982 2364
1982 2721
1982 3014
1982 3134
1982 5414
1982 5681
1982 6301
1982 9208
1983 2123
1983 3208
1983 3217
1983 3546
1983 3907
1983 5563
1983 5975
1983 8879
1984 2071
1984 2184
1984 4337
1984 5661
1984 5732
1984 5733
1984 5986
1984 6610
1984 7382
1984 8256
1985 3228
1985 3448
1985 5536
1985 5692
1985 7083
1985 7454
1985 8734
1986 2403
1986 3594
1986 3639
1986 4247
1986 5262
1986 6114
1986 6316
1986 6628
1986 8326
1986 8523
1986 8841
1986 9179
1987 2051
1987 2235
1987 2332
1987 2748
1987 2826
1987 3017
1987 3181
1987 3596
1987 4163
1987 4363
1987 4796
1987 5483
1987 5775
1987 6389
1987 6515
1987 6589
1987 6695
1987 6999
1987 8121
1987 8420
1987 9095
1988 2212
1988 2380
1988 2644
1988 3153
1988 3225
1988 3400
1988 3978
1988 4759
1988 5158
1988 6328
1988 6657
1988 6777
1988 7363
1988 7667
1988 8646
1988 9031
1988 9524
1989 2947
1989 3676
1989 3907
1989 4822
1989 5857
1990 2366
1990 2507
1990 2552
1990 2696
1990 3038
1990 5461
1990 5879
1990 6127
1990 6928
1990 8597
1990 9730
1990 9767
1991 2003
1991 2441
1991 2456
1991 3173
1991 3798
1991 5241
1992 2038
1992 2441
1992 2870
1992 3292
1992 5058
1992 5499
1992 6300
1992 8268
1992 9086
1993 3337
1994 3179
1994 4518
1994 5962
1995 2628
1995 3149
1995 3201
1995 3239
1995 4042
1995 4087
1995 4350
1995 4522
1995 4705
1995 4806
1995 4932
1995 5163
1995 5484
1995 6152
1995 6467
1995 7081
1995 7972
1995 9056
1995 9657
1996 2134
1996 2290
1996 2807
1996 2825
1996 2931
1996 3674
1996 4718
1996 5066
1996 5807
1996 6537
1996 6720
1996 6887
1996 7622
1996 7951
1996 8381
1996 8483
1996 9375
1996 9844
1997 2676
1997 2797
1997 2992
1997 3496
1997 4518
1997 6559
1997 6984
1997 7103
1997 7609
1997 7816
1997 7920
1997 8286
1997 8539
1997 8888
1997 8926
1997 9812
1998 2261
1998 2650
1998 2744
1998 4327
1998 4625
1998 4774
1998 6291
1998 6483
1998 8391
1998 8464
1999 2059
1999 2248
1999 2260
1999 2263
1999 2506
1999 2626
1999 2864
1999 3061
1999 3092
1999 3143
1999 3321
1999 3360
1999 3375
1999 3503
1999 3845
1999 3850
1999 4106
1999 4663
1999 5034
1999 5076
1999 5542
1999 5738
1999 5829
1999 6107
1999 6911
1999 6923
1999 7275
1999 8144
1999 8189
1999 8712
1999 9722
1999 9871
2000 2597
2000 2636
2000 2896
2000 4589
2000 6838
2001 3524
2001 3575
2001 5703
2001 9146
2002 2143
2002 4082
2002 4792
2002 4839
2002 5402
2002 5440
2002 5929
2002 6224
2002 7513
2003 2031
2003 2101
2003 2865
2003 3061
2003 3441
2003 3715
2003 3781
2003 4473
2003 4989
2003 5007
2003 6062
2003 6425
2003 6438
2003 7075
2003 9844
2004 5818
2004 6641
2004 6792
2004 7437
2004 8060
2004 8862
2005 2385
2005 2470
2005 2821
2005 4580
2005 5130
2005 5165
2005 5295
2005 5718
2005 7486
2005 7595
2005 7866
2006 2469
2006 2806
2006 3824
2006 3948
2006 3983
2006 4044
2006 5114
2006 5367
2006 5567
2006 5718
2006 6088
2006 6134
2006 6328
2006 6756
2006 6816
2006 7824
2006 7999
2006 8174
2006 8630
2006 8809
2006 8972
2006 9671
2007 2204
2007 2416
2007 2926
2007 3177
2007 3909
2007 5119
2007 6008
2007 6719
2007 6940
2007 6994
2007 7938
2007 8778
2007 9671
2007 9936
2008 2227
2008 2758
2008 6105
2009 2170
2009 4564
2009 5051
2009 5473
2009 5925
2009 5952
2009 6625
2009 7111
2009 7310
2009 7951
2009 9282
2010 2174
2010 2291
2010 2589
2010 2736
2010 2752
2010 2929
2010 3119
2010 3376
2010 5739
2010 5838
2010 5955
2010 7999
2010 8757
2010 9599
2011 2461
2011 2482
2011 3168
2011 3327
2011 5500
2011 5540
2011 5600
2011 6131
2011 6338
2011 7758
2012 2154
2012 2278
2012 2393
2012 3126
2012 3173
2012 3245
2012 3533
2012 3702
2012 3764
2012 4549
2012 5904
2012 6050
2012 6786
2012 7032
2012 7875
2012 8908
2012 9046
2012 9325
2012 9417
2012 9989
2013 2105
2013 2189
2013 2711
2013 3018
2013 3410
2013 3809
2013 4697
2013 4753
2013 5017
2013 5113
2013 5307
2013 6578
2013 7574
2013 9234
2013 9821
2014 2395
2014 2685
2014 3193
2014 4432
2014 6440
2014 6614
2014 6710
2014 7390
2014 7761
2014 8620
2014 9887
2015 2295
2015 2615
2015 2739
2015 2962
2015 2995
2015 3259
2015 4167
2015 4543
2015 4726
2015 6033
2015 6496
2015 6531
2015 6713
2015 6782
2015 9709
2016 2093
2016 2517
2016 3624
2016 4030
2016 5160
2016 7065
2016 7775
2016 8140
2016 8253
2016 8523
2017 2398
2017 2505
2017 2689
2017 3445
2017 3566
2017 3778
2017 3882
2017 3901
2017 4477
2017 5736
2017 7796
2017 7946
2017 9147
2017 9184
2018 2236
2018 4151
2018 4704
2018 4913
2018 5926
2018 6775
2018 9482
2019 3099
2019 3427
2019 3459
2019 3607
2019 4335
2019 4423
2019 4462
2019 5152
2019 7208
2019 7586
2019 7956
2019 9890
2020 2348
2020 2576
2020 2942
2020 3185
2020 3234
2020 4388
2020 4634
2020 5461
2020 6363
2020 6969
2020 8196
2020 8377
2020 8583
2020 9580
2020 9639
2020 9896
2020 9906
2021 3338
2021 3418
2021 4359
2021 4686
2021 6327
2021 6483
2021 6570
2021 6647
2021 7277
2021 8444
2021 8875
2021 8990
2022 2030
2022 2333
2022 2435
2022 2747
2022 2754
2022 2996
2022 4107
2022 6885
2022 7140
2022 8858
2022 8949
2023 2327
2023 2983
2023 3108
2023 3116
2023 3509
2023 3752
2023 3928
2023 4103
2023 4580
2023 7057
2023 7274
2023 7839
2023 8922
2023 8993
2024 2547
2024 2868
2024 2980
2024 3219
2024 3450
2024 3483
2024 3822
2024 3829
2024 3908
2024 4472
2024 4933
2024 5487
2024 5908
2024 6126
2024 7876
2024 7888
2024 9582
2025 2029
2025 2224
2025 2562
2025 3108
2025 4763
2025 5721
2025 7622
2025 8184
2025 9190
2026 2514
2026 2686
2026 4027
2026 4099
2026 4452
2026 5029
2026 6018
2026 7375
2026 9102
2026 9770
2027 2036
2027 2557
2027 3574
2027 3883
2027 3951
2027 4615
2027 4900
2027 5636
2027 6025
2027 6060
2027 7350
2027 7703
2027 8113
2027 9137
2027 9697
2027 9868
2028 2343
2028 2631
2028 3601
2028 4438
2028 7883
2028 8303
2028 8750
2029 2227
2029 2371
2029 2817
2029 3610
2029 3738
2029 5720
2029 5783
2029 6638
2029 8606
2029 9644
2030 3045
2030 3047
2030 3450
2030 3831
2030 4614
2030 5698
2030 6873
2030 7538
2030 8853
2030 9065
2031 5140
2031 5948
2031 9112
2031 9858
2032 2175
2032 2391
2032 2861
2032 2932
2032 3634
2032 3923
2032 4011
2032 4519
2032 4950
2032 4987
2032 5761
2032 6061
2032 7299
2032 8586
2033 2173
2033 2775
2033 3015
2033 3084
2033 3222
2033 3996
2033 4038
2033 4349
2033 5868
2033 5998
2033 6702
2033 6715
2033 6854
2033 7446
2033 9619
2033 9722
2033 9939
2034 2154
2034 2211
2034 3778
2034 4043
2034 4171
2034 4219
2034 4296
2034 4485
2034 4660
2034 4731
2034 6874
2034 7345
2034 7617
2034 7847
2034 7993
2034 8919
2034 9817
2035 2851
2035 2927
2035 3159
2035 4111
2035 4489
2035 6666
2035 7586
2035 7736
2035 8260
2036 2197
2036 3388
2036 3549
2036 4234
2036 4706
2036 4770
2036 7876
2036 8055
2036 8219
2036 8728
2036 9276
2037 2982
2037 3103
2037 3242
2037 3403
2037 3427
2037 3610
2037 3703
2037 3874
2037 4221
2037 4291
2037 4462
2037 5065
2037 5293
2037 5754
2037 5938
2037 7354
2037 8140
2037 8894
2037 8977
2038 2371
2038 2387
2038 2514
2038 2749
2038 4418
2038 4563
2038 5761
2038 6710
2038 6862
2038 7442
2038 7744
2039 3261
2039 4511
2039 7677
2039 7838
2039 8083
2039 8245
2039 8450
2039 8547
2039 8868
2039 9002
2040 2503
2040 2933
2040 3154
2040 3853
2040 4422
2040 4888
2040 5312
2040 5582
2040 5607
2040 6707
2040 6987
2040 7083
2040 7745
2041 2235
2041 2465
2041 2771
2041 2796
2041 2838
2041 2921
2041 3145
2041 3153
2041 4078
2041 4520
2041 4805
2041 5047
2041 6016
2041 6579
2041 7615
2041 7639
2041 8012
2041 8712
2041 8811
2041 9162
2041 9763
2041 9853
2042 2265
2042 2327
2042 3199
2042 3663
2042 3931
2042 5947
2042 7370
2042 7681
2042 9304
2042 9498
2043 2201
2043 2474
2043 2995
2043 3452
2043 4023
2043 6884
2043 7127
2043 9119
2043 9565
2043 9577
2044 3221
2044 3821
2044 4137
2044 8238
2044 8659
2044 9287
2044 9420
2045 2378
2045 2627
2045 4097
2045 4847
2045 5388
2045 5717
2045 6015
2045 8887
2046 2239
2046 2742
2046 3189
2046 3510
2046 3761
2046 4040
2046 5177
2046 6383
2046 7666
2046 9052
2046 9146
2047 3536
2047 3633
2047 4627
2047 4744
2047 5344
2047 5393
2047 8601
2047 9992
2048 2204
2048 2559
2048 2831
2048 3995
2048 4844
2048 5131
2048 5609
2048 5867
2048 6119
2048 7351
2048 8574
2048 8594
2048 8940
2049 2626
2049 2924
2049 3201
2049 3236
2049 3370
2049 4299
2049 4389
2049 5097
2049 5590
2049 6310
2049 6396
2049 6630
2049 8823
2049 9698
2049 9917
2049 9921
2050 2853
2050 2974
2050 3023
2050 3596
2050 4061
2050 4974
2050 6449
2050 6542
2050 8076
2050 8108
2051 2367
2051 2438
2051 3598
2051 4437
2051 4448
2051 6405
2051 6708
2051 8246
2051 8562
2051 8705
2051 8881
2051 9293
2052 3490
2052 5367
2052 5495
2052 6244
2052 7411
2052 7625
2052 7631
2052 8578
2052 9255
2052 9501
2053 2366
2053 2903
2053 5876
2053 6855
2053 7673
2053 8532
2053 8710
2053 9389
2053 9722
2054 3106
2054 3701
2054 4300
2054 6575
2054 6763
2054 7388
2054 9450
2055 2404
2055 3101
2055 4642
2055 4737
2055 4858
2055 5223
2055 6141
2055 6896
2055 6904
2055 8468
2055 9429
2056 3434
2056 4362
2056 7530
2056 8179
2056 8279
2056 8449
2056 9803
2057 2367
2057 2702
2057 2910
2057 3524
2057 3919
2057 4272
2057 5108
2057 5587
2057 6254
2057 7776
2058 2702
2058 3614
2058 4313
2058 5640
2058 6422
2058 6800
2058 7051
2058 7539
2058 7868
2058 7918
2058 8892
2059 2672
2059 3073
2059 3920
2059 4477
2059 4550
2059 5019
2059 6389
2059 6887
2059 7559
2059 7737
2059 7811
2059 8509
2059 9862
2060 2207
2060 3527
2060 3565
2060 4200
2060 5399
2060 5630
2060 5728
2060 6043
2060 6821
2060 7547
2060 7753
2060 8569
2060 9640
2060 9770
2061 2546
2061 2697
2061 3308
2061 3389
2061 4256
2061 4294
2061 4721
2061 4725
2061 5054
2061 5258
2061 5969
2061 6189
2061 6239
2061 8665
2061 9265
2061 9296
2061 9781
2062 2827
2062 2882
2062 3195
2062 3212
2062 3588
2062 4578
2062 4790
2062 5882
2062 6028
2062 6237
2062 6246
2062 6378
2062 6576
2062 6978
2062 8726
2062 9396
2063 2670
2063 2738
2063 2745
2063 3397
2063 3441
2063 4649
2063 4733
2063 6877
2063 7239
2063 8127
2063 8838
2064 2430
2064 3157
2064 4014
2064 4617
2064 4796
2064 5190
2064 7368
2064 8391
2064 8935
2065 2930
2065 3175
2065 3467
2065 3831
2065 4203
2065 4690
2065 4870
2065 7135
2065 7156
2065 9180
2065 9964
2066 2120
2066 2232
2066 2238
2066 2306
2066 2382
2066 2482
2066 2718
2066 3080
2066 3401
2066 3875
2066 4477
2066 4806
2066 5324
2066 6963
2066 7090
2066 7560
2066 9164
2067 2424
2067 3411
2067 3694
2067 4111
2067 4346
2067 4652
2067 4870
2067 7909
2067 8522
2067 9580
2068 2072
2068 2229
2068 2823
2068 3070
2068 3101
2068 3220
2068 3373
2068 3692
2068 4547
2068 4927
2068 5137
2068 5245
2068 5791
2068 6025
2068 6650
2068 7046
2068 7201
2068 7524
2068 7590
2068 8131
2068 8428
2068 8447
2068 9659
2069 2663
2069 3800
2069 3954
2069 5069
2069 5120
2069 5384
2069 5724
2069 7150
2069 7386
2069 8448
2069 8682
2069 8812
2069 9093
2069 9162
2069 9571
2070 2601
2070 3944
2070 4077
2070 4364
2070 5209
2070 5831
2070 9996
2071 2254
2071 2401
2071 2445
2071 2856
2071 2938
2071 4357
2071 4693
2071 4878
2071 6478
2071 7177
2071 8162
2071 8188
2071 8725
2071 8858
2071 9597
2072 3147
2072 3352
2072 4701
2072 4881
2072 5303
2072 7076
2072 8333
2072 8650
2072 8793
2072 9968
2073 5346
2073 5499
2073 5563
2073 7412
2073 8927
2073 8970
2073 9907
2074 2198
2074 3111
2074 3144
2074 3248
2074 4818
2074 6881
2074 7338
2074 8025
2075 2899
2075 3052
2075 4080
2075 4635
2075 5237
2075 8107
2076 2341
2076 3379
2076 3612
2076 4915
2076 5164
2076 5230
2076 5706
2076 5850
2076 5884
2076 6922
2076 7969
2076 8333
2076 8927
2076 9905
2076 9913
2077 4969
2077 5156
2077 5909
2077 7451
2077 8300
2077 8986
2077 9153
2077 9270
2078 4203
2078 4910
2078 4961
2078 5175
2078 5293
2078 6772
2079 2560
2079 2891
2079 3425
2079 3451
2079 4376
2079 4872
2079 5051
2079 5518
2079 5867
2079 5870
2079 5922
2079 7466
2079 7742
2079 8125
2079 8235
2079 9242
2079 9405
2080 2555
2080 2642
2080 3731
2080 3762
2080 4088
2080 4938
2080 6122
2080 6473
2080 7084
2080 7568
2080 7579
2080 8959
2080 9786
2081 2370
2081 2639
2081 3610
2081 4088
2081 4847
2081 5767
2081 6627
2081 8771
2082 4280
2082 4727
2082 5270
2082 6911
2082 7041
2082 7285
2082 7606
2082 7792
2083 2090
2083 2191
2083 2367
2083 2955
2083 3225
2083 4156
2083 5154
2083 6415
2083 6709
2083 7263
2083 7826
2083 9287
2083 9540
2084 2115
2084 2167
2084 3110
2084 3473
2084 5176
2084 6126
2085 3731
2085 4865
2085 6816
2085 6868
2085 7861
2085 8793
2085 9427
2086 2161
2086 2184
2086 2730
2086 2828
2086 3423
2086 3469
2086 3649
2086 3821
2086 4255
2086 4440
2086 4598
2086 5742
2086 6005
2086 6121
2086 6491
2086 6781
2086 6984
2086 7158
2086 7728
2086 7991
2086 8100
2086 8780
2086 8899
2086 9547
2087 3054
2087 3138
2087 3151
2087 3405
2087 4220
2087 4506
2087 5085
2087 5568
2087 6453
2087 6751
2088 2175
2088 2381
2088 2489
2088 2814
2088 3275
2088 3479
2088 3781
2088 3938
2088 3953
2088 4147
2088 4631
2088 4894
2088 5834
2088 5900
2088 6906
2088 8278
2089 2240
2089 2576
2089 2798
2089 3725
2089 4132
2089 4271
2089 5166
2089 5342
2089 7245
2089 7605
2089 7721
2089 8484
2089 8708
2090 2589
2090 2957
2090 3520
2090 3613
2090 4137
2090 4619
2090 4883
2090 5723
2090 6564
2090 6848
2090 7348
2091 2104
2091 2257
2091 2316
2091 3053
2091 4327
2091 4934
2091 5284
2091 6493
2091 6498
2091 6777
2091 6813
2091 8056
2091 8326
2091 8719
2091 8772
2091 8960
2091 9342
2092 3014
2092 5099
2092 5824
2092 5866
2092 8373
2092 8472
2092 8633
2093 2408
2093 3259
2093 3266
2093 3611
2093 3986
2093 4599
2093 4722
2093 4769
2093 5057
2093 5139
2093 5142
2093 8683
2093 9472
2094 2225
2094 2709
2094 2732
2094 2850
2094 3820
2094 4246
2094 4426
2094 4665
2094 4859
2094 5214
2094 6344
2094 8722
2094 9105
2094 9561
2095 2190
2095 3884
2095 4749
2095 7568
2095 9268
2096 2132
2096 2273
2096 2729
2096 3055
2096 4298
2096 4503
2096 4530
2096 4666
2096 4917
2096 5149
2096 5548
2096 6348
2096 6582
2096 6757
2096 6828
2096 6979
2096 7419
2096 7730
2096 8028
2096 8229
2097 2692
2097 3994
2097 4516
2097 5863
2098 2209
2098 2287
2098 2637
2098 3345
2098 4212
2098 4667
2098 5121
2098 6397
2098 6454
2098 8259
2098 8418
2098 8579
2098 9190
2098 9342
2099 2445
2099 3003
2099 3324
2099 3538
2099 4401
2099 6391
2099 6650
2099 7520
2099 7608
2099 8147
2099 9798
2100 2183
2100 2311
2100 3088
2100 3118
2100 3199
2100 3323
2100 3571
2100 4079
2100 4100
2100 5195
2100 5675
2100 5810
2100 6142
2100 7115
2100 7363
2100 7546
2100 8277
2100 9771
2100 9848
2100 9892
2100 9924
2101 2254
2101 2427
2101 2616
2101 3001
2101 3160
2101 4190
2101 4317
2101 4447
2101 4459
2101 6613
2101 7327
2101 7785
2101 7800
2101 7804
2101 8900
2101 8944
2101 9645
2101 9905
2102 2437
2102 3756
2102 4195
2102 4745
2102 4800
2102 6611
2102 6659
2102 8065
2102 8275
2102 9362
2102 9640
2103 2184
2103 2544
2103 4031
2103 5868
2103 6534
2103 7034
2103 7488
2103 7839
2103 8255
2103 9219
2104 2478
2104 4932
2104 5335
2104 7267
2104 8790
2104 9389
2105 2506
2105 3529
2105 3898
2105 4394
2105 4792
2105 4809
2105 4868
2105 5122
2105 5187
2105 5198
2105 6722
2105 7717
2105 8123
2105 9853
2105 9925
2106 3250
2106 3453
2106 4983
2106 6325
2106 6668
2106 6763
2106 7716
2106 8012
2106 9685
2107 2167
2107 2294
2107 2331
2107 2418
2107 2963
2107 2986
2107 3453
2107 8926
2107 9205
2107 9870
2108 2132
2108 2172
2108 3703
2108 5308
2108 5634
2108 5641
2108 5967
2108 6418
2108 8607
2108 8886
2108 9165
2109 2157
2109 2162
2109 2681
2109 2883
2109 3112
2109 3174
2109 4457
2109 4499
2109 4932
2109 5014
2109 5265
2109 6323
2109 7385
2109 7739
2109 7757
2109 9720
2110 2918
2110 3287
2110 3303
2110 3990
2110 4196
2110 4648
2110 5454
2110 5781
2110 9836
2111 2275
2111 2347
2111 2664
2111 2877
2111 3058
2111 3309
2111 3649
2111 3784
2111 4117
2111 4796
2111 6000
2111 6017
2111 6236
2111 7100
2111 8369
2111 9182
2111 9234
2112 2264
2112 2648
2112 3045
2112 3462
2112 4180
2112 4821
2112 5301
2112 5698
2112 6089
2112 6478
2112 6735
2112 7229
2112 7309
2112 7698
2112 7868
2112 8661
2112 9274
2113 2359
2113 2524
2113 2631
2113 2986
2113 3045
2113 3272
2113 4551
2113 8559
2113 9973
2114 3338
2114 3641
2114 3798
2114 4047
2114 4140
2114 5749
2114 6134
2114 6571
2114 6886
2114 7841
2114 7885
2114 8210
2114 9457
2114 9761
2115 2230
2115 2366
2115 2836
2115 2935
2115 3671
2115 3754
2115 4150
2115 4357
2115 4902
2115 5071
2115 5135
2115 5215
2115 5642
2115 6144
2115 7008
2115 7015
2115 7386
2115 7566
2115 8023
2115 9031
2115 9417
2115 9424
2116 3668
2116 3719
2116 4859
2116 7153
2116 7958
2116 9704
2117 2847
2117 3831
2117 3863
2117 4498
2117 4536
2117 4694
2117 5411
2117 6610
2117 6966
2117 7077
2117 8060
2117 9172
2117 9216
2117 9248
2117 9721
2118 2262
2118 2801
2118 3335
2118 4888
2118 5561
2118 6638
2118 9143
2119 3013
2119 3240
2119 3939
2119 4061
2119 5809
2119 5847
2119 5921
2119 6155
2119 8527
2119 8818
2119 9079
2120 2601
2120 6838
2120 9380
2121 2187
2121 2531
2121 2561
2121 3245
2121 3454
2121 3553
2121 3827
2121 4209
2121 5278
2121 5300
2121 5371
2121 5847
2121 6375
2121 6391
2121 7506
2121 7968
2121 8115
2121 8195
2121 8475
2121 8815
2121 8982
2122 2477
2122 2633
2122 2767
2122 3129
2122 3640
2122 5124
2122 5488
2122 5584
2122 6461
2122 9197
2122 9972
2123 3054
2123 6786
2123 9977
2124 2458
2124 2700
2124 2844
2124 3680
2124 5471
2124 5644
2124 7817
2125 2977
2125 4467
2125 5407
2125 5643
2125 6829
2125 8476
2125 8749
2126 2235
2126 2265
2126 2273
2126 2491
2126 3048
2126 3592
2126 3763
2126 4474
2126 5007
2126 5913
2126 6114
2126 6218
2126 6395
2126 6623
2126 6727
2126 9217
2126 9967
2127 2572
2127 2752
2127 2983
2127 3043
2127 3296
2127 4907
2127 5729
2127 6006
2127 7386
2127 7432
2127 7549
2127 8921
2127 9383
2128 3161
2128 3327
2128 4672
2128 5725
2128 7641
2128 7994
2128 8252
2128 9060
2128 9643
2128 9655
2129 2480
2129 2539
2129 2622
2129 2950
2129 3129
2129 3289
2129 3304
2129 3388
2129 3540
2129 3541
2129 3697
2129 4341
2129 4518
2129 4613
2129 5025
2129 5178
2129 5880
2129 6091
2129 6161
2129 6199
2129 6209
2129 6650
2129 6972
2129 8030
2129 8123
2130 2354
2130 2719
2130 3104
2130 5295
2130 5377
2130 7539
2130 9786
2131 2303
2131 2305
2131 2756
2131 2974
2131 5235
2131 5242
2131 5329
2131 7006
2131 7033
2131 7061
2131 8912
2131 9413
2132 2195
2132 2305
2132 2483
2132 2652
2132 2952
2132 3043
2132 3900
2132 3904
2132 4153
2132 5677
2132 7071
2132 7635
2132 8458
2132 8568
2132 9700
2133 2190
2133 3590
2133 3974
2133 5565
2133 9592
2133 9724
2134 2590
2134 3274
2134 3760
2134 3827
2134 4190
2134 4425
2134 4613
2134 5050
2134 5803
2134 5954
2134 6609
2134 7444
2134 7545
2134 7836
2135 2916
2135 3028
2135 3951
2135 3996
2135 7077
2135 8638
2135 8779
2136 3285
2136 4914
2136 5420
2136 6163
2136 7023
2136 8469
2136 9009
2136 9476
2136 9982
2137 8332
2137 8407
2137 8979
2137 9832
2138 2442
2138 2581
2138 2600
2138 2649
2138 3739
2138 4186
2138 4924
2138 5378
2138 5482
2138 6250
2138 7360
2139 2256
2139 2451
2139 2492
2139 2590
2139 2689
2139 2898
2139 4329
2139 4672
2139 4915
2139 6293
2139 6443
2139 6774
2139 7157
2139 7323
2139 7800
2139 7909
2139 8065
2139 9519
2139 9665
2140 2962
2140 2978
2140 3123
2140 3813
2140 4386
2140 5137
2140 5948
2140 6300
2140 7093
2140 7104
2140 7539
2140 7910
2140 8399
2141 2693
2141 3427
2141 5359
2141 5932
2141 7202
2141 7409
2141 8410
2141 9087
2141 9565
2142 2573
2142 2818
2142 2985
2142 3054
2142 3203
2142 3452
2142 3621
2142 3787
2142 4472
2142 5679
2142 6080
2142 6104
2142 7551
2142 8556
2143 4362
2143 4720
2143 4913
2143 5152
2143 5212
2143 5255
2143 5507
2143 6171
2143 6993
2143 7531
2143 9532
2143 9763
2144 3818
2144 3988
2144 5070
2144 5802
2144 7428
2144 7820
2144 7929
2144 9014
2144 9524
2145 2551
2145 4308
2145 6634
2145 7892
2145 8468
2145 8865
2145 8917
2146 2275
2146 2466
2146 2622
2146 3283
2146 4235
2146 4968
2146 5024
2146 5405
2146 6617
2146 6933
2146 6957
2146 7067
2146 7393
2146 7635
2146 8020
2146 8910
2147 2249
2147 3662
2147 4258
2147 4336
2147 4526
2147 7013
2147 7088
2147 7182
2147 8565
2147 8627
2148 2603
2148 2643
2148 2722
2148 2779
2148 3351
2148 3418
2148 3554
2148 3702
2148 5036
2148 5248
2148 5415
2148 5839
2148 6696
2148 8086
2148 9071
2148 9156
2148 9183
2149 3230
2149 3718
2149 3739
2149 3847
2149 3896
2149 4119
2149 4422
2149 5381
2149 5633
2149 5670
2149 5689
2149 6256
2149 6800
2149 6929
2149 7841
2149 7957
2149 8123
2149 8703
2149 9540
2150 2477
2150 3027
2150 3085
2150 3212
2150 3338
2150 4657
2150 4712
2150 5249
2150 5350
2150 5415
2150 6593
2150 7017
2150 7717
2150 9197
2150 9516
2150 9867
2151 3255
2151 3447
2151 3700
2151 4180
2151 4653
2151 4722
2151 5266
2151 5431
2151 5697
2151 7113
2151 7866
2151 8585
2151 9491
2151 9579
2152 3177
2152 3999
2152 5968
2152 7198
2152 8548
2153 2313
2153 2421
2153 2512
2153 2569
2153 2572
2153 2623
2153 2960
2153 3020
2153 3178
2153 3191
2153 3969
2153 4432
2153 4461
2153 4724
2153 5788
2153 5939
2153 6134
2153 7019
2153 7418
2153 7958
2153 8071
2153 8496
2154 2911
2154 3733
2154 3959
2154 4688
2154 5782
2154 6827
2154 6884
2154 6986
2154 8660
2154 8886
2154 9602
2155 2755
2155 3108
2155 3219
2155 3298
2155 3457
2155 4073
2155 4608
2155 5029
2155 5115
2155 6864
2155 7534
2155 7953
2155 9389
2155 9587
2156 2356
2156 2692
2156 3144
2156 3553
2156 5272
2156 6049
2156 6142
2156 6527
2156 6580
2156 7346
2156 7945
2156 8159
2156 9371
2157 2446
2157 3667
2157 4238
2157 4908
2157 7819
2157 9442
2158 2411
2158 2561
2158 2630
2158 2883
2158 3251
2158 3815
2158 3939
2158 3997
2158 4508
2158 4628
2158 5295
2158 5708
2158 6777
2158 7404
2158 8062
2158 8087
2158 8696
2158 9294
2158 9757
2159 2293
2159 2377
2159 2485
2159 2565
2159 2634
2159 2682
2159 4317
2159 4341
2159 4910
2159 4994
2159 5007
2159 5694
2159 7020
2159 7078
2159 7082
2159 9384
2159 9478
2159 9583
2160 3470
2160 4145
2160 4278
2160 4382
2160 6868
2160 8666
2160 8952
2161 2665
2161 2982
2161 3054
2161 3234
2161 3279
2161 3285
2161 3709
2161 3833
2161 3877
2161 5044
2161 5074
2161 5705
2161 5968
2161 6117
2161 6437
2161 8189
2161 9214
2161 9378
2162 2992
2162 3019
2162 4232
2162 4358
2162 4668
2162 5578
2162 5661
2162 5835
2162 9188
2162 9261
2162 9790
2163 2204
2163 2977
2163 3434
2163 6529
2164 2280
2164 2420
2164 2747
2164 3492
2164 3633
2164 4015
2164 4139
2164 4487
2164 4562
2164 5296
2164 6726
2164 6802
2164 6853
2164 9997
2165 3029
2165 3915
2165 7440
2165 8261
2165 9496
2166 3372
2166 3430
2166 3593
2166 3609
2166 3946
2166 4015
2166 5107
2166 5643
2166 6550
2166 6570
2166 8757
2166 9246
2167 2867
2167 8053
2167 8965
2168 2287
2168 2569
2168 2836
2168 3555
2168 4213
2168 4316
2168 4797
2168 6337
2168 6355
2168 7396
2168 7723
2168 9109
2168 9255
2168 9525
2168 9626
2169 2431
2169 4080
2169 4848
2169 5004
2169 7526
2169 9176
2169 9299
2169 9485
2170 2360
2170 2608
2170 2786
2170 3003
2170 3104
2170 3262
2170 3270
2170 3423
2170 4389
2170 4475
2170 5021
2170 5072
2170 5592
2170 6701
2170 7103
2170 8596
2170 9004
2171 4199
2171 4621
2171 5058
2171 5351
2171 7950
2172 2203
2172 2371
2172 2487
2172 2501
2172 2596
2172 3047
2172 3234
2172 3400
2172 3532
2172 3722
2172 4028
2172 4129
2172 4388
2172 4415
2172 4462
2172 4827
2172 5527
2172 5540
2172 6060
2172 6166
2172 6197
2172 6758
2172 7122
2172 8538
2172 8610
2172 9628
2173 2559
2173 3455
2173 3842
2173 4963
2173 5554
2173 5710
2173 6262
2173 7068
2173 7526
2173 8065
2173 8336
2173 9597
2173 9879
2174 3134
2174 5036
2174 5173
2174 6862
2174 7696
2174 8212
2174 8742
2174 8834
2175 2302
2175 2344
2175 3498
2175 3655
2175 4035
2175 4043
2175 4165
2175 4287
2175 5507
2175 6950
2175 8154
2175 9049
2175 9164
2176 3890
2176 4338
2176 8438
2176 8525
2176 8547
2176 8549
2176 9850
2176 9983
2177 2470
2177 3078
2177 3663
2177 3769
2177 3912
2177 4210
2177 4527
2177 4868
2177 5076
2177 5437
2177 8138
2177 8632
2177 9615
2178 3903
2178 4852
2178 5069
2178 5071
2178 5329
2178 6066
2178 6240
2178 8047
2178 9230
2179 2231
2179 2524
2179 3620
2179 3946
2179 4749
2179 5814
2179 6612
2179 7063
2179 7634
2180 2236
2180 2800
2180 3530
2180 3720
2180 3776
2180 3871
2180 3912
2180 4603
2180 4649
2180 5480
2180 6012
2180 7408
2180 8126
2180 8351
2180 8560
2180 9049
2180 9765
2180 9941
2181 2836
2181 3913
2181 3925
2181 6635
2181 9395
2182 2795
2182 2850
2182 3013
2182 3520
2182 3620
2182 4589
2182 4721
2182 4787
2182 4962
2182 6557
2182 6940
2182 7010
2182 7984
2182 9467
2183 2734
2183 2871
2183 3239
2183 3366
2183 4218
2183 4635
2183 4756
2183 4926
2183 5936
2183 6248
2183 6312
2183 6512
2183 6628
2183 7033
2183 7630
2183 8133
2183 8860
2183 9814
2183 9890
2184 2682
2184 3483
2184 4378
2184 5554
2184 5639
2184 5862
2184 6740
2184 6823
2184 7484
2184 7550
2184 8364
2184 9361
2184 9695
2184 9852
2184 9956
2185 2188
2185 2308
2185 4483
2185 4691
2185 5174
2185 6085
2185 8012
2185 8636
2185 9305
2186 2415
2186 3285
2186 6479
2186 9069
2187 2237
2187 2326
2187 2812
2187 2898
2187 3286
2187 4950
2187 5338
2187 6290
2187 6480
2187 6785
2187 7353
2187 8132
2187 8145
2188 2360
2188 2527
2188 2592
2188 2843
2188 3143
2188 3546
2188 3667
2188 4544
2188 4947
2188 6129
2188 6524
2188 6619
2188 6620
2188 6756
2188 7095
2188 7345
2188 7879
2188 9953
2189 2223
2189 3234
2189 4566
2189 5248
2189 5543
2189 6352
2189 7018
2189 9709
2189 9746
2189 9754
2189 9808
2190 2252
2190 2904
2190 3625
2190 4723
2190 7277
2190 9169
2191 2394
2191 2884
2191 3265
2191 3719
2191 3789
2191 3856
2191 4062
2191 4655
2191 4732
2191 5550
2191 5941
2191 5991
2191 8563
2191 9915
2192 2312
2192 3291
2192 6645
2192 7538
2192 9945
2193 4816
2193 6043
2193 6738
2193 9408
2193 9545
2194 3666
2194 4251
2194 4510
2194 4561
2194 4819
2194 4856
2194 6064
2194 7308
2194 7917
2194 8090
2194 8742
2195 2201
2195 3543
2195 3863
2195 4802
2195 5383
2195 5441
2195 5806
2195 6803
2195 7929
2195 8693
2195 9661
2196 2704
2196 3786
2196 5228
2196 5599
2196 6613
2196 7195
2196 7455
2196 8584
2196 9286
2197 2215
2197 2378
2197 2559
2197 2635
2197 2727
2197 3065
2197 3743
2197 4288
2197 4334
2197 4570
2197 4932
2197 5087
2197 5730
2197 5884
2197 6442
2197 6995
2197 7106
2197 7424
2197 8330
2197 8832
2197 8968
2198 2497
2198 2963
2198 4900
2198 5722
2198 6244
2198 6682
2198 6949
2198 7598
2198 8479
2198 8984
2199 2590
2199 3103
2199 3367
2199 3371
2199 4043
2199 4158
2199 4341
2199 4435
2199 5136
2199 5933
2199 6020
2199 6252
2199 6627
2199 7502
2199 7511
2199 8087
2199 8269
2199 9079
2199 9406
2199 9573
2200 2483
2200 2575
2200 3758
2200 3857
2200 4672
2200 5935
2200 5946
2200 6447
2200 7069
2200 7179
2200 7981
2200 8890
2201 2335
2201 3120
2201 3256
2201 3566
2201 3654
2201 3947
2201 5854
2201 6434
2201 7619
2201 9600
2202 2339
2202 2705
2202 2817
2202 2912
2202 3017
2202 3363
2202 3721
2202 3800
2202 4281
2202 4941
2202 6750
2202 7925
2202 9408
2202 9684
2202 9857
2203 2290
2203 2761
2203 3726
2203 3801
2203 4540
2203 7389
2203 7756
2203 8336
2203 8932
2204 2961
2204 3742
2204 3952
2204 4003
2204 4187
2204 4220
2204 4239
2204 6103
2204 6154
2204 6656
2204 7078
2204 7212
2204 7521
2204 8647
2205 2272
2205 2684
2205 4008
2205 4162
2205 6221
2205 7711
2205 9278
2206 2409
2206 2855
2206 3623
2206 3754
2206 3838
2206 4353
2206 4775
2206 8078
2206 8623
2207 3085
2207 3238
2207 3873
2207 4309
2207 4352
2207 4410
2207 4538
2207 4690
2207 5693
2207 5735
2207 6405
2207 6543
2207 6726
2207 6762
2207 8752
2208 2892
2208 3385
2208 3869
2208 4090
2208 6228
2208 6862
2208 7862
2208 8025
2208 8152
2208 8631
2208 9345
2209 3333
2209 3528
2209 5145
2209 5161
2209 5787
2209 7260
2209 9290
2210 2327
2210 2712
2210 2768
2210 2885
2210 3126
2210 3191
2210 3221
2210 3484
2210 4446
2210 6238
2210 6478
2210 8241
2210 9623
2210 9944
2210 9982
2211 4947
2211 8126
2211 8675
2211 8756
2211 9582
2212 2617
2212 2816
2212 4668
2212 4717
2212 5503
2212 8642
2212 9256
2212 9782
2213 2287
2213 2534
2213 2896
2213 2940
2213 3033
2213 3341
2213 4954
2213 5155
2213 6168
2213 6325
2213 7429
2213 7542
2213 7934
2213 8512
2213 9823
2214 2305
2214 2595
2214 3206
2214 4006
2214 4190
2214 5038
2214 6690
2214 8274
2214 9284
2215 3689
2215 4484
2215 7775
2215 9231
2216 2328
2216 2386
2216 2469
2216 3151
2216 4263
2216 4424
2216 5283
2216 5976
2216 6334
2216 6524
2216 6558
2216 6692
2216 6879
2216 7936
2216 8721
2217 2817
2217 7262
2217 7307
2218 4087
2218 4090
2218 4185
2218 4586
2218 6340
2218 7124
2218 7837
2218 8040
2218 8095
2219 2344
2219 2453
2219 3257
2219 3429
2219 3617
2219 3989
2219 4425
2219 4491
2219 4913
2219 5158
2219 5720
2219 5787
2219 6933
2219 8132
2219 8230
2219 9120
2219 9485
2219 9728
2220 2650
2220 2805
2220 3262
2220 3421
2220 3541
2220 4235
2220 4268
2220 5883
2220 6097
2220 6219
2220 6302
2220 7234
2221 2394
2221 2429
2221 2976
2221 3294
2221 3508
2221 4312
2221 4481
2221 5519
2221 7186
2221 7741
2221 8890
2222 2764
2222 3027
2222 3192
2222 4379
2222 4734
2222 5075
2222 5429
2222 5879
2222 6565
2222 7097
2222 7125
2222 7612
2222 7668
2222 9308
2222 9574
2223 2755
2223 2772
2223 3155
2223 3215
2223 3344
2223 3354
2223 3695
2223 3849
2223 4812
2223 5033
2223 5295
2223 5690
2223 5819
2223 7330
2223 8751
2223 9016
2224 2652
2224 2822
2224 5018
2224 5039
2225 2365
2225 2432
2225 2814
2225 3420
2225 4219
2225 4287
2225 4805
2225 5620
2225 6972
2225 7007
2225 7014
2225 7178
2225 8143
2225 8246
2225 9775
2226 2396
2226 2410
2226 2714
2226 3135
2226 3337
2226 3344
2226 3886
2226 4130
2226 4803
2226 6734
2226 7073
2226 8791
2226 9652
2227 2498
2227 2715
2227 2959
2227 3374
2227 4351
2227 5202
2227 5577
2227 6352
2227 6530
2227 6764
2227 6938
2227 7393
2227 7952
2227 8633
2227 8928
2227 9225
2228 2276
2228 2508
2228 2820
2228 3249
2228 3367
2228 3650
2228 4320
2228 4528
2228 5455
2228 6018
2228 6331
2228 9086
2228 9995
2229 2734
2229 2961
2229 3050
2229 3216
2229 3930
2229 4881
2229 4909
2229 5139
2229 6218
2229 6405
2229 6715
2229 6871
2229 7110
2229 7189
2229 7484
2229 7944
2229 8562
2229 8763
2229 8863
2229 9089
2229 9594
2229 9776
2230 2333
2230 2348
2230 3370
2230 3470
2230 3694
2230 4317
2230 4989
2230 5865
2230 6605
2230 6616
2230 8218
2230 8303
2230 8468
2230 8615
2230 8969
2231 2712
2231 2738
2231 3124
2231 4202
2231 4728
2231 6897
2231 7789
2232 2263
2232 2519
2232 3200
2232 3879
2232 4117
2232 4577
2232 4774
2232 4940
2232 5214
2232 6024
2232 6668
2232 7032
2232 7368
2232 8590
2232 9558
2232 9963
2233 2890
2233 4250
2233 4292
2233 4574
2233 4860
2233 6497
2233 8799
2233 9755
2234 2468
2234 4597
2234 5033
2234 5534
2234 5646
2234 7364
2234 7654
2234 8215
2234 9251
2234 9508
2235 2503
2235 2529
2235 3063
2235 3333
2235 3568
2235 4112
2235 4168
2235 4673
2235 4718
2235 4778
2235 4847
2235 5487
2235 6218
2235 6355
2235 7149
2235 7427
2235 7556
2235 7768
2235 8286
2235 9261
2235 9406
2235 9588
2236 2605
2236 2689
2236 3694
2236 5497
2236 6537
2236 7757
2236 8905
2237 2238
2237 2315
2237 2381
2237 2415
2237 2997
2237 3991
2237 4035
2237 4683
2237 5249
2237 6154
2237 6362
2237 7173
2237 7887
2237 7965
2237 8606
2237 9517
2237 9708
2238 2886
2238 3491
2238 3864
2238 3944
2238 5151
2238 5260
2238 5483
2238 9029
2238 9605
2239 2248
2239 3293
2239 3680
2239 3909
2239 3929
2239 4000
2239 4578
2239 4632
2239 4751
2239 5317
2239 7018
2239 7710
2239 9271
2239 9649
2240 2724
2240 2872
2240 4858
2240 5560
2240 5730
2240 6046
2240 8340
2241 2717
2241 2769
2241 2963
2241 3470
2241 4163
2241 4255
2241 4862
2241 5305
2241 5618
2241 5629
2241 5978
2241 6219
2241 8103
2241 8669
2241 8976
2241 9260
2241 9523
2241 9859
2242 3510
2242 3753
2242 4289
2242 7670
2243 2249
2243 2269
2243 2450
2243 2533
2243 3709
2243 4286
2243 4319
2243 7426
2243 8762
2243 9129
2243 9529
2244 2336
2244 2452
2244 3068
2244 3101
2244 3818
2244 4485
2244 4963
2244 5542
2244 6776
2244 6958
2244 7859
2244 8297
2244 8407
2244 9030
2244 9875
2245 2511
2245 2579
2245 2843
2245 3542
2245 3809
2245 4409
2245 6136
2245 7575
2245 9073
2246 2461
2246 2851
2246 3464
2246 3490
2246 3536
2246 4314
2246 6002
2246 6431
2246 7750
2246 8206
2246 8924
2246 9061
2246 9420
2247 5151
2247 5816
2247 8395
2247 8698
2248 2353
2248 2672
2248 3802
2248 5001
2248 6515
2248 8323
2248 8950
2248 9893
2249 2871
2249 3018
2249 3594
2249 3662
2249 4016
2249 4788
2249 5574
2249 5715
2249 6184
2249 6410
2249 7365
2250 3987
2250 5138
2250 5159
2251 2595
2251 2959
2251 4775
2251 6936
2251 7366
2251 7547
2251 8711
2251 9456
2251 9631
2252 3093
2252 3899
2252 4080
2252 5678
2252 5940
2252 6047
2252 7225
2252 7337
2252 8126
2252 9542
2252 9751
2252 9963
2254 2259
2254 2271
2254 2361
2254 2937
2254 4186
2254 4679
2254 4742
2254 5224
2254 5724
2254 6367
2254 6627
2254 6902
2254 7071
2254 7117
2254 7931
2254 9330
2255 3545
2255 4785
2255 7544
2255 9126
2255 9331
2256 2440
2256 2837
2256 3361
2256 4939
2256 4968
2256 5352
2256 5354
2256 5511
2256 6687
2256 7933
2256 8235
2256 8366
2256 8486
2256 9017
2257 2681
2257 2701
2257 2929
2257 3299
2257 3876
2257 4578
2257 4870
2257 7674
2257 8444
2257 9438
2258 2886
2258 2894
2258 3561
2258 3572
2258 4321
2258 6387
2258 6938
2258 8464
2258 8942
2259 2472
2259 2573
2259 3358
2259 5187
2259 5793
2259 5794
2259 6326
2259 9328
2260 3167
2260 3473
2260 3757
2260 4216
2260 5079
2260 5847
2260 6405
2260 6959
2260 7435
2261 2500
2261 3194
2261 3235
2261 3289
2261 5004
2261 5149
2261 6850
2261 9338
2262 2815
2262 2837
2262 3363
2262 5166
2262 5387
2262 6150
2262 8242
2262 8359
2263 2690
2263 3167
2263 5078
2263 5089
2263 5303
2263 5400
2263 6691
2263 7908
2263 8101
2263 8258
2263 8918
2263 9136
2263 9154
2263 9779
2264 3836
2264 4267
2264 5193
2264 6497
2264 7447
2264 7504
2264 7637
2264 7777
2264 8504
2264 8565
2264 8694
2264 9736
2265 2318
2265 2919
2265 4056
2265 4268
2265 4307
2265 4929
2265 5910
2265 6207
2265 6366
2265 7196
2265 7882
2265 8441
2265 9462
2266 2905
2266 2910
2266 3601
2266 4038
2266 4045
2266 4083
2266 5912
2266 6895
2266 6930
2266 7203
2266 7360
2266 7646
2266 7967
2266 9648
2266 9914
2267 2386
2267 2678
2267 4034
2267 4221
2267 4974
2267 9460
2268 3063
2268 3068
2268 3894
2268 4167
2268 4594
2268 7330
2269 4032
2269 4359
2269 4633
2269 5168
2269 5929
2269 5957
2269 6553
2269 6660
2269 6786
2269 9004
2270 3095
2270 3293
2270 3328
2270 3378
2270 5233
2270 5468
2270 6722
2270 6922
2270 8146
2270 9228
2270 9300
2270 9648
2271 2744
2271 4150
2271 4161
2271 4411
2271 6314
2271 6322
2271 6346
2271 6955
2271 7008
2271 7405
2271 7482
2271 7699
2271 7814
2271 8075
2271 8296
2271 9053
2272 2390
2272 2573
2272 3132
2272 3877
2272 4880
2272 5200
2272 5234
2272 5323
2272 5834
2272 7691
2272 8884
2273 7654
2274 2485
2274 3265
2274 3527
2274 3877
2274 4140
2274 4475
2274 5275
2274 5539
2274 5706
2274 6725
2275 2896
2275 3484
2275 4237
2275 6274
2275 6430
2275 7867
2275 8812
2275 9124
2275 9170
2276 2729
2276 2890
2276 3069
2276 3395
2276 3589
2276 3758
2276 7316
2276 8781
2276 9468
2277 2526
2277 4104
2277 4134
2277 4675
2277 4683
2277 8603
2277 8923
2277 9471
2278 2950
2278 3087
2278 3402
2278 3580
2278 3973
2278 4002
2278 4602
2278 5625
2278 5691
2278 5718
2278 5961
2278 7333
2278 7519
2278 7663
2279 2606
2279 2786
2279 3165
2279 3180
2279 3575
2279 3983
2279 4226
2279 6423
2279 6441
2279 6475
2279 8652
2279 9703
2280 3295
2280 4344
2280 4810
2280 4877
2280 5136
2280 6149
2280 6765
2280 7883
2280 8440
2280 9049
2280 9111
2281 2297
2281 2999
2281 3002
2281 3271
2281 3441
2281 3637
2281 4660
2281 5586
2281 5982
2281 6196
2282 5829
2282 6563
2282 7382
2282 7545
2282 8400
2283 2545
2283 2786
2283 3521
2283 4046
2283 5120
2283 5155
2283 5653
2283 6684
2283 7086
2283 7301
2283 7446
2283 7470
2283 7493
2283 8769
2283 8924
2284 2814
2284 3168
2284 3202
2284 3588
2284 3981
2284 4015
2284 4198
2284 4243
2284 4301
2284 4752
2284 4993
2284 5756
2284 5779
2284 5862
2284 5993
2284 6471
2284 6586
2284 7390
2284 7460
2284 9479
2284 9700
2284 9957
2285 2440
2285 3042
2285 3193
2285 3253
2285 5510
2285 6940
2285 7920
2285 8434
2285 9463
2286 3031
2286 4768
2286 4806
2286 4983
2286 6166
2286 6468
2287 3124
2287 3419
2287 3427
2287 4482
2287 4634
2287 4867
2287 4871
2287 5327
2287 6879
2287 7658
2287 7796
2287 8493
2287 8616
2287 8891
2287 9186
2288 3703
2288 3839
2288 4301
2288 5172
2288 5953
2288 6095
2288 7870
2288 8111
2288 8328
2288 8439
2288 8678
2289 4981
2289 5998
2289 7585
2290 2614
2290 4798
2290 4917
2290 5263
2290 5807
2290 6369
2290 8994
2291 2297
2291 3335
2291 3418
2291 3449
2291 3661
2291 4052
2291 4061
2291 4540
2291 8875
2291 9444
2291 9504
2292 2958
2292 3988
2292 4512
2292 4655
2292 4729
2292 4801
2292 5110
2292 5629
2292 5670
2292 6491
2292 7157
2292 7214
2293 4452
2293 6087
2293 6827
2293 7531
2293 8786
2293 8867
2293 9180
2294 5900
2294 6236
2294 6279
2294 6676
2294 7015
2294 7514
2294 7729
2295 2641
2295 2909
2295 2936
2295 3183
2295 3219
2295 3739
2295 5804
2295 8545
2296 2788
2296 3172
2296 3239
2296 3241
2296 4500
2296 4965
2296 5181
2296 6236
2296 6370
2296 6843
2296 8434
2296 9102
2296 9184
2296 9194
2296 9295
2297 2799
2297 3331
2297 4119
2297 4518
2297 4948
2297 5055
2297 5514
2297 5847
2297 7720
2297 8094
2297 8760
2297 9251
2298 3340
2298 3446
2298 4122
2298 4505
2298 5184
2298 7206
2298 7344
2298 7420
2298 8538
2299 2480
2299 2831
2299 3553
2299 5571
2299 6466
2299 7351
2299 9372
2299 9636
2299 9639
2300 2523
2300 2546
2300 2752
2300 3681
2300 3761
2300 4022
2300 4366
2300 4467
2300 7473
2300 8139
2300 8302
2300 9740
2300 9969
2301 2503
2301 5083
2301 6036
2301 6666
2301 7491
2301 7657
2301 7881
2301 9691
2302 2653
2302 3205
2302 3316
2302 4415
2302 4547
2302 5073
2302 5466
2302 5786
2302 6321
2302 6514
2302 6984
2302 7250
2302 7980
2302 9097
2302 9379
2302 9417
2302 9687
2303 3432
2303 3911
2303 4343
2303 5159
2303 6024
2303 6742
2303 7059
2304 2598
2304 5656
2304 6189
2304 6785
2304 7738
2304 9248
2304 9341
2304 9889
2305 2547
2305 2601
2305 2966
2305 3924
2305 5999
2305 6003
2305 6402
2305 8200
2305 8736
2305 9054
2305 9310
2305 9485
2306 2411
2306 2549
2306 2621
2306 2769
2306 2973
2306 3189
2306 4845
2306 5262
2306 5714
2306 5798
2306 7009
2306 8029
2306 8245
2306 8540
2307 2368
2307 2691
2307 3398
2307 3717
2307 4707
2307 5596
2307 5612
2307 5746
2307 5821
2307 6632
2307 6758
2307 7254
2307 7728
2307 8873
2308 2418
2308 2460
2308 2597
2308 2696
2308 3382
2308 3702
2308 3951
2308 4129
2308 4232
2308 4850
2308 4891
2308 5126
2308 5941
2308 6045
2308 6050
2308 6935
2309 2490
2309 2773
2309 2787
2309 2891
2309 2909
2309 2980
2309 3207
2309 3270
2309 3622
2309 4048
2309 4334
2309 4915
2309 5244
2309 5641
2309 5785
2309 6425
2309 6483
2309 6829
2309 7194
2309 9057
2309 9149
2309 9170
2309 9398
2310 2861
2310 3018
2310 4125
2310 5402
2310 6032
2310 6733
2310 7023
2310 7344
2310 7429
2310 7869
2310 7885
2310 7920
2310 7962
2311 2482
2311 2650
2311 3075
2311 4165
2311 5118
2311 5317
2311 7609
2312 2821
2312 2979
2312 3202
2312 3592
2312 3898
2312 3954
2312 3956
2312 4560
2312 4858
2312 5251
2312 5881
2312 6962
2312 6976
2312 8175
2313 3308
2313 3500
2313 4398
2313 4653
2313 5180
2313 7068
2313 7407
2313 7409
2313 9042
2313 9407
2314 2361
2314 3557
2315 2747
2315 3318
2315 3617
2315 4001
2315 4256
2315 4433
2315 5091
2315 5539
2315 6080
2315 8841
2315 9326
2315 9727
2315 9737
2316 2354
2316 2422
2316 2619
2316 3207
2316 4048
2316 4880
2316 5020
2316 6303
2316 6929
2316 7082
2316 8109
2317 2762
2317 4055
2317 4583
2317 5821
2317 6690
2317 7697
2317 8577
2317 9235
2318 2941
2318 4594
2318 7868
2318 8857
2318 9629
2319 2374
2319 2767
2319 2860
2319 4750
2319 4886
2319 5247
2319 5510
2319 5839
2320 3494
2320 3573
2320 3961
2320 4523
2320 6877
2320 7094
2320 7871
2320 9658
2321 2358
2321 2388
2321 2493
2321 2518
2321 2585
2321 3237
2321 3847
2321 4170
2321 4583
2321 4826
2321 4877
2321 4970
2321 5341
2321 6491
2321 6679
2321 6875
2321 7376
2321 8434
2321 8447
2321 8848
2321 9389
2321 9654
2322 3209
2322 3354
2322 6184
2322 6308
2322 6439
2322 6568
2322 6708
2322 6844
2322 8005
2322 9173
2322 9511
2322 9935
2323 2399
2323 2754
2323 3930
2323 4000
2323 5830
2323 6054
2323 7705
2323 9219
2324 2443
2324 2444
2324 2646
2324 2714
2324 2918
2324 3816
2324 5032
2324 5058
2324 5247
2324 6424
2324 7416
2324 8217
2324 9116
2324 9760
2324 9761
2325 2607
2325 3858
2325 4638
2325 5080
2325 5281
2325 5641
2325 6112
2325 6134
2325 6588
2325 6621
2325 6949
2325 7603
2325 7913
2325 8466
2325 9050
2325 9501
2325 9668
2326 2899
2326 5253
2326 5733
2326 6631
2326 7245
2326 9315
2327 2698
2327 2842
2327 4614
2327 4648
2327 5738
2327 5883
2327 6078
2327 6891
2327 7122
2327 7701
2327 8283
2327 9487
2328 2756
2328 3894
2328 3968
2328 4471
2328 4743
2328 4780
2328 5468
2328 5674
2328 6002
2328 6318
2328 6435
2328 6554
2328 7162
2328 7203
2328 7668
2328 9037
2329 3288
2329 3712
2329 3814
2329 4117
2329 4478
2329 6801
2329 6823
2329 7109
2329 7197
2329 7746
2329 8413
2329 8753
2330 4512
2330 4700
2330 6214
2330 6962
2330 7772
2330 9749
2330 9913
2331 2961
2331 3098
2331 3315
2331 4032
2331 4093
2331 4980
2331 5681
2331 5723
2331 5817
2331 7326
2331 7653
2331 8659
2331 8866
2331 8938
2332 2854
2332 2951
2332 3176
2332 3661
2332 4314
2332 4323
2332 4339
2332 4835
2332 5394
2332 5930
2332 6763
2333 3424
2333 3866
2333 5261
2333 6825
2333 8085
2333 9246
2334 3596
2334 4207
2334 7356
2334 7404
2334 8689
2335 3788
2335 5050
2335 6826
2335 7087
2335 8015
2335 8045
2335 9124
2336 2467
2336 2657
2336 2750
2336 3609
2336 5430
2336 5656
2336 9740
2337 2674
2337 3225
2337 3723
2337 3778
2337 3879
2337 4238
2337 4406
2337 4973
2337 5055
2337 5726
2337 5758
2337 8072
2337 8231
2337 9418
2337 9520
2338 2392
2338 2475
2338 2616
2338 3547
2338 6704
2338 7123
2338 9305
2339 2674
2339 2800
2339 3291
2339 5369
2339 6039
2339 6140
2339 6261
2339 6920
2339 7520
2339 8481
2339 9483
2339 9637
2339 9726
2340 2443
2340 2973
2340 4911
2340 5954
2340 6038
2340 6296
2340 7560
2340 8365
2341 2746
2341 2801
2341 3450
2341 3647
2341 3704
2341 5169
2341 5426
2341 6203
2342 3329
2342 3455
2342 3558
2342 3615
2342 3720
2342 4348
2342 4806
2342 5589
2342 5844
2342 5860
2342 6721
2342 6916
2342 7294
2342 8175
2342 8492
2342 9072
2342 9073
2342 9195
2342 9672
2343 3947
2343 4000
2343 7226
2343 8101
2343 8821
2343 9118
2344 2564
2344 2575
2344 2659
2344 2986
2344 3180
2344 3198
2344 3468
2344 3485
2344 4157
2344 4528
2344 4789
2344 5122
2344 5441
2344 6786
2344 7336
2344 7375
2344 7515
2344 7658
2344 7680
2344 7834
2344 8107
2345 2648
2345 3129
2345 3535
2345 3934
2345 4714
2345 5485
2345 6385
2345 8251
2345 8367
2345 9711
2346 2402
2346 3126
2346 3632
2346 4215
2346 4753
2346 5753
2346 5762
2346 5926
2346 6209
2346 6856
2346 7813
2346 8180
2346 8494
2346 9365
2346 9751
2347 4527
2347 5263
2347 5843
2347 6067
2347 7614
2347 8030
2347 8162
2348 2349
2348 2683
2348 2953
2348 2958
2348 3012
2348 3522
2348 3826
2348 3967
2348 4107
2348 4292
2348 4467
2348 5497
2348 6223
2348 6344
2348 6385
2348 6458
2348 7063
2348 7826
2348 8859
2348 9112
2348 9426
2348 9938
2348 9958
2349 2910
2349 3486
2349 3519
2349 3707
2349 4233
2349 4429
2349 5080
2349 5418
2349 6346
2349 7552
2349 7975
2349 7994
2349 8999
2349 9132
2349 9244
2349 9441
2349 9682
2349 9821
2350 2969
2350 3087
2350 5564
2350 6251
2350 7793
2350 8951
2350 9032
2351 2430
2351 3272
2351 3604
2351 3978
2351 4394
2351 5245
2351 5581
2351 6509
2351 8487
2351 9121
2351 9338
2352 2748
2352 3638
2352 3779
2352 4364
2352 4779
2352 5629
2352 6129
2352 6631
2352 7558
2352 8856
2352 8883
2352 9708
2353 2533
2353 2669
2353 3155
2353 3159
2353 3773
2353 4302
2353 4372
2353 4427
2353 4869
2353 5456
2353 5613
2353 5754
2353 6905
2353 7752
2353 7768
2353 8933
2353 9133
2353 9563
2354 2423
2354 2727
2354 4216
2354 4765
2354 5133
2354 9154
2355 2850
2355 4198
2355 6111
2355 6623
2355 7961
2355 9426
2355 9860
2356 3862
2356 4076
2356 4355
2356 4961
2356 5214
2356 5944
2356 6187
2356 6349
2356 7633
2356 7995
2357 2810
2357 2909
2357 3371
2357 3515
2357 4362
2357 4425
2357 4453
2357 4526
2357 4815
2357 5142
2357 5261
2357 5683
2357 5729
2357 6144
2357 6591
2357 6626
2357 6692
2357 7385
2357 7691
2357 7965
2358 3224
2358 3988
2358 4100
2358 4958
2358 6176
2358 6261
2358 8890
2359 2882
2359 3309
2359 4021
2359 4227
2359 5140
2359 6853
2359 7198
2359 7475
2359 8231
2359 8568
2359 8667
2359 9828
2360 3257
2360 3611
2360 5171
2360 6010
2360 6846
2360 7646
2360 8491
2361 2463
2361 2755
2361 2971
2361 4684
2361 6138
2361 8265
2362 5591
2362 6658
2362 8003
2362 8913
2362 9535
2363 2768
2363 4753
2363 4902
2363 5825
2363 7404
2363 7577
2363 7913
2363 8490
2363 8571
2363 8601
2364 2640
2364 2749
2364 4264
2364 6234
2364 6590
2364 8093
2364 9264
2364 9266
2364 9886
2365 2827
2365 2960
2365 2997
2365 4363
2365 5367
2365 6978
2365 8098
2365 8662
2365 9006
2366 2726
2366 2819
2366 3084
2366 3116
2366 3129
2366 3265
2366 3412
2366 3456
2366 4020
2366 4230
2366 5291
2366 6240
2366 6720
2366 6981
2366 7028
2366 7493
2366 9192
2366 9311
2366 9626
2366 9873
2367 2638
2367 2736
2367 3454
2367 3611
2367 4179
2367 4200
2367 4270
2367 4373
2367 4823
2367 5302
2367 7613
2367 7814
2367 7958
2367 8101
2367 8178
2367 8377
2367 9423
2368 2481
2368 2601
2368 2946
2368 2965
2368 3350
2368 3402
2368 3803
2368 4586
2368 5034
2368 6807
2368 7344
2368 9114
2368 9714
2369 2411
2369 3062
2369 4205
2369 4400
2369 5097
2369 6336
2369 6635
2369 7637
2369 7983
2369 9159
2370 2525
2370 3420
2370 3686
2370 3928
2370 4815
2370 5152
2370 5385
2370 7137
2370 7672
2370 7840
2370 8152
2370 9624
2370 9908
2371 5205
2371 5350
2371 6063
2371 6352
2371 7537
2371 7626
2372 4378
2372 8071
2372 8254
2373 2740
2373 2993
2373 3344
2373 3644
2373 3806
2373 4353
2373 4488
2373 4780
2373 4855
2373 5420
2373 5540
2373 5582
2373 5590
2373 6335
2373 6349
2373 6750
2373 6784
2373 6942
2373 7828
2373 8348
2373 8692
2373 9123
2373 9859
2374 2784
2374 6130
2374 7417
2374 7767
2374 8187
2375 2400
2375 3567
2375 3614
2375 3768
2375 4764
2375 5225
2375 5685
2375 5787
2375 6198
2375 6200
2375 6741
2375 7826
2375 7966
2375 8516
2375 8526
2375 8916
2375 9425
2376 2681
2376 2688
2376 3936
2376 6938
2376 7055
2376 8849
2376 8865
2376 9791
2377 3184
2377 3605
2377 4010
2377 4783
2377 6102
2377 6329
2377 7063
2377 7254
2377 7824
2377 7871
2378 3134
2378 3777
2378 4653
2378 5154
2378 5636
2378 6541
2378 6659
2378 6781
2378 8906
2378 8942
2378 9210
2379 2490
2379 2527
2379 2565
2379 2746
2379 3039
2379 3689
2379 4152
2379 5006
2379 6479
2379 6824
2379 6948
2379 7038
2379 7838
2379 8399
2379 8608
2379 9507
2379 9521
2380 3081
2380 4638
2380 4835
2380 6723
2380 6880
2380 8308
2381 3486
2381 3675
2381 3987
2381 4552
2381 5309
2381 7258
2381 9654
2381 9787
2382 2915
2382 3234
2382 4849
2382 5085
2382 5406
2382 7571
2382 7751
2382 8093
2382 8382
2382 9258
2382 9864
2383 2551
2383 3077
2383 3545
2383 4044
2383 4976
2383 5093
2383 5678
2383 6865
2383 6956
2383 7452
2383 7509
2383 7717
2383 8194
2383 8243
2383 8376
2383 8603
2383 9114
2383 9116
2383 9319
2384 3646
2384 4065
2384 4322
2384 6054
2384 9953
2385 2441
2385 3361
2385 3460
2385 4559
2385 5237
2385 5354
2385 5861
2385 6476
2385 7250
2385 8165
2386 2910
2386 3334
2386 3347
2386 4550
2386 5555
2386 6294
2386 6798
2386 6887
2386 6889
2386 6908
2386 9618
2387 3771
2388 2529
2388 3082
2388 4796
2388 7009
2388 8425
2388 9293
2389 2476
2389 2668
2389 2693
2389 3087
2389 3162
2389 3323
2389 3992
2389 4277
2389 5253
2389 5404
2389 5697
2389 6410
2389 6474
2389 6533
2389 7207
2389 7649
2389 8251
2389 8758
2389 9236
2389 9561
2389 9701
2389 9780
2390 3555
2390 3670
2390 4436
2390 4449
2390 5479
2390 7921
2391 2455
2391 3117
2391 8362
2391 9130
2392 4632
2392 5768
2392 7022
2393 2409
2393 2547
2393 3354
2393 3908
2393 4445
2393 4614
2393 4642
2393 4961
2393 5898
2393 6002
2393 7083
2393 7578
2393 8277
2393 9080
2393 9192
2393 9287
2393 9752
2394 2841
2394 2898
2394 2913
2394 4407
2394 4441
2394 4663
2394 4732
2394 5128
2394 5233
2394 5649
2394 5796
2394 6001
2394 6270
2394 6873
2394 7280
2394 7594
2394 8240
2394 9713
2395 2457
2395 2567
2395 2841
2395 3618
2395 3666
2395 3727
2395 4591
2395 4936
2395 5230
2395 6366
2395 7040
2395 7651
2395 7959
2395 8190
2395 8690
2395 8696
2395 8834
2395 9370
2395 9423
2395 9821
2396 2950
2396 3542
2396 3782
2396 3877
2396 4117
2396 4229
2396 5917
2396 7320
2396 8146
2396 8521
2397 2655
2397 3052
2397 3358
2397 5004
2397 7053
2397 9281
2398 2450
2398 3096
2398 3479
2398 3518
2398 3880
2398 4138
2398 6781
2398 7039
2398 7491
2398 8299
2399 2616
2399 3118
2399 3338
2399 4188
2399 4324
2399 6137
2399 6893
2399 8496
2399 8513
2400 2835
2400 4206
2400 4578
2400 7411
2401 3679
2401 3997
2401 8066
2402 2896
2402 6158
2402 7121
2402 7864
2402 8418
2402 9757
2402 9763
2403 2694
2403 3267
2403 3576
2403 3797
2403 3905
2403 4569
2403 5502
2403 6433
2403 6650
2403 7084
2403 8303
2403 9507
2404 2917
2404 2992
2404 4190
2404 4238
2404 4638
2404 5334
2404 5973
2404 6401
2404 7971
2404 8078
2404 8506
2404 9299
2405 3965
2405 4844
2405 5008
2405 7853
2406 4447
2406 5310
2406 6042
2406 6496
2406 7450
2406 8970
2406 9172
2407 2559
2407 2717
2407 4285
2407 4946
2407 5244
2407 6701
2407 7071
2407 7465
2407 9512
2407 9618
2408 2501
2408 2597
2408 3655
2408 4084
2408 4169
2408 4318
2408 5247
2408 5394
2408 5716
2408 7526
2408 9065
2408 9458
2409 2554
2409 6611
2410 2432
2410 2590
2410 2783
2410 4037
2410 4496
2410 5521
2410 7093
2410 7154
2410 7785
2410 9703
2411 2417
2411 2612
2411 3039
2411 3416
2411 3948
2411 4103
2411 5217
2411 5251
2411 5728
2411 5897
2411 6122
2411 6379
2411 6797
2411 8006
2411 8403
2411 9199
2411 9349
2411 9683
2412 2923
2412 3096
2412 3313
2412 3420
2412 3613
2412 4071
2412 4465
2412 5131
2412 5523
2412 5978
2412 6933
2412 8369
2412 8925
2412 9258
2413 2513
2413 2899
2413 3345
2413 3544
2413 3587
2413 3689
2413 5395
2413 6299
2413 6446
2413 7356
2413 8047
2413 8514
2413 9139
2414 3243
2414 5570
2414 5641
2414 6460
2414 8938
2414 9504
2415 2454
2415 2593
2415 2812
2415 2943
2415 3058
2415 3271
2415 3363
2415 4157
2415 4962
2415 5656
2415 6094
2415 6131
2415 7424
2415 8657
2415 9124
2415 9380
2415 9549
2416 3505
2416 3693
2416 3710
2416 3752
2416 3934
2416 4779
2416 5235
2416 5477
2416 6222
2416 7046
2416 8487
2416 8853
2416 9309
2416 9581
2417 3208
2417 3726
2417 5099
2417 5330
2417 6660
2417 7423
2417 8654
2418 2656
2418 3165
2418 4012
2418 4698
2418 4747
2418 6124
2418 9125
2419 2683
2419 3899
2419 4845
2419 7230
2419 7757
2419 9132
2420 4164
2420 4404
2420 4467
2420 4525
2420 4924
2420 7050
2421 2940
2421 3562
2421 3662
2421 4593
2421 4916
2421 4921
2421 5189
2421 6456
2421 7672
2422 2608
2422 2796
2422 3714
2422 3991
2422 5368
2422 5652
2422 6193
2422 6401
2422 6547
2422 6554
2422 7163
2422 7593
2422 8709
2422 8956
2422 9105
2423 2570
2423 3555
2423 4158
2423 4303
2423 4564
2423 5169
2423 5239
2423 5872
2423 6116
2423 6323
2423 7116
2423 8952
2423 9629
2424 4504
2424 8519
2425 2777
2425 2927
2425 3206
2425 3582
2425 3916
2425 4183
2425 4851
2425 5712
2425 6835
2425 7037
2425 7062
2425 7934
2425 8046
2425 9299
2425 9362
2426 2968
2426 4576
2426 6015
2426 6296
2426 8645
2426 9754
2427 2647
2427 3261
2427 4027
2427 5841
2427 6334
2427 9647
2428 2445
2428 2649
2428 2845
2428 3280
2428 3486
2428 5397
2428 5429
2428 5563
2428 5678
2428 6793
2428 9374
2428 9861
2429 3142
2429 4278
2429 4658
2429 4732
2429 6915
2429 7219
2429 7379
2429 8847
2429 9888
2430 2746
2430 2991
2430 3337
2430 3372
2430 3489
2430 5506
2430 5795
2430 6046
2430 7193
2430 7801
2430 8786
2430 8880
2430 9952
2431 2521
2431 2769
2431 2939
2431 3121
2431 3318
2431 3416
2431 3630
2431 4619
2431 4722
2431 4846
2431 4963
2431 6066
2431 7331
2431 7599
2431 7819
2431 7849
2431 8838
2431 9171
2432 3377
2432 3679
2432 3695
2432 3779
2432 4455
2432 5447
2432 5855
2432 6955
2432 9063
2433 2664
2433 4606
2433 5828
2433 6408
2433 6618
2433 7125
2433 7971
2433 8210
2433 8340
2433 9975
2434 2708
2434 3167
2434 3414
2434 3736
2434 4529
2434 5331
2434 6213
2434 6335
2434 7008
2434 8671
2435 2842
2435 3391
2435 4174
2435 4750
2435 5163
2435 6059
2435 6277
2435 6589
2435 7130
2435 9691
2436 2938
2436 3000
2436 3435
2436 3574
2436 4437
2436 4867
2437 4089
2437 4254
2437 4557
2437 4908
2437 5022
2437 6156
2437 6911
2437 6989
2437 7853
2437 8695
2437 9072
2438 2455
2438 3013
2438 4533
2438 4594
2438 5619
2438 7382
2438 7418
2439 2646
2439 2710
2439 2987
2439 3196
2439 4852
2439 4871
2439 6032
2439 6156
2439 6553
2439 8367
2440 3639
2440 5596
2440 6668
2440 7276
2440 7387
2440 7569
2441 2965
2441 3488
2441 4017
2441 4042
2441 5454
2441 6016
2441 6311
2441 6400
2441 8055
2441 9346
2441 9612
2442 2472
2442 3626
2442 4586
2442 4802
2442 4912
2442 6447
2442 6561
2442 6711
2442 6959
2442 7493
2442 9085
2442 9548
2442 9558
2442 9606
2443 2942
2443 3418
2443 3915
2443 6793
2443 7809
2443 8116
2443 8247
2443 8758
2443 9046
2443 9141
2443 9466
2444 2575
2444 2686
2444 3207
2444 3252
2444 3314
2444 3378
2444 4197
2444 4286
2444 4319
2444 4427
2444 5731
2444 6056
2444 6867
2444 8902
2444 9219
2445 2613
2445 2805
2445 2861
2445 4069
2445 4488
2445 4496
2445 4748
2445 5003
2445 5088
2445 7021
2445 7491
2445 7665
2445 8280
2445 8312
2445 9547
2446 3106
2446 3664
2446 4306
2446 5381
2446 6713
2446 6889
2446 6896
2446 8695
2446 8756
2446 9600
2447 2521
2447 2698
2447 2759
2447 3257
2447 3497
2447 3574
2447 3611
2447 4294
2447 5591
2447 5844
2447 6433
2447 6434
2447 6581
2447 6707
2447 8108
2447 8170
2447 8576
2447 8658
2447 8696
2447 9463
2447 9608
2447 9743
2447 9896
2448 2541
2448 3399
2448 6035
2449 2805
2449 2879
2449 2906
2449 3512
2449 3728
2449 3736
2449 5142
2449 5699
2449 6300
2449 6357
2449 6776
2449 7726
2449 8557
2449 9151
2450 3073
2450 3169
2450 3755
2450 4389
2450 5318
2450 5382
2450 5908
2450 6653
2450 7287
2450 7357
2450 8151
2450 8554
2451 2455
2451 2721
2451 2916
2451 3200
2451 4095
2451 4256
2451 4342
2451 4840
2451 5126
2451 6033
2451 9762
2452 2551
2452 2561
2452 3117
2452 3596
2452 4408
2452 4950
2452 5236
2452 6753
2452 6806
2453 3133
2453 3229
2453 3709
2453 4169
2453 6546
2453 7021
2453 7219
2453 7517
2453 9893
2454 2473
2454 3071
2454 4442
2454 4840
2454 5122
2454 6274
2454 6522
2454 6538
2454 6851
2454 7146
2454 8763
2454 9711
2455 2914
2455 3277
2455 4260
2455 4428
2455 4921
2455 5065
2455 5426
2455 5546
2455 6094
2456 3123
2456 3834
2456 5890
2456 6993
2456 8704
2456 8820
2456 9134
2457 3022
2457 3233
2457 3476
2457 3616
2457 3792
2457 4313
2457 4437
2457 4739
2457 5909
2457 5989
2457 7035
2457 9490
2458 2601
2458 2738
2458 2799
2458 4211
2458 4506
2458 6301
2458 7540
2458 8858
2458 9065
2459 2548
2459 2577
2459 2937
2459 4951
2459 5946
2459 6026
2459 7734
2459 7884
2459 9379
2460 4179
2460 5765
2460 6683
2460 7355
2460 8172
2460 8639
2460 8688
2460 9431
2460 9494
2461 2730
2461 7435
2461 8250
2461 8840
2462 2567
2462 3612
2462 4656
2462 7851
2462 8911
2462 9243
2463 2614
2463 2649
2463 2800
2463 2905
2463 3102
2463 3302
2463 3401
2463 4922
2463 5006
2463 6143
2463 6350
2463 8038
2463 8330
2463 8662
2463 8745
2463 9019
2463 9263
2463 9822
2463 9884
2464 2692
2464 2918
2464 3567
2464 4384
2464 5130
2464 5566
2464 6401
2464 6535
2464 8807
2465 4823
2465 6062
2465 6504
2465 6584
2465 7605
2465 8042
2465 9290
2466 3227
2466 4065
2466 4866
2466 6120
2466 6210
2466 7602
2466 7610
2466 9819
2467 2900
2467 6459
2467 8309
2467 9012
2467 9925
2468 2665
2468 2762
2468 2971
2468 3094
2468 3947
2468 4211
2468 4408
2468 4731
2468 5062
2468 5325
2468 6623
2468 7916
2469 3086
2469 3203
2469 4620
2469 4887
2469 5851
2469 7864
2469 8122
2469 8586
2469 8702
2470 3043
2470 3064
2470 5205
2470 5616
2470 8166
2470 9720
2471 2512
2471 2722
2471 2746
2471 3039
2471 3361
2471 3600
2471 3604
2471 5219
2471 5414
2471 6199
2471 6807
2471 7193
2471 7328
2471 7812
2471 7975
2471 8101
2471 9087
2472 3521
2472 4195
2472 6183
2472 6467
2472 7992
2472 8048
2472 8374
2473 3092
2473 3327
2473 4017
2473 4867
2473 4896
2473 8220
2473 8612
2474 2660
2474 2800
2474 3410
2474 5430
2474 7432
2474 9508
2474 9763
2475 2645
2475 2919
2475 3113
2475 3925
2475 3931
2475 4403
2475 4556
2475 5309
2475 5950
2475 7374
2475 9714
2476 2731
2476 3696
2476 4478
2476 7855
2476 8940
2477 2733
2477 3920
2477 3950
2477 4220
2477 4898
2477 5603
2477 6081
2478 2665
2478 3737
2478 3760
2478 4207
2478 8470
2479 2952
2479 4114
2479 4148
2479 4266
2479 7143
2479 7955
2479 9004
2479 9248
2480 2551
2480 2808
2480 3256
2480 3678
2480 3762
2480 3966
2480 4728
2480 5102
2480 5228
2480 5427
2480 5919
2480 6108
2480 6327
2480 7499
2480 8452
2480 8745
2480 9887
2480 9979
2481 2839
2481 3471
2481 3636
2481 4850
2481 5413
2481 6205
2481 6270
2482 2891
2482 3164
2482 4157
2482 4916
2482 5837
2482 5952
2482 7790
2482 8471
2482 8577
2482 9790
2483 5692
2483 6990
2483 8994
2483 9121
2483 9570
2483 9914
2484 3121
2484 4250
2484 4702
2484 5172
2484 7077
2484 9405
2484 9941
2485 3532
2485 3603
2485 4518
2485 5221
2485 5264
2485 5826
2485 6936
2485 6945
2485 7072
2485 7190
2485 8251
2485 9540
2486 3522
2486 3874
2486 4075
2486 4812
2486 4828
2486 5522
2486 5790
2486 5973
2486 7637
2486 8500
2486 8952
2486 9197
2486 9815
2487 3131
2487 3486
2487 3624
2487 5868
2487 6395
2487 7799
2487 8152
2487 9595
2488 2762
2488 4008
2488 4382
2488 6008
2488 6079
2488 6586
2488 6908
2488 7244
2488 7536
2488 7848
2488 8737
2488 9895
2489 2880
2489 3035
2489 3261
2489 3304
2489 3635
2489 4368
2489 5298
2489 5534
2489 6142
2489 7568
2489 8744
2489 9336
2490 2709
2490 3651
2490 3831
2490 4036
2490 6019
2490 8229
2490 9103
2491 2843
2491 3342
2491 3588
2491 5668
2491 6638
2491 7635
2491 7774
2491 7793
2491 8109
2491 8170
2491 8213
2491 8328
2491 9483
2492 3745
2492 5775
2492 6019
2492 7930
2492 8077
2492 8707
2492 9254
2492 9916
2493 2934
2493 3004
2493 3238
2493 3739
2493 4297
2493 4592
2493 4766
2493 7123
2493 7724
2494 2856
2494 4245
2494 7060
2494 7705
2494 7906
2494 8619
2494 9102
2494 9898
2495 2539
2495 2654
2495 3473
2495 3769
2495 4044
2495 6016
2495 7712
2495 8105
2495 8923
2495 9781
2496 3177
2496 4264
2496 4586
2496 4746
2496 4950
2496 5623
2496 5857
2496 6582
2496 7053
2496 7565
2496 7854
2496 8723
2496 9450
2496 9952
2497 4535
2497 4999
2497 9521
2497 9929
2498 3362
2498 4678
2498 5288
2498 5529
2498 5605
2498 6318
2498 6541
2498 7215
2499 3674
2499 4055
2499 4747
2499 6220
2499 6675
2499 8325
2500 3405
2500 4043
2500 4701
2500 5174
2500 6517
2500 6634
2500 7654
2500 8255
2500 9665
2501 4054
2501 5346
2502 2783
2502 2806
2502 4955
2502 5423
2502 5509
2502 5542
2502 5911
2502 6393
2502 7185
2502 7227
2502 8064
2503 2585
2503 3339
2503 4776
2503 5629
2503 5704
2504 2708
2504 3548
2504 3811
2504 5201
2504 5337
2504 5539
2504 5613
2504 6988
2504 8546
2504 9381
2504 9973
2505 2725
2505 3993
2505 9572
2506 4515
2506 5049
2506 5116
2506 5619
2506 5966
2506 6220
2506 7434
2506 9633
2507 2621
2507 5169
2507 6507
2507 6773
2507 6812
2507 6993
2507 7871
2507 8870
2508 3542
2508 3570
2508 5621
2508 8359
2508 8773
2508 9726
2509 2569
2509 3150
2509 3736
2509 5491
2509 5949
2509 6472
2509 9368
2510 4981
2510 5118
2510 5165
2510 7142
2510 7622
2510 9432
2510 9741
2511 3209
2511 3489
2511 3638
2511 3814
2511 3931
2511 4977
2511 7142
2511 7190
2511 9739
2511 9871
2511 9928
2512 2639
2512 3731
2512 4224
2512 4835
2512 4869
2512 4987
2512 6120
2512 6762
2512 6862
2512 6895
2512 7289
2512 7388
2512 7782
2512 7950
2512 9621
2513 2825
2513 3039
2513 3284
2513 3399
2513 3465
2513 3576
2513 5189
2513 5270
2513 6855
2513 7025
2513 7091
2513 7615
2513 8870
2514 2871
2514 3817
2514 4190
2514 4205
2514 4639
2514 4792
2514 5117
2514 6517
2514 7257
2514 7790
2514 9016
2515 3119
2515 3324
2515 4015
2515 4081
2515 4239
2515 4587
2515 7717
2515 8828
2515 9717
2516 2758
2516 2924
2516 3861
2516 4357
2516 5266
2516 6893
2516 7002
2516 7633
2516 8185
2517 2606
2517 3774
2517 5461
2517 7253
2517 8396
2517 8769
2517 8989
2518 2995
2518 3724
2518 4085
2518 4361
2518 6499
2518 7725
2518 8576
2518 9671
2519 2874
2519 3114
2519 3204
2519 3515
2519 4581
2519 5008
2519 5360
2519 6073
2519 6658
2519 6768
2519 8180
2519 8294
2519 8782
2519 9980
2519 9998
2520 3149
2520 3158
2520 3665
2520 5742
2520 6255
2520 6502
2520 6589
2520 7607
2520 7908
2520 8806
2520 8810
2520 9830
2521 3064
2521 3197
2521 3295
2521 3793
2521 3973
2521 5027
2521 5289
2521 5309
2521 5860
2521 7338
2521 8858
2521 9709
2521 9772
2522 2842
2522 3697
2522 4252
2522 5006
2522 6808
2522 7330
2522 7394
2522 7692
2522 7962
2522 8382
2523 2679
2523 2898
2523 2903
2523 3402
2523 4055
2523 5248
2523 5296
2523 6311
2523 8544
2524 2543
2524 3131
2524 3225
2524 4596
2524 6166
2524 6450
2524 6457
2524 6575
2524 6800
2524 7070
2524 7782
2524 8230
2524 8680
2524 9351
2524 9899
2524 9942
2525 6984
2525 9939
2526 2996
2526 3374
2526 6258
2526 7125
2527 3078
2527 3121
2527 3914
2527 4334
2527 5261
2527 5951
2527 6620
2527 6725
2527 6802
2527 7415
2527 8276
2527 8813
2527 9384
2527 9681
2528 4127
2528 6298
2528 6789
2528 6794
2528 7261
2528 8622
2528 8694
2528 9104
2529 2779
2529 2866
2529 2985
2529 5171
2529 6450
2529 6716
2529 7501
2529 8273
2529 8691
2529 8719
2530 3741
2530 4734
2530 4790
2530 5892
2530 5913
2530 7471
2530 7511
2531 2632
2531 2754
2531 3076
2531 3557
2531 3993
2531 4017
2531 4419
2531 4575
2531 6152
2531 6837
2531 7306
2531 9204
2531 9536
2532 3771
2532 4391
2532 4486
2532 4807
2532 5777
2532 7972
2532 8551
2532 9215
2532 9349
2533 2940
2533 6141
2533 6561
2533 6602
2533 9930
2534 4495
2534 6286
2534 6766
2534 8282
2535 2566
2535 2930
2535 3147
2535 3274
2535 4345
2535 5897
2535 6877
2535 6949
2535 7223
2535 7604
2535 7717
2535 8000
2535 8623
2535 8847
2536 3258
2536 3666
2536 3867
2536 4598
2536 5260
2536 9731
2537 4026
2537 4688
2537 5565
2537 6240
2537 6499
2537 7975
2537 8094
2537 8680
2538 2560
2538 2782
2538 3032
2538 3523
2538 3558
2538 3959
2538 4784
2538 8210
2538 9489
2539 2572
2539 4083
2539 4084
2539 4598
2539 4808
2539 6752
2539 6859
2539 8081
2540 3369
2540 3820
2540 3897
2540 3985
2540 4146
2540 4767
2540 4850
2540 6997
2540 7643
2540 8399
2540 8955
2540 9243
2541 2592
2541 2617
2541 3236
2541 3532
2541 8653
2541 8873
2541 9910
2542 2717
2542 3060
2542 4002
2542 4013
2542 4192
2542 4601
2542 5244
2542 5295
2542 5736
2542 5785
2542 6459
2542 7792
2542 8527
2542 8822
2542 9092
2542 9890
2543 2705
2543 2993
2543 3187
2543 3254
2543 4297
2543 4529
2543 4639
2543 5211
2543 5223
2543 5663
2543 5670
2543 6658
2543 6777
2543 7433
2543 7530
2543 7539
2543 8626
2543 8908
2544 3315
2544 3397
2544 3433
2544 3955
2544 4434
2544 4841
2544 6332
2544 6460
2544 6527
2544 6685
2544 6897
2544 7699
2544 8326
2544 9833
2545 2897
2545 3326
2545 3348
2545 3406
2545 4608
2545 5284
2545 5752
2545 6105
2545 6757
2545 7576
2545 8606
2545 9619
2545 9994
2546 2737
2546 2762
2546 2891
2546 3123
2546 3176
2546 3339
2546 4416
2546 4592
2546 5004
2546 5986
2546 6369
2546 6461
2546 7263
2546 8645
2546 9012
2546 9876
2547 3480
2547 3508
2547 4784
2547 4847
2547 5851
2547 6000
2547 6053
2547 6604
2547 7019
2547 7146
2547 8170
2547 8887
2548 2748
2548 2891
2548 4297
2548 7405
2548 8300
2548 8385
2548 8533
2548 9822
2549 4079
2549 5384
2549 6047
2549 6371
2549 7289
2550 3083
2550 3944
2550 4121
2550 4321
2550 4422
2550 4715
2550 4800
2550 6155
2550 7927
2551 2854
2551 2941
2551 3009
2551 3032
2551 3132
2551 3266
2551 3360
2551 3861
2551 4619
2551 4970
2551 5795
2551 5986
2551 7738
2551 8098
2551 8468
2551 8572
2551 9575
2551 9747
2552 2594
2552 2797
2552 2863
2552 5383
2552 5416
2552 6021
2552 7566
2552 8477
2552 8521
2552 8786
2553 2980
2553 3330
2553 3890
2553 4201
2553 4326
2553 4390
2553 5865
2553 6452
2553 6748
2553 6895
2553 6954
2553 7098
2553 8102
2553 8111
2553 8122
2553 8912
2553 8955
2554 2593
2554 2859
2554 3748
2554 3792
2554 5048
2554 6096
2554 6394
2554 6535
2554 6972
2554 8271
2554 8360
2554 8370
2554 8986
2554 9692
2555 3458
2555 5076
2555 7497
2555 8591
2556 3131
2556 3174
2556 3491
2556 3644
2556 4492
2556 4898
2556 5296
2556 5867
2556 6043
2556 6331
2556 7452
2556 7910
2556 9395
2557 3038
2557 3742
2557 4441
2557 4738
2557 5562
2557 5848
2557 6254
2557 6426
2557 6737
2557 6943
2557 7428
2557 8138
2557 8926
2557 9640
2558 2981
2558 3461
2558 5041
2558 5831
2558 7577
2559 3044
2559 3846
2559 4024
2559 4118
2559 6252
2559 6747
2559 9239
2560 2725
2560 3384
2560 3519
2560 5110
2560 5506
2560 5742
2560 5797
2560 5912
2560 7928
2560 7965
2560 8206
2560 9270
2560 9580
2561 2597
2561 3021
2561 3119
2561 3156
2561 3279
2561 3343
2561 3427
2561 3565
2561 4944
2561 4984
2561 5038
2561 5841
2561 6489
2561 7004
2561 7587
2561 7962
2561 8235
2561 9103
2562 2844
2562 3251
2562 3477
2562 4226
2562 5319
2562 5856
2562 6149
2562 6652
2563 2640
2563 3369
2563 3417
2563 4014
2563 4097
2563 4165
2563 4273
2563 4664
2563 4965
2563 5386
2563 6127
2563 6457
2563 7237
2563 7898
2563 8026
2563 8258
2563 9373
2563 9409
2563 9496
2563 9789
2564 2685
2564 2998
2564 3651
2564 5286
2564 6136
2564 6539
2564 6776
2564 9028
2564 9376
2564 9470
2564 9540
2565 2754
2565 4096
2565 6735
2565 7881
2565 7917
2565 8424
2565 9530
2566 3935
2566 4166
2566 7403
2566 7585
2566 7838
2566 9977
2567 2725
2567 4685
2567 5325
2567 6483
2567 6817
2567 6832
2567 7328
2568 3268
2568 4601
2568 9025
2568 9283
2568 9322
2568 9704
2568 9780
2569 3240
2569 3821
2569 5165
2569 5434
2569 5579
2569 7516
2569 7874
2570 3431
2570 3566
2570 3926
2570 4358
2570 4621
2570 6683
2570 7597
2570 8364
2570 9025
2570 9908
2571 2659
2571 3027
2571 3621
2571 3686
2571 3787
2571 4262
2571 4337
2571 4398
2571 4849
2571 4988
2571 5188
2571 6010
2571 7076
2571 7358
2571 7789
2571 8292
2571 8689
2571 9052
2571 9150
2571 9399
2571 9434
2571 9468
2571 9478
2572 3032
2572 3439
2572 3522
2572 3540
2572 4118
2572 4170
2572 4851
2572 5160
2572 5756
2572 6959
2572 7206
2572 7434
2572 8841
2572 9000
2573 2737
2573 3000
2573 3243
2573 3953
2573 4547
2573 4722
2573 5114
2573 8305
2573 8698
2573 9334
2573 9966
2574 3382
2574 3888
2574 4654
2574 4861
2574 4925
2574 5520
2574 5909
2574 7379
2574 7843
2575 2948
2575 8439
2576 2745
2576 3006
2576 3293
2576 3459
2576 4100
2576 4101
2576 4310
2576 4645
2576 5842
2576 8247
2576 8350
2576 8915
2576 9658
2576 9904
2577 4494
2577 5129
2577 5244
2577 5681
2577 6324
2577 7759
2577 8760
2577 9004
2578 2679
2578 3956
2578 6693
2578 6952
2578 7055
2579 8182
2579 8949
2580 2737
2580 4008
2580 4546
2580 6185
2580 6773
2580 9235
2581 3415
2581 4642
2581 4864
2581 5324
2581 5821
2581 6195
2581 6625
2581 6872
2581 8342
2581 8445
2582 2613
2582 3459
2582 3519
2582 5557
2582 5622
2582 5682
2582 6944
2582 7412
2582 8077
2582 9187
2583 3430
2583 3972
2583 5306
2583 5367
2583 5724
2583 5790
2583 5984
2583 6988
2583 8339
2584 4426
2584 6082
2584 6568
2584 6650
2584 7130
2584 9102
2585 2723
2585 3254
2585 3331
2585 4510
2585 4575
2585 5044
2585 6179
2585 6281
2585 6382
2585 7281
2585 7309
2585 8717
2585 8731
2586 3425
2586 7667
2587 2833
2587 3139
2587 3704
2587 3975
2587 5149
2587 5431
2587 6020
2587 8737
2587 9792
2588 2655
2588 5587
2588 5881
2588 9283
2589 5290
2589 5838
2589 7755
2589 9663
2590 2759
2590 2863
2590 3282
2590 4277
2590 4542
2590 5002
2590 5069
2590 5319
2590 5718
2590 6443
2590 7567
2590 7873
2590 8058
2590 8519
2590 9573
2590 9994
2591 4544
2591 7118
2591 7438
2591 8019
2591 8113
2591 8776
2591 9007
2591 9475
2592 2855
2592 2914
2592 3027
2592 4355
2592 4504
2592 4630
2592 5756
2592 5762
2592 6848
2592 7767
2592 8034
2592 8598
2592 8745
2592 9750
2593 8044
2593 8068
2593 8748
2593 8769
2593 9853
2594 3507
2594 4570
2594 5966
2594 6100
2594 6729
2594 6865
2594 8149
2594 8535
2594 9452
2595 3214
2595 3224
2595 5159
2595 5269
2595 6360
2595 6985
2595 8533
2595 8643
2596 2710
2596 3029
2596 3884
2596 3947
2596 4096
2596 5494
2596 6284
2596 6512
2596 6657
2596 6908
2596 7015
2596 7405
2596 7610
2596 8561
2597 2682
2597 3026
2597 3074
2597 3729
2597 3941
2597 4302
2597 4762
2597 6652
2597 7636
2597 8350
2597 9643
2597 9894
2598 2642
2598 3565
2598 3617
2598 3668
2598 3698
2598 5850
2598 6528
2598 6894
2598 6918
2598 7420
2598 9028
2599 2637
2599 3006
2599 3129
2599 3255
2599 3925
2599 4153
2599 5119
2599 5663
2599 5794
2599 6036
2599 7540
2599 7989
2599 8377
2599 8792
2599 9329
2599 9449
2600 2761
2600 3216
2600 4973
2600 9805
2601 2977
2601 3311
2601 3924
2601 4090
2601 4106
2601 5056
2601 5133
2601 5991
2601 6134
2601 6540
2601 7858
2601 8493
2601 9579
2602 2672
2602 3253
2602 3443
2602 3478
2602 3945
2602 4876
2602 5433
2602 5544
2602 6418
2602 6442
2602 7423
2602 7934
2602 9877
2603 3654
2603 3838
2603 3892
2603 4368
2603 4846
2603 5468
2603 5488
2603 5691
2603 7214
2603 7962
2603 9386
2604 2897
2604 3219
2604 3962
2604 4076
2604 4716
2604 4868
2604 5465
2604 5955
2604 6472
2604 7108
2604 7335
2604 8539
2604 8997
2604 9571
2605 2845
2605 2871
2605 3012
2605 4577
2605 4755
2605 5029
2605 6703
2605 6895
2605 8025
2605 8076
2605 8165
2605 9493
2606 3048
2606 5907
2607 2624
2607 2720
2607 2987
2607 3145
2607 3352
2607 3468
2607 3807
2607 4154
2607 4807
2607 4834
2607 4904
2607 5055
2607 5246
2607 5310
2607 5698
2607 6328
2607 6441
2607 6746
2607 7335
2607 7604
2607 7786
2608 2729
2608 2776
2608 3086
2608 4616
2608 5866
2609 2798
2609 3717
2609 4647
2609 4701
2609 4888
2609 4996
2609 5732
2609 6022
2609 6065
2609 7832
2609 9533
2609 9535
2609 9539
2609 9938
2610 3381
2610 5620
2610 6976
2611 3379
2611 3973
2611 4542
2611 5864
2611 6881
2611 6956
2611 7410
2611 8449
2611 9796
2612 3133
2612 3298
2612 3791
2612 6007
2612 6372
2612 6664
2612 7019
2612 7778
2612 7837
2612 7863
2612 8837
2612 8859
2613 2729
2613 2979
2613 3008
2613 3612
2613 3712
2613 4289
2613 4623
2613 4945
2613 5046
2613 6197
2613 6488
2613 8571
2613 8697
2613 8949
2613 9817
2614 2772
2614 4188
2614 4222
2614 4397
2614 4520
2614 5648
2614 6355
2614 9912
2615 2995
2615 3063
2615 3535
2615 4174
2615 6118
2615 8157
2615 9087
2615 9546
2616 2633
2616 3807
2616 4228
2616 5004
2616 5241
2616 5320
2616 6204
2616 6384
2616 7202
2616 8437
2616 8794
2616 9345
2617 3188
2617 3279
2617 3440
2617 3888
2617 3960
2617 5123
2617 5645
2617 5991
2617 6826
2617 6932
2617 6979
2618 3309
2618 3788
2618 3843
2618 4829
2618 6368
2618 7376
2618 7489
2618 7835
2618 8031
2619 2644
2619 2758
2619 2977
2619 4067
2619 6115
2619 9612
2620 3507
2620 3921
2620 4032
2620 4347
2620 4541
2620 4598
2620 5316
2620 5957
2620 6534
2620 6640
2620 7489
2620 7635
2620 8646
2621 2636
2621 3250
2621 4516
2621 5097
2621 5890
2621 6615
2621 9863
2622 3072
2622 3661
2622 4024
2622 4115
2622 4816
2622 8358
2622 8827
2622 9952
2623 2917
2623 3532
2623 3734
2623 3864
2623 5014
2623 6070
2623 6769
2623 6770
2623 9277
2623 9575
2623 9937
2624 2905
2624 2968
2624 3140
2624 4226
2624 4949
2624 5641
2624 5704
2624 5705
2624 6125
2624 6457
2624 7321
2624 7631
2624 8335
2624 9311
2624 9463
2625 2709
2625 3169
2625 5350
2625 5936
2625 6383
2625 6675
2625 7912
2625 8104
2626 3910
2626 4044
2626 4438
2626 4721
2626 4932
2626 5778
2626 6907
2626 8128
2626 8400
2627 5208
2627 5945
2627 5999
2627 8236
2628 2687
2628 5220
2629 2659
2629 2764
2629 2924
2629 3410
2629 3501
2629 3897
2629 4517
2629 5642
2629 5669
2629 6826
2629 7219
2629 8199
2630 3514
2630 3541
2630 3926
2630 4392
2630 4737
2630 4992
2630 5052
2630 5568
2630 5585
2630 6584
2630 7970
2631 3433
2631 9335
2631 9443
2631 9922
2632 2837
2632 3231
2632 4051
2632 4068
2632 4344
2632 4530
2632 4912
2632 5001
2632 5924
2632 7037
2632 7585
2632 8735
2632 8954
2632 9190
2633 2846
2633 3271
2633 3531
2633 3657
2633 4818
2633 6174
2633 6291
2633 6966
2633 8391
2633 8587
2633 9161
2633 9283
2633 9560
2633 9586
2634 2664
2634 4299
2634 4899
2634 5449
2634 7111
2634 7356
2634 7626
2634 7787
2634 8224
2634 8567
2635 3030
2635 3083
2635 3224
2635 4610
2635 5422
2635 7686
2635 8320
2635 8355
2635 9633
2636 4548
2636 4580
2636 5619
2636 5853
2636 6972
2636 7584
2636 7733
2636 9691
2637 2653
2637 3114
2637 3183
2637 3590
2637 4136
2637 6013
2637 7132
2637 7592
2637 8103
2638 3453
2638 3478
2638 4455
2638 4728
2638 5988
2638 6110
2638 7797
2638 7978
2638 8484
2639 2901
2639 2979
2639 3494
2639 4167
2639 4281
2639 4386
2639 5678
2639 5682
2639 7620
2639 8534
2640 3142
2640 3320
2640 3407
2640 4963
2640 5335
2640 5371
2640 5812
2640 6039
2640 6041
2640 6589
2640 7585
2640 7788
2640 8266
2640 8342
2640 9485
2641 3128
2641 4643
2641 4683
2641 6080
2641 8860
2641 9569
2642 3084
2642 3469
2642 7049
2642 8413
2643 2868
2643 4085
2643 4309
2643 6389
2644 2669
2644 3065
2644 4492
2644 6049
2644 7349
2644 7967
2645 3093
2645 4995
2645 5343
2645 6039
2645 6267
2645 7105
2645 8474
2645 9341
2645 9414
2645 9586
2646 3000
2646 3551
2646 4337
2646 4896
2646 6191
2646 7237
2646 7634
2646 8043
2646 8233
2646 8532
2646 9109
2646 9875
2646 9926
2647 2652
2647 2774
2647 4304
2647 5565
2647 6773
2647 6783
2647 6975
2647 7184
2647 7240
2647 7272
2647 8692
2648 3384
2648 4678
2648 6696
2648 7554
2648 8888
2648 9108
2648 9527
2649 3283
2649 3511
2649 4877
2649 5252
2649 6082
2649 6516
2649 7174
2649 7367
2649 8765
2650 2797
2650 2875
2650 3143
2650 3216
2650 3281
2650 3618
2650 4003
2650 4015
2650 5528
2650 6004
2650 6544
2650 6723
2650 7206
2651 2744
2651 2829
2651 2874
2651 3049
2651 3249
2651 4058
2651 4629
2651 4710
2651 4719
2651 4874
2651 5520
2651 5579
2651 6546
2651 7433
2651 7829
2651 8695
2651 9381
2651 9995
2652 2699
2652 3721
2652 3752
2652 3995
2652 4133
2652 5119
2652 5573
2652 5620
2652 5952
2652 8704
2652 8939
2653 3587
2653 6342
2653 6983
2653 7882
2653 9707
2654 3054
2654 4071
2654 4078
2654 5037
2654 5053
2654 5526
2654 5910
2654 6041
2654 6092
2654 6355
2654 6520
2654 6592
2654 6610
2654 7010
2654 7781
2654 9395
2655 2882
2655 4305
2655 5499
2655 5816
2656 3957
2656 6459
2656 6846
2656 8751
2657 2670
2657 3076
2657 3896
2657 4595
2657 4635
2657 4887
2657 6532
2657 7598
2657 9917
2658 2933
2658 3034
2658 3703
2658 4091
2658 5126
2658 5884
2658 6443
2658 6618
2658 7649
2658 8845
2658 8874
2658 9790
2658 9873
2659 2849
2659 4300
2659 4946
2659 5687
2659 6219
2659 6797
2659 9982
2660 2925
2660 4842
2660 7783
2660 8621
2661 3211
2661 3677
2661 5091
2661 8266
2662 3470
2662 4196
2662 4227
2662 4730
2662 5038
2662 6662
2662 6700
2662 7372
2663 3577
2663 3791
2663 3977
2663 4188
2663 5271
2663 6085
2663 6593
2663 7593
2663 7796
2663 7885
2663 9647
2664 4110
2664 4524
2664 9634
2665 2694
2665 3159
2665 3181
2665 3409
2665 3777
2665 3972
2665 5276
2665 5356
2665 6105
2665 6113
2665 6677
2665 7603
2665 8135
2665 8792
2665 8995
2666 5005
2666 5380
2666 6687
2666 7155
2666 7261
2667 3049
2667 3114
2667 3311
2667 3592
2667 3611
2667 3949
2667 5226
2667 5772
2667 5859
2667 6234
2667 6560
2667 8164
2667 8597
2667 9255
2668 3606
2668 4011
2668 4388
2668 4517
2668 6186
2669 3352
2669 4089
2669 6308
2669 6766
2670 2701
2670 2814
2670 3723
2670 7832
2670 8673
2670 8695
2671 2720
2671 3273
2671 3378
2671 3422
2671 3670
2671 3795
2671 3848
2671 4698
2671 4981
2671 5186
2671 5394
2671 5665
2671 6077
2671 6643
2671 6709
2671 7377
2671 7650
2671 8700
2671 8800
2671 9181
2671 9622
2672 2918
2672 3403
2672 4106
2672 5060
2672 6581
2672 6705
2672 9431
2673 3179
2673 3263
2673 3956
2673 4762
2673 4845
2673 5044
2673 5666
2673 6006
2673 6467
2673 6952
2673 7288
2673 7808
2673 8264
2673 8698
2673 8741
2673 9789
2674 2994
2674 3724
2674 3841
2674 3941
2674 4244
2674 4329
2674 7028
2674 7565
2674 8058
2674 8153
2674 8329
2675 2862
2675 2899
2675 3109
2675 3184
2675 3520
2675 4088
2675 4168
2675 4545
2675 5041
2675 5106
2675 5954
2675 6075
2675 7232
2675 7305
2675 7513
2675 7883
2675 8479
2675 8489
2675 9513
2676 3249
2676 3938
2676 6361
2676 6654
2676 7212
2676 8077
2676 9233
2677 3591
2677 3914
2677 5075
2677 6761
2677 7527
2677 8045
2677 9576
2677 9900
2678 3698
2678 6322
2678 6964
2678 8432
2678 8834
2679 5581
2679 5902
2679 7403
2679 8044
2679 9167
2680 3395
2680 3804
2680 4439
2680 4684
2680 5245
2680 5982
2680 6285
2680 6314
2680 6646
2680 8139
2680 9978
2681 2726
2681 2841
2681 3009
2681 3060
2681 3211
2681 3406
2681 3874
2681 4172
2681 4338
2681 9024
2681 9524
2682 2923
2682 3744
2682 4084
2682 5182
2682 6247
2682 7156
2682 8230
2682 8613
2682 9167
2683 2915
2683 3065
2683 3104
2683 5184
2683 5815
2683 5964
2683 6230
2683 8328
2683 9051
2683 9723
2684 2708
2684 2935
2684 2945
2684 3027
2684 3417
2684 3505
2684 3834
2684 4500
2684 4791
2684 5135
2684 5174
2684 5280
2684 5918
2684 6215
2684 7471
2684 8313
2685 4531
2685 4626
2686 2893
2686 3428
2686 4359
2686 5733
2686 6619
2686 6953
2686 7783
2686 8194
2686 8516
2686 9550
2687 2739
2687 4069
2687 4774
2687 4836
2687 5470
2687 5699
2687 5891
2687 5943
2687 6294
2687 8236
2687 8799
2687 8951
2687 9674
2687 9702
2688 3891
2688 4940
2688 8460
2688 9364
2688 9842
2689 2852
2689 2872
2689 3002
2689 3080
2689 3206
2689 3945
2689 4045
2689 4139
2689 5257
2689 5690
2689 5829
2689 5934
2689 7045
2689 7305
2689 7872
2689 8036
2689 8695
2689 9759
2690 2697
2690 3545
2690 5112
2690 5884
2690 8809
2691 2809
2691 3150
2691 3495
2691 3977
2691 4553
2691 4730
2691 5307
2691 5770
2691 6296
2691 8163
2691 8218
2691 8593
2691 9196
2691 9459
2691 9999
2692 3126
2692 4129
2692 5318
2692 7200
2692 7840
2692 9149
2693 3166
2693 5987
2693 6004
2693 6034
2693 7899
2693 8957
2694 2843
2694 3620
2694 4324
2694 4952
2694 5118
2694 5184
2694 5518
2694 6153
2694 6400
2694 6621
2694 6649
2694 7469
2694 7815
2694 8239
2694 8277
2694 9304
2695 4280
2695 5463
2695 9363
2695 9738
2695 9897
2696 5332
2696 5397
2696 8437
2696 8536
2696 9107
2696 9998
2697 2881
2697 3417
2697 5235
2697 7590
2697 8354
2697 9328
2697 9574
2697 9811
2698 2988
2698 3396
2698 4161
2698 4243
2698 4255
2698 4335
2698 5085
2698 5219
2698 5375
2698 5476
2698 6164
2698 6668
2698 6780
2698 6990
2698 8764
2698 8823
2698 8930
2698 9240
2698 9410
2699 2873
2699 2938
2699 4807
2699 5333
2699 7147
2699 7525
2699 8252
2700 3687
2700 3719
2700 3853
2700 4467
2700 4639
2700 4683
2700 4700
2700 4795
2700 5017
2700 6360
2700 6762
2700 8362
2701 2804
2701 2882
2701 3087
2701 3240
2701 3282
2701 3531
2701 3906
2701 4294
2701 4482
2701 4554
2701 4905
2701 4965
2701 5861
2701 6416
2701 7153
2701 8043
2701 8234
2701 8254
2702 4250
2702 9223
2702 9758
2703 4988
2703 6850
2704 3612
2704 3950
2704 6049
2704 7613
2704 8209
2704 9385
2704 9538
2704 9556
2705 2782
2705 3079
2705 3266
2705 4342
2705 4405
2705 4429
2705 5523
2705 6835
2705 6850
2705 6950
2705 7813
2705 8602
2706 2961
2706 6699
2706 7561
2706 8292
2706 8755
2706 8838
2706 8945
2706 9550
2707 3190
2707 3566
2707 3674
2707 3937
2707 4710
2707 5850
2707 6096
2707 6224
2707 6376
2707 7097
2707 7697
2707 9265
2708 2931
2708 3023
2708 3178
2708 3741
2708 6983
2708 8103
2708 8681
2708 8949
2708 9571
2708 9955
2709 2769
2709 3025
2709 3208
2709 4715
2709 5067
2709 5317
2709 5645
2709 5876
2709 6736
2709 6880
2709 7011
2709 7313
2709 8044
2709 8416
2709 8856
2709 9285
2710 3122
2710 4778
2710 4875
2710 7893
2711 3679
2711 3798
2711 4091
2711 4788
2711 4828
2711 5101
2711 6313
2711 6566
2711 6749
2711 7932
2711 8907
2712 2743
2712 3719
2712 3925
2712 4673
2712 5995
2712 6415
2712 6881
2712 7194
2712 7473
2712 7689
2712 8134
2712 8916
2713 3011
2713 4643
2713 5455
2713 6192
2713 6999
2713 9287
2713 9536
2714 4196
2714 5042
2714 5069
2714 5464
2714 7156
2714 7827
2714 8344
2714 8450
2715 2812
2715 3340
2715 3775
2715 5607
2715 6338
2715 6365
2715 6956
2715 7208
2715 7808
2715 7874
2715 8035
2715 9008
2715 9220
2715 9415
2716 5273
2716 7237
2716 9980
2717 2903
2717 3245
2717 3476
2717 4848
2717 4987
2717 6127
2717 7099
2717 7245
2718 3071
2718 3983
2718 4103
2718 4132
2718 4774
2718 6714
2718 7608
2718 8579
2718 8873
2718 8971
2719 3175
2719 4134
2719 4186
2719 4422
2719 4623
2719 4841
2719 4946
2719 5053
2719 5318
2719 5328
2719 5614
2719 5788
2719 8322
2719 9108
2719 9111
2720 4322
2720 5356
2720 5693
2720 6196
2720 6232
2720 6306
2720 6747
2721 2899
2721 3421
2721 3848
2721 3887
2721 5067
2721 5701
2721 6641
2721 6918
2721 8373
2721 8386
2721 8637
2722 3043
2722 3932
2722 4446
2722 4807
2722 5571
2722 7037
2722 8017
2722 8050
2722 8227
2722 8394
2722 9564
2722 9993
2723 3528
2723 6606
2723 7199
2723 7700
2723 8346
2724 3549
2724 4149
2724 5029
2724 6537
2724 6633
2724 6675
2724 6759
2724 6872
2724 7125
2724 7352
2724 7678
2724 7880
2724 8819
2724 9657
2724 9780
2725 2833
2725 4543
2725 4578
2725 5035
2725 5732
2725 5924
2725 6221
2725 6373
2725 8995
2725 9796
2726 3336
2726 3530
2726 4205
2726 4618
2726 4634
2726 5615
2726 6893
2726 8147
2726 8262
2727 3405
2727 3414
2727 3492
2727 3576
2727 4786
2727 8762
2727 8932
2727 9799
2728 3642
2728 3756
2728 4360
2728 5003
2728 5243
2728 5336
2728 5722
2728 5855
2729 2998
2729 3066
2729 3072
2729 3376
2729 3388
2729 3678
2729 5323
2729 5435
2729 5677
2729 6242
2729 7499
2729 8227
2729 8975
2730 3150
2730 4340
2730 5365
2730 5688
2730 6314
2730 6387
2730 6610
2730 9055
2731 2760
2731 2804
2731 3567
2731 3750
2731 3832
2731 4661
2731 5606
2731 6755
2731 7397
2731 8036
2731 8919
2731 9168
2731 9275
2731 9363
2731 9411
2732 2770
2732 2982
2732 3928
2732 3966
2732 5961
2732 7567
2732 7930
2732 8419
2732 8452
2732 8598
2732 9222
2732 9339
2732 9524
2732 9624
2732 9952
2733 3621
2733 4431
2733 6054
2733 6306
2733 7230
2733 7864
2733 8234
2733 8690
2733 9046
2733 9419
2733 9997
2734 5000
2734 6464
2734 8537
2735 2825
2735 2929
2735 4491
2735 4875
2735 5755
2735 6199
2735 6341
2735 7703
2735 8408
2736 4113
2736 4160
2736 4371
2736 5742
2736 7158
2736 7881
2737 3365
2737 3417
2737 4137
2737 4197
2737 4335
2737 6095
2737 6816
2737 9777
2738 2760
2738 2940
2738 4342
2738 4923
2738 4948
2738 5808
2738 5953
2738 6317
2738 8747
2738 9950
2739 2743
2739 3841
2739 4430
2739 6089
2739 6178
2739 7941
2740 3736
2740 5409
2740 5451
2740 5604
2740 5624
2740 5637
2740 5779
2740 6401
2740 7165
2740 7397
2740 8010
2740 8287
2740 8473
2741 3137
2741 3627
2741 4237
2741 5795
2741 8646
2741 9278
2742 4929
2742 5835
2742 7289
2742 8579
2742 9286
2742 9736
2743 2922
2743 4387
2743 5448
2743 5456
2743 5640
2743 7589
2744 2916
2744 3606
2744 5820
2744 6394
2744 6554
2744 7373
2744 7556
2744 8430
2745 3227
2745 3235
2745 3757
2745 4600
2745 5346
2745 5645
2745 5745
2745 7203
2745 9251
2745 9955
2746 3657
2746 4235
2746 4700
2746 5517
2746 6329
2746 7403
2746 7631
2746 9058
2746 9329
2746 9901
2747 3277
2747 3478
2747 3957
2747 4363
2747 5232
2747 7000
2747 7472
2747 7500
2747 9141
2747 9164
2747 9571
2748 3080
2748 3628
2748 3935
2748 4217
2748 4668
2748 4756
2748 5219
2748 6391
2748 7164
2748 7278
2748 7654
2748 8833
2749 2798
2749 3038
2749 3079
2749 3183
2749 3772
2749 3776
2749 3813
2749 4117
2749 5327
2749 5632
2749 5640
2749 5703
2749 5792
2749 6939
2749 7460
2749 8171
2749 8338
2749 8920
2750 3070
2750 3110
2750 3306
2750 3506
2750 3929
2750 4197
2750 4661
2750 4937
2750 4970
2750 5039
2750 5620
2750 6262
2750 6331
2750 7301
2750 7545
2750 9075
2750 9822
2750 9921
2750 9998
2751 3581
2751 4363
2751 4583
2751 4978
2751 5259
2751 6066
2751 6356
2751 6548
2751 7282
2751 7971
2751 8887
2751 9101
2752 2963
2752 4146
2752 5429
2752 6091
2752 9838
2753 3235
2753 4789
2753 5614
2753 7079
2753 7705
2753 7785
2753 8942
2754 2787
2754 4143
2754 5700
2754 8825
2755 3710
2755 4336
2755 6468
2755 7178
2755 9676
2756 3512
2756 3793
2756 8206
2756 8555
2756 9113
2756 9502
2757 2844
2757 2853
2757 4269
2757 5148
2757 5560
2757 5830
2757 8302
2757 9144
2757 9458
2758 3263
2758 3927
2758 4647
2758 5095
2758 5553
2758 6481
2758 7422
2758 8303
2758 8926
2758 9063
2759 3048
2759 3537
2759 4129
2759 4152
2759 4159
2759 5196
2759 5272
2759 6147
2759 6337
2759 6734
2759 7841
2759 7961
2759 8233
2759 9716
2759 9851
2760 2824
2760 3201
2760 3303
2760 4387
2760 4978
2760 4992
2760 5995
2760 6189
2760 6266
2760 6329
2760 7539
2761 3564
2761 5563
2761 5767
2761 6785
2761 7112
2761 8237
2761 8918
2762 3911
2762 5862
2762 6534
2762 7517
2762 7697
2762 8034
2762 8829
2762 9739
2763 2794
2763 2818
2763 3170
2763 3357
2763 3359
2763 4245
2763 4537
2763 4573
2763 4708
2763 5490
2763 5499
2763 5833
2763 6183
2763 6250
2763 6283
2763 6493
2763 7143
2763 7364
2763 7823
2763 8282
2763 8371
2763 8645
2763 8791
2763 8833
2763 9243
2764 2787
2764 3023
2764 3548
2764 4383
2764 4641
2764 4669
2764 6226
2764 7318
2764 9753
2765 2893
2765 4183
2765 5042
2765 5179
2765 6184
2765 6943
2765 6960
2765 7148
2765 8728
2766 3231
2766 3238
2766 5283
2766 5490
2766 5744
2766 7293
2767 2839
2767 4106
2767 7080
2767 7183
2768 2915
2768 3126
2768 4516
2768 8762
2769 4215
2769 4441
2769 6801
2769 7673
2769 7707
2769 8339
2770 3020
2770 3038
2770 3096
2770 3432
2770 3779
2770 4512
2770 5436
2770 5548
2770 7246
2770 7303
2770 9746
2771 3582
2771 3818
2771 3978
2771 4042
2771 5328
2771 6353
2771 6558
2771 8245
2771 8683
2772 2946
2772 3439
2772 3501
2772 4134
2772 6086
2772 7205
2772 9236
2773 2970
2773 3060
2773 3403
2773 4123
2773 4563
2773 5283
2773 6036
2773 6458
2773 6901
2773 7398
2773 7772
2773 8316
2773 9127
2774 3252
2774 4625
2774 4786
2774 5242
2774 5474
2774 6116
2774 6479
2774 7217
2774 8096
2774 8498
2774 8703
2774 9816
2774 9900
2775 5660
2775 5935
2775 6962
2775 9430
2776 3291
2776 5817
2776 8624
2776 8758
2776 8982
2776 9027
2777 2963
2777 3368
2777 5501
2777 6062
2777 6697
2778 3008
2778 3572
2778 3752
2778 4154
2778 4327
2778 4424
2778 4753
2778 5031
2778 5816
2778 6037
2778 6549
2778 8478
2778 9257
2778 9542
2778 9957
2779 4881
2779 5100
2779 6046
2779 7984
2780 5509
2780 8736
2780 9679
2780 9987
2781 3507
2781 3847
2781 4155
2781 4171
2781 4346
2781 5851
2781 6794
2781 8086
2781 8955
2781 9334
2782 3442
2782 3504
2782 3745
2782 4473
2782 4851
2782 5862
2782 5894
2782 5955
2782 6528
2782 8576
2782 8641
2782 9489
2783 3440
2783 3537
2783 4802
2783 8148
2783 8494
2784 4455
2784 4931
2784 5302
2784 9507
2785 3367
2785 4241
2785 4866
2785 5099
2785 6014
2785 6021
2785 6085
2785 6469
2785 6499
2785 7540
2785 7735
2785 7869
2785 8567
2785 9996
2786 2803
2786 3091
2786 4057
2786 4629
2786 5011
2786 5396
2786 5586
2786 6404
2786 6703
2786 7494
2786 7563
2786 8261
2786 8674
2787 2807
2787 3526
2787 3994
2787 4051
2787 4558
2787 6453
2787 7765
2787 8013
2787 8033
2787 8959
2788 2993
2788 3170
2788 3350
2788 4621
2788 4916
2788 5199
2788 6139
2788 6212
2788 8233
2788 9461
2788 9759
2789 3375
2789 3513
2789 3988
2789 4078
2789 4502
2789 4741
2789 4830
2789 5520
2789 6204
2789 7196
2790 3544
2790 4554
2790 5592
2790 5792
2790 6917
2790 7214
2790 8068
2790 8583
2790 8607
2791 2851
2791 2881
2791 3716
2791 3973
2791 4201
2791 4305
2791 8002
2791 8747
2791 9614
2791 9858
2792 7027
2792 7248
2793 3197
2793 3338
2793 3898
2793 4512
2793 5409
2793 5527
2793 6132
2793 9675
2794 3599
2794 4962
2794 5409
2794 5560
2794 5567
2794 7531
2794 7794
2794 7976
2795 2907
2795 3114
2795 4027
2795 4383
2795 4510
2795 5415
2795 5757
2795 5943
2795 7177
2796 5162
2796 8803
2797 3185
2797 3754
2797 4937
2797 5061
2797 5125
2797 6997
2797 7098
2797 8506
2797 8964
2798 2821
2798 5754
2798 5794
2798 6146
2798 6233
2798 7700
2798 7862
2798 9015
2799 3482
2799 4631
2799 5535
2799 6533
2799 6678
2799 7860
2799 7892
2799 7907
2799 9473
2800 3075
2800 3767
2800 4029
2800 4662
2800 4764
2800 5992
2800 6789
2800 8765
2800 9129
2800 9778
2800 9830
2801 4039
2801 4363
2801 5347
2801 5649
2801 7394
2801 7894
2801 9719
2802 3980
2802 4758
2802 4831
2802 4988
2802 5255
2802 5271
2802 5388
2802 5610
2802 6588
2802 6746
2802 8061
2802 8981
2803 2918
2803 3354
2803 3905
2803 5557
2803 5747
2803 5979
2803 6126
2803 7050
2803 9685
2804 3320
2804 3821
2804 3913
2804 6424
2805 3459
2805 5877
2805 8597
2805 9286
2806 5077
2806 5791
2806 6427
2806 6581
2806 7035
2806 7332
2806 8503
2807 3376
2807 4355
2807 7894
2807 8151
2807 8368
2807 8529
2808 2996
2808 3684
2808 3711
2808 4287
2808 5123
2808 6069
2808 6097
2808 6243
2808 6261
2808 6564
2808 6569
2808 7296
2808 7504
2808 8090
2808 8467
2808 8542
2808 9632
2808 9657
2808 9716
2808 9781
2808 9986
2809 3523
2809 3968
2809 4144
2809 4313
2809 4416
2809 4669
2809 4995
2809 5766
2809 7760
2809 7926
2809 8555
2809 8799
2809 8832
2809 9728
2809 9846
2810 3824
2810 4819
2810 7891
2810 7975
2810 9029
2811 3255
2811 5328
2811 5552
2811 5881
2811 6963
2811 7644
2811 8284
2811 9766
2812 3172
2812 3267
2812 3715
2812 3768
2812 4398
2812 4806
2812 6583
2812 6899
2812 7428
2812 8942
2812 9736
2812 9966
2813 3342
2813 3600
2813 3843
2813 3916
2813 4003
2813 4723
2813 4824
2813 4842
2813 5228
2813 5512
2813 5617
2813 6820
2813 8344
2813 8580
2813 9695
2814 3193
2814 3563
2814 3656
2814 3765
2814 3791
2814 4654
2814 4801
2814 5276
2814 5492
2814 5773
2814 6098
2814 6445
2814 6836
2814 7451
2815 3616
2815 6012
2815 7060
2815 7987
2815 8182
2815 9749
2815 9877
2816 3938
2816 3963
2816 5486
2816 6429
2816 6694
2816 7724
2816 8060
2816 8375
2816 8750
2816 9964
2817 3037
2817 3666
2817 4128
2817 4592
2817 4655
2817 4657
2817 5805
2817 6027
2817 6850
2817 7699
2817 8614
2817 9300
2818 3160
2818 3162
2818 4669
2818 5490
2818 7363
2818 8132
2818 8778
2819 3283
2819 3862
2819 3868
2819 4406
2819 5593
2819 5792
2819 6772
2819 6956
2819 7128
2819 7423
2819 7686
2819 7799
2820 2862
2820 3442
2820 4093
2820 6834
2820 8892
2820 9779
2821 3149
2821 3900
2821 4255
2821 4280
2821 4607
2821 4787
2821 5598
2821 6157
2821 6539
2822 3789
2822 5260
2822 5597
2822 6809
2822 8145
2822 8894
2822 8971
2822 9140
2822 9654
2823 3659
2823 4139
2823 4670
2823 5662
2823 6424
2824 4726
2824 4905
2824 5227
2824 5285
2824 5665
2824 6460
2824 6710
2824 8184
2824 9531
2825 3840
2825 4244
2825 4259
2825 5246
2825 6369
2825 6641
2825 8336
2825 9410
2826 3077
2826 4431
2826 6392
2826 6756
2826 7038
2826 8155
2826 9652
2827 2863
2827 3485
2827 3588
2827 3865
2827 4526
2827 5303
2827 6052
2827 6056
2827 7131
2827 7700
2827 7735
2827 7984
2827 8975
2827 9503
2828 3080
2828 3192
2828 3641
2828 3738
2828 3975
2828 5102
2828 7066
2828 7322
2828 7751
2829 3781
2829 3986
2829 4963
2829 5993
2829 6202
2829 6884
2829 8069
2829 8168
2829 9970
2830 3154
2830 3192
2830 3226
2830 3267
2830 3429
2830 4027
2830 4225
2830 4534
2830 5772
2830 7017
2830 7217
2830 7484
2830 8024
2830 8754
2830 8948
2830 9211
2831 3440
2831 4815
2831 7197
2831 7689
2831 8052
2831 8455
2831 9539
2832 3280
2832 3715
2832 3922
2832 4417
2832 8169
2832 8624
2832 9816
2833 3890
2833 4409
2833 4547
2833 5473
2833 7530
2833 7904
2833 7954
2833 8229
2833 8666
2833 8762
2833 9856
2834 3076
2834 4945
2834 5059
2834 5337
2834 6354
2834 7876
2834 8640
2834 8824
2835 3234
2835 8129
2836 3286
2836 3849
2836 4545
2836 4850
2836 5051
2836 5312
2836 5906
2836 6207
2836 6572
2836 6674
2836 7163
2836 7599
2836 8023
2836 8048
2836 8514
2837 3109
2837 3169
2837 3256
2837 4161
2837 4201
2837 4274
2837 4318
2837 4519
2837 7574
2837 8119
2837 9703
2837 9731
2838 3248
2838 5110
2838 5279
2838 6009
2838 9541
2839 5060
2839 6482
2840 2967
2840 3101
2840 3745
2840 5348
2840 5448
2840 5528
2840 6741
2840 7025
2840 8320
2840 8385
2840 8989
2840 9238
2840 9542
2840 9625
2841 3001
2841 3517
2841 7111
2841 7255
2841 7667
2841 8384
2841 9512
2842 3760
2842 4620
2842 4659
2842 4950
2842 6898
2842 7059
2842 8031
2843 4007
2843 4071
2843 6458
2843 6468
2843 7423
2843 9478
2844 3197
2844 3558
2844 3861
2844 4312
2844 4729
2844 7805
2844 9093
2844 9356
2845 3449
2845 3464
2845 4356
2845 4800
2845 5277
2845 5716
2845 6918
2845 7105
2845 8383
2846 2914
2846 3106
2846 3245
2846 3397
2846 4020
2846 4145
2846 4267
2846 4401
2846 4408
2846 4822
2846 5143
2846 5813
2846 6776
2846 7250
2846 7485
2846 7936
2846 8032
2846 8240
2846 8471
2846 8488
2846 8603
2846 8626
2846 9223
2846 9751
2847 2966
2847 3352
2847 3543
2847 3604
2847 4871
2847 5628
2847 6444
2847 7139
2847 7664
2847 7827
2847 8928
2847 9688
2848 3049
2848 4130
2848 8775
2849 3546
2849 4340
2849 6209
2849 6323
2849 7215
2849 7545
2849 7772
2849 8368
2849 9135
2849 9345
2849 9996
2850 3631
2850 3907
2850 4155
2850 6394
2850 6854
2850 7480
2851 2967
2851 3016
2851 3371
2851 3813
2851 3931
2851 4737
2851 5205
2851 6145
2851 7227
2851 7766
2851 8437
2851 9599
2851 9683
2852 3409
2852 3746
2852 6130
2852 6676
2852 7769
2853 3522
2853 4814
2853 5348
2853 5880
2853 5931
2853 7482
2853 8383
2853 9646
2854 3099
2854 3404
2854 3445
2854 3582
2854 3864
2854 4046
2854 5564
2854 5739
2854 6221
2854 6849
2854 9156
2854 9834
2855 4162
2855 5178
2855 5530
2855 6526
2855 8324
2855 8490
2855 9143
2855 9308
2855 9897
2856 3045
2856 3206
2856 3936
2856 5067
2856 6413
2856 8742
2857 2858
2857 2941
2857 3733
2857 4761
2857 4767
2858 3265
2858 3356
2858 4094
2858 4804
2858 5726
2858 6914
2858 8067
2858 8833
2859 3103
2859 3145
2859 4178
2859 4356
2859 4588
2859 5264
2859 5818
2859 6311
2859 6673
2859 8284
2860 3244
2860 3413
2860 4007
2860 4167
2860 4667
2860 5002
2860 5210
2860 5238
2860 6172
2860 6361
2860 6685
2860 7361
2860 7646
2860 8810
2860 9140
2860 9355
2861 3606
2861 4028
2861 5565
2861 5651
2861 7489
2861 7920
2861 8482
2862 3134
2862 4220
2862 6834
2862 6864
2862 7857
2862 8200
2863 2997
2863 3556
2863 3697
2863 4280
2863 5321
2863 6145
2863 6324
2863 6607
2863 7039
2863 7278
2863 7285
2863 7793
2863 8929
2864 3228
2864 4051
2864 5048
2864 5947
2864 7522
2865 3241
2865 3593
2865 3685
2865 4306
2865 4584
2865 4659
2865 5275
2865 5597
2865 5841
2865 5845
2865 6399
2865 6571
2865 6997
2865 7257
2865 7832
2865 7944
2865 8082
2865 8360
2865 8773
2865 9635
2866 3043
2866 3100
2866 3126
2866 3872
2866 6102
2866 6160
2866 8920
2866 9272
2866 9899
2867 4409
2867 4513
2867 5125
2867 6181
2867 7702
2867 8517
2868 4208
2868 5502
2868 6325
2868 8153
2868 8228
2868 8793
2868 9572
2869 3341
2869 3475
2869 3940
2869 4101
2869 4446
2869 5704
2869 6509
2869 6791
2869 7029
2869 8244
2869 9435
2870 3801
2870 4129
2870 4402
2870 4929
2870 6861
2870 7227
2870 7537
2870 7649
2871 5548
2871 8390
2871 9817
2872 3326
2872 3465
2872 3514
2872 4602
2872 4831
2872 5524
2872 6288
2872 6465
2872 8453
2872 9318
2873 3652
2873 4461
2873 4758
2873 4990
2873 5390
2873 5878
2873 7357
2873 7895
2873 8227
2873 8272
2873 8810
2873 8813
2874 3547
2874 4812
2874 6069
2874 8591
2874 8766
2874 9188
2874 9353
2875 3207
2875 3473
2875 4421
2875 4875
2875 6932
2875 9610
2876 3194
2876 3548
2876 4288
2876 6257
2876 8958
2876 9828
2877 4440
2877 4590
2877 6163
2877 6417
2877 7109
2877 8273
2877 8437
2877 8439
2877 8461
2877 8885
2877 9011
2877 9409
2878 3010
2878 3393
2878 3987
2878 4378
2878 4736
2878 9711
2879 3252
2879 3640
2879 3764
2879 4061
2879 4074
2879 4212
2879 4890
2879 4891
2879 5147
2879 5529
2879 5713
2879 6214
2879 6290
2879 7157
2879 7167
2879 7476
2879 7480
2879 8966
2879 9704
2879 9995
2880 3257
2880 4024
2880 4215
2880 5029
2880 5619
2880 5852
2880 6124
2880 6335
2880 8470
2881 3070
2881 3325
2881 3862
2881 4173
2881 4975
2881 5628
2881 7195
2881 7425
2881 7554
2881 7636
2881 8588
2881 9620
2882 3827
2882 3879
2882 5061
2882 6394
2882 7761
2882 9686
2882 9865
2882 9908
2882 9951
2883 5446
2883 5751
2883 6982
2883 7384
2883 8679
2883 9355
2883 9608
2883 9909
2884 3304
2884 3735
2884 4861
2884 7023
2884 7555
2884 8604
2884 8905
2885 3375
2885 3419
2885 4304
2885 4844
2885 5432
2885 6393
2885 6663
2885 7740
2885 8167
2885 8966
2886 3436
2886 3717
2886 3720
2886 4075
2886 4207
2886 4274
2886 4922
2886 6136
2886 6946
2886 8805
2886 8986
2886 9342
2886 9687
2886 9932
2887 2965
2887 3492
2887 4148
2887 4737
2887 4840
2887 7000
2887 7212
2887 7324
2887 7383
2887 7648
2887 9074
2887 9550
2887 9873
2888 2919
2888 3846
2888 3871
2888 4216
2888 4318
2888 4566
2888 5701
2888 8054
2888 8828
2888 9099
2888 9497
2889 3663
2889 4190
2889 4419
2889 4518
2889 4842
2889 5021
2889 5201
2889 5380
2889 6444
2889 6594
2889 6654
2889 7244
2889 7793
2889 7984
2889 8144
2889 8796
2889 9414
2889 9602
2890 2986
2890 3458
2890 4101
2890 4447
2890 4596
2890 7361
2890 7467
2890 7912
2890 8069
2890 8888
2890 9635
2891 4124
2891 7514
2891 7737
2891 8941
2891 9688
2892 3031
2892 4776
2892 4864
2892 5541
2892 5804
2892 7150
2893 3840
2893 5040
2893 6980
2893 9122
2893 9819
2894 4272
2894 6356
2894 6431
2894 7485
2894 9651
2895 3010
2895 4800
2895 6500
2895 8055
2895 8597
2895 9341
2895 9388
2895 9709
2896 4452
2896 5260
2896 7400
2896 8225
2896 8243
2897 2939
2897 4765
2897 5410
2898 3815
2898 5147
2898 5849
2898 6194
2898 6592
2898 6869
2898 6928
2898 7737
2898 8843
2898 9336
2898 9572
2899 3894
2899 4552
2899 5237
2899 6122
2899 7316
2899 7531
2899 9350
2900 3053
2900 3208
2900 3557
2900 3629
2900 3725
2900 4433
2900 4795
2900 4896
2900 5042
2900 5413
2900 6121
2900 6166
2900 6481
2900 7029
2900 8957
2900 9079
2900 9942
2901 3029
2901 4569
2901 5891
2901 7373
2901 7693
2901 8314
2902 2906
2902 3140
2902 3175
2902 3325
2902 3763
2902 3807
2902 4047
2902 4961
2902 5030
2902 5201
2902 5405
2902 6248
2902 6822
2902 6971
2902 7160
2902 7996
2902 8232
2903 3967
2903 4405
2903 4712
2903 5262
2903 5579
2903 6732
2903 6948
2903 8131
2903 8318
2903 8672
2903 8931
2904 3190
2904 9636
2905 7525
2906 2991
2906 3005
2906 3141
2906 3596
2906 3982
2906 5543
2906 6793
2906 7797
2906 8832
2906 9099
2906 9571
2906 9856
2907 4558
2907 5256
2907 7565
2907 9296
2908 3399
2908 4025
2908 4857
2908 5430
2908 7134
2908 7174
2908 7336
2908 7528
2908 8497
2908 9075
2908 9602
2908 9778
2909 4257
2909 4384
2909 4553
2909 4658
2909 4823
2909 5211
2909 6290
2909 6552
2909 8198
2909 9025
2910 2984
2910 3079
2910 3198
2910 3337
2910 3710
2910 4104
2910 4363
2910 5031
2910 5449
2910 6239
2910 6384
2910 6423
2910 7756
2910 8187
2910 8311
2911 3069
2911 3569
2911 7340
2911 9509
2911 9592
2912 3958
2912 4443
2912 4479
2912 5866
2912 7460
2913 2932
2913 3876
2913 6000
2913 6496
2913 7729
2913 8200
2914 4684
2914 6389
2915 2945
2915 2977
2915 3160
2915 3660
2915 5583
2915 6412
2915 7812
2915 8634
2915 8983
2915 9368
2916 3376
2916 3418
2916 6550
2916 7160
2916 7533
2916 7759
2916 8800
2917 3220
2917 3799
2917 4530
2917 5745
2917 7796
2917 9042
2917 9337
2918 3144
2918 3247
2918 3395
2918 4129
2918 5348
2918 6550
2918 6684
2918 6999
2918 8761
2919 3125
2919 3359
2919 3503
2919 4515
2919 5794
2919 7969
2919 9869
2920 3518
2920 3776
2920 4016
2920 5829
2920 6190
2920 7110
2920 8176
2920 8293
2920 8650
2920 8900
2921 2936
2921 2971
2921 5324
2921 8940
2922 3080
2922 3716
2922 4322
2922 5998
2922 6536
2922 7800
2923 2927
2923 4035
2923 4753
2923 4920
2923 5254
2923 5890
2923 8634
2924 3384
2924 4602
2924 4751
2924 6938
2924 7427
2925 3095
2925 3386
2925 3425
2925 3572
2925 3914
2925 4532
2925 5737
2925 6626
2925 7233
2925 8059
2925 8830
2925 9157
2925 9477
2926 3474
2926 3571
2926 3649
2926 4973
2926 5817
2926 6215
2926 6308
2926 7579
2926 7740
2926 9308
2926 9453
2926 9576
2927 3063
2927 4905
2927 6263
2927 6758
2927 7730
2927 9256
2927 9630
2928 3067
2928 3655
2928 4017
2928 4475
2928 4774
2928 5332
2928 5737
2928 6850
2928 7455
2928 7528
2928 8368
2929 4797
2929 5031
2929 5281
2929 8571
2929 9470
2930 3301
2930 3442
2930 5495
2930 6057
2930 8569
2931 3009
2931 7471
2931 7650
2931 7703
2931 8258
2932 3044
2932 3138
2932 3274
2932 4071
2932 4436
2932 4486
2932 4573
2932 4704
2932 5100
2932 5354
2932 5760
2932 6438
2932 7234
2932 7563
2932 7864
2932 8489
2932 9515
2933 2995
2933 4088
2933 7684
2934 3243
2934 3247
2934 4310
2934 4390
2934 5201
2934 7632
2934 7727
2934 7883
2934 8217
2934 8481
2934 9764
2935 3728
2935 3810
2935 3968
2935 4209
2935 4512
2935 4837
2935 5756
2935 7677
2935 7683
2935 9179
2936 2949
2936 3626
2936 3646
2936 4075
2936 4943
2936 5101
2936 5613
2936 5630
2936 5878
2936 6261
2936 6484
2936 6803
2936 6816
2936 7168
2936 7299
2936 7670
2936 8213
2936 8560
2936 8778
2936 9022
2936 9698
2936 9791
2937 3414
2937 4889
2937 6180
2938 3687
2938 3701
2938 4651
2938 8179
2939 3878
2939 6926
2939 7830
2940 4077
2940 4334
2940 6513
2940 6963
2940 7452
2940 7522
2940 9100
2941 3254
2941 4567
2941 4825
2941 7079
2941 7121
2942 4048
2942 4376
2942 6477
2942 7690
2942 7699
2942 8298
2942 8712
2942 9106
2943 4221
2943 5553
2943 7644
2944 6490
2944 9935
2945 3064
2945 3909
2945 4087
2945 5803
2945 5946
2945 6731
2945 7315
2945 7469
2945 7734
2945 8103
2945 9102
2945 9272
2946 2981
2946 4114
2946 5552
2946 6249
2946 6794
2946 8298
2947 3583
2947 4731
2947 5705
2947 5789
2947 6866
2947 8095
2947 8733
2947 8798
2947 9025
2947 9356
2948 3113
2948 3586
2948 4392
2948 5827
2948 5849
2948 5885
2948 5892
2948 6311
2948 7042
2948 7446
2948 7979
2948 9076
2949 3083
2949 3262
2949 3430
2949 4836
2949 6481
2949 6536
2949 6631
2949 6916
2949 7322
2949 7721
2949 7853
2949 8944
2950 3408
2950 3504
2950 3743
2950 3815
2950 5175
2950 5947
2950 7637
2950 9204
2950 9615
2950 9942
2951 3018
2951 5903
2951 6483
2951 6784
2951 8246
2951 8734
2952 3168
2952 3176
2952 4171
2952 4542
2952 4644
2952 4998
2952 5062
2952 5526
2952 5576
2952 6011
2952 7009
2952 7360
2952 8152
2952 8189
2953 4112
2953 4639
2953 5437
2953 5583
2953 5888
2953 6162
2953 6445
2953 6616
2953 7279
2953 7305
2953 7770
2953 8878
2953 9130
2954 3040
2954 3292
2954 3302
2954 3477
2954 3661
2954 4069
2954 5354
2954 6333
2954 6407
2954 6703
2954 7146
2954 7890
2954 8486
2954 8838
2955 3184
2955 3194
2955 4404
2955 4626
2955 4892
2955 7065
2955 7209
2955 7738
2956 3145
2956 3425
2956 3907
2956 4161
2956 4467
2956 4569
2956 4852
2956 5183
2956 5597
2956 6275
2956 8445
2956 8582
2956 8953
2956 9479
2956 9890
2957 3623
2957 4027
2957 4808
2957 5311
2957 5449
2957 5791
2957 6733
2957 8682
2957 9384
2958 4273
2958 4534
2958 5143
2958 5541
2958 7338
2958 7832
2958 8869
2959 4496
2959 4889
2959 6373
2959 6708
2959 6973
2959 8202
2960 3768
2960 5048
2960 6300
2960 7664
2960 9357
2961 3367
2961 4076
2961 4532
2961 5905
2961 6889
2961 7000
2961 7879
2961 7990
2961 8047
2961 8767
2961 8777
2961 9218
2961 9316
2962 3115
2962 3215
2962 3402
2962 5965
2962 7485
2962 9993
2963 3409
2963 3579
2963 4054
2963 4364
2963 6815
2963 8233
2963 8763
2964 3164
2964 3524
2964 4433
2964 4635
2964 6021
2964 6218
2964 9127
2965 3795
2965 3811
2965 4632
2965 4818
2965 5619
2965 5826
2965 6120
2965 6585
2965 6801
2965 7672
2965 8861
2966 3614
2966 3779
2966 6334
2966 7043
2966 7665
2966 7965
2966 8803
2966 9759
2966 9832
2966 9835
2967 3603
2967 5583
2967 5825
2967 7073
2967 8729
2967 8941
2968 3270
2968 3495
2968 3786
2968 4736
2968 4966
2968 5389
2968 5709
2968 7127
2968 7458
2968 7600
2969 3052
2969 3369
2969 3401
2969 3963
2969 4324
2969 4582
2969 5371
2969 5803
2969 5920
2969 6109
2969 6783
2969 8067
2969 9037
2969 9255
2970 5037
2970 5536
2970 6344
2970 6899
2970 9401
2971 3614
2971 4050
2971 4855
2971 5610
2971 6448
2971 7070
2971 7696
2971 8100
2972 4797
2972 5216
2972 5339
2972 6045
2972 7819
2973 3217
2973 3879
2973 5520
2973 5889
2973 5956
2973 5986
2973 6275
2973 7308
2973 8262
2974 3855
2974 3956
2974 4355
2974 6370
2974 9320
2975 3029
2975 3721
2975 4117
2975 4682
2975 4715
2975 5379
2975 6649
2975 8350
2975 8449
2975 9658
2975 9778
2976 3007
2976 3752
2976 4197
2976 5769
2976 7107
2976 7904
2976 8413
2977 4337
2977 7810
2977 9745
2978 3736
2978 4631
2978 5506
2978 7153
2978 7352
2978 8209
2979 5896
2979 6086
2979 7422
2979 7837
2979 7856
2980 3116
2980 3207
2980 3704
2980 3835
2980 3944
2980 5947
2980 6147
2980 6564
2980 8290
2980 9671
2981 3039
2981 4072
2981 4348
2981 4804
2981 5453
2981 5636
2981 7232
2981 7729
2981 9724
2982 3602
2982 3895
2982 5476
2982 6059
2982 6910
2982 7272
2982 7827
2982 9187
2983 5175
2983 5396
2983 5573
2983 6582
2983 6941
2983 8121
2983 8337
2984 4044
2984 7966
2984 8193
2984 9445
2984 9781
2985 3579
2985 4080
2985 6277
2985 6853
2985 6940
2985 7223
2985 9176
2986 3985
2986 5483
2986 9067
2987 3561
2987 3569
2987 4646
2987 5313
2987 5761
2987 5785
2987 6267
2987 7543
2987 9497
2987 9502
2988 3234
2988 4456
2988 5041
2988 5085
2988 5268
2988 5531
2988 7712
2988 9933
2989 3518
2989 4083
2989 5243
2989 6965
2989 8041
2989 8102
2990 3291
2990 3745
2990 3958
2990 4059
2990 4798
2990 4851
2990 6689
2990 7173
2990 7932
2990 8346
2990 9145
2990 9234
2991 4781
2991 9784
2992 4638
2992 4746
2992 9233
2992 9447
2992 9736
2992 9743
2992 9923
2993 3430
2993 4039
2993 4308
2993 5752
2993 5771
2993 5809
2993 6296
2993 7396
2993 8010
2993 8331
2993 9779
2994 3245
2994 3601
2994 4940
2994 5199
2994 6894
2994 7130
2994 7492
2994 7665
2994 8192
2994 8314
2994 8958
2994 9156
2995 3360
2995 4468
2995 4779
2995 5127
2995 5232
2995 5452
2995 6504
2995 6545
2995 6661
2995 7253
2995 8685
2995 8823
2995 9076
2995 9337
2996 3616
2996 3669
2996 3768
2996 4556
2996 5438
2996 5977
2996 6040
2996 6524
2996 6602
2996 6843
2996 7701
2996 7795
2996 8275
2996 8299
2996 8435
2996 8864
2996 9198
2997 4371
2997 9972
2998 3712
2998 5010
2998 5130
2998 5250
2998 5739
2998 6572
2998 7964
2998 8297
2999 3176
2999 3565
2999 4968
2999 5490
2999 5672
2999 5870
2999 7462
2999 9500
3000 3012
3000 3426
3000 3480
3000 3568
3000 3716
3000 4061
3000 4614
3000 5475
3000 5865
3000 7951
3000 9732
3000 9786
3001 3234
3001 3258
3001 4119
3001 4677
3001 6093
3001 7271
3001 8024
3001 8121
3002 3032
3002 3070
3002 3087
3002 3761
3002 4167
3002 5353
3002 6126
3002 6378
3002 7472
3002 7605
3002 8229
3002 8334
3002 9049
3002 9474
3002 9938
3003 3186
3003 3231
3003 3629
3003 4433
3003 5143
3003 5227
3003 5324
3003 5967
3003 6639
3003 6850
3003 7185
3003 8355
3003 9674
3004 3515
3004 5187
3004 5626
3004 5933
3004 7276
3004 8371
3004 8387
3004 8998
3004 9014
3004 9536
3004 9537
3005 3863
3005 5923
3005 5956
3005 7289
3005 9501
3006 3510
3006 4030
3006 4344
3006 7599
3007 5971
3007 7450
3007 7835
3007 7927
3007 8822
3007 9384
3007 9692
3007 9881
3008 4132
3008 4203
3008 7620
3009 3014
3009 3173
3009 3488
3009 3671
3009 3858
3009 4916
3009 5121
3009 5409
3009 5855
3009 7101
3009 7439
3009 8159
3009 8319
3009 8478
3010 9769
3010 9835
3011 3181
3011 3535
3011 3838
3011 3950
3011 4520
3011 5325
3011 5379
3011 5488
3011 5945
3011 6554
3011 7258
3011 7384
3011 7503
3011 8965
3011 9460
3011 9784
3012 3017
3012 3354
3012 4677
3012 5263
3012 6824
3012 7105
3013 3135
3013 3415
3013 3908
3013 4740
3013 4949
3013 5697
3013 6668
3013 6909
3013 7329
3013 9131
3013 9575
3014 4710
3014 5533
3014 7297
3014 9673
3015 3382
3015 3962
3015 4000
3015 4482
3015 4808
3015 5440
3015 7254
3015 7959
3015 8249
3015 8967
3016 3033
3016 4508
3016 4641
3016 4743
3016 6231
3016 9971
3017 3172
3017 3890
3017 4796
3017 5000
3017 5307
3017 7007
3017 8186
3017 8279
3017 8989
3017 9769
3018 3209
3018 3528
3018 3694
3018 5113
3018 7256
3018 7658
3018 7722
3018 7825
3018 8553
3018 8574
3018 9741
3019 3373
3019 3571
3019 3967
3019 4392
3019 4547
3019 4916
3019 7001
3019 7108
3019 7526
3019 7765
3019 8922
3020 4232
3020 4290
3020 4673
3020 4765
3020 4939
3020 5183
3020 5255
3020 5803
3020 5923
3020 6193
3020 7436
3020 8041
3020 8482
3020 9078
3020 9598
3021 3686
3021 5030
3021 6144
3021 6246
3021 8263
3021 9666
3022 3680
3022 3782
3022 4059
3022 4832
3022 4895
3022 5626
3022 5739
3022 6018
3022 6486
3023 5221
3023 5959
3023 6258
3023 6435
3023 7236
3023 9175
3023 9783
3024 3614
3024 9015
3024 9715
3025 3500
3025 4177
3025 5026
3025 5690
3025 7063
3025 7660
3025 7920
3025 8619
3026 3821
3026 4168
3026 4246
3026 4603
3026 6295
3026 7105
3026 7200
3026 7936
3027 3172
3027 3431
3027 3476
3027 3906
3027 3948
3027 4027
3027 4073
3027 4955
3027 5022
3027 5631
3027 6267
3028 3031
3028 3063
3028 3695
3028 3753
3028 4055
3028 4071
3028 4124
3028 4285
3028 4319
3028 4374
3028 4586
3028 4706
3028 4903
3028 4913
3028 6040
3028 7457
3028 7687
3028 8392
3028 8615
3028 8648
3029 7203
3029 7749
3030 4523
3030 4816
3030 6781
3030 7123
3030 9384
3030 9938
3031 3174
3031 3206
3031 4345
3031 4818
3031 5672
3031 6130
3031 6246
3031 8503
3031 9377
3031 9432
3032 3359
3032 4648
3032 6700
3032 7309
3032 7344
3033 3681
3033 6896
3033 7224
3033 7775
3034 3395
3034 3602
3034 3759
3034 7292
3034 7884
3034 8079
3034 8408
3034 8689
3034 9005
3034 9471
3034 9879
3035 3693
3035 3837
3035 4505
3035 4755
3035 5666
3035 7275
3035 7822
3036 3074
3036 4907
3036 4995
3036 6285
3036 6443
3036 6664
3036 7153
3036 8556
3037 3659
3037 3819
3037 3890
3037 4527
3037 5108
3037 5737
3037 7011
3037 8848
3037 9174
3038 3987
3038 4153
3038 4894
3038 5604
3038 6125
3038 7178
3038 7811
3038 8293
3038 8476
3039 3163
3039 3755
3039 3776
3039 3905
3039 4159
3039 5836
3039 6177
3039 6510
3039 7365
3039 7646
3039 8513
3039 9407
3040 3585
3040 3872
3040 5086
3040 5167
3040 5223
3040 6418
3040 8442
3040 8523
3040 8948
3040 9206
3041 3251
3041 7237
3041 7354
3042 3289
3042 4414
3042 9635
3043 3092
3043 3312
3043 4744
3043 4813
3043 6787
3043 7298
3043 9505
3044 3335
3044 3870
3044 4037
3044 4601
3044 5556
3044 7677
3044 8265
3045 3544
3045 3697
3045 4096
3045 4543
3045 5050
3045 6715
3045 8593
3046 3426
3046 3495
3046 3732
3046 4811
3046 5314
3046 5744
3046 5840
3046 6175
3046 6641
3046 7120
3046 7445
3046 7511
3046 7999
3046 8353
3046 9526
3046 9979
3047 4322
3047 5192
3047 6954
3047 7192
3047 8621
3047 8782
3047 9118
3047 9348
3048 4046
3048 4162
3048 4506
3048 6462
3048 7050
3048 8006
3048 8264
3048 8295
3048 8366
3048 8889
3049 3139
3049 3319
3049 3498
3049 3567
3049 3769
3049 3880
3049 4092
3049 4370
3049 4598
3049 5567
3049 5615
3049 5683
3049 6807
3049 7063
3049 7799
3049 7937
3050 3584
3050 4021
3050 4591
3050 4874
3050 5046
3050 5423
3050 5455
3050 5545
3050 6936
3050 7262
3050 7507
3050 8102
3050 8281
3050 8592
3050 9109
3051 4718
3051 6025
3051 6494
3052 3452
3052 4789
3052 6950
3052 7787
3053 4023
3053 4070
3053 4747
3053 5882
3053 9445
3054 3550
3054 3937
3054 4040
3054 4102
3054 4340
3054 4538
3054 7207
3054 8192
3054 9384
3054 9949
3055 3157
3055 3674
3055 3820
3055 3835
3055 4141
3055 4421
3055 5080
3055 5681
3055 6336
3055 7218
3055 8040
3055 8369
3055 8675
3055 9765
3055 9908
3056 3076
3056 3417
3056 4285
3056 6187
3056 7180
3056 8627
3056 8688
3056 9930
3057 3360
3057 4492
3057 5113
3057 8042
3057 8142
3057 8869
3058 3522
3058 3861
3058 4636
3058 4746
3058 5074
3058 5092
3058 5238
3058 5896
3058 6605
3058 7499
3058 8265
3058 9296
3059 3156
3059 4713
3059 5455
3059 7506
3060 3291
3060 3857
3060 4635
3060 5562
3060 9903
3061 9836
3062 3393
3062 4885
3062 5194
3062 5446
3062 7209
3062 7791
3063 3068
3063 4095
3063 4918
3063 5359
3063 5427
3063 6756
3063 7648
3063 8023
3063 9433
3063 9490
3063 9673
3064 3539
3064 3783
3064 4113
3064 4250
3064 5183
3064 6759
3064 7044
3064 8743
3064 9166
3064 9367
3064 9469
3065 4138
3065 4780
3065 5002
3065 5315
3065 5908
3065 6266
3065 6924
3065 7079
3065 9442
3066 3219
3066 3530
3066 4825
3066 5593
3066 5595
3066 7060
3066 8216
3066 8347
3066 9121
3066 9315
3066 9713
3067 3534
3067 4456
3067 4460
3067 5339
3067 7352
3067 8244
3068 3623
3068 3803
3068 4290
3068 4987
3068 5484
3068 7524
3069 3729
3069 3788
3069 4203
3069 4668
3069 5043
3069 6070
3069 7525
3069 8921
3070 4043
3070 4969
3070 5009
3070 5406
3070 6724
3070 7892
3071 3684
3071 3760
3071 4994
3071 6537
3071 7279
3071 8188
3072 3482
3072 3833
3072 4083
3072 4192
3072 5019
3072 5109
3072 7133
3072 7285
3072 7441
3072 8380
3073 3385
3073 4620
3073 6013
3073 6992
3073 7816
3074 6155
3074 6235
3074 8279
3075 3438
3075 3553
3075 4919
3075 5239
3075 5400
3075 5953
3075 6898
3075 7266
3075 7411
3075 7466
3075 7869
3075 9093
3076 3727
3076 7211
3076 8759
3077 3389
3077 4436
3077 4853
3077 5095
3077 5356
3077 5550
3077 5579
3077 5682
3077 5714
3077 5853
3077 6525
3077 7088
3077 9054
3077 9246
3078 5551
3078 6325
3078 7155
3078 7336
3078 8429
3079 4665
3079 5696
3079 6215
3080 4662
3080 6312
3080 6644
3080 8732
3081 3103
3081 3872
3081 7136
3082 3248
3082 5170
3082 5606
3082 6138
3082 9173
3083 3523
3083 3949
3083 5861
3083 6561
3083 7300
3083 7519
3083 7567
3084 4386
3084 4849
3084 4875
3084 6636
3084 7271
3084 8230
3084 9241
3085 3353
3085 5961
3085 5978
3085 6769
3085 8647
3086 4262
3086 4591
3086 5257
3086 5463
3086 5482
3086 5701
3086 7056
3086 7645
3086 7775
3086 7810
3086 9361
3087 4587
3087 5456
3087 6285
3088 4326
3088 4502
3088 5713
3088 6576
3088 8902
3088 9038
3089 3507
3089 3654
3089 3665
3089 3866
3089 4103
3089 4445
3089 4866
3089 4959
3089 5994
3089 6348
3089 6532
3089 6926
3089 7364
3089 7413
3089 8542
3089 8554
3089 9118
3089 9355
3089 9369
3089 9577
3090 3119
3090 4521
3090 5368
3090 5704
3090 6729
3090 7133
3090 7531
3090 8312
3090 8404
3091 3274
3091 4182
3091 4253
3091 5082
3091 5834
3091 6083
3091 7043
3091 7766
3091 7849
3091 8380
3091 9208
3092 3887
3092 3893
3092 4731
3092 5757
3092 5763
3092 6013
3092 6683
3092 7116
3092 7670
3092 7863
3092 7879
3092 7911
3092 8141
3092 8519
3092 9030
3092 9523
3092 9689
3092 9950
3093 3325
3093 4692
3093 6020
3093 7619
3093 8168
3094 3959
3094 4552
3094 5117
3094 5217
3094 5969
3094 6734
3094 7255
3094 8373
3094 9211
3095 9826
3096 3800
3096 4382
3096 5092
3096 5900
3096 6425
3096 9618
3097 3705
3097 3773
3097 3786
3097 5163
3097 5374
3097 5591
3097 6112
3097 6892
3097 7475
3097 9095
3098 3583
3098 4019
3098 7028
3098 7286
3098 7517
3098 9596
3099 4313
3099 4545
3099 7604
3099 8014
3099 9070
3099 9551
3100 3623
3100 4559
3100 5213
3100 7724
3100 8024
3101 3354
3101 4748
3101 5655
3101 9392
3102 5174
3102 5473
3102 5795
3103 3280
3103 7823
3104 3343
3104 5370
3104 5646
3104 6309
3104 6648
3104 7187
3104 7848
3104 8257
3104 8973
3104 9514
3104 9832
3105 3635
3105 3873
3105 4115
3105 4121
3105 4800
3105 5091
3105 6173
3105 6761
3105 6773
3105 8091
3106 4594
3106 6027
3106 6175
3106 6851
3106 6903
3106 8549
3106 9719
3107 4176
3107 4483
3107 4974
3107 5585
3107 5652
3107 5749
3107 6709
3107 6788
3107 6905
3107 7918
3107 7991
3107 8092
3107 8677
3107 9941
3108 3180
3108 3204
3108 4016
3108 4084
3108 4169
3108 4350
3108 4511
3108 5103
3108 5538
3108 5919
3108 6290
3108 8342
3108 9370
3109 3139
3109 4377
3109 5131
3109 5263
3109 6833
3109 6882
3109 7174
3109 9049
3110 4281
3110 4329
3110 5180
3110 5724
3110 6388
3110 6465
3111 4177
3111 5537
3111 5633
3111 5765
3111 7535
3111 9467
3112 4481
3112 4582
3112 5962
3112 8822
3112 9235
3112 9814
3113 3265
3113 4228
3113 5796
3113 6278
3113 7809
3113 9451
3114 3668
3114 5206
3114 7426
3115 3381
3115 3696
3115 3762
3115 5343
3116 5304
3116 5319
3116 6016
3116 6109
3116 6622
3116 6740
3116 9385
3116 9683
3116 9893
3117 3694
3117 3971
3117 4327
3117 5746
3117 5959
3117 6416
3117 8275
3117 8294
3117 8651
3118 5462
3118 7236
3118 7677
3118 7961
3118 8230
3118 8787
3118 9742
3119 4120
3119 7372
3119 8784
3119 8821
3119 9450
3119 9649
3119 9676
3120 3170
3120 3286
3120 3459
3120 3519
3120 3635
3120 3891
3120 4188
3120 4979
3120 6045
3120 7060
3120 9778
3121 3130
3121 3356
3121 3702
3121 5064
3121 5705
3121 6757
3121 7973
3121 9462
3122 3228
3122 3312
3122 3407
3122 4220
3122 4420
3122 4813
3122 5440
3122 5765
3122 5887
3122 6042
3122 6245
3122 6300
3122 7511
3122 8169
3122 8582
3122 8759
3122 9256
3122 9363
3123 3310
3123 3800
3123 4886
3123 7154
3124 4388
3124 5250
3124 6885
3124 7050
3124 7614
3124 8423
3124 9800
3125 4824
3125 7428
3125 7984
3125 8340
3126 3149
3126 3503
3126 3775
3126 4234
3126 4297
3126 4668
3126 4797
3126 5442
3126 5815
3126 6019
3126 6435
3126 7220
3126 7373
3127 3703
3127 4210
3127 4262
3127 4559
3127 4595
3127 6777
3127 6876
3127 9593
3128 3738
3128 3778
3128 4175
3128 5343
3128 6011
3128 9354
3128 9701
3129 3528
3129 3563
3129 3606
3129 4026
3129 6365
3129 6652
3129 9990
3130 4101
3130 4413
3130 4417
3130 4923
3130 6094
3130 7260
3130 7528
3130 8301
3131 3280
3131 3967
3131 5037
3131 5994
3131 7557
3131 8460
3131 9847
3132 4173
3132 4706
3132 5842
3132 6348
3132 6738
3132 7085
3132 8614
3132 8976
3132 9366
3132 9897
3133 3454
3133 4711
3133 6400
3133 6582
3133 6711
3133 8017
3134 3399
3134 3518
3134 5386
3134 5404
3134 6054
3134 6079
3134 6385
3134 7323
3134 8723
3135 3211
3135 3778
3135 4374
3135 4720
3135 4984
3135 5197
3135 5293
3135 5564
3135 5615
3135 6883
3135 6948
3135 8828
3135 8846
3135 9483
3135 9783
3136 3302
3136 3388
3136 3405
3136 3595
3136 3984
3136 4288
3136 4469
3136 4566
3136 5654
3136 6374
3136 6714
3136 7809
3136 8341
3137 3188
3137 3227
3137 3652
3137 3992
3137 4622
3137 5130
3137 5785
3137 6951
3137 8475
3137 8519
3137 9061
3137 9886
3138 3528
3138 5269
3138 5755
3138 6573
3138 8311
3138 9818
3139 3606
3139 4055
3139 5086
3139 7097
3139 8740
3140 3884
3140 4575
3140 5674
3140 6699
3140 8185
3141 3715
3141 5535
3141 6040
3142 3543
3142 3685
3142 3796
3142 5928
3142 5959
3142 6926
3142 7846
3142 9148
3142 9178
3143 4069
3143 4921
3143 5052
3143 5764
3143 7666
3143 8401
3144 3275
3144 4212
3144 4272
3144 4430
3144 4480
3144 5337
3144 6110
3144 6394
3144 7674
3144 7682
3144 7863
3144 8478
3145 4179
3145 4326
3145 4380
3145 5945
3145 6052
3145 6553
3145 6806
3145 7351
3145 7404
3145 7633
3145 8533
3145 9217
3145 9751
3145 9798
3146 3734
3146 4182
3146 4741
3146 4958
3146 5434
3146 5696
3146 6130
3146 8731
3147 5321
3147 6099
3147 6139
3147 6248
3147 9773
3147 9866
3148 3179
3148 3227
3148 3848
3148 4282
3148 5149
3148 5267
3148 5627
3148 5749
3148 5905
3148 6217
3148 7024
3148 7313
3148 8564
3149 3340
3149 3366
3149 3663
3149 3893
3149 3988
3149 4867
3149 5028
3149 5777
3149 5929
3149 6354
3149 7516
3149 9525
3150 3428
3150 4750
3150 5650
3150 6847
3150 7082
3150 7848
3150 9486
3150 9920
3151 5252
3151 5266
3151 5637
3151 6648
3151 6691
3151 7245
3151 8702
3151 9523
3151 9654
3152 3199
3152 3961
3152 6905
3152 9527
3153 3344
3153 6176
3153 6447
3153 6597
3153 6698
3153 7374
3153 7474
3153 8819
3153 9691
3153 9758
3153 9870
3154 5985
3154 6397
3154 6821
3154 8947
3155 3532
3155 3866
3155 4452
3155 4967
3155 6282
3155 6705
3156 3250
3156 3416
3156 3554
3156 3720
3156 4191
3156 4341
3156 6043
3156 6483
3156 6655
3156 7523
3156 7697
3156 8775
3156 9305
3156 9563
3157 3306
3157 3839
3157 4037
3157 4296
3157 4446
3157 6049
3157 6298
3157 7306
3157 7745
3157 7893
3157 9479
3158 4107
3158 4524
3158 5104
3158 9321
3159 3433
3159 3697
3159 3911
3159 4123
3159 4581
3159 6585
3159 6957
3159 8811
3160 3294
3160 3485
3160 3527
3160 3740
3160 4030
3160 5793
3160 6959
3160 7907
3160 8017
3160 8470
3160 9128
3161 7827
3162 4741
3162 5242
3162 6423
3162 6779
3163 3295
3163 5944
3163 6069
3164 3181
3164 3411
3164 4514
3164 5103
3164 6745
3164 7313
3164 7760
3164 7893
3164 8225
3164 8499
3164 8622
3164 9369
3165 3324
3165 3545
3165 4271
3165 4495
3165 4649
3165 5863
3165 6346
3165 6380
3165 6885
3165 7253
3165 7926
3165 8224
3165 8451
3165 8566
3165 8654
3165 9169
3165 9978
3166 3780
3166 3832
3166 5150
3166 5300
3166 5657
3166 6257
3166 6481
3166 6746
3166 6913
3166 7446
3166 8079
3166 8350
3166 9187
3167 3283
3167 4618
3167 4698
3167 5260
3167 5393
3167 6026
3167 9436
3168 3930
3168 4340
3168 4360
3168 4682
3168 4736
3168 6132
3168 6217
3168 7956
3168 8255
3168 8555
3169 3284
3169 8767
3170 3672
3170 3739
3170 4145
3170 5187
3170 5363
3170 6297
3170 8217
3170 8792
3170 9314
3171 4939
3171 5588
3172 3209
3172 6916
3172 7943
3172 9281
3173 3471
3173 3537
3173 3870
3173 3946
3173 4829
3173 5511
3173 6502
3173 8845
3173 9012
3174 3853
3174 4244
3174 5685
3174 5776
3174 6440
3174 6511
3174 7313
3174 7719
3174 8933
3174 9342
3175 4273
3175 4724
3175 5180
3175 6373
3175 7248
3175 8432
3175 9614
3176 4142
3176 4799
3176 4903
3176 6570
3176 6775
3176 7395
3176 7430
3176 7437
3176 7669
3176 8807
3177 4278
3177 4861
3177 6030
3177 6620
3177 7362
3178 3649
3178 4280
3178 4919
3178 5833
3178 6287
3178 7181
3178 8172
3178 8384
3178 8646
3178 9674
3179 3830
3179 4965
3179 5232
3179 5749
3179 6691
3179 8568
3180 3457
3180 3898
3180 4684
3180 5012
3180 6190
3180 7647
3180 7653
3180 7681
3180 8223
3181 3617
3181 4210
3181 5935
3181 6327
3181 7632
3181 7905
3181 8287
3182 3946
3182 5032
3182 6227
3182 6985
3182 8901
3182 9786
3183 4224
3183 7417
3183 7584
3183 8501
3183 8816
3184 3199
3184 3729
3184 5468
3184 6823
3184 7014
3184 7237
3184 8531
3185 3444
3185 3943
3185 5239
3185 5408
3185 6059
3185 8342
3185 9547
3186 3248
3186 3641
3186 3659
3186 4184
3186 4783
3186 5462
3186 6648
3186 6771
3186 6784
3186 7121
3186 7203
3186 8281
3186 8534
3186 8972
3187 3223
3187 3553
3187 3950
3187 4596
3187 5094
3187 5845
3187 6730
3187 8699
3187 8907
3187 9391
3188 4751
3188 6152
3188 7406
3188 9075
3189 4857
3189 5691
3189 5951
3189 7715
3189 7990
3189 9349
3189 9358
3190 6390
3190 7742
3190 8557
3190 9338
3190 9835
3191 3557
3191 4839
3192 3595
3192 4085
3192 5421
3192 5702
3192 6437
3192 8550
3192 9237
3193 3274
3193 3472
3193 4173
3193 4766
3193 4816
3193 6410
3193 7292
3193 9000
3193 9128
3194 3399
3194 4027
3194 4961
3194 8127
3194 8321
3194 8762
3194 9152
3194 9261
3194 9268
3195 4906
3195 5633
3195 8206
3195 9319
3196 3645
3196 4904
3196 9003
3196 9121
3197 3305
3197 3932
3197 4855
3197 5336
3197 5407
3197 5710
3197 7162
3197 7843
3197 8941
3197 9415
3197 9742
3197 9799
3198 5472
3198 5587
3198 6214
3198 6358
3198 6517
3198 7802
3198 9666
3199 4321
3199 6500
3199 6554
3200 4262
3200 4971
3200 5822
3200 9598
3201 3220
3201 4059
3201 4259
3201 4732
3201 6099
3201 6477
3201 7434
3201 9402
3201 9406
3201 9540
3202 6338
3202 7411
3202 9070
3203 3357
3203 3391
3203 4450
3203 4691
3203 5125
3203 5774
3203 6767
3203 7226
3203 7443
3203 7475
3203 7640
3203 8148
3203 9160
3203 9480
3203 9771
3204 5724
3204 5728
3204 7026
3204 7159
3204 7965
3204 7998
3204 8070
3204 8267
3204 8549
3204 9339
3204 9380
3205 4516
3205 6098
3205 8977
3205 9611
3206 5447
3206 6456
3207 4259
3207 6414
3207 6672
3207 7207
3208 3254
3208 3288
3208 3824
3208 5544
3208 6148
3208 6497
3208 7765
3208 8136
3208 9006
3209 4880
3209 6076
3209 6112
3209 6250
3209 6452
3209 7584
3210 3643
3210 3998
3210 6039
3210 6340
3210 7239
3210 7690
3210 7760
3210 7775
3210 9901
3211 4143
3211 4517
3211 4849
3212 3859
3212 5271
3212 7330
3213 4521
3213 5127
3213 7031
3213 7063
3213 7166
3213 8292
3213 8396
3213 8684
3213 9698
3213 9847
3214 4168
3214 4211
3214 5500
3214 5573
3214 7090
3214 7158
3214 7814
3214 8049
3214 9100
3214 9931
3215 3367
3216 4128
3216 4470
3216 6792
3217 3218
3217 3910
3217 4237
3217 5161
3217 5445
3217 6265
3217 6400
3217 6555
3217 7669
3217 8266
3217 9377
3217 9533
3217 9582
3218 4864
3218 5706
3218 5901
3218 7586
3218 7762
3218 8997
3218 9480
3219 3841
3219 4669
3219 4675
3219 4840
3219 5966
3219 6382
3219 7949
3219 8484
3219 8761
3219 9454
3219 9565
3219 9653
3220 4323
3220 5550
3220 7145
3220 7657
3220 8248
3220 8516
3220 9483
3221 3524
3221 3809
3221 5757
3221 6251
3221 7845
3222 5911
3222 6980
3223 4198
3223 7273
3223 9122
3223 9486
3224 3466
3224 4505
3224 4941
3224 6057
3224 6328
3224 8034
3224 8665
3224 8949
3224 9295
3224 9437
3225 4412
3225 4826
3225 6062
3225 6441
3226 4038
3226 4232
3226 4450
3226 4738
3226 5168
3226 5614
3226 6342
3226 6422
3226 6479
3226 7920
3226 8588
3226 9069
3227 3281
3227 3458
3227 3855
3227 6176
3227 7572
3227 9906
3228 3885
3228 4823
3228 4984
3228 7043
3228 7444
3228 9297
3228 9597
3228 9854
3229 3421
3229 4023
3229 4472
3229 4756
3229 4809
3229 4852
3229 6318
3229 6671
3229 7344
3229 7426
3229 8247
3229 9012
3230 3246
3230 5047
3230 7537
3230 8372
3231 5243
3231 6234
3231 6910
3231 7198
3231 7651
3231 8538
3232 4493
3232 5090
3232 5616
3232 6743
3232 7574
3232 7811
3232 7869
3232 8314
3232 8724
3232 8780
3232 9286
3233 3855
3233 4299
3233 4480
3233 6268
3233 7252
3233 8384
3234 3499
3234 3725
3234 4585
3234 5741
3234 6968
3234 9494
3235 3405
3235 3409
3235 3979
3235 4323
3235 4484
3235 5082
3235 5429
3235 5573
3235 5587
3235 5769
3235 5965
3235 6303
3235 7064
3235 7478
3235 8232
3235 8367
3235 8686
3235 9201
3236 3563
3236 4429
3236 4431
3236 5024
3236 5378
3236 5481
3236 7609
3236 9071
3236 9466
3237 3836
3237 3875
3237 4259
3237 4491
3237 4956
3237 5332
3237 5468
3237 5887
3237 6388
3237 7047
3237 9530
3238 3276
3238 3717
3238 6158
3238 6702
3238 6724
3238 9181
3238 9291
3238 9821
3239 3757
3239 4205
3239 4740
3239 5895
3239 6225
3239 7045
3239 7403
3239 8362
3239 8419
3239 8819
3240 5023
3240 5516
3240 6489
3240 9143
3241 3645
3241 3782
3241 4226
3241 5158
3241 5245
3241 6494
3241 6673
3241 7056
3241 8732
3241 9268
3241 9510
3242 3370
3242 4768
3242 5327
3242 5452
3242 6800
3242 6952
3242 7078
3242 7441
3242 7510
3242 8720
3242 9871
3243 3644
3243 3734
3243 4284
3243 4329
3243 5144
3243 5785
3243 5990
3243 6047
3243 7759
3243 7932
3243 8334
3243 8621
3243 9996
3244 3758
3244 4151
3244 4226
3244 4465
3244 4779
3244 5902
3244 6122
3244 6299
3244 6520
3244 8026
3244 8380
3244 8905
3244 9494
3244 9800
3245 4159
3245 4441
3245 5383
3245 5456
3245 7197
3245 7927
3245 8079
3245 9253
3246 3326
3246 3512
3246 4106
3246 5044
3246 5146
3246 5288
3246 6732
3246 7383
3246 8918
3246 9204
3247 3764
3247 3875
3247 4001
3247 4460
3247 4861
3247 5673
3247 6218
3247 6323
3247 6516
3247 6812
3247 6979
3247 8511
3247 9265
3247 9468
3247 9883
3248 3619
3248 5543
3248 7323
3248 8222
3249 3326
3249 4698
3249 4762
3249 4981
3249 6297
3249 7643
3249 8127
3249 8134
3250 3834
3250 4282
3250 4433
3250 6007
3250 6091
3250 6239
3250 7026
3250 7763
3250 7861
3250 7991
3250 8066
3250 8236
3250 8531
3250 8909
3250 9446
3251 3714
3251 3784
3251 3920
3251 4192
3251 4573
3251 5609
3251 6071
3251 6331
3251 6390
3251 6425
3251 6935
3251 7048
3251 7068
3251 7121
3251 8142
3251 8843
3251 8855
3251 9560
3252 4110
3252 5664
3252 6074
3252 6187
3252 8862
3252 9575
3253 4014
3253 4357
3253 4758
3253 5134
3253 6274
3253 6926
3253 8147
3253 8806
3253 9371
3254 3981
3254 3986
3254 4999
3254 5698
3254 6797
3254 6948
3254 7379
3255 4019
3255 4270
3255 6527
3255 6817
3255 7053
3255 7127
3255 8238
3255 9072
3256 4028
3256 5811
3256 7874
3257 3383
3257 3604
3257 4794
3257 6721
3257 7113
3257 7241
3258 3390
3258 3656
3258 4141
3258 4753
3258 5104
3258 8428
3258 9459
3259 3496
3259 4216
3259 5510
3259 5773
3259 6525
3259 7183
3259 9314
3260 3538
3260 4095
3260 5443
3260 6064
3261 3387
3261 3443
3261 4369
3261 5498
3261 7321
3261 7855
3261 7921
3262 3505
3262 3627
3262 5276
3262 7295
3262 7399
3262 7475
3262 8386
3262 8649
3262 8928
3263 5094
3263 6080
3263 6582
3263 6843
3263 7148
3263 8220
3264 3286
3264 3607
3264 3972
3264 4402
3264 5014
3264 5392
3264 6271
3264 6343
3264 7883
3264 8594
3264 8843
3265 3358
3265 4100
3265 4730
3265 5251
3265 5504
3265 8370
3265 8473
3265 9364
3265 9759
3265 9825
3265 9968
3266 3331
3266 3504
3266 3597
3266 3939
3266 3989
3266 4050
3266 4117
3266 4183
3266 4607
3266 4692
3266 4937
3266 4981
3266 5452
3266 5516
3266 5629
3266 6050
3266 7189
3266 8708
3266 9082
3266 9809
3267 6198
3267 6927
3267 7668
3267 9590
3267 9641
3268 6235
3268 6352
3268 6749
3268 7556
3268 8346
3268 9727
3268 9776
3269 3414
3269 4138
3269 4894
3269 5690
3269 7138
3269 8496
3269 9350
3269 9746
3270 3715
3270 4347
3270 4923
3270 5015
3270 5478
3270 5825
3270 6918
3270 8004
3270 9904
3271 3273
3271 7924
3271 8458
3271 8553
3271 8865
3271 9788
3272 3447
3272 4310
3272 4791
3272 5559
3272 8270
3272 9091
3273 4072
3273 4590
3273 4695
3273 5890
3273 9678
3274 3764
3274 3876
3274 4077
3274 4573
3274 5402
3274 5896
3274 6903
3274 8378
3274 8812
3274 8990
3274 8994
3274 9863
3275 3516
3275 4278
3275 4787
3275 5558
3275 6053
3275 6244
3275 6508
3275 7270
3276 4262
3276 5055
3276 5442
3276 6463
3276 6543
3276 7707
3276 8637
3277 3437
3277 3511
3277 4194
3277 4679
3277 6224
3277 6941
3277 7131
3277 7342
3277 9692
3278 3553
3278 4025
3278 4367
3278 5214
3278 5574
3278 6100
3278 7147
3278 9176
3278 9932
3279 3545
3279 4007
3279 4119
3279 5312
3279 5478
3279 5667
3279 6863
3279 7495
3279 8446
3279 8775
3279 9079
3279 9157
3280 3625
3280 4703
3280 5066
3280 5680
3280 7919
3280 9670
3281 3883
3281 4007
3281 5046
3281 5128
3281 5785
3281 7370
3281 7721
3281 8006
3281 8460
3282 5848
3282 6467
3282 6572
3282 8652
3282 9239
3282 9735
3283 5254
3283 6312
3283 6566
3283 8913
3284 4132
3284 4350
3284 8462
3285 3506
3285 3675
3285 3887
3285 4587
3285 6087
3285 7642
3285 7814
3285 7910
3285 9137
3285 9191
3285 9540
3285 9771
3286 3361
3286 5577
3286 5785
3286 6314
3287 3634
3287 3928
3287 4412
3287 4890
3287 5424
3287 5801
3287 5946
3287 6283
3287 6683
3287 8651
3287 9180
3288 3660
3288 5766
3288 5894
3288 7948
3288 9919
3289 3677
3289 5187
3289 8689
3289 9238
3290 9870
3290 9976
3291 4215
3291 4570
3291 6245
3291 8520
3291 8912
3291 9577
3292 4986
3292 7374
3292 8611
3293 3638
3293 5070
3293 6242
3293 6821
3293 8156
3294 4029
3294 4708
3294 6583
3294 6636
3294 7803
3294 7993
3294 9166
3294 9501
3294 9536
3294 9742
3295 5267
3295 5691
3295 8099
3295 8517
3296 7474
3297 3303
3297 3767
3297 3972
3297 4391
3297 5839
3297 6995
3297 7481
3297 7581
3297 8601
3297 9108
3297 9529
3298 3781
3298 4561
3298 5119
3298 5722
3298 6572
3298 6621
3298 7293
3298 7562
3298 8076
3298 8106
3298 8251
3298 9515
3299 4068
3299 4558
3299 4888
3299 5134
3299 5151
3299 5194
3299 5410
3299 6044
3299 6426
3299 6569
3299 6593
3299 6675
3299 9493
3299 9869
3300 3511
3300 4473
3300 6475
3300 7113
3300 7370
3300 7377
3300 7679
3300 8301
3300 8722
3300 8754
3301 3691
3301 3892
3301 4145
3301 4414
3301 4938
3301 5042
3301 5881
3301 8220
3301 9307
3302 3377
3302 3771
3302 4060
3302 4218
3302 4647
3302 6240
3302 6602
3302 8090
3302 8281
3302 8479
3302 9391
3302 9485
3302 9713
3302 9717
3303 3318
3303 3407
3303 3817
3303 3932
3303 6348
3303 6422
3303 8082
3304 3436
3304 3505
3304 3787
3304 4841
3304 4866
3304 6583
3304 8232
3304 8631
3305 3311
3305 3414
3305 3606
3305 3867
3305 4863
3305 5005
3305 5531
3305 6420
3306 3608
3306 3926
3306 4271
3306 4338
3306 5944
3306 6199
3306 6571
3306 7967
3306 9151
3307 5636
3307 9905
3308 3349
3308 3504
3308 3797
3308 4509
3308 4643
3308 5762
3308 5871
3308 6737
3308 7001
3308 9398
3309 3343
3309 3491
3309 4941
3309 5052
3309 5293
3309 5638
3309 6209
3309 7185
3309 8372
3309 9223
3309 9812
3310 3835
3310 3995
3310 5198
3310 5950
3310 6709
3310 7104
3310 7359
3310 8204
3311 3873
3311 3907
3311 4254
3311 5120
3311 5214
3311 5689
3311 6358
3311 7602
3311 8020
3311 8387
3312 3947
3312 4468
3312 4770
3312 4897
3312 5531
3312 7437
3312 7482
3312 7970
3312 8110
3312 8255
3312 8452
3312 8682
3312 8934
3313 3780
3313 3944
3313 4715
3313 4905
3313 5256
3313 5870
3313 6925
3313 7462
3313 7610
3313 9636
3314 4572
3314 4956
3314 7334
3314 8714
3314 9773
3315 3618
3315 3883
3315 4089
3315 4693
3315 4977
3315 5777
3315 5890
3315 6725
3315 7076
3315 7141
3315 8067
3315 8383
3315 8885
3315 9532
3315 9567
3316 4538
3316 5083
3316 5405
3316 8215
3316 9867
3316 9872
3317 3987
3317 5354
3317 6349
3318 3348
3318 4476
3318 7565
3318 8046
3318 8116
3318 8680
3319 3359
3319 4845
3319 5573
3319 6161
3320 4564
3320 6741
3320 9001
3320 9493
3321 3530
3321 4311
3321 4453
3321 4938
3321 5198
3321 5512
3321 6501
3321 7343
3322 4020
3322 4795
3322 4877
3322 5463
3322 6121
3322 7166
3322 7334
3322 8152
3322 9481
3322 9732
3322 9883
3323 3579
3323 4841
3323 5090
3323 6356
3323 7180
3323 7601
3323 8066
3323 9096
3324 5424
3324 5949
3324 6489
3324 6608
3324 6684
3324 7458
3324 7732
3324 8246
3325 3505
3325 4086
3325 4625
3325 4898
3325 4961
3325 6891
3325 7327
3325 8226
3325 8605
3325 9272
3325 9273
3326 3365
3327 4113
3327 4374
3327 4515
3327 6610
3328 3676
3328 4035
3328 4747
3328 4930
3328 5173
3328 5298
3328 5326
3328 5334
3328 6923
3328 7570
3329 4553
3329 4616
3329 5298
3329 6682
3329 8605
3330 4972
3330 7176
3330 8877
3331 3725
3331 5919
3331 8112
3331 8895
3331 9191
3332 3681
3332 5679
3332 5971
3332 6349
3332 6515
3332 6614
3332 7413
3332 8448
3332 8958
3332 9322
3333 3532
3333 3726
3333 4204
3333 4664
3333 4826
3333 6508
3333 7063
3333 7939
3333 8136
3334 3937
3334 4311
3334 5548
3334 6018
3334 6159
3334 6716
3334 8834
3335 3494
3335 3982
3335 4720
3335 5319
3335 9659
3336 3903
3336 4064
3336 4431
3336 5582
3336 6102
3336 8071
3336 8803
3337 4565
3337 7039
3337 7337
3337 7901
3338 5197
3338 5721
3338 5758
3338 7789
3339 4502
3339 4944
3339 5362
3339 5715
3339 6937
3339 7564
3339 8266
3339 8498
3339 9680
3340 4690
3340 5937
3340 6333
3340 6456
3340 7079
3340 8062
3340 9182
3341 3567
3341 4237
3341 4529
3341 5498
3341 5709
3341 5958
3341 6016
3341 6159
3341 7157
3341 8739
3341 9438
3342 3544
3342 5552
3342 7256
3342 7752
3343 3763
3343 6364
3343 7921
3343 8109
3343 8642
3344 4551
3344 4770
3344 7477
3344 9532
3344 9970
3345 3845
3345 4600
3345 5674
3345 9845
3346 3605
3346 3863
3346 4162
3346 5825
3346 7611
3346 8205
3346 8478
3347 3349
3347 4045
3347 4079
3347 4272
3347 5346
3347 7006
3347 7060
3347 7082
3347 7258
3347 7514
3347 7686
3347 7813
3347 8681
3347 8825
3347 9954
3348 3957
3348 5937
3348 7092
3348 8284
3348 9154
3348 9322
3349 3596
3349 3830
3349 4004
3349 4185
3349 4347
3349 6490
3349 6710
3349 6714
3349 7165
3349 7725
3349 9199
3350 3726
3350 4267
3350 4370
3350 4934
3350 5104
3350 5366
3350 5727
3350 6434
3350 6605
3350 6870
3350 8454
3350 9411
3351 4040
3351 4191
3351 4820
3351 5124
3351 5363
3351 5497
3351 5586
3351 6574
3351 7487
3351 7896
3352 3472
3352 4200
3352 5464
3352 5468
3352 6783
3352 7146
3352 7858
3352 8582
3352 9435
3353 3550
3353 5070
3353 5296
3353 6615
3353 7102
3353 8610
3353 8974
3353 9728
3354 3362
3354 4543
3354 5123
3354 5720
3354 6400
3354 6804
3354 7283
3354 7736
3355 4512
3356 3507
3356 3758
3356 4264
3356 4898
3356 7794
3357 3426
3357 3930
3357 3993
3357 4320
3357 4668
3357 4763
3357 5046
3357 5757
3357 6815
3357 9010
3357 9772
3358 4744
3358 5133
3358 6785
3358 7252
3358 7419
3359 7592
3359 9684
3360 7397
3360 8019
3360 8047
3360 8205
3360 8407
3361 3376
3361 4345
3361 4448
3361 4666
3361 4751
3361 4875
3361 5924
3361 6688
3361 6882
3361 6955
3361 7237
3361 7604
3362 6055
3362 6224
3362 8996
3362 9189
3362 9454
3362 9745
3363 3631
3363 3881
3363 6755
3363 7049
3363 7061
3363 7232
3363 8045
3363 8337
3364 4248
3364 6581
3364 7144
3364 8476
3364 8778
3364 9609
3365 3450
3365 3580
3365 3895
3365 4961
3365 5135
3365 5699
3365 5738
3365 6593
3365 7064
3365 8388
3365 9455
3366 3665
3366 3894
3366 4293
3366 6261
3366 9045
3366 9461
3367 3513
3367 4299
3367 4379
3367 5128
3367 5255
3367 5297
3367 5661
3367 6057
3367 6374
3367 6847
3367 7690
3367 8755
3367 9410
3368 3738
3368 4006
3368 4885
3368 4943
3368 8060
3368 9633
3369 3499
3369 4393
3369 6070
3369 6162
3369 7365
3369 7372
3369 8317
3369 8753
3369 9116
3370 4058
3370 8880
3370 9168
3370 9397
3371 5533
3371 8103
3372 4332
3372 8133
3373 3681
3373 3837
3373 4881
3373 5561
3373 5738
3373 7298
3373 7719
3373 8367
3373 8379
3373 8394
3373 9361
3374 4471
3374 4569
3374 5152
3374 7903
3375 3518
3375 3555
3375 3561
3375 4315
3375 4681
3375 5206
3375 5280
3375 5403
3375 5705
3375 5805
3375 6656
3375 7608
3375 9175
3376 4856
3376 6366
3376 6684
3376 6957
3376 7191
3376 7810
3376 9339
3376 9432
3376 9537
3377 6356
3378 3402
3378 3435
3378 4036
3378 4110
3378 4244
3378 4499
3378 4546
3378 4566
3378 4713
3378 4900
3378 5373
3378 5805
3378 6677
3378 7155
3378 7749
3378 7944
3378 8003
3378 8021
3378 8333
3378 8559
3378 9100
3378 9821
3379 3468
3379 3480
3379 3529
3379 4671
3379 5053
3379 5140
3379 6944
3379 8238
3379 8338
3379 9243
3380 3507
3380 5482
3380 6217
3380 6868
3380 8005
3380 9469
3381 3867
3381 4575
3381 5176
3381 5181
3381 5213
3381 6152
3381 6194
3381 6849
3381 7273
3381 8679
3382 4950
3382 6072
3382 8981
3382 9150
3383 3753
3383 4414
3383 5006
3383 6721
3383 6915
3383 7340
3383 7796
3383 8166
3383 9977
3384 3462
3384 7448
3384 7990
3384 9103
3385 3980
3385 4362
3385 4613
3385 6889
3385 7309
3385 8193
3386 3550
3386 3922
3386 9251
3386 9314
3387 3447
3387 4799
3387 5167
3387 5629
3387 5739
3387 5936
3387 6198
3387 8943
3388 3796
3388 4242
3388 4325
3388 4585
3388 5533
3388 5673
3388 6079
3388 7594
3389 4057
3389 6247
3389 6533
3389 7029
3389 8547
3389 8719
3389 9012
3389 9023
3390 6462
3390 8344
3390 8399
3390 8815
3391 3655
3391 4283
3391 4792
3391 5340
3391 5677
3391 7389
3391 7415
3392 4333
3392 4603
3392 4773
3392 4953
3392 5163
3392 6829
3392 8721
3392 9289
3392 9456
3392 9694
3393 4433
3393 7345
3393 9098
3393 9567
3394 3575
3394 4487
3394 5740
3394 5776
3394 6113
3394 7366
3394 8602
3394 8635
3394 9720
3395 3975
3395 6184
3395 7069
3395 8196
3396 4253
3396 4978
3396 5073
3396 5588
3396 5593
3396 5923
3396 7495
3396 8598
3396 8659
3396 8733
3396 8751
3397 3618
3397 4765
3397 4819
3397 5890
3397 6163
3397 7297
3397 7493
3397 8158
3397 9569
3397 9789
3398 3417
3398 5547
3398 5964
3398 6100
3398 6739
3398 8345
3398 9842
3399 4504
3399 4831
3399 7162
3399 8142
3399 8798
3399 9696
3400 6310
3400 6765
3400 7367
3400 8301
3400 9721
3400 9798
3400 9903
3401 5134
3401 6054
3402 3797
3402 3951
3402 4609
3402 6123
3402 6451
3402 6990
3402 8599
3402 8987
3402 9349
3403 4313
3403 4532
3403 4924
3403 4969
3403 6091
3404 4899
3404 6523
3404 7931
3404 9001
3404 9772
3405 4179
3405 4611
3405 5683
3405 5914
3405 6208
3405 7790
3405 7808
3405 7918
3405 8506
3405 8618
3405 8823
3405 9023
3405 9974
3406 4306
3406 5089
3406 6956
3406 7304
3406 8497
3406 8723
3406 8925
3407 4838
3407 7718
3407 7804
3407 8010
3407 8235
3407 9902
3408 3510
3408 3795
3408 3832
3408 3859
3408 4215
3408 4389
3408 4413
3408 4570
3408 4610
3408 5497
3408 6248
3408 6519
3408 8454
3408 9255
3409 3979
3409 6153
3409 6496
3409 8759
3409 9892
3410 3486
3410 3927
3411 3542
3411 3810
3411 3916
3411 4019
3411 4096
3411 4646
3411 5516
3411 5850
3411 5906
3411 8867
3411 9386
3411 9804
3412 4475
3412 5336
3412 6677
3412 6833
3412 7170
3413 4208
3413 5458
3413 5931
3413 5943
3413 7367
3413 8238
3413 8517
3413 9071
3414 3556
3414 3569
3414 4487
3414 6050
3414 6721
3414 7965
3414 8270
3414 8882
3414 9767
3415 4914
3415 5221
3415 5608
3415 7608
3415 9553
3415 9694
3417 3894
3417 5419
3417 7889
3417 7904
3417 7997
3417 8474
3417 8808
3417 9144
3418 3741
3418 5500
3418 7943
3419 7005
3419 8519
3420 4901
3420 5321
3420 5498
3420 6179
3420 6567
3420 8382
3420 8855
3420 9797
3420 9983
3421 3543
3421 3660
3421 3893
3421 6259
3421 6507
3422 3711
3422 3755
3422 3770
3422 4145
3422 4362
3422 4426
3422 4448
3422 4856
3422 4866
3422 5095
3422 5355
3422 6136
3422 6399
3422 6497
3422 6503
3422 6598
3422 6924
3422 7000
3422 7328
3422 7649
3422 7838
3422 7995
3422 8536
3422 9365
3422 9469
3422 9689
3423 5572
3423 5968
3423 8841
3423 9838
3424 4035
3424 4441
3424 4662
3424 6616
3424 7192
3424 7937
3424 8215
3424 8765
3424 9625
3425 3942
3425 4799
3425 5209
3425 6871
3425 8715
3425 9640
3426 4408
3426 4645
3426 4967
3426 5548
3426 5871
3426 9011
3427 3474
3427 4271
3427 5352
3427 6216
3427 7392
3428 4025
3428 4834
3428 6063
3428 6591
3428 7451
3428 7582
3428 7623
3428 7763
3428 7805
3428 9556
3428 9907
3428 9981
3429 3608
3429 4398
3429 5956
3429 9900
3430 3779
3430 3955
3430 4011
3430 4178
3430 4237
3430 4466
3430 5253
3430 7658
3430 8267
3430 8319
3430 8457
3430 8553
3430 9025
3430 9031
3430 9071
3430 9377
3431 3558
3431 3608
3431 3766
3431 4176
3431 4724
3431 5238
3431 6823
3431 7245
3432 3586
3432 3808
3432 4526
3432 5191
3432 5508
3432 7439
3432 7661
3432 8054
3432 9084
3432 9242
3433 4011
3433 5973
3433 6210
3433 9095
3433 9293
3433 9355
3434 3552
3434 4010
3434 4684
3434 4696
3434 4745
3434 5796
3434 6033
3434 6371
3434 6532
3434 6595
3434 6743
3434 8246
3434 8985
3434 9142
3435 3441
3435 3598
3435 3848
3435 4586
3435 7534
3436 3438
3436 3471
3436 3472
3436 3772
3436 3859
3436 4291
3436 4531
3436 4630
3436 4989
3436 5556
3436 6488
3436 7189
3436 7683
3436 8023
3436 9087
3436 9622
3437 4955
3437 6789
3437 6846
3437 6909
3438 5485
3438 5906
3438 6017
3439 4347
3439 4762
3439 5146
3439 5564
3439 5807
3439 5958
3439 6591
3439 6864
3440 3495
3440 3634
3440 3948
3440 4060
3440 4227
3440 4374
3440 4718
3440 5410
3440 7966
3440 8250
3440 8823
3440 9476
3441 4411
3441 6427
3441 6967
3441 8348
3441 9793
3442 4465
3442 4466
3442 5876
3442 6591
3442 9070
3443 3499
3443 3769
3443 4140
3443 4232
3443 4794
3443 5527
3443 6260
3443 6831
3443 7004
3443 7903
3443 8455
3443 8663
3444 3530
3444 4008
3444 5310
3444 5734
3444 6225
3444 7006
3444 8529
3444 8549
3445 3767
3445 3768
3445 3827
3445 3834
3445 4301
3445 5464
3445 6954
3445 7240
3445 7487
3445 8342
3446 3578
3446 3759
3446 3936
3446 4031
3446 4051
3446 4327
3446 4350
3446 4401
3446 4593
3446 4955
3446 5340
3446 5407
3446 5812
3446 5861
3446 5923
3446 6340
3446 6745
3446 6778
3446 7184
3446 8705
3447 5432
3447 8943
3447 9594
3447 9826
3448 4066
3448 4387
3448 5075
3448 5862
3448 7019
3448 7393
3448 7718
3448 8482
3448 8785
3448 9621
3448 9956
3449 3454
3449 3592
3449 3650
3449 3981
3449 4423
3449 4923
3449 5956
3449 6511
3449 7394
3449 7982
3449 8008
3449 8109
3449 8539
3449 8806
3449 8897
3449 9585
3449 9820
3449 9889
3450 4791
3450 5372
3450 6983
3450 7846
3450 9429
3451 4946
3451 5025
3451 7973
3451 8779
3451 9025
3452 4319
3452 4376
3452 4463
3452 4843
3452 6143
3452 9574
3453 4778
3453 4893
3453 5016
3453 6266
3453 9047
3453 9404
3453 9577
3454 3514
3454 4809
3454 5527
3454 6120
3454 8663
3455 4376
3455 4656
3455 5654
3455 7113
3455 9901
3456 3479
3456 4948
3456 5439
3456 5536
3456 6219
3456 7339
3456 8570
3457 4501
3457 5014
3457 5020
3457 8960
3457 9040
3457 9440
3458 3474
3458 5711
3458 9803
3459 4608
3459 5839
3459 8493
3459 9391
3460 5421
3460 8299
3460 8705
3461 3957
3461 5411
3461 5940
3461 6918
3461 7012
3461 7244
3461 7978
3461 8477
3462 3885
3462 5579
3462 6493
3462 8676
3462 9548
3462 9807
3463 5673
3463 6096
3463 6802
3463 7718
3463 7769
3463 8125
3463 8295
3463 9566
3463 9717
3464 5580
3464 6850
3464 8468
3465 3750
3465 3766
3465 3805
3465 5164
3465 7225
3465 9258
3466 4872
3466 5370
3466 5941
3466 6998
3466 7490
3466 9779
3467 4159
3467 4746
3467 4791
3467 4812
3467 5278
3467 5706
3467 5879
3467 6676
3467 8744
3467 8868
3467 9208
3467 9544
3467 9756
3467 9764
3468 4172
3468 6825
3468 7946
3468 9632
3469 4221
3469 6314
3469 6655
3469 7116
3469 8662
3469 9325
3469 9947
3470 3709
3470 3770
3470 4204
3470 4291
3470 6035
3470 7046
3470 7284
3470 8784
3470 9477
3471 3570
3471 4524
3471 5649
3471 6423
3471 6492
3471 6569
3471 7569
3471 7715
3471 7865
3471 8136
3471 8358
3471 8760
3471 9612
3471 9627
3472 3811
3472 4068
3472 5291
3472 6717
3472 7974
3472 8382
3472 9426
3472 9608
3473 3485
3473 3994
3473 4195
3473 4532
3473 4703
3473 4815
3473 6047
3473 6049
3473 6203
3473 6813
3473 6854
3473 7142
3473 7381
3473 8199
3473 8816
3473 9217
3473 9959
3474 4761
3474 6523
3475 4724
3475 6792
3475 6958
3475 7212
3475 7270
3475 7273
3475 8279
3476 3990
3476 4014
3476 4280
3476 4771
3476 5955
3476 6241
3476 7039
3476 7754
3476 9132
3477 8028
3477 9008
3477 9124
3477 9761
3477 9775
3478 3667
3478 3984
3478 4104
3478 4486
3478 5093
3478 6080
3478 6378
3478 7749
3478 8224
3478 8236
3478 9529
3479 3922
3479 6858
3479 7736
3479 8083
3479 8487
3479 9687
3480 4058
3480 4083
3480 4421
3480 5433
3480 5749
3480 7666
3480 8031
3480 8499
3480 9400
3481 3498
3481 4112
3481 4252
3481 5469
3481 5786
3481 5848
3481 6077
3481 6206
3481 7030
3481 7381
3481 7515
3481 7572
3481 7783
3481 8906
3482 3492
3482 3544
3482 4370
3482 5326
3482 5652
3482 7139
3482 7652
3483 4605
3483 4992
3483 5517
3483 6618
3483 7953
3483 7972
3483 9112
3484 4008
3484 4068
3484 5758
3484 8451
3484 9473
3484 9674
3484 9952
3485 3502
3485 3789
3485 3890
3485 3924
3485 4786
3485 5352
3485 6482
3485 7317
3485 8300
3485 8713
3485 9713
3486 4204
3486 5675
3486 5714
3486 6331
3487 4474
3487 5583
3487 5720
3488 3782
3488 4709
3488 5153
3488 5637
3488 6875
3488 8960
3488 9339
3488 9609
3489 4024
3489 4262
3489 5080
3489 5422
3489 5674
3489 6522
3489 7133
3489 8519
3489 8736
3489 9660
3490 4568
3490 5079
3490 5768
3491 3896
3491 4036
3491 5275
3491 6048
3491 8287
3491 8840
3491 9095
3491 9110
3492 3778
3492 4024
3492 4790
3492 4989
3492 5580
3492 6738
3492 7444
3492 8533
3492 8641
3492 8724
3492 8898
3493 5405
3493 5562
3494 4443
3494 5983
3494 6207
3494 8622
3495 3510
3495 4129
3495 4825
3495 5950
3496 5151
3496 5331
3496 5351
3496 6487
3496 9184
3496 9987
3497 3690
3497 3963
3497 4351
3497 4361
3497 4516
3497 4724
3497 5815
3498 3854
3498 4726
3498 5409
3498 8831
3499 3785
3499 6459
3499 8268
3499 8541
3500 4838
3500 4847
3500 4881
3500 4891
3500 4917
3500 5062
3500 5506
3500 7532
3500 8538
3501 4549
3501 5189
3501 5645
3501 5974
3501 6728
3501 8344
3501 9232
3502 3564
3502 4956
3502 5230
3502 5788
3502 6271
3502 6319
3502 6364
3502 6688
3502 6916
3502 7274
3502 7725
3502 9377
3502 9808
3503 4716
3503 8432
3503 8488
3503 9038
3503 9899
3504 4685
3504 5190
3504 5356
3504 6710
3504 8024
3504 8320
3504 8690
3505 4806
3505 4917
3505 5223
3505 6147
3505 7008
3505 8710
3505 9452
3505 9736
3506 3646
3506 4818
3506 5856
3506 7033
3506 7065
3506 7069
3506 7594
3506 8070
3506 8234
3506 8824
3507 5142
3507 6210
3507 6449
3507 6927
3507 8144
3507 8338
3507 8917
3507 9214
3508 5663
3508 6392
3508 6795
3508 6805
3509 3545
3509 3856
3509 4494
3509 5499
3509 5828
3509 7844
3509 8259
3509 8593
3509 8689
3509 9587
3510 3711
3510 4336
3510 4922
3510 5358
3510 5495
3510 6733
3510 8074
3510 9571
3510 9771
3511 4207
3511 4786
3511 4832
3511 5217
3511 6799
3511 7441
3511 9740
3511 9820
3512 4022
3512 4121
3512 4462
3512 4903
3512 5053
3512 6182
3512 6884
3512 7091
3513 5744
3513 6977
3514 3697
3515 5304
3516 3551
3516 3960
3516 5780
3516 6661
3516 7083
3516 7952
3516 8552
3516 8724
3516 8992
3516 9918
3517 3915
3517 3986
3517 4334
3517 4900
3517 5036
3517 6170
3517 7964
3517 9610
3518 4779
3518 4810
3518 6188
3518 8464
3519 3778
3519 5280
3519 5373
3519 5397
3519 5790
3519 5863
3519 9302
3520 9621
3521 3689
3521 4049
3521 5207
3521 5330
3521 5700
3521 5922
3521 6327
3521 6717
3521 8373
3521 8850
3521 9294
3521 9703
3522 5250
3522 5551
3522 6667
3522 7228
3522 7582
3522 7624
3522 8362
3523 3552
3523 4286
3523 4727
3523 5000
3523 5926
3523 5928
3523 6161
3523 8208
3523 9510
3523 9807
3524 3865
3525 3622
3525 3772
3525 4155
3525 4530
3525 5014
3525 5503
3525 6598
3525 8592
3525 8718
3526 4909
3526 6437
3526 7200
3526 9108
3526 9962
3527 3792
3527 4239
3527 6552
3527 7599
3527 9870
3527 9896
3528 3678
3528 5797
3528 6003
3528 6097
3528 6855
3528 7765
3528 9228
3528 9440
3528 9752
3528 9959
3529 3797
3529 4685
3529 5045
3529 8020
3529 8506
3529 8514
3529 9083
3529 9419
3529 9926
3530 4400
3530 5458
3530 5632
3530 6214
3530 7912
3530 8340
3531 4271
3531 5062
3531 7263
3531 8843
3532 3761
3532 4508
3532 5169
3532 6466
3532 6903
3532 8571
3532 9549
3533 6738
3534 5069
3534 6436
3534 7051
3534 8497
3534 9886
3535 4032
3535 4772
3535 5468
3535 5738
3535 5780
3535 6381
3535 6998
3535 8756
3535 9300
3536 3830
3536 3894
3536 4101
3536 4176
3536 4266
3536 5372
3536 5759
3536 6371
3536 8187
3536 8240
3536 8918
3536 9932
3537 4043
3537 5224
3537 5430
3537 6307
3537 6772
3537 7091
3537 7120
3537 8703
3537 9073
3537 9288
3537 9300
3537 9860
3538 4031
3538 4723
3538 6260
3538 6639
3538 7643
3538 8823
3538 9626
3538 9875
3539 4196
3539 4960
3539 5274
3539 6272
3539 6693
3539 7633
3539 8058
3540 3630
3540 3707
3540 4299
3540 5307
3540 5432
3541 4014
3541 4981
3541 5168
3541 5212
3541 6551
3541 6767
3541 7600
3541 8728
3541 9642
3541 9999
3542 4651
3542 4894
3542 5966
3542 6531
3542 6700
3542 6797
3542 6877
3542 7400
3542 7552
3542 9257
3543 4991
3543 5326
3543 5444
3543 7564
3543 8979
3544 4407
3544 5087
3544 7161
3544 7400
3544 8284
3544 8559
3545 4393
3545 4449
3545 4979
3545 5369
3545 6028
3545 7572
3545 8581
3545 9930
3545 9987
3546 3912
3546 3956
3546 4000
3546 6863
3547 3713
3547 4590
3547 5517
3547 5525
3547 7427
3547 8347
3548 6209
3548 6865
3548 7086
3548 8004
3548 8244
3548 8256
3548 9333
3548 9486
3549 4709
3549 5092
3549 5806
3549 7069
3549 7562
3549 7986
3549 8114
3549 8207
3549 8734
3549 9841
3550 4208
3550 4713
3550 7140
3550 7219
3550 8088
3550 8390
3551 5161
3551 5388
3551 6107
3551 7439
3551 8052
3551 9020
3551 9919
3552 3564
3552 3635
3552 5382
3552 5970
3552 7362
3552 7758
3552 9959
3553 3596
3553 3860
3553 4219
3553 4601
3553 4797
3553 5299
3553 6255
3553 7818
3553 8141
3553 8165
3553 9817
3554 3970
3554 6477
3555 4683
3555 5081
3555 5577
3555 7944
3555 8608
3555 9831
3556 4620
3556 4739
3556 5527
3556 6206
3556 7281
3556 9166
3556 9570
3557 4252
3557 4482
3557 5168
3557 6242
3557 6803
3557 8932
3558 8764
3559 3858
3559 4893
3559 7193
3559 9279
3560 3705
3560 3800
3560 4119
3560 4973
3560 5667
3560 6248
3560 6411
3560 6461
3560 7365
3560 8019
3560 8210
3560 8421
3560 9410
3560 9574
3560 9972
3561 4051
3561 4582
3561 4865
3561 6468
3562 4523
3562 5016
3562 5357
3562 5439
3562 5669
3562 6993
3562 7227
3562 7331
3562 7614
3562 8403
3562 9516
3563 4287
3563 5700
3563 9156
3564 3670
3564 4052
3564 6256
3564 9793
3565 3615
3565 8511
3566 5039
3566 5081
3566 5812
3566 7692
3566 8086
3566 8700
3566 9800
3567 3790
3567 5240
3567 6109
3567 7165
3567 8020
3567 8246
3567 9643
3568 3827
3568 4619
3568 6230
3568 6312
3568 7082
3568 8923
3569 3737
3569 5434
3569 6248
3569 6536
3569 6763
3569 7175
3569 7358
3570 3595
3570 4444
3570 8204
3570 9371
3570 9604
3571 3947
3571 3953
3571 6943
3571 8612
3572 5173
3572 6969
3572 9164
3573 4715
3573 5042
3573 5228
3573 5240
3573 5669
3573 6448
3573 6555
3573 6603
3573 6726
3573 6751
3573 6836
3573 7371
3573 8062
3573 8255
3573 8813
3574 5047
3574 5270
3574 5437
3574 5518
3574 6434
3574 7330
3574 7932
3574 8188
3574 9167
3575 3822
3575 4242
3575 4255
3575 4321
3575 4342
3575 4946
3575 5076
3575 6208
3575 9100
3575 9123
3575 9740
3576 4525
3576 7499
3576 7652
3576 7731
3576 8469
3577 3663
3577 4459
3577 7089
3577 8805
3578 5908
3578 6926
3579 4509
3579 5136
3579 5180
3579 9290
3579 9962
3580 4002
3580 4562
3580 5682
3580 6288
3580 9567
3581 3669
3581 3682
3581 3729
3581 4086
3581 4226
3581 4514
3581 4848
3581 7954
3581 9623
3582 5100
3582 6480
3583 3832
3583 4181
3583 5173
3583 5196
3583 7750
3583 8335
3583 8622
3583 8781
3584 4377
3584 5216
3584 5647
3584 6678
3584 7218
3584 8280
3584 8996
3585 4805
3585 5429
3585 5439
3585 5520
3585 5605
3585 7206
3585 8393
3585 8814
3585 9427
3585 9523
3586 3849
3586 4105
3586 5694
3586 5730
3586 6711
3586 8418
3587 4257
3587 5267
3587 6970
3587 7603
3587 7655
3587 7693
3587 7829
3587 8142
3587 9776
3588 4829
3588 4895
3588 5016
3588 5154
3588 5846
3588 6794
3588 6907
3588 7018
3588 8877
3588 9187
3589 6161
3589 7052
3589 7291
3589 7333
3589 7771
3589 8228
3589 8451
3590 3637
3590 4214
3590 4570
3590 4640
3590 5017
3590 6142
3590 6365
3591 3658
3591 3817
3591 6173
3591 7066
3591 8020
3591 8581
3591 9247
3592 3634
3592 4585
3592 5128
3592 5234
3592 6259
3592 6647
3592 6744
3592 6977
3592 7107
3592 7371
3592 7390
3592 8095
3592 8360
3592 9183
3593 3770
3593 4063
3593 4879
3593 5224
3593 6677
3594 3628
3594 4286
3594 5033
3594 6450
3594 7996
3595 3990
3595 4615
3595 5665
3595 6279
3595 6485
3595 7796
3595 8623
3596 4439
3596 6487
3596 6947
3596 7411
3596 8360
3597 4010
3597 4229
3597 6227
3597 6779
3597 7311
3597 7806
3598 4447
3598 4741
3598 5114
3598 6341
3598 8459
3598 9331
3599 4515
3599 4954
3599 5116
3599 5325
3599 5343
3599 6081
3599 6653
3599 6992
3599 7714
3599 9797
3600 5375
3600 5752
3600 5907
3600 5993
3600 9616
3601 3821
3601 4005
3602 4798
3602 5968
3602 6341
3602 6384
3602 6860
3603 3956
3603 4128
3603 4178
3603 4559
3603 5344
3603 6384
3603 6513
3603 7150
3603 7762
3603 7975
3604 3820
3604 5971
3604 9488
3605 4373
3605 4931
3605 5261
3605 5602
3605 6752
3605 7671
3605 9217
3606 8852
3606 9040
3607 3708
3607 4385
3607 4638
3607 5611
3607 7217
3607 8170
3608 3940
3608 4076
3608 4086
3608 6534
3608 6655
3608 8656
3609 6335
3609 7859
3609 7885
3609 8348
3609 8423
3609 8891
3610 4008
3610 5108
3610 5132
3610 5333
3610 6565
3610 8280
3610 9116
3610 9996
3611 3963
3611 4129
3611 4698
3611 4863
3611 5689
3611 5900
3611 5938
3611 6366
3611 6432
3611 6888
3611 7132
3611 7397
3611 7407
3611 8061
3611 8087
3612 4235
3612 5749
3612 6764
3612 8686
3613 3647
3613 4039
3613 4127
3613 6459
3613 6603
3613 6719
3613 7259
3613 7559
3613 7641
3613 9267
3614 3889
3614 4034
3614 4214
3614 4878
3614 5379
3614 5874
3614 5920
3614 6038
3614 6269
3614 6799
3614 8240
3614 8634
3614 8654
3614 9094
3614 9288
3614 9961
3615 5054
3616 3682
3616 4120
3616 6019
3616 7677
3616 8868
3616 9207
3617 4622
3617 4894
3617 5112
3617 5273
3617 5892
3617 7068
3617 7160
3617 7269
3617 7759
3617 8492
3617 9541
3617 9846
3618 3677
3618 4407
3618 6497
3618 6537
3618 7855
3618 8835
3619 3800
3619 4041
3619 4482
3619 5662
3619 5671
3619 6301
3619 6368
3619 6381
3619 9402
3620 5298
3620 5508
3620 5598
3620 5693
3620 5694
3620 5767
3620 9983
3621 3700
3621 3884
3621 4583
3621 5200
3621 5405
3621 8869
3622 4238
3622 4606
3622 5343
3622 5580
3623 4446
3623 7767
3623 8408
3624 4016
3624 5064
3624 5746
3624 9655
3625 3863
3625 3867
3625 4224
3625 4434
3625 6885
3625 6969
3625 7571
3625 9327
3626 3681
3626 4330
3626 4617
3626 6612
3626 6848
3626 8579
3627 3704
3627 5902
3627 6042
3627 6119
3627 6639
3627 7419
3627 8465
3628 3676
3628 4735
3628 6050
3629 4835
3629 6646
3629 8144
3629 9535
3630 3835
3630 4371
3630 4419
3630 6346
3630 7908
3630 9818
3631 3714
3631 4793
3631 5227
3631 5678
3631 6971
3631 9104
3632 3793
3632 4481
3632 5120
3632 5864
3632 6023
3632 6474
3632 6503
3632 6680
3632 7069
3632 7898
3632 7957
3632 8029
3632 8068
3632 8279
3633 5083
3633 5904
3633 5934
3633 7317
3634 3724
3634 5191
3634 6828
3634 8757
3635 4013
3635 4643
3635 4813
3635 4931
3635 5018
3635 6667
3635 6689
3635 6996
3635 7216
3635 7828
3635 9361
3635 9495
3635 9835
3635 9909
3636 3955
3636 6226
3636 7826
3636 7994
3636 9593
3636 9952
3637 4639
3637 8162
3637 8308
3638 4747
3638 5038
3638 8970
3639 5276
3639 5947
3639 6645
3639 8203
3639 9213
3640 4098
3640 5133
3640 5380
3640 7217
3640 7970
3640 8581
3640 8598
3640 9092
3641 3949
3641 4075
3641 4689
3641 5605
3641 5857
3641 5936
3641 6329
3641 6333
3641 7556
3641 8786
3642 3656
3642 4999
3642 5428
3642 5842
3642 7278
3642 7817
3642 8185
3642 9151
3642 9690
3643 3785
3643 8032
3644 4047
3644 4310
3644 5605
3644 8287
3645 3676
3645 4598
3645 4667
3645 5013
3645 5993
3645 7680
3645 9243
3645 9756
3645 9924
3646 3976
3646 4444
3646 4947
3646 5081
3646 5741
3646 8888
3647 5313
3647 5568
3647 6456
3647 9884
3648 3964
3648 5222
3648 7087
3648 7807
3648 8588
3649 3798
3649 4460
3649 4493
3649 5394
3649 6422
3649 7306
3649 8088
3649 9906
3650 3997
3650 4055
3650 4319
3650 4956
3650 5087
3650 5392
3650 5611
3650 5769
3650 6122
3650 7476
3650 7486
3650 7659
3650 7913
3650 9326
3651 4410
3651 5579
3651 6051
3651 6108
3651 6580
3651 7665
3651 7689
3651 8200
3651 8262
3651 9011
3651 9155
3651 9679
3652 4007
3652 5147
3652 8093
3652 8728
3652 8811
3653 4084
3653 4451
3653 5268
3653 5397
3653 5819
3653 7110
3653 7214
3653 7455
3653 7969
3653 8331
3653 8976
3654 3740
3654 4088
3654 4426
3654 4457
3654 6075
3654 6572
3654 8492
3654 8764
3654 8826
3654 9201
3655 4582
3655 5539
3655 8356
3655 9340
3655 9724
3656 5507
3656 6046
3656 6350
3656 7223
3656 8851
3657 3699
3657 3766
3657 3985
3657 4449
3657 4560
3657 4951
3657 8654
3657 9559
3657 9886
3658 9344
3659 4204
3659 5512
3659 6191
3659 6765
3659 7597
3659 7824
3659 9050
3660 4518
3660 4526
3660 4945
3660 5853
3660 6803
3660 7112
3660 7793
3660 7999
3660 8297
3660 8973
3661 5220
3661 5229
3661 5527
3661 7325
3661 8878
3662 3772
3662 4221
3662 4637
3662 5966
3662 6020
3662 6067
3662 6701
3662 7272
3662 7667
3662 8298
3662 8769
3662 8907
3663 4016
3663 4141
3663 6089
3663 7503
3663 7772
3663 7853
3663 8822
3663 9203
3663 9281
3663 9324
3664 4156
3664 5178
3664 5887
3664 5995
3664 6090
3664 6115
3664 6126
3664 6564
3664 8798
3664 9239
3664 9246
3664 9306
3665 3799
3665 4185
3665 4890
3665 5136
3665 5507
3665 5539
3665 6894
3665 8837
3665 8975
3666 5845
3666 5958
3666 6233
3666 6898
3666 9320
3666 9396
3667 3808
3667 6049
3667 6593
3667 7453
3667 8361
3668 3701
3668 5001
3668 5573
3668 5656
3668 5798
3668 6376
3668 6607
3668 6771
3668 7865
3668 8729
3668 9547
3668 9834
3669 4074
3669 5439
3669 5702
3669 5858
3669 6035
3669 6122
3669 6589
3669 6890
3669 7655
3669 8225
3669 8481
3669 9293
3669 9553
3669 9744
3669 9849
3670 4588
3670 4675
3670 5018
3670 5610
3670 6292
3670 6402
3670 8403
3670 8436
3670 8839
3670 9220
3670 9333
3671 4012
3671 5143
3671 5530
3671 6598
3671 8015
3671 9467
3671 9751
3672 3824
3672 4012
3672 4218
3672 4792
3672 5322
3672 5898
3672 6073
3672 6371
3672 6767
3672 7213
3672 7955
3672 7992
3672 9722
3672 9821
3673 4137
3673 4438
3673 4454
3673 6086
3673 6940
3673 7235
3673 8586
3673 9435
3674 4083
3674 6256
3674 7774
3674 8153
3674 8500
3675 4127
3675 4399
3675 4535
3676 3859
3676 3870
3676 4504
3676 5313
3676 5641
3676 5661
3676 6190
3676 6191
3676 6812
3676 8674
3676 9438
3677 5854
3677 7535
3677 8163
3677 9212
3677 9695
3678 3919
3678 7307
3678 8394
3678 8773
3678 8781
3679 3995
3679 4334
3679 4460
3679 4633
3679 4716
3679 6671
3679 6988
3679 7132
3679 8026
3679 8761
3679 9401
3679 9415
3679 9481
3680 4263
3680 4780
3680 5232
3680 5320
3680 5620
3680 5728
3680 8088
3680 8345
3680 8685
3680 9259
3680 9583
3681 5199
3681 6171
3681 7256
3681 7327
3681 7780
3681 8678
3681 8727
3681 8988
3681 9753
3682 3930
3682 5790
3682 6157
3682 6418
3682 7612
3682 8983
3682 9796
3683 4203
3683 4906
3683 4938
3683 5166
3683 5586
3683 7579
3684 4125
3684 4971
3684 5001
3684 5106
3684 5238
3684 5445
3684 6690
3684 7620
3685 3973
3685 4579
3685 5599
3685 7908
3685 7982
3685 8264
3686 4072
3686 4175
3686 4443
3686 5238
3686 6006
3686 6112
3686 7585
3686 9224
3687 4762
3687 4933
3687 5937
3687 6798
3687 7309
3687 7584
3687 8842
3687 9452
3688 4845
3688 5262
3688 6075
3688 6548
3688 7087
3688 7337
3688 7620
3688 8088
3689 4026
3689 4123
3689 4138
3689 6201
3689 6884
3689 6893
3689 7219
3689 8919
3689 9433
3690 4511
3690 4541
3690 4628
3690 4873
3690 5012
3690 5102
3690 5200
3690 6441
3690 6550
3690 9206
3690 9532
3691 5404
3691 5625
3691 8044
3691 8317
3691 9609
3692 4319
3692 4935
3692 8184
3692 9694
3692 9938
3693 4212
3693 4916
3693 5231
3693 5908
3693 7022
3693 7199
3693 7291
3693 7566
3694 5051
3694 6555
3694 7491
3694 7622
3694 8203
3695 4292
3695 4473
3696 9716
3697 4090
3697 4582
3697 5344
3697 7152
3698 3859
3698 4166
3698 4495
3698 6257
3698 6548
3698 6890
3698 7928
3698 8438
3698 8541
3698 8674
3698 8725
3698 9086
3698 9647
3698 9843
3699 4887
3699 6743
3699 9943
3700 4245
3700 4534
3700 9810
3701 3861
3701 4033
3701 4404
3701 5901
3701 6989
3701 8423
3701 9324
3701 9820
3702 4096
3702 4509
3702 5396
3702 6697
3702 8350
3702 9736
3703 4076
3703 4202
3703 4760
3703 4913
3703 5331
3703 5574
3703 5771
3703 5826
3703 5872
3703 6165
3703 7496
3703 7536
3703 9914
3704 3851
3704 3990
3704 4525
3704 4619
3704 4989
3704 5731
3704 5817
3704 6590
3704 7007
3704 7224
3704 8115
3704 9359
3705 4073
3705 4310
3705 4649
3705 4662
3705 4814
3705 5069
3705 5285
3705 5306
3705 5607
3705 7291
3705 7910
3705 8047
3705 8221
3705 8308
3705 9354
3705 9999
3706 4577
3706 6302
3706 7741
3706 8645
3706 9504
3707 4681
3707 5615
3707 5682
3707 6413
3707 7790
3707 8018
3707 8200
3707 8500
3707 9316
3708 6380
3708 7381
3708 8053
3709 4646
3709 5489
3709 6048
3709 7875
3710 4774
3710 4896
3710 5146
3710 5897
3710 8665
3711 5054
3711 5097
3711 5385
3711 5858
3711 6096
3711 7278
3711 7718
3711 7988
3711 9021
3712 4971
3712 7584
3712 9615
3712 9983
3713 4459
3713 4635
3713 6878
3713 6912
3713 8298
3713 8463
3713 8667
3714 4075
3714 4347
3714 4631
3714 5330
3714 5363
3714 5699
3714 6644
3714 7030
3715 4044
3715 7121
3715 7342
3715 8284
3716 3737
3716 4310
3716 4851
3716 6023
3716 6074
3716 7333
3716 8612
3717 3849
3717 5452
3717 6676
3717 7679
3717 7843
3717 9804
3718 5283
3718 6216
3718 6482
3718 6913
3718 8370
3719 5936
3719 6804
3719 8553
3720 5587
3720 5668
3720 7771
3720 8804
3721 3824
3721 7377
3721 9965
3722 6658
3722 7869
3722 8132
3722 9053
3723 3877
3723 4059
3723 4306
3723 5135
3723 5399
3723 6006
3723 8020
3723 9977
3724 3952
3724 6017
3724 6185
3724 6678
3724 8567
3725 4128
3725 4402
3725 4750
3725 5321
3725 5853
3725 6228
3725 6251
3725 6566
3725 6570
3725 7105
3725 7117
3725 7280
3725 7404
3725 7456
3725 7514
3725 7696
3725 8318
3725 8962
3725 9383
3725 9466
3725 9635
3725 9903
3726 3998
3726 4327
3726 4982
3726 5639
3726 6642
3726 6874
3726 7085
3726 7734
3726 7841
3726 8021
3726 8914
3726 9803
3727 3877
3727 4483
3727 5294
3727 5475
3727 6419
3727 8408
3727 9348
3728 4196
3728 4827
3728 5007
3728 5188
3728 5546
3728 8833
3728 9144
3728 9321
3728 9419
3729 4737
3729 5568
3729 6921
3729 7748
3729 9452
3730 4270
3730 4397
3730 4434
3730 4492
3730 5059
3730 5191
3730 5330
3730 5408
3730 6071
3730 6335
3730 7405
3730 7535
3730 7592
3730 7671
3730 8166
3730 8878
3730 9416
3730 9960
3731 4105
3731 4411
3731 6020
3731 7103
3731 7924
3731 9093
3731 9753
3731 9835
3732 7281
3732 7612
3732 8118
3732 8922
3732 9282
3732 9376
3733 4244
3733 4878
3733 5132
3733 5881
3733 6090
3733 6473
3733 6914
3733 6963
3733 7767
3734 9682
3735 4224
3735 5692
3735 6002
3735 6481
3736 3838
3736 3917
3736 4172
3736 5465
3736 6293
3736 6814
3736 9357
3737 3994
3737 4719
3737 5308
3737 6756
3737 8182
3737 8556
3737 8573
3737 9930
3738 4288
3738 8471
3738 8855
3739 3875
3739 4624
3739 4909
3739 6110
3739 6449
3739 7224
3739 7626
3739 8009
3739 8262
3739 9274
3740 4694
3740 5084
3740 5462
3740 5726
3740 5871
3740 6614
3740 7137
3741 3913
3741 4350
3741 5545
3741 5699
3741 5712
3741 6693
3741 7639
3741 8256
3741 9003
3741 9603
3742 4320
3742 4848
3742 4975
3742 5114
3742 5217
3742 8657
3742 9507
3743 5226
3744 4473
3744 4962
3744 6624
3744 7300
3744 8994
3745 7896
3745 8418
3745 8554
3746 3915
3746 4898
3746 5969
3746 6826
3746 8408
3746 9766
3746 9788
3747 4616
3747 4797
3747 8254
3747 9167
3748 4741
3748 5622
3748 7279
3748 8802
3749 3889
3749 6070
3749 9040
3750 4502
3750 4827
3750 7102
3750 9596
3751 5152
3751 7492
3751 7960
3751 7981
3751 8705
3752 4950
3752 6750
3752 7570
3752 8476
3752 8987
3753 4583
3753 5105
3753 5575
3753 7039
3753 9720
3754 4107
3754 4656
3754 6763
3754 7977
3754 9041
3754 9694
3755 3825
3755 4948
3755 5189
3755 5348
3755 5967
3755 6017
3755 8249
3755 8346
3756 3925
3756 4395
3756 5322
3756 6624
3756 7583
3756 7875
3757 3837
3757 4500
3757 5449
3757 6228
3757 7873
3757 8910
3757 9586
3758 3911
3758 4379
3758 5188
3758 6223
3758 9667
3759 3825
3759 5116
3759 6029
3759 9244
3759 9282
3759 9577
3760 4191
3760 7305
3760 9647
3761 8170
3761 8667
3761 9603
3762 4826
3762 5065
3762 6297
3762 8560
3762 9470
3762 9897
3763 4313
3764 3784
3764 4148
3764 4731
3764 5024
3764 5508
3764 5930
3764 6781
3764 7288
3764 8135
3764 9190
3764 9392
3764 9822
3765 4519
3765 4939
3765 6087
3765 7229
3765 7880
3765 8281
3765 9188
3765 9360
3765 9819
3766 4805
3766 7645
3767 4231
3767 4854
3767 4881
3767 5336
3767 5868
3767 6056
3767 6576
3767 8976
3767 9250
3767 9987
3768 5270
3768 5779
3768 6503
3768 6671
3769 5097
3769 5145
3769 5771
3769 8682
3770 4658
3770 5619
3770 7463
3770 7771
3770 9345
3771 3942
3771 5113
3771 7208
3771 7995
3771 9178
3772 4173
3772 4428
3772 4653
3772 5727
3773 3867
3773 4394
3773 6526
3773 7302
3773 7339
3773 7355
3773 7757
3773 8792
3774 4706
3774 4933
3774 5068
3774 5410
3774 5465
3774 5521
3774 5627
3774 5638
3774 6639
3774 7880
3774 8263
3774 9664
3774 9756
3774 9954
3775 7620
3776 3868
3776 4009
3776 4909
3776 4918
3776 5667
3776 6746
3776 8153
3776 9358
3777 4454
3777 5002
3777 5370
3777 6460
3777 7587
3777 8212
3777 8289
3777 9333
3778 4931
3778 5113
3778 8238
3778 9129
3778 9922
3779 5458
3779 7515
3779 8219
3779 8387
3779 9737
3780 3806
3780 3960
3780 5448
3781 4062
3781 4201
3781 4526
3781 6629
3781 7022
3781 7872
3781 9518
3782 3829
3782 4161
3782 4249
3782 4600
3782 5693
3782 6844
3782 9477
3784 3862
3784 5328
3784 6054
3784 6932
3784 7849
3785 3903
3785 3925
3785 6566
3785 8635
3785 8796
3785 9628
3786 3979
3786 4996
3786 5585
3786 6086
3786 6172
3786 6356
3786 6568
3786 6789
3786 7238
3786 8862
3786 8876
3786 9812
3787 3825
3787 4592
3787 4973
3787 6226
3787 8537
3787 8892
3787 9251
3787 9911
3788 4008
3788 4837
3788 5709
3788 5923
3788 6473
3788 6694
3788 7354
3788 9035
3788 9963
3789 4170
3789 4705
3789 7145
3789 7822
3789 9537
3790 3796
3790 4639
3790 5395
3790 5863
3790 6368
3790 6515
3790 6768
3790 9005
3791 5101
3791 5453
3791 7226
3791 7519
3791 8084
3791 8506
3791 9279
3792 4114
3792 4398
3792 4774
3792 4795
3792 5126
3792 5239
3792 5634
3792 6873
3792 6982
3792 9463
3792 9665
3793 4136
3793 5733
3793 5778
3793 6106
3793 7093
3793 7233
3793 7250
3793 7515
3793 9440
3793 9883
3794 6518
3794 7391
3794 7406
3794 8724
3795 5306
3795 6065
3795 6658
3795 7532
3796 9995
3797 3882
3797 6219
3797 7287
3797 7467
3797 9047
3797 9993
3798 6226
3798 6417
3798 6516
3798 6605
3798 6842
3798 7311
3798 7887
3798 8664
3798 8762
3798 9615
3799 4062
3799 7141
3799 7435
3800 3852
3800 4485
3800 4506
3800 6164
3800 6216
3801 3880
3801 3904
3801 3998
3801 4236
3801 4458
3801 4530
3801 4863
3801 6103
3801 6420
3801 6453
3801 7221
3801 7301
3801 7348
3801 7834
3801 8669
3801 8896
3801 8929
3801 9245
3801 9480
3802 3917
3802 4291
3802 4395
3802 4410
3802 4466
3802 4489
3802 5045
3802 6035
3802 6194
3802 6378
3802 7352
3802 8392
3802 8581
3802 8954
3803 4531
3803 4770
3803 5311
3803 5537
3803 5981
3803 7134
3803 7372
3803 8015
3803 9006
3803 9090
3803 9616
3803 9900
3804 6345
3804 9632
3804 9729
3805 4712
3805 5477
3805 5727
3805 5741
3805 6815
3805 6906
3805 8462
3805 9499
3806 3834
3806 8323
3806 8746
3807 4222
3807 5233
3807 8027
3808 3845
3808 6251
3808 6516
3808 7341
3808 8530
3808 9253
3808 9800
3809 4189
3809 6264
3809 7735
3809 8016
3809 8569
3809 9641
3810 4082
3810 4265
3810 4266
3810 6129
3810 6406
3810 6622
3810 7175
3810 8999
3810 9696
3811 3849
3811 4209
3811 4303
3811 4788
3811 5196
3811 6038
3811 6140
3811 6288
3811 6574
3811 6951
3811 7330
3812 4412
3812 4761
3812 7241
3813 4068
3813 4380
3813 8190
3813 8452
3813 9044
3814 3976
3814 4852
3814 5977
3814 7167
3814 8033
3814 8199
3814 9267
3815 5176
3815 5856
3815 5885
3815 6462
3815 8435
3815 8557
3815 8613
3815 9364
3815 9941
3816 4051
3816 4418
3816 5027
3816 5137
3816 6150
3816 6480
3816 6584
3816 7163
3816 8088
3817 4817
3817 4945
3817 5565
3817 5753
3817 7264
3817 7701
3817 8737
3818 4183
3818 5394
3818 6361
3818 6393
3818 8404
3818 9617
3819 4250
3819 4312
3819 4672
3819 4747
3819 6164
3819 7529
3819 7942
3819 8126
3820 4287
3820 4922
3820 8913
3820 9009
3820 9040
3821 4877
3821 5078
3821 5372
3821 6678
3821 7579
3821 8979
3822 4325
3822 5291
3822 5308
3822 6306
3822 7513
3822 8256
3822 8914
3823 4063
3823 4722
3823 4895
3823 5685
3823 5914
3823 6018
3823 7344
3823 8987
3823 9332
3824 3842
3824 4502
3824 5174
3824 5433
3824 6547
3824 8518
3825 4549
3825 4755
3825 4924
3825 5156
3825 5707
3825 6463
3825 6503
3825 7418
3825 8794
3825 9064
3826 4573
3826 5337
3826 5707
3826 5886
3826 6540
3826 7369
3826 9922
3827 4223
3827 4439
3827 5186
3827 5991
3827 6167
3827 9067
3828 4629
3828 5225
3828 6587
3828 6704
3828 7036
3828 7886
3828 9382
3829 5141
3829 6087
3829 6339
3829 7118
3829 8583
3829 9763
3830 4354
3830 6416
3830 6736
3830 6991
3831 5390
3831 6491
3831 9401
3831 9510
3832 4165
3832 5065
3832 5087
3832 5869
3832 5887
3832 6521
3832 9354
3833 5462
3833 6125
3833 6390
3833 6869
3833 7270
3833 7851
3833 9618
3833 9798
3834 4343
3834 6541
3834 6699
3834 7645
3835 5320
3836 6404
3836 7191
3836 7822
3837 4816
3837 4933
3837 7906
3838 5910
3838 7888
3838 8100
3838 8835
3838 9653
3839 3848
3839 6481
3839 7047
3839 8771
3839 9456
3839 9707
3840 6614
3840 7195
3840 8377
3841 6119
3841 7288
3842 4994
3843 5094
3843 6701
3843 7838
3844 6553
3844 7228
3844 7455
3844 9722
3845 3927
3845 4449
3845 4476
3845 5599
3845 5897
3845 7319
3845 7575
3845 7623
3845 7844
3845 8227
3845 9122
3846 5419
3846 5634
3846 6157
3846 6286
3846 7870
3847 4458
3847 6352
3847 6871
3847 7480
3847 7772
3847 9993
3848 4777
3848 5910
3848 6164
3849 4176
3849 4566
3849 4880
3849 5048
3849 5954
3849 7257
3850 4169
3850 4563
3850 5024
3850 5665
3850 6026
3850 9882
3851 6347
3851 7999
3851 8846
3852 4926
3852 5740
3852 6687
3852 7294
3852 9348
3853 4323
3853 5729
3853 6332
3853 7051
3854 4165
3854 4308
3854 4476
3854 4665
3854 4860
3854 6704
3854 8043
3854 8863
3854 8959
3855 4020
3855 4188
3855 4517
3855 4739
3855 5612
3855 6428
3855 6967
3855 7244
3856 4097
3856 4729
3856 6530
3856 6643
3856 7641
3856 9769
3857 5847
3857 7954
3858 4223
3858 5236
3858 8178
3858 9335
3859 3899
3859 4511
3859 5028
3859 6411
3859 7713
3859 7995
3860 4162
3860 4187
3860 4562
3860 4775
3860 5170
3860 6399
3860 7962
3860 8866
3860 9109
3860 9397
3860 9865
3860 9953
3860 9962
3861 4747
3861 5468
3861 6737
3861 7470
3861 8500
3861 8917
3861 9982
3862 5056
3862 6702
3862 7013
3862 7097
3862 7316
3862 7365
3862 8812
3862 9227
3862 9258
3863 5049
3863 5640
3863 7794
3864 4775
3864 7207
3864 7475
3864 9384
3865 5284
3865 5492
3865 6266
3865 8097
3866 5180
3866 6353
3866 6934
3866 7096
3866 9088
3866 9923
3867 5266
3867 6015
3867 6138
3867 6143
3868 4592
3868 5398
3868 5751
3868 6536
3868 7267
3868 7877
3868 9373
3868 9406
3869 4969
3869 5527
3869 6634
3869 6934
3869 7047
3869 7124
3869 8184
3869 8497
3869 8797
3869 9313
3870 4029
3870 4059
3870 5243
3870 6741
3870 7371
3870 9487
3871 4281
3871 5155
3871 5158
3871 5466
3871 5804
3871 7229
3871 7248
3871 7781
3873 4640
3873 4745
3873 4815
3873 5165
3873 7158
3873 7249
3873 8746
3873 9687
3873 9862
3874 5451
3874 5752
3874 6929
3874 7468
3874 8520
3874 9290
3875 4147
3875 4479
3875 5026
3875 6975
3875 8208
3875 9260
3875 9329
3876 3918
3876 6383
3876 8662
3877 6440
3877 7283
3877 8839
3877 8864
3877 8870
3877 9127
3877 9944
3877 9958
3878 4990
3878 5222
3878 5569
3878 5846
3878 6882
3878 6923
3878 7223
3878 8256
3878 8820
3878 9961
3879 4824
3880 4417
3880 6523
3880 9004
3880 9655
3881 3988
3881 5981
3881 7184
3881 8155
3881 9841
3882 4268
3882 4396
3882 4734
3882 6446
3882 8507
3882 8659
3882 8891
3883 5492
3883 6083
3883 7443
3883 8256
3883 8708
3883 9298
3883 9623
3883 9626
3883 9976
3884 6594
3884 7018
3884 9563
3885 3965
3885 4651
3885 5629
3885 6657
3885 7732
3885 8357
3886 4567
3886 5063
3886 5317
3886 6030
3886 6256
3886 8380
3887 4031
3887 4102
3887 5400
3887 9253
3888 4830
3888 5080
3888 5593
3888 5903
3888 6528
3888 6896
3888 8416
3889 4003
3889 5016
3889 6477
3889 7517
3889 7735
3889 8486
3890 4866
3890 5348
3890 8081
3890 8969
3890 9599
3891 4444
3891 6945
3891 8592
3891 9788
3892 4291
3892 4511
3892 5543
3892 5836
3892 6007
3892 7919
3892 8526
3893 4406
3893 4627
3893 5147
3893 5178
3893 5188
3893 5936
3893 6068
3893 6364
3893 7863
3894 4079
3894 4578
3894 7726
3894 9454
3895 7378
3895 7574
3895 7795
3895 8422
3895 8769
3895 8924
3896 4108
3896 4563
3896 4918
3896 4937
3896 4942
3896 5066
3896 5191
3896 5388
3896 6157
3896 6285
3896 6610
3896 6740
3896 7770
3896 8534
3896 9003
3896 9197
3896 9539
3897 3934
3897 4201
3897 4308
3897 4495
3897 4873
3897 6758
3897 7004
3897 7117
3897 7283
3897 7334
3897 7676
3897 7761
3897 7921
3897 8202
3897 9641
3898 4740
3898 4868
3898 5843
3898 6191
3898 6760
3898 7853
3898 8278
3898 8774
3899 5670
3900 5372
3901 3984
3901 4251
3901 4436
3901 4850
3901 5154
3901 5735
3901 7042
3901 8635
3901 8918
3901 9388
3902 5471
3902 5749
3902 5899
3902 7639
3902 7693
3902 8279
3902 9855
3903 4872
3903 5264
3903 5285
3903 5715
3903 6119
3903 6386
3903 6679
3903 7853
3903 8537
3903 8641
3904 4040
3904 4534
3904 7951
3905 5328
3905 5333
3905 5452
3905 6177
3905 8878
3905 9062
3905 9209
3905 9914
3906 4217
3906 5892
3906 9146
3906 9581
3907 4093
3907 4261
3907 4627
3907 4822
3907 5274
3907 5971
3907 5996
3907 6457
3907 6582
3907 6616
3907 7521
3907 7547
3907 8055
3907 8953
3907 9393
3907 9639
3908 4208
3908 5206
3908 5245
3908 5480
3908 6029
3908 6883
3908 8385
3908 9563
3909 4644
3909 5345
3909 6456
3909 6880
3909 8185
3909 8379
3909 8697
3910 5350
3910 8241
3911 4790
3911 5102
3911 5665
3911 6082
3911 6617
3911 6653
3911 9863
3912 4016
3912 4317
3912 8945
3912 9060
3913 4101
3913 5325
3913 7848
3913 8945
3913 9887
3914 4092
3914 4145
3914 4513
3914 6068
3914 7244
3914 7533
3914 8410
3914 9111
3914 9588
3916 5920
3916 8282
3916 9284
3916 9337
3917 4486
3917 5580
3917 6037
3917 6626
3917 6640
3917 7170
3917 8446
3917 8753
3917 9653
3918 4014
3918 6167
3918 7844
3918 8135
3918 9243
3919 4917
3919 5321
3919 5494
3919 6611
3919 8752
3919 8975
3919 9628
3919 9952
3920 4695
3920 6594
3920 7127
3920 7335
3920 7391
3920 7966
3920 8190
3920 8659
3920 9102
3921 7346
3921 7621
3921 7900
3921 8199
3921 8310
3922 4285
3923 3974
3923 4917
3923 4999
3923 5460
3923 5625
3923 6064
3923 6630
3923 7484
3923 8186
3923 8844
3923 9219
3923 9922
3924 5054
3924 9036
3925 4307
3925 4653
3925 5140
3925 5954
3925 6415
3925 6457
3925 7468
3925 8614
3925 8652
3926 4096
3926 7675
3926 9152
3926 9488
3926 9622
3926 9819
3927 3982
3927 4176
3927 4376
3927 4399
3927 5353
3927 5451
3927 5544
3927 5796
3927 6164
3927 6248
3927 9748
3928 5731
3928 7272
3929 3932
3929 3978
3929 4921
3929 6525
3929 6900
3929 8638
3929 9030
3930 5906
3930 7676
3930 7903
3930 8320
3931 5706
3931 7389
3931 9800
3931 9995
3932 4447
3932 4933
3932 5693
3932 5999
3932 7746
3932 8755
3932 9244
3933 4116
3933 4157
3933 4807
3933 5137
3933 5276
3933 5605
3933 6762
3933 8479
3933 9989
3934 4257
3934 4839
3934 6082
3934 6857
3934 8166
3935 4740
3935 5498
3935 9337
3936 6788
3936 7262
3936 7320
3936 7406
3936 7614
3936 7709
3936 7743
3937 4022
3937 4492
3937 4923
3937 6302
3937 7058
3937 7725
3937 8581
3937 9166
3937 9843
3938 4181
3938 4777
3938 5266
3938 5820
3938 6193
3938 6966
3938 7536
3938 8678
3938 8842
3938 9095
3938 9113
3938 9135
3939 4518
3939 5140
3939 5845
3939 7890
3939 8291
3939 9168
3940 4415
3940 4723
3940 5005
3940 7476
3940 8059
3940 8598
3940 9434
3941 5687
3941 5738
3941 5778
3942 4137
3942 4676
3942 5948
3942 8086
3942 9298
3943 3968
3943 4599
3943 4873
3943 5009
3943 5378
3943 5700
3943 5784
3943 5831
3943 6032
3943 7213
3943 7861
3943 8783
3944 4307
3944 5885
3944 6562
3944 6642
3944 6665
3944 7688
3944 8773
3944 8825
3944 9469
3944 9529
3944 9702
3945 4244
3945 4911
3945 5014
3945 6555
3945 7787
3945 8077
3946 4050
3946 4639
3946 4740
3946 5815
3946 6570
3946 9026
3947 5002
3947 5508
3947 5521
3947 5854
3947 6523
3947 7239
3947 8174
3947 8310
3947 8767
3947 8981
3947 9359
3948 4768
3948 4803
3948 7092
3948 7882
3948 7925
3949 4091
3949 5320
3949 5603
3949 5733
3949 5745
3949 5869
3949 6101
3949 6441
3949 6748
3949 7804
3949 8899
3949 9428
3950 9712
3951 4621
3951 4841
3951 6095
3951 7416
3952 4090
3952 4282
3952 4680
3952 5387
3952 6892
3952 7530
3952 7768
3952 8315
3952 8563
3952 8709
3952 9050
3952 9405
3952 9440
3952 9660
3953 4107
3953 4965
3953 5347
3953 8562
3953 8647
3954 4392
3954 4804
3954 4886
3954 6484
3954 7919
3954 8476
3954 8744
3955 6766
3955 8572
3955 9085
3956 4130
3956 5631
3957 4359
3957 4672
3957 5316
3957 5561
3957 6070
3957 6298
3957 6497
3957 6543
3957 6578
3957 6786
3957 7312
3957 7454
3957 7656
3957 8159
3957 8194
3957 8320
3957 8443
3957 8850
3957 9232
3957 9662
3958 4710
3958 5417
3959 5906
3959 6894
3960 3979
3960 4701
3960 7078
3960 7176
3960 9646
3961 4867
3961 9216
3961 9918
3962 6538
3962 9807
3963 4564
3963 6561
3963 7612
3964 4039
3964 4270
3964 4279
3964 5775
3964 8160
3964 8224
3964 8443
3964 9000
3965 4054
3965 5015
3965 5863
3965 7547
3965 8599
3965 9220
3965 9406
3965 9620
3966 4174
3966 8519
3966 9041
3967 4468
3967 4879
3967 5955
3967 8137
3967 8475
3967 9127
3967 9342
3968 4211
3969 4059
3969 4699
3969 6028
3969 6124
3969 6595
3969 8126
3970 5065
3970 5842
3970 5854
3970 6924
3970 7680
3970 7780
3970 8316
3970 8901
3971 4057
3971 4874
3971 5005
3971 5536
3971 7746
3971 8247
3971 9951
3972 6067
3972 6336
3972 6417
3972 7055
3972 7647
3972 7719
3972 8824
3973 5111
3973 7339
3973 7583
3974 5930
3974 9285
3975 8158
3976 6861
3976 8321
3977 4918
3977 5100
3977 5814
3977 6024
3977 6370
3977 6669
3977 6972
3977 7810
3977 8907
3977 9736
3978 4717
3978 6482
3978 8182
3979 4165
3979 5245
3979 5388
3979 7609
3979 8237
3979 8622
3980 5324
3980 5770
3980 5896
3980 6294
3980 6394
3981 4110
3981 4192
3981 6115
3981 7382
3981 7683
3981 7709
3981 9140
3981 9892
3982 4438
3982 6514
3982 7545
3983 3987
3983 6084
3983 9058
3984 4197
3984 6158
3984 6688
3984 6690
3984 6860
3984 7842
3984 8412
3985 4579
3985 4675
3985 5888
3985 8670
3986 4264
3986 4473
3986 4481
3986 5997
3986 7223
3986 8714
3987 4452
3987 4908
3987 5562
3987 6252
3987 8025
3987 8378
3988 8989
3989 4058
3989 9256
3990 4102
3990 5739
3990 7083
3990 8324
3990 8708
3990 9076
3991 4748
3991 6198
3991 6290
3991 7372
3992 4246
3992 4562
3992 4826
3992 5259
3992 5433
3992 6072
3992 6491
3992 7875
3992 9757
3992 9864
3993 5530
3993 8150
3993 9546
3994 4412
3994 5291
3994 6372
3994 6824
3994 7595
3994 8208
3994 9143
3994 9274
3995 4324
3995 6546
3995 6822
3995 9194
3996 4241
3996 4429
3996 8544
3997 4749
3997 5451
3998 4105
3998 4120
3998 4158
3998 4395
3998 4593
3998 5755
3998 7126
3998 9644
3999 4095
3999 7003
3999 7373
3999 8045
3999 8526
4000 4348
4000 5812
4000 6027
4000 8725
4000 8973
4000 9668
4001 4343
4001 4389
4001 4579
4001 7714
4001 8546
4001 9099
4001 9133
4001 9912
4001 9987
4002 4048
4002 6133
4002 7075
4002 7456
4002 8048
4002 9923
4003 4713
4003 5113
4003 5162
4003 5417
4003 5470
4003 6437
4003 7052
4003 9323
4003 9906
4004 4118
4004 4418
4004 5000
4004 6170
4004 6629
4004 7229
4004 7965
4004 9081
4004 9173
4004 9865
4005 8347
4005 9514
4006 7724
4006 8521
4006 9911
4007 4449
4007 4577
4007 4826
4007 5234
4007 5530
4007 7323
4008 4319
4008 4416
4008 4458
4008 5686
4008 6092
4008 6622
4008 7616
4008 9038
4009 4464
4009 4953
4009 6567
4009 7334
4009 8457
4009 8459
4009 9901
4010 4882
4010 5273
4010 5763
4010 6822
4010 7779
4010 9819
4010 9911
4011 4229
4011 4876
4011 5597
4011 5878
4011 6489
4011 6949
4011 7054
4011 7773
4012 4028
4012 4986
4012 5650
4012 6637
4012 8267
4013 4451
4013 7018
4013 7218
4013 8714
4014 4932
4014 5415
4014 7419
4014 7657
4015 5612
4015 6196
4015 8029
4016 4494
4016 4746
4016 6276
4016 6603
4016 6887
4016 7850
4016 8910
4016 9340
4016 9520
4017 5593
4017 5894
4017 6051
4017 6093
4017 6613
4017 6901
4017 7735
4017 7871
4017 8113
4017 8884
4017 9085
4018 4221
4018 4349
4018 5304
4018 6319
4018 6591
4018 7273
4018 9363
4018 9744
4019 4510
4019 4640
4019 5210
4019 5328
4019 6553
4019 7078
4019 8098
4019 8401
4019 8790
4019 9330
4020 4050
4020 4119
4020 4430
4020 5335
4020 7911
4020 8234
4021 4194
4021 4455
4021 6019
4021 6534
4021 7239
4021 7603
4021 9093
4022 4503
4022 6244
4022 6672
4022 6982
4022 7506
4022 8074
4022 8267
4022 9522
4023 4964
4023 7787
4023 9879
4024 5287
4024 6839
4024 9524
4025 4520
4025 5250
4025 7234
4025 7557
4025 9024
4026 5004
4026 6293
4026 7045
4026 8846
4026 9486
4027 6895
4027 7456
4027 9550
4027 9863
4027 9928
4028 5271
4028 5650
4028 8151
4029 4493
4029 4669
4029 5328
4029 6072
4029 7069
4029 9320
4029 9579
4030 4081
4030 4795
4030 4828
4030 4964
4030 5531
4030 5552
4030 6968
4030 7171
4030 7172
4030 8675
4030 9185
4031 5411
4031 7124
4031 7441
4031 8987
4032 5668
4032 7227
4032 7912
4032 8221
4032 8949
4032 9545
4033 4115
4033 5608
4033 7234
4034 4874
4034 8213
4034 8383
4034 9640
4035 4049
4035 4302
4035 4605
4035 5488
4035 6705
4035 6902
4035 7713
4035 8303
4035 8499
4035 8567
4035 9607
4035 9672
4036 4771
4036 6826
4036 7527
4037 4066
4037 5377
4037 5515
4038 4181
4038 5553
4038 6031
4038 6624
4038 7815
4038 8978
4039 4542
4039 4597
4039 6476
4039 7703
4039 9148
4040 8346
4041 6250
4041 7149
4041 9922
4042 9073
4042 9485
4043 4545
4043 4572
4043 4854
4043 9636
4044 5557
4044 8182
4044 8438
4044 8849
4045 4886
4045 6122
4045 6196
4045 6542
4045 7070
4045 7517
4045 8381
4045 9319
4046 4583
4046 5313
4046 6598
4047 4852
4047 9328
4048 4694
4048 5552
4048 6941
4048 6960
4048 7017
4048 8515
4048 9812
4049 4995
4049 5695
4049 7680
4049 7916
4049 8402
4049 9870
4049 9931
4050 4611
4050 4885
4050 5063
4050 5614
4050 6013
4050 6904
4051 4674
4051 5249
4051 5437
4051 7720
4051 8085
4051 9261
4051 9592
4052 4063
4052 4448
4052 5533
4052 7235
4052 8701
4053 4386
4053 4661
4053 6782
4054 4595
4054 6175
4054 6843
4054 8516
4054 8630
4054 9732
4055 5959
4055 6193
4055 6196
4055 7278
4055 7479
4055 7931
4055 8578
4056 5003
4056 7616
4056 8871
4056 9999
4057 4569
4057 4904
4057 5224
4057 5254
4057 5356
4057 6105
4057 6234
4057 6688
4057 7792
4057 8165
4058 4774
4058 4818
4058 5297
4058 5605
4058 7332
4058 7503
4058 8021
4058 9191
4058 9574
4059 4332
4059 4500
4059 5819
4059 6001
4059 6646
4059 9944
4060 4331
4060 4560
4060 4891
4060 6112
4060 6427
4060 6465
4060 7490
4060 8517
4060 9991
4061 4298
4061 5760
4061 5788
4061 6207
4061 6665
4061 8360
4062 4253
4063 5011
4063 5226
4063 5288
4063 5600
4063 6755
4063 6974
4063 7507
4063 9071
4063 9201
4063 9693
4064 4488
4064 5193
4064 5928
4064 7983
4064 9285
4064 9398
4065 4099
4065 5782
4065 5934
4065 7231
4065 7646
4065 7767
4065 8867
4066 6258
4066 6640
4066 7869
4066 8245
4066 8269
4066 9968
4067 4627
4067 5588
4067 5975
4067 6880
4067 7541
4067 8051
4067 8894
4067 9166
4068 5068
4068 5611
4068 6654
4068 7098
4068 8589
4068 9092
4069 6052
4069 6359
4070 4742
4070 5126
4070 6471
4071 4106
4071 4760
4071 5228
4071 5673
4071 6339
4071 6515
4071 8507
4072 5971
4072 7348
4072 7867
4073 4253
4073 4978
4073 5279
4073 6267
4073 7385
4073 7391
4073 8163
4073 9177
4074 4259
4074 4559
4074 6591
4074 6697
4074 6951
4074 7359
4074 7783
4074 8202
4074 8947
4074 9209
4075 7529
4075 9074
4075 9623
4076 4201
4076 5289
4076 6356
4076 8936
4077 5265
4077 6709
4077 7400
4077 7578
4077 9273
4078 5751
4078 7641
4078 8337
4078 8374
4078 9921
4079 4278
4079 4899
4079 5326
4079 5406
4079 5774
4079 6285
4079 9866
4080 4787
4080 5193
4080 5466
4080 5746
4080 6274
4080 7291
4080 8317
4080 8676
4080 8709
4080 9027
4080 9476
4081 4410
4081 4479
4081 4771
4081 5221
4081 5963
4081 8512
4082 4690
4082 5477
4082 5485
4082 5625
4082 7892
4082 9413
4083 4648
4083 5357
4083 5410
4083 5915
4083 7317
4083 7640
4083 7788
4083 9031
4083 9510
4083 9946
4084 4572
4084 7624
4084 9955
4085 9707
4086 4552
4086 5626
4086 7188
4086 7737
4086 7886
4087 4476
4087 5194
4087 5380
4087 8556
4087 9619
4088 5403
4088 7971
4088 9929
4089 4454
4089 4790
4089 5531
4089 5604
4089 6753
4089 6754
4089 6885
4089 7156
4090 4216
4090 4401
4090 4405
4090 4986
4090 5578
4090 5623
4090 5638
4090 5666
4090 5984
4090 6689
4090 7168
4090 7315
4090 7859
4091 4402
4091 5840
4091 8794
4091 8979
4091 9823
4092 4242
4092 4830
4092 5236
4092 5455
4092 5586
4092 5891
4092 6868
4092 7117
4092 7623
4092 7663
4092 8070
4092 9215
4092 9760
4093 4735
4093 4741
4093 4796
4093 6464
4093 8156
4093 8771
4093 9511
4093 9674
4094 7523
4094 9678
4095 8525
4096 4141
4096 4907
4096 5968
4096 7083
4096 7085
4096 7668
4096 8139
4096 9181
4096 9816
4097 5630
4097 6093
4097 6132
4097 6253
4097 6860
4097 7816
4097 8285
4097 9987
4098 5312
4098 6275
4098 6708
4099 5321
4099 5621
4099 6079
4099 6238
4099 7093
4099 7768
4099 7791
4099 8750
4100 8267
4100 9425
4100 9460
4100 9594
4101 4133
4101 8272
4101 9222
4102 4318
4102 5398
4102 8085
4103 5269
4103 6204
4104 4312
4104 5698
4104 5780
4104 6325
4104 7898
4104 8842
4104 8983
4105 4572
4105 6257
4105 6272
4105 8883
4106 5350
4106 6547
4106 6861
4106 7639
4106 8558
4107 4928
4107 6998
4107 7502
4107 8271
4107 8333
4107 8898
4109 4229
4109 5179
4109 7415
4109 7605
4109 8252
4109 9143
4110 5378
4111 6695
4112 4985
4112 5347
4112 5366
4112 5451
4112 7276
4112 7371
4112 7690
4112 7695
4112 7974
4112 8080
4112 8232
4112 9207
4112 9267
4112 9664
4113 4554
4113 5891
4113 7590
4113 9385
4113 9406
4114 4767
4114 5133
4114 7381
4114 7495
4114 9330
4115 7285
4115 7661
4115 7664
4115 8928
4115 9824
4115 9859
4115 9901
4115 9949
4116 4461
4116 4824
4116 4838
4116 5939
4116 6012
4116 6268
4116 6968
4116 6969
4116 9019
4116 9033
4116 9515
4117 4244
4117 4709
4117 5102
4117 5641
4117 6102
4117 7099
4117 7282
4117 7659
4118 4931
4118 4984
4119 4248
4119 4756
4119 5285
4119 7798
4119 9870
4120 4358
4120 4385
4120 4644
4120 4688
4120 6547
4120 8990
4121 4158
4121 4823
4121 4880
4121 4885
4121 7589
4121 9100
4121 9531
4122 4275
4122 4339
4122 5280
4122 5489
4122 5783
4122 8594
4122 9890
4123 4335
4123 4587
4123 4667
4123 4992
4123 5084
4123 5406
4123 7490
4123 7631
4123 8740
4123 9335
4123 9439
4123 9549
4123 9869
4123 9888
4124 4368
4124 4725
4124 4738
4124 5421
4124 5657
4124 5658
4124 5806
4124 5898
4124 5952
4124 6714
4124 7192
4124 7357
4124 9021
4124 9191
4125 4414
4125 4630
4125 5159
4125 6437
4125 7538
4125 7831
4125 8801
4125 8894
4125 9236
4125 9549
4125 9902
4126 5298
4126 5442
4126 6316
4126 6705
4126 7935
4126 9105
4126 9301
4127 4304
4127 5449
4127 5883
4127 6554
4127 7442
4127 8869
4128 4569
4128 5349
4128 6479
4129 6712
4129 7339
4129 7979
4130 6609
4131 4253
4131 5448
4131 6327
4131 9229
4132 4657
4132 7028
4133 4580
4133 4600
4133 5501
4133 6204
4133 8161
4134 4136
4134 5108
4134 5470
4134 5499
4134 6498
4134 8542
4134 8876
4134 9898
4135 4372
4135 4713
4135 5373
4137 4358
4137 7399
4137 8454
4138 4776
4138 6538
4138 8796
4138 9911
4139 5824
4139 7114
4139 7988
4139 8063
4139 9361
4140 5954
4140 8386
4140 9211
4141 4638
4141 4734
4141 5081
4141 5432
4141 6273
4141 6838
4141 8209
4141 9934
4143 4222
4143 4494
4143 4725
4143 5776
4143 6382
4143 8213
4143 8841
4143 9373
4143 9634
4143 9832
4144 4272
4144 4444
4144 4734
4144 6221
4145 4910
4145 5562
4145 6601
4145 7495
4145 8883
4146 4510
4146 4576
4146 4707
4146 5882
4146 5970
4146 6617
4146 9296
4147 4243
4147 6595
4147 6671
4147 7232
4147 9081
4147 9728
4148 4312
4148 7059
4148 7364
4148 8094
4148 8903
4148 8974
4149 5525
4149 6073
4149 6333
4149 8540
4149 9146
4150 8602
4150 8666
4150 8715
4151 5467
4151 5806
4151 7281
4151 9289
4151 9600
4152 4860
4152 6212
4152 6871
4152 7251
4152 8292
4153 5648
4153 5816
4153 5918
4153 7989
4153 8140
4154 4596
4154 4605
4154 4813
4154 7968
4154 9804
4155 4365
4155 4452
4155 6171
4155 7473
4156 4345
4156 4710
4156 6928
4156 8327
4156 8683
4156 9207
4157 5257
4157 6034
4157 6662
4157 7103
4157 7323
4157 7375
4157 8624
4157 9431
4158 4486
4158 4694
4158 5082
4158 5469
4158 6104
4158 6979
4158 7627
4158 9227
4159 4265
4159 4799
4159 4804
4159 5026
4159 5871
4159 6299
4159 6531
4159 6681
4159 6941
4160 4567
4160 4737
4160 6350
4160 7720
4160 9092
4161 5917
4161 7616
4161 8735
4161 8865
4161 9895
4162 4194
4162 4431
4162 4703
4162 4734
4162 6045
4162 9561
4163 4730
4163 5191
4163 5951
4163 7642
4164 5359
4164 5508
4164 5570
4164 5988
4164 6550
4164 6625
4164 6888
4164 7037
4164 7733
4164 8427
4164 9165
4164 9228
4165 4751
4165 6197
4165 6818
4165 7784
4165 7884
4165 9159
4165 9416
4165 9966
4166 4766
4166 9701
4167 5052
4167 7625
4167 7923
4167 8148
4168 4723
4168 5378
4168 6134
4169 4971
4169 5419
4169 5705
4169 8915
4170 7210
4170 8421
4171 7411
4171 8448
4172 4793
4172 5142
4172 5208
4172 7699
4172 8247
4172 8420
4172 9840
4173 4293
4173 5268
4173 6876
4173 7802
4173 8214
4173 8435
4173 8604
4173 9856
4174 4237
4174 5925
4174 7136
4174 7774
4174 8397
4174 8879
4174 8960
4175 4971
4175 5450
4175 5695
4175 6006
4175 6795
4175 7573
4175 7808
4175 8004
4175 8248
4175 8791
4176 5529
4176 5942
4176 6349
4176 7659
4176 8272
4176 8335
4176 8675
4176 9060
4176 9695
4176 9815
4177 4228
4177 4525
4177 4785
4177 5324
4177 8188
4177 8479
4178 4303
4178 5193
4178 5381
4178 5391
4178 5498
4178 7296
4178 9504
4179 5597
4179 8460
4179 8928
4180 5134
4180 6938
4180 9978
4181 4208
4181 5244
4181 6021
4181 8237
4181 8405
4181 8803
4182 4689
4182 5867
4183 5135
4183 5405
4183 6242
4183 6956
4183 7204
4183 9076
4183 9078
4183 9218
4183 9731
4183 9948
4184 4522
4184 4691
4184 5367
4184 5571
4184 5633
4184 6529
4184 6536
4184 6913
4184 6985
4184 8198
4184 9275
4185 5614
4185 6830
4185 6896
4185 7663
4185 8811
4185 9864
4185 9990
4186 4236
4186 5489
4186 5683
4186 6276
4186 6485
4186 9110
4186 9189
4186 9782
4187 6745
4187 7037
4187 7830
4187 7974
4187 7981
4187 8939
4187 9275
4187 9649
4188 8063
4188 8461
4188 9427
4189 4557
4189 4823
4189 5000
4189 5712
4189 5868
4189 6688
4189 6732
4189 8717
4189 8780
4189 9102
4190 5098
4190 5141
4190 5916
4190 6248
4190 6605
4190 7028
4190 8359
4190 9308
4191 4871
4191 6074
4191 6639
4191 7094
4191 8434
4191 8893
4191 9327
4191 9500
4192 4541
4192 9437
4193 6863
4193 6881
4193 9661
4194 4607
4194 7330
4194 9446
4195 5354
4195 5628
4195 6579
4195 7535
4195 8239
4196 6178
4196 8293
4196 8612
4197 5062
4197 5393
4198 4212
4198 4296
4198 4486
4198 6095
4198 6263
4198 6441
4198 7671
4198 8228
4198 9049
4199 4551
4199 4664
4199 4895
4199 6219
4199 8954
4199 9061
4199 9424
4199 9508
4199 9511
4199 9600
4200 5817
4200 6098
4200 6858
4200 7341
4200 9738
4201 4549
4201 4776
4201 5844
4201 9021
4201 9533
4201 9730
4201 9944
4202 4792
4202 5743
4202 7190
4202 7438
4202 8118
4202 9404
4203 4346
4203 5182
4203 5543
4203 5606
4203 6262
4203 8016
4203 9456
4204 5124
4204 5794
4204 5808
4204 6497
4204 6884
4204 7552
4204 8056
4204 9960
4205 8204
4206 4632
4206 5360
4206 6042
4206 7010
4206 7218
4206 9599
4206 9632
4207 4536
4207 5384
4207 7848
4207 9543
4207 9755
4208 4847
4208 9551
4209 4811
4209 4976
4209 9945
4210 4660
4210 4970
4210 5298
4210 6554
4210 7349
4210 7362
4210 8828
4210 8849
4211 4752
4211 5531
4211 5850
4211 8496
4211 9528
4211 9997
4212 4597
4212 4991
4212 5212
4212 8140
4213 4626
4213 5489
4213 5669
4213 6036
4213 6458
4213 7035
4213 9241
4214 5354
4214 5941
4214 6390
4214 6448
4214 8448
4215 9345
4215 9475
4216 4726
4216 5068
4216 6910
4216 7325
4216 9064
4216 9134
4217 4249
4217 4665
4217 5402
4217 5648
4217 6231
4217 6646
4217 6677
4217 6716
4217 8904
4217 9564
4217 9952
4218 5484
4218 6212
4219 6579
4219 8368
4219 8649
4219 9261
4220 4481
4220 4813
4220 5392
4220 5424
4220 6565
4220 6798
4220 7045
4220 7081
4220 7929
4220 8855
4220 9672
4221 6493
4221 6577
4221 8011
4222 4277
4222 6213
4222 6537
4222 7116
4222 7764
4222 9044
4223 4834
4223 4969
4223 5743
4223 5865
4223 6308
4224 4344
4224 4611
4224 6071
4224 8248
4225 4292
4225 5369
4225 5928
4225 6284
4225 7218
4225 7369
4226 4790
4226 5130
4226 5937
4226 6047
4226 6432
4226 8530
4226 8663
4227 4658
4227 4950
4227 6178
4227 7480
4227 7498
4227 8671
4228 9144
4229 4434
4229 5038
4229 8815
4230 5753
4230 6335
4230 7628
4231 4328
4231 4884
4231 4902
4231 5293
4231 5754
4231 5930
4231 6233
4231 7926
4231 9193
4231 9369
4232 4947
4232 5241
4232 5325
4232 6003
4232 6765
4232 7489
4232 8831
4232 9547
4233 9257
4233 9278
4234 4799
4234 6223
4234 6964
4234 7924
4234 8001
4234 8309
4234 8587
4234 8881
4234 9699
4234 9842
4235 4287
4235 4289
4235 4366
4235 4671
4235 4776
4235 5045
4235 5644
4235 5913
4235 6080
4235 6451
4236 4590
4236 6072
4236 7537
4237 5403
4237 6063
4237 6373
4237 9029
4237 9723
4238 4941
4238 6357
4239 4600
4239 7732
4240 4869
4240 6592
4240 8392
4240 8545
4241 4294
4241 8288
4241 9105
4241 9230
4241 9610
4241 9712
4242 4423
4242 7033
4242 7392
4242 8359
4242 8775
4242 9573
4243 4611
4243 4970
4243 6449
4243 7575
4243 8029
4243 9345
4243 9797
4244 4523
4244 7711
4244 9666
4245 5588
4245 6124
4245 6999
4245 7565
4245 8015
4245 8787
4245 9489
4245 9497
4245 9794
4246 7282
4246 7539
4246 8116
4246 9302
4247 4411
4247 4650
4247 6372
4247 8316
4247 9605
4248 5624
4248 5911
4248 6250
4248 6662
4248 6863
4248 7171
4248 7411
4249 4477
4249 5349
4249 5427
4249 6600
4249 7156
4249 7608
4250 7462
4251 6581
4251 7494
4251 8039
4252 4559
4252 4565
4252 5014
4252 8004
4252 8148
4253 5003
4253 5150
4253 6518
4253 6862
4253 7222
4254 4518
4254 4852
4254 4882
4254 5357
4254 6241
4254 6725
4254 8846
4254 9449
4255 4335
4255 5141
4255 6351
4255 9619
4256 4642
4256 4789
4256 4992
4256 5071
4256 5867
4256 6425
4256 6967
4257 4343
4257 4679
4257 5195
4257 5537
4257 6674
4257 7036
4257 7831
4257 7934
4257 8348
4257 9111
4258 4454
4258 5273
4258 5469
4258 5783
4258 6452
4258 6658
4258 7167
4258 7248
4258 7925
4258 7939
4258 8627
4258 8635
4258 8707
4258 9977
4259 5500
4259 7093
4259 7178
4259 9255
4259 9420
4259 9864
4260 4705
4260 5579
4260 6208
4260 6249
4260 6674
4260 7027
4260 7512
4260 8171
4260 9331
4261 4380
4261 4599
4261 5617
4261 6525
4261 7592
4261 7638
4262 5599
4262 6347
4262 6601
4263 5959
4263 6478
4263 6860
4263 7399
4263 8061
4263 8375
4263 9101
4263 9198
4264 5044
4264 5162
4264 5417
4264 5878
4264 9342
4265 4597
4265 5399
4265 5759
4265 8347
4265 9399
4266 4735
4266 6265
4266 6526
4267 6075
4267 7155
4267 7230
4267 9517
4268 4850
4268 4878
4268 5042
4268 5476
4268 6062
4268 6510
4268 7317
4269 4917
4269 5318
4269 8048
4269 9222
4269 9802
4270 4859
4270 5147
4270 5210
4270 5751
4270 5911
4270 6114
4270 7609
4270 7853
4270 7915
4270 8037
4270 8435
4271 5197
4271 5895
4271 6326
4271 8081
4271 8257
4271 8458
4271 8927
4271 9349
4271 9374
4272 6785
4272 8617
4273 4353
4273 4773
4273 4834
4273 5020
4273 6069
4273 7409
4273 9956
4274 4865
4274 5800
4274 6017
4274 7573
4274 7711
4274 8093
4274 9139
4274 9809
4275 6722
4275 7080
4275 7618
4276 4521
4276 4654
4276 6143
4276 6391
4276 7047
4277 4688
4277 5195
4277 5441
4277 7136
4277 7858
4277 9514
4278 8404
4278 8938
4279 4935
4279 5283
4279 5536
4279 6411
4279 7563
4279 7978
4279 8129
4280 7294
4280 8440
4281 4572
4281 4735
4281 4846
4281 5530
4281 5806
4281 6129
4281 6533
4281 6858
4281 6922
4281 7078
4281 7277
4281 7543
4281 8022
4281 8483
4281 8558
4281 9995
4282 5072
4282 5287
4282 6133
4282 6703
4283 5549
4283 6917
4283 7266
4283 8896
4283 8971
4284 4314
4284 5642
4284 5736
4284 5763
4284 9945
4285 5489
4285 6136
4285 7362
4287 5250
4287 6404
4287 6596
4287 6634
4287 6963
4287 7540
4287 7674
4287 8323
4287 9267
4287 9644
4288 4594
4288 4663
4288 5171
4288 5590
4288 6054
4288 7866
4288 8708
4288 9568
4289 6520
4289 8028
4289 8044
4289 8286
4289 8664
4289 9659
4290 4608
4290 5344
4290 5522
4290 5557
4290 5694
4290 6259
4290 6597
4290 6820
4290 7127
4290 7362
4290 7542
4290 8781
4290 9206
4291 4725
4291 5300
4291 6323
4291 8377
4292 4772
4292 5142
4292 5502
4292 8070
4292 8729
4292 8777
4292 9436
4293 5374
4293 6148
4293 7536
4293 7658
4293 7879
4293 7892
4293 9732
4293 9833
4294 5187
4294 5986
4294 7452
4294 7957
4294 8434
4294 8513
4294 9170
4294 9784
4295 4385
4295 4882
4295 6063
4295 7406
4295 8008
4295 9688
4296 4496
4296 4930
4296 5157
4296 5526
4296 5857
4296 9303
4296 9897
4297 6137
4297 6679
4297 6811
4297 8167
4297 9554
4297 9637
4298 5198
4298 5580
4298 7962
4298 8937
4299 7268
4299 8009
4299 8791
4299 9768
4300 4728
4300 5686
4300 8111
4300 8599
4300 8611
4301 4371
4301 4485
4301 5184
4301 5333
4301 6571
4301 6792
4301 7665
4301 9535
4302 6922
4302 7391
4302 7686
4302 8000
4302 8748
4304 5005
4304 5976
4304 8167
4304 8581
4305 4654
4305 5473
4305 7348
4305 7369
4305 8656
4306 5074
4306 5274
4306 5414
4306 5813
4306 6661
4306 6847
4306 6878
4306 7083
4306 8061
4306 9162
4307 5805
4307 9752
4308 7448
4308 8325
4308 8387
4308 9949
4309 4767
4309 5092
4309 5115
4309 5221
4309 6686
4309 7723
4309 7895
4309 8040
4309 8199
4309 9623
4310 7958
4311 4814
4311 5570
4311 5754
4311 5914
4312 4499
4312 4584
4313 5091
4313 5127
4313 5484
4313 6472
4313 7588
4313 7602
4313 9753
4314 6155
4314 9663
4315 4406
4315 5040
4315 5254
4315 6281
4315 6905
4315 7695
4315 8207
4315 8219
4315 9231
4316 4516
4316 6974
4316 8485
4317 4348
4317 5258
4317 5277
4317 5514
4317 9070
4317 9149
4317 9467
4317 9914
4318 6603
4318 6854
4318 7353
4318 7484
4318 9006
4319 4757
4319 5188
4319 6490
4319 8432
4320 6795
4320 7206
4320 9613
4321 8034
4321 9347
4321 9576
4321 9855
4322 8204
4322 8956
4322 9122
4322 9455
4322 9840
4323 7359
4323 7422
4323 8061
4323 8539
4324 4839
4324 4861
4324 6065
4324 6931
4324 7987
4324 8146
4324 8706
4324 9047
4325 4361
4325 5467
4325 8534
4325 9846
4326 6166
4326 6236
4326 7590
4326 8076
4326 8391
4326 8578
4326 9415
4327 4465
4327 4513
4327 4700
4327 5600
4327 6139
4327 6439
4327 7494
4327 9138
4328 4563
4328 7430
4328 7864
4328 8617
4328 9791
4329 4548
4329 4580
4329 5621
4329 5758
4329 5860
4329 6269
4329 7544
4329 9295
4330 4734
4330 6261
4330 6379
4330 6533
4330 6817
4330 7945
4330 8820
4330 8991
4330 9399
4330 9758
4331 7293
4332 5077
4332 6361
4332 6608
4332 8168
4333 4675
4333 5585
4333 5969
4333 6076
4333 6663
4333 7130
4333 7331
4333 7701
4334 5254
4334 5421
4334 5879
4334 5929
4334 6318
4334 6483
4334 6549
4334 7636
4334 9644
4335 6239
4336 4369
4336 4459
4336 5196
4336 5386
4336 6579
4337 5329
4337 5547
4337 5592
4337 6799
4337 7009
4337 9236
4338 5744
4338 6748
4338 6847
4339 4574
4339 4853
4339 5154
4339 5370
4339 7438
4340 4679
4340 5885
4340 6185
4341 6521
4341 7113
4341 8056
4341 9702
4341 9831
4342 4439
4342 4614
4342 5075
4342 7790
4342 7952
4342 9182
4343 5511
4343 6134
4343 7103
4343 7588
4344 4387
4344 6455
4344 6624
4344 8520
4345 4615
4345 5473
4345 7745
4345 8877
4345 8887
4346 4468
4346 4548
4346 5798
4346 6391
4346 7357
4346 8906
4346 9704
4347 4914
4347 5111
4347 6463
4347 7541
4347 9332
4347 9561
4348 6281
4348 7347
4348 8285
4348 8575
4348 8631
4349 5108
4349 5630
4349 5997
4349 6569
4349 7088
4349 7935
4349 8473
4349 9073
4350 4475
4350 4728
4350 6081
4350 6190
4350 7967
4350 8048
4350 8611
4350 9242
4350 9838
4351 5299
4351 9201
4352 5757
4352 6392
4352 6826
4352 6968
4352 7618
4352 8653
4353 4627
4353 4717
4353 5571
4353 7845
4354 4829
4354 6136
4354 6907
4354 9088
4354 9523
4355 4412
4355 7600
4355 9303
4355 9419
4355 9564
4356 5612
4356 8199
4356 8743
4357 4860
4357 7320
4357 8906
4357 9559
4358 4608
4359 4865
4359 8594
4359 9010
4359 9615
4360 5104
4360 6342
4360 6352
4360 6643
4360 7898
4360 7955
4360 8919
4360 9391
4360 9654
4360 9694
4361 5059
4361 5320
4361 6793
4361 8618
4362 4906
4362 5403
4362 7369
4362 8466
4363 4565
4363 7214
4363 7349
4363 8790
4363 8861
4363 9087
4363 9284
4364 5177
4364 5628
4364 7020
4364 7576
4364 7870
4365 4859
4365 5212
4365 5786
4365 6025
4365 8097
4365 9138
4366 5206
4366 6305
4366 6399
4366 6941
4366 7258
4366 7532
4366 8381
4366 8526
4366 8867
4367 4693
4367 6181
4367 6339
4367 7107
4367 9155
4368 5026
4368 5271
4368 5703
4368 6040
4368 8967
4368 9016
4368 9033
4368 9301
4369 4458
4369 5602
4369 7573
4369 8884
4370 6389
4370 6652
4370 6666
4370 7441
4370 8103
4371 4533
4371 5101
4371 5650
4371 7159
4371 7465
4371 8701
4371 8717
4371 9169
4371 9550
4372 6947
4373 4765
4373 5436
4373 5509
4373 6258
4373 9799
4374 4801
4374 5357
4374 5460
4374 5516
4374 7428
4375 5022
4375 5613
4375 7334
4375 7718
4376 5431
4376 7010
4376 7954
4377 4763
4377 4821
4377 5094
4377 5316
4377 5515
4377 6129
4377 6202
4377 6437
4377 6576
4377 8795
4377 9918
4378 5261
4378 6869
4379 4569
4379 6921
4379 8031
4379 8084
4380 5532
4380 5680
4381 4591
4381 5364
4381 7542
4381 8949
4381 9608
4382 4441
4382 4866
4382 5310
4382 5492
4382 5515
4382 5890
4382 6050
4383 5280
4383 5674
4383 7946
4383 8239
4383 9922
4384 5118
4384 5370
4384 5642
4384 5955
4384 5990
4384 6003
4384 7995
4384 8412
4385 6218
4385 6336
4385 6657
4385 6882
4386 5052
4386 5250
4386 5389
4386 6411
4386 9058
4386 9389
4387 4439
4387 5648
4387 6635
4387 7733
4387 9175
4387 9185
4388 4662
4388 4680
4388 4697
4388 5338
4388 6014
4388 6095
4388 6230
4388 6342
4388 6457
4388 6719
4388 6730
4388 8663
4388 9602
4389 4497
4389 4696
4389 5796
4389 6655
4389 6969
4389 9251
4389 9398
4389 9547
4390 5011
4390 6638
4390 8505
4390 8585
4391 4479
4391 7638
4391 8128
4391 8453
4392 4483
4392 4581
4392 5621
4392 6009
4392 6742
4392 7887
4392 9892
4393 4534
4393 5800
4393 9614
4394 5541
4394 6154
4394 6687
4394 7846
4394 8103
4394 8367
4394 8591
4394 9242
4394 9870
4394 9910
4395 4442
4395 7200
4395 8419
4395 9929
4396 6319
4396 6475
4396 7004
4396 7538
4396 8228
4396 8457
4397 5504
4397 5512
4397 7470
4397 8298
4398 4482
4398 5214
4398 6071
4398 7355
4398 8533
4398 8973
4398 9783
4398 9824
4399 8127
4399 9669
4400 7896
4401 6269
4401 7084
4401 7518
4402 4432
4402 5310
4402 6296
4402 7999
4402 9811
4403 5369
4403 9530
4403 9700
4404 4557
4404 4892
4404 9954
4405 4428
4405 5255
4405 5440
4405 7001
4405 7717
4406 7099
4406 8007
4407 5119
4407 7471
4407 9195
4408 5094
4408 5498
4408 6466
4408 7325
4408 7395
4408 8776
4408 9614
4408 9930
4409 9286
4410 5799
4410 6529
4410 7406
4410 7498
4410 7528
4411 6012
4412 4841
4412 5407
4412 6548
4412 7443
4412 8614
4412 8824
4412 9422
4412 9446
4413 7587
4413 7633
4413 7947
4413 8525
4414 4999
4414 6272
4414 6407
4414 6443
4414 6449
4414 9243
4414 9366
4415 4507
4415 4559
4415 4658
4415 6830
4415 7045
4415 7460
4415 8498
4415 8778
4416 4612
4416 4885
4416 5370
4416 6114
4416 7264
4416 7593
4416 8400
4416 9511
4416 9815
4417 5260
4417 5566
4417 5915
4417 5993
4417 6146
4417 6839
4417 9032
4417 9335
4418 6025
4418 6379
4418 7682
4419 8062
4419 8481
4419 9614
4420 5687
4420 7600
4421 4822
4421 4977
4421 5534
4421 5892
4421 6251
4421 6407
4421 6693
4421 6736
4421 6944
4421 7047
4421 8435
4421 8900
4421 9731
4422 4556
4422 4685
4422 4957
4422 4962
4422 5567
4422 6295
4422 7106
4422 9026
4423 4770
4423 5307
4423 6275
4423 6953
4423 7119
4423 8869
4423 9287
4423 9831
4423 9930
4424 7755
4424 8068
4424 9314
4424 9778
4425 6373
4425 6376
4425 6713
4425 8417
4426 4473
4426 4849
4426 5039
4426 6155
4426 7764
4426 8065
4426 9743
4427 4882
4427 4988
4427 6178
4427 7381
4427 7823
4428 4807
4428 5355
4428 6384
4428 7061
4429 8606
4429 8690
4429 8730
4429 8909
4430 6808
4430 7144
4430 9241
4431 4888
4431 5482
4431 5671
4431 6264
4431 6341
4431 6964
4431 8312
4431 9330
4431 9907
4432 7649
4432 8028
4432 8390
4432 8453
4432 9988
4433 6470
4433 6654
4433 7635
4433 8147
4433 8286
4434 4995
4434 5797
4434 5825
4434 6783
4434 7622
4434 7995
4434 8100
4434 8442
4434 8557
4434 9718
4435 4647
4435 5119
4435 6886
4435 9675
4436 4696
4436 4705
4436 4811
4436 4960
4436 6424
4436 7250
4436 8861
4436 9430
4437 4713
4437 5811
4437 6189
4437 6473
4438 5329
4438 7516
4438 7896
4438 9943
4439 4904
4439 5596
4439 5619
4439 7374
4439 7668
4439 8377
4440 6414
4440 8237
4440 8980
4441 5330
4441 5819
4441 7860
4441 8243
4441 8817
4441 9152
4442 5391
4442 5581
4442 6268
4442 7394
4443 6126
4443 7570
4443 8154
4443 9630
4444 4563
4444 6184
4444 9920
4445 4474
4445 5478
4445 5632
4445 6012
4445 6240
4445 6511
4445 9407
4445 9747
4446 5537
4446 6431
4446 7565
4446 8012
4446 8239
4446 8925
4448 4780
4448 5429
4448 7248
4448 8133
4449 7531
4451 5732
4451 6114
4451 6590
4451 6649
4451 7529
4451 7702
4451 7870
4451 8696
4451 9262
4451 9491
4452 4833
4452 4927
4452 5133
4452 5188
4452 5843
4452 6854
4452 7508
4452 7694
4452 8923
4452 8981
4454 4536
4454 4671
4454 4688
4454 6760
4455 4463
4455 4599
4455 4975
4455 4982
4455 5132
4455 6189
4455 6212
4455 6772
4455 7392
4455 7622
4455 8183
4455 8352
4456 5499
4456 6653
4456 7217
4456 8960
4456 9924
4456 9925
4457 5612
4457 6330
4457 6362
4457 6791
4458 6058
4458 6430
4458 6452
4458 7114
4458 8075
4458 9565
4459 4589
4459 6473
4459 7457
4459 8671
4459 9662
4459 9855
4460 5051
4460 5061
4460 7544
4460 8893
4460 9156
4461 6728
4461 7066
4461 9109
4462 6697
4462 8705
4462 9002
4463 5896
4463 7704
4463 8918
4463 9277
4464 4722
4464 7931
4465 4946
4465 5138
4465 5286
4465 5399
4465 6128
4465 6293
4465 7259
4465 7264
4465 7898
4466 6358
4466 6600
4466 8047
4466 8054
4466 8528
4467 4493
4467 6474
4467 7242
4467 8218
4467 8552
4467 9988
4468 5098
4468 6187
4468 6654
4468 6766
4468 6842
4468 7182
4468 7310
4468 7547
4468 7611
4468 8056
4468 9681
4468 9748
4469 6049
4469 7214
4469 7404
4469 7947
4469 8816
4470 4714
4470 5519
4470 6505
4470 9806
4471 5823
4471 5931
4471 6242
4471 6757
4472 6111
4472 7199
4472 7724
4472 7833
4472 8309
4472 8919
4472 9099
4472 9607
4473 5230
4473 5966
4473 6780
4473 6911
4473 7005
4473 7675
4473 8774
4473 9489
4474 5599
4474 5760
4474 6642
4474 7738
4474 9641
4475 4507
4475 5710
4475 6258
4475 7108
4475 7781
4476 5451
4476 5691
4476 5708
4476 7350
4476 7498
4476 7946
4476 8537
4478 4647
4478 7148
4478 7187
4479 5595
4479 5716
4479 6210
4479 6592
4479 7331
4479 8322
4479 8557
4479 8893
4479 9831
4480 6757
4480 6965
4480 7238
4480 7970
4480 8133
4480 8502
4480 9231
4481 4928
4481 5917
4481 7875
4481 8577
4481 9347
4481 9878
4481 9980
4482 7313
4483 5400
4483 6458
4483 7053
4484 7260
4484 9531
4485 8281
4486 5011
4486 7180
4486 7275
4486 8297
4487 5237
4487 9112
4488 4573
4488 4756
4488 5752
4488 5858
4488 6141
4488 8223
4488 8844
4489 5859
4489 5983
4489 6346
4489 6973
4489 7491
4489 8600
4489 9066
4489 9291
4490 4775
4490 5947
4490 6430
4490 7000
4490 7209
4490 7256
4490 8609
4490 9590
4490 9729
4491 5736
4491 5740
4491 5876
4491 5882
4491 6683
4491 7681
4491 8270
4491 8467
4491 9153
4492 4606
4492 7340
4492 7619
4493 6891
4493 7120
4494 5364
4494 8900
4494 9050
4495 5974
4495 6312
4495 7140
4495 7969
4495 9167
4495 9378
4496 4810
4496 5922
4496 5977
4496 6836
4496 7805
4496 7881
4496 8809
4496 9960
4497 5547
4497 9332
4497 9482
4498 4995
4498 6369
4498 7894
4498 8748
4498 9496
4499 4853
4499 4873
4499 5907
4499 6740
4500 4520
4500 4678
4500 5643
4500 5971
4500 6333
4500 6679
4500 7936
4500 8101
4501 9430
4502 6842
4502 7613
4502 8128
4502 8636
4502 8889
4502 9205
4503 8985
4503 9733
4503 9826
4504 5623
4504 6275
4504 6425
4504 6558
4504 6865
4504 8287
4504 8363
4504 8440
4504 9711
4505 5269
4505 5301
4505 5669
4505 5900
4505 5918
4505 6085
4505 8597
4507 4554
4507 5934
4507 6014
4507 7012
4508 4888
4508 9850
4509 5120
4509 7343
4509 8396
4509 9278
4509 9968
4510 5943
4511 4576
4511 7137
4511 7398
4511 8007
4511 8148
4511 9026
4512 5115
4512 5849
4512 5881
4512 6442
4512 6637
4512 8285
4512 8458
4512 8643
4512 8878
4513 4788
4513 5347
4513 7469
4513 7481
4513 8928
4513 9077
4514 5469
4514 6003
4514 6976
4515 5163
4515 5813
4515 7883
4515 9275
4516 4872
4516 5079
4516 5480
4516 5482
4516 6203
4516 6395
4516 6756
4516 7111
4516 8017
4516 8428
4516 9983
4517 5845
4517 6953
4517 8617
4517 9387
4518 7842
4518 7863
4518 9182
4518 9296
4518 9616
4518 9756
4519 4741
4519 4863
4519 6754
4520 4834
4520 7504
4520 8427
4520 8658
4520 9551
4521 4624
4521 5049
4521 5054
4521 5250
4521 5494
4521 5842
4521 6712
4521 6886
4521 7904
4521 8028
4521 9061
4521 9087
4521 9673
4522 5741
4522 6291
4522 6985
4522 7348
4522 7938
4523 4586
4523 4729
4523 5371
4523 7566
4523 9535
4523 9631
4523 9712
4524 6020
4524 6138
4524 6609
4524 7327
4524 7704
4524 7767
4525 6041
4525 6776
4525 9101
4525 9829
4526 4701
4526 4891
4526 6022
4526 6507
4526 6732
4526 7274
4526 7383
4526 8018
4526 8052
4526 9175
4527 5630
4527 7421
4527 7518
4527 7856
4527 7885
4527 7931
4527 8445
4527 8718
4527 9048
4527 9400
4528 5703
4528 5763
4528 5828
4529 6121
4529 6424
4529 6953
4529 8673
4529 8922
4529 9061
4529 9880
4530 4551
4530 5577
4530 7088
4530 7148
4530 9618
4531 5625
4531 5649
4531 9289
4531 9638
4532 4693
4532 6675
4532 7966
4534 4753
4534 6907
4534 9401
4535 5273
4535 5653
4536 6753
4537 5205
4537 9189
4537 9555
4538 4791
4538 5017
4538 5058
4538 6571
4538 6607
4538 7265
4538 7334
4538 8503
4538 9708
4539 6645
4539 6887
4539 7430
4539 8398
4539 9230
4540 6927
4541 4645
4541 5543
4542 4819
4542 7374
4542 8309
4542 8869
4542 9019
4542 9088
4543 4656
4544 7554
4544 8302
4545 5200
4545 7884
4545 8293
4545 8399
4545 8522
4545 8612
4546 5349
4546 8655
4546 9101
4546 9706
4547 4664
4547 5981
4547 6989
4547 7146
4547 7759
4548 4588
4548 6440
4548 7609
4548 8435
4548 8759
4548 9970
4549 4604
4549 8841
4549 9024
4549 9818
4550 4796
4550 5566
4550 5743
4550 8425
4550 8994
4551 7576
4551 8321
4552 5037
4552 5672
4552 7046
4552 7412
4552 8167
4552 8733
4553 4764
4553 7532
4553 7768
4554 4828
4554 5362
4554 5968
4554 6583
4555 5737
4555 5762
4555 5855
4555 6342
4555 6927
4555 7678
4555 9429
4556 5435
4556 5603
4556 7691
4556 7938
4556 9035
4557 4926
4557 6195
4557 8206
4557 8400
4557 9513
4558 4577
4558 6365
4558 7243
4558 7492
4559 6249
4559 7455
4559 8365
4559 8990
4560 4967
4560 5423
4560 5588
4560 7622
4560 7699
4560 8782
4560 9292
4560 9705
4560 9979
4561 4653
4561 6749
4561 9300
4562 4731
4562 7010
4562 9974
4563 6288
4563 7143
4563 7375
4563 8404
4564 4751
4564 4768
4564 5090
4564 6639
4564 7566
4564 8105
4564 8124
4564 9692
4564 9863
4565 4738
4565 4781
4565 5296
4565 6631
4565 7574
4565 7638
4565 7898
4565 9059
4565 9210
4566 5116
4566 5608
4567 5025
4567 6721
4567 7127
4567 7135
4567 8305
4567 8711
4568 4715
4568 4976
4568 5161
4568 5341
4568 6128
4568 8270
4568 8339
4568 8763
4568 9452
4569 6495
4569 8722
4570 4707
4570 5071
4570 5148
4570 6519
4570 6781
4570 7248
4570 8580
4570 8862
4570 9190
4571 5427
4571 7286
4571 7562
4571 9964
4572 4662
4572 6334
4572 6374
4572 6740
4572 6775
4572 7321
4572 7817
4572 8070
4572 8756
4572 9171
4573 6291
4573 6654
4573 7401
4573 7504
4574 4659
4574 4822
4574 5341
4574 6469
4574 7456
4574 8488
4574 9393
4574 9641
4574 9660
4575 4711
4575 6754
4575 7923
4575 9953
4576 4860
4576 5502
4577 5037
4577 5757
4577 6808
4577 7561
4577 9518
4578 5146
4578 5486
4578 5699
4578 7579
4578 7981
4578 8538
4578 8695
4579 4844
4579 8205
4579 8857
4579 9677
4580 5052
4580 5494
4580 6955
4580 8293
4581 5427
4582 4784
4582 5543
4582 9208
4582 9893
4583 5290
4583 6334
4583 7659
4583 8334
4583 8960
4583 9224
4584 6038
4584 7445
4585 5995
4585 9142
4586 4922
4586 5366
4586 5701
4586 6023
4586 7424
4586 8864
4586 9853
4587 5074
4587 5365
4587 6312
4587 6564
4587 6981
4587 7357
4587 7752
4588 5042
4588 8252
4588 8319
4588 9519
4589 6210
4590 5982
4590 8494
4591 9017
4591 9665
4591 9859
4592 4646
4592 8673
4592 8827
4592 9334
4593 6634
4593 8137
4594 4805
4594 6759
4594 6937
4594 8089
4595 4772
4595 5394
4595 5863
4596 5069
4596 5351
4596 5708
4596 5875
4597 4940
4597 6396
4597 7062
4597 7213
4597 8302
4597 9758
4598 5214
4598 5325
4598 6590
4598 7700
4598 8719
4598 9653
4599 5243
4599 6006
4599 7186
4599 7433
4599 9574
4600 5297
4600 6463
4600 7081
4600 8201
4601 6332
4601 6940
4602 5306
4602 5810
4602 7479
4602 7798
4602 7941
4602 8445
4603 4788
4603 5083
4603 6047
4603 6074
4603 6662
4603 7906
4603 8269
4603 8613
4603 8867
4603 8899
4603 9794
4604 4930
4604 4967
4604 5021
4604 5497
4604 5812
4604 5901
4604 6834
4604 6919
4604 7318
4604 8561
4604 8679
4605 5715
4605 6595
4605 8174
4605 8861
4606 4719
4606 6473
4606 6769
4606 7418
4606 8158
4606 8531
4607 7319
4608 4964
4608 6630
4608 7107
4608 7280
4608 9859
4609 5589
4609 5976
4609 7927
4610 4976
4610 7322
4610 7978
4610 9854
4611 5206
4611 5278
4611 5494
4611 6055
4612 5409
4612 6119
4612 6890
4612 6904
4612 8017
4612 9242
4613 4692
4613 5643
4613 6131
4613 6440
4613 6932
4613 7943
4613 8986
4613 9807
4614 5857
4614 5990
4615 4878
4615 6469
4615 8248
4615 9370
4616 5164
4616 6672
4616 7779
4616 8181
4616 9212
4617 6396
4617 6511
4617 7016
4617 8647
4617 9845
4617 9942
4618 4963
4618 8595
4619 5319
4619 5772
4619 7172
4619 7645
4619 8516
4619 8686
4619 9876
4620 4948
4620 7186
4620 7201
4620 8181
4620 8326
4620 8735
4620 9529
4621 5938
4621 6857
4621 8940
4621 9742
4622 8396
4622 9499
4623 5414
4623 6521
4623 7953
4623 9167
4624 5139
4624 5362
4624 5599
4624 6204
4624 7317
4624 7871
4624 8127
4624 8164
4624 8793
4624 9977
4625 7373
4625 8305
4625 8823
4625 9271
4626 5165
4626 6234
4626 9510
4627 4721
4627 5145
4627 5268
4627 5701
4627 5876
4627 6896
4628 4862
4628 5907
4628 6102
4628 7653
4629 5902
4629 6729
4629 8353
4630 5050
4630 5656
4630 6176
4630 6620
4630 7855
4630 8576
4631 4698
4631 4786
4631 4811
4631 6116
4631 6751
4631 6864
4631 8090
4631 9216
4632 6035
4632 7489
4632 7901
4632 8969
4632 9046
4632 9241
4632 9997
4633 5129
4633 5314
4633 7099
4633 7684
4633 8846
4633 9420
4634 5793
4634 5990
4634 6193
4634 6360
4634 6466
4634 6721
4634 7778
4634 8788
4635 6238
4635 7651
4635 8167
4635 9147
4635 9203
4636 5710
4636 6090
4636 6930
4636 6947
4636 9956
4637 4857
4637 6565
4637 8203
4637 8324
4638 4772
4638 6731
4638 7225
4639 5537
4639 6116
4639 7170
4639 8542
4640 5699
4640 6350
4640 6451
4640 6465
4640 6696
4640 6764
4640 9299
4641 4731
4641 5252
4641 5660
4641 5978
4641 9076
4641 9216
4642 5279
4642 5493
4642 6260
4642 7215
4642 7466
4642 7569
4643 5761
4643 7839
4644 6987
4644 8156
4645 9840
4646 4820
4647 5173
4647 5256
4647 5618
4647 7973
4647 8268
4648 5334
4648 6064
4648 6247
4648 6936
4648 9439
4650 6692
4650 6784
4650 7764
4650 7992
4650 8466
4651 4691
4651 4935
4651 5459
4651 6710
4651 6854
4651 7231
4651 9546
4652 5310
4652 5388
4652 5615
4652 8479
4652 8523
4652 8750
4652 8945
4654 5998
4654 8425
4654 8522
4655 6060
4655 6118
4655 9980
4656 6339
4656 7983
4656 8797
4657 5975
4657 7539
4657 8371
4657 8670
4658 5870
4658 6516
4658 8428
4658 8557
4658 9021
4659 5122
4659 5777
4659 5888
4659 7809
4659 8628
4659 9937
4660 5137
4660 6777
4660 7104
4661 5381
4661 6026
4661 7949
4662 5711
4662 7492
4662 8393
4662 9036
4662 9524
4663 4883
4663 5491
4663 5933
4663 6350
4663 7659
4664 5025
4664 5149
4664 5496
4664 6909
4664 7152
4664 7491
4664 8069
4664 9707
4664 9735
4664 9793
4665 6386
4665 6551
4665 8229
4665 8967
4666 4674
4666 4700
4666 5734
4666 5794
4666 5824
4666 5987
4666 6309
4666 6747
4666 6930
4666 7117
4666 7712
4666 7852
4666 8452
4666 8991
4666 9047
4667 6354
4668 5727
4668 6195
4668 6252
4668 6455
4668 6469
4668 6745
4668 6800
4668 6978
4668 7027
4668 7064
4668 7618
4668 7961
4668 8502
4668 8715
4668 8718
4668 9046
4669 5019
4669 5268
4669 5889
4669 6007
4669 6217
4669 7333
4669 7556
4669 8380
4669 8776
4669 8852
4669 9421
4669 9570
4669 9591
4670 4964
4670 6452
4670 7463
4670 9636
4671 5563
4671 7901
4672 5559
4673 4767
4673 4877
4673 5338
4673 7679
4674 4675
4674 4849
4674 5376
4674 5445
4674 5456
4674 6117
4674 7374
4674 7580
4674 8217
4674 9050
4674 9632
4675 6375
4675 7659
4675 9080
4676 5535
4676 7978
4676 8469
4677 4795
4677 6455
4677 6729
4677 9720
4678 4702
4678 5610
4678 6978
4678 8537
4678 9579
4678 9754
4679 7498
4679 8737
4679 9982
4680 5057
4680 5161
4680 5483
4680 6024
4680 6500
4680 6522
4680 8889
4681 5072
4681 6785
4681 6928
4681 9129
4682 6698
4682 6939
4682 7056
4682 7549
4682 7938
4682 8376
4682 8723
4682 9478
4683 5051
4683 5417
4683 6031
4683 6109
4683 7996
4683 8924
4683 9253
4683 9631
4683 9658
4684 4704
4684 5496
4684 5880
4684 6683
4684 7528
4684 7833
4684 8446
4684 8677
4684 8868
4685 6245
4685 6942
4686 5691
4686 6228
4686 6648
4686 6680
4686 6697
4686 7928
4686 7947
4686 8566
4686 8820
4686 9211
4686 9352
4687 5444
4687 5988
4687 6551
4687 7464
4687 8901
4688 6177
4688 7161
4688 8822
4689 9441
4690 6422
4690 8849
4691 5486
4691 5496
4691 6518
4691 6661
4691 7907
4691 8707
4691 8805
4691 9167
4691 9343
4691 9418
4692 5764
4692 6067
4692 6377
4692 7464
4692 9683
4693 5017
4693 5034
4693 5384
4693 5864
4693 7271
4693 8429
4693 9428
4693 9441
4693 9455
4693 9760
4694 5921
4695 5011
4695 5731
4695 7248
4695 8303
4695 9396
4696 5181
4696 8730
4697 5085
4697 9010
4698 5634
4698 6725
4699 4805
4699 4940
4699 5295
4699 5487
4699 5553
4699 5558
4699 6241
4699 7640
4700 5029
4700 6432
4700 7503
4700 8504
4700 9794
4701 5225
4701 7677
4701 8964
4701 9473
4701 9634
4702 5066
4702 5364
4702 6233
4702 6846
4702 7164
4702 8217
4703 6761
4703 7643
4703 8891
4704 6038
4704 6218
4704 6944
4704 7500
4704 8351
4704 8473
4704 8752
4704 8836
4704 9286
4704 9763
4704 9768
4705 6160
4705 8118
4705 9366
4706 4806
4706 5755
4706 5905
4706 6499
4706 6945
4706 7156
4706 8726
4706 8803
4707 6193
4707 7406
4707 8042
4707 8149
4707 8322
4707 8405
4708 4826
4708 4901
4708 5509
4708 5685
4708 9836
4709 4838
4709 6150
4709 7196
4709 8144
4710 4806
4710 4859
4710 5160
4710 7410
4710 7509
4710 8347
4710 9464
4711 5196
4711 7573
4711 7775
4711 7909
4711 9130
4711 9206
4711 9414
4712 5874
4712 6106
4712 7397
4712 9030
4712 9456
4713 7452
4714 5338
4714 5532
4715 7337
4715 7605
4715 7721
4715 7786
4715 8236
4715 8942
4715 9444
4716 4887
4716 6458
4716 7415
4716 7862
4716 8055
4716 9974
4717 5335
4717 5656
4717 7382
4717 9213
4718 8039
4718 8083
4718 8691
4718 8717
4719 5494
4719 8281
4720 4750
4720 4781
4720 5695
4720 5984
4720 7089
4720 7703
4720 7943
4720 9254
4721 4851
4721 6268
4721 6914
4721 7024
4721 9543
4723 4942
4723 5164
4723 5335
4723 6601
4723 8730
4723 8953
4723 9207
4723 9774
4724 7268
4724 8706
4725 5700
4725 6779
4725 8878
4725 9089
4725 9231
4726 5351
4726 5814
4726 9531
4726 9675
4726 9874
4726 9944
4726 9974
4727 5478
4727 6174
4728 5683
4728 7954
4728 8169
4728 9015
4729 5600
4729 5780
4729 6573
4729 8772
4729 9506
4730 5700
4730 7073
4730 7351
4730 8160
4730 8505
4731 5073
4731 5735
4731 6387
4731 6886
4731 7311
4731 8537
4731 8772
4731 9205
4732 5422
4732 6230
4732 9303
4732 9550
4732 9991
4733 4909
4733 4973
4733 5241
4733 6360
4733 8426
4733 9361
4733 9376
4733 9900
4734 8818
4734 8963
4736 4843
4736 6550
4736 7243
4736 7815
4736 8789
4736 9000
4737 4846
4737 4951
4737 8465
4737 9718
4737 9886
4738 5197
4738 6087
4738 6309
4738 6733
4738 8376
4738 8493
4738 9613
4739 7090
4739 8142
4740 6081
4740 8540
4740 9083
4741 6016
4741 6072
4741 7601
4741 9361
4741 9530
4742 5064
4742 5830
4742 6787
4742 7942
4742 8467
4742 8522
4742 9418
4743 5148
4743 8243
4745 6694
4745 7559
4746 7751
4747 6695
4748 6668
4748 7157
4749 5954
4749 7033
4749 8110
4749 8363
4749 8586
4749 8718
4750 5304
4750 6250
4750 6575
4750 8440
4750 8620
4750 8902
4751 5914
4751 6211
4751 6345
4751 7517
4751 9112
4752 5007
4752 5024
4752 5134
4752 5430
4752 5827
4752 6806
4752 7301
4752 7634
4752 8931
4752 8968
4752 9928
4753 4977
4753 5086
4753 7086
4753 8253
4753 8663
4753 9513
4753 9963
4754 4815
4754 5329
4754 7660
4754 8239
4755 4870
4755 5265
4755 5666
4755 6292
4755 7283
4755 8992
4756 4820
4756 4905
4756 7325
4757 4800
4757 8125
4757 8664
4757 9305
4758 6375
4759 5641
4759 9989
4760 6868
4760 7300
4760 7471
4760 9723
4760 9879
4761 8020
4761 8385
4761 9116
4762 5770
4762 8527
4763 5507
4764 6434
4764 6860
4764 7835
4764 8547
4764 9944
4765 4896
4765 6052
4765 7948
4765 9562
4765 9788
4765 9914
4766 8527
4766 9362
4766 9915
4767 5066
4767 5973
4768 7474
4768 8418
4768 8836
4768 9219
4768 9764
4769 5225
4769 6014
4769 7575
4769 7872
4769 8180
4769 9805
4770 5147
4770 5212
4770 5318
4770 6043
4770 6867
4771 8104
4771 8330
4772 5764
4772 6123
4772 6703
4772 7075
4772 8652
4772 9422
4773 5994
4773 7229
4773 7600
4773 9066
4773 9533
4774 5758
4774 5846
4774 6022
4774 6466
4774 7314
4774 8175
4775 4836
4775 4861
4775 5681
4775 6821
4775 8206
4775 9727
4776 5910
4776 6707
4776 7021
4776 7337
4776 7676
4777 4986
4777 9996
4778 4781
4778 4882
4778 6365
4778 7212
4779 4934
4779 5225
4779 6752
4780 5665
4780 7359
4780 7609
4780 7929
4780 9606
4781 7980
4781 9947
4782 5107
4782 5776
4782 7342
4782 7821
4782 8373
4782 8441
4782 8961
4783 6255
4783 6960
4783 7253
4784 4876
4784 5802
4784 5985
4784 6716
4784 8520
4784 9646
4785 5018
4785 5160
4785 6458
4785 6910
4785 8197
4785 9224
4785 9775
4787 4954
4787 6321
4787 8529
4788 6710
4788 7284
4788 7386
4788 9224
4789 4955
4789 5193
4789 6736
4789 7098
4789 7823
4789 7918
4789 8177
4790 5401
4790 6172
4790 6398
4790 6921
4790 7969
4790 8735
4790 9378
4791 4975
4792 6086
4792 7410
4792 7474
4792 7574
4792 8564
4792 8887
4792 9305
4793 5563
4793 8324
4793 8378
4793 8788
4793 9110
4793 9155
4794 4838
4794 6883
4794 8876
4795 5423
4795 6229
4795 7328
4795 7555
4795 8130
4795 9916
4796 7289
4796 7468
4796 8803
4796 9566
4797 6553
4798 5159
4798 5234
4798 5671
4798 7135
4798 9458
4799 5216
4799 5469
4799 5964
4799 6161
4799 7708
4799 8783
4799 8961
4799 9743
4799 9769
4800 6510
4800 9203
4800 9604
4801 6305
4801 7573
4801 7970
4801 8262
4801 8924
4801 8968
4801 9482
4802 5197
4802 7656
4802 8210
4803 5379
4803 6562
4803 7852
4804 5419
4804 5510
4804 6115
4804 7585
4805 8344
4805 9497
4806 4825
4806 5574
4807 5504
4807 6379
4807 9076
4807 9645
4808 7496
4808 8061
4808 8377
4808 9125
4809 5201
4809 5453
4809 5919
4809 7000
4809 8220
4810 4910
4810 4960
4810 6964
4810 7236
4810 9461
4811 5054
4811 5185
4811 5513
4811 7689
4811 8795
4812 5630
4812 6332
4812 7461
4812 7583
4813 4913
4814 5960
4814 7074
4815 5472
4815 5707
4815 7257
4816 5299
4816 6679
4816 7918
4816 8600
4816 9084
4817 5013
4817 5033
4817 7113
4817 8437
4817 9642
4818 5145
4818 5500
4818 5720
4818 6208
4818 7988
4818 8208
4818 8607
4819 5353
4819 5858
4819 7738
4819 7994
4820 4903
4820 6489
4820 6731
4820 9056
4820 9904
4821 5165
4821 5893
4821 6683
4821 7151
4821 7668
4821 8783
4821 9990
4823 5076
4823 7206
4823 8156
4823 8969
4823 9451
4824 5057
4824 6414
4824 6430
4824 7413
4824 9320
4825 5987
4825 6451
4825 6870
4825 7422
4826 6345
4826 6465
4826 8354
4826 8409
4827 5493
4827 5660
4827 5918
4827 5967
4827 6826
4827 7403
4827 8994
4827 9733
4828 4930
4828 5061
4828 6598
4828 6952
4828 7281
4828 7730
4828 8196
4828 8490
4828 8787
4828 9621
4828 9891
4829 5432
4829 5744
4829 6767
4829 6837
4829 9035
4829 9468
4830 4863
4830 4936
4830 5027
4830 5442
4830 5521
4830 5837
4830 6622
4830 8188
4830 8418
4830 8650
4830 8651
4830 8969
4830 8976
4830 9462
4831 8266
4831 8311
4831 8803
4832 6151
4832 7169
4832 7787
4832 9992
4833 4945
4833 5671
4833 7798
4833 8132
4834 6240
4834 6465
4834 7909
4834 9808
4835 4901
4835 5167
4835 8208
4835 8856
4836 5055
4836 5297
4836 7214
4837 5029
4837 7968
4838 4872
4838 5247
4838 5266
4838 5835
4838 6512
4838 7210
4838 7502
4838 8077
4839 5447
4839 6279
4840 5231
4840 5802
4840 7390
4840 9090
4840 9264
4840 9758
4840 9887
4840 9889
4841 4898
4841 5717
4841 7704
4841 7921
4841 8136
4841 8185
4841 9817
4842 7757
4842 9195
4842 9465
4843 5079
4843 5204
4843 7318
4843 7350
4843 9325
4843 9771
4843 9988
4844 7145
4844 8120
4845 6747
4845 6981
4845 8004
4845 8313
4845 8799
4845 9689
4846 7809
4846 7943
4846 8071
4847 6615
4847 7954
4847 9893
4848 5136
4848 5307
4848 5889
4848 6190
4848 7435
4848 7889
4849 9157
4850 4914
4850 5070
4850 6551
4850 7033
4850 7385
4850 7791
4850 9260
4850 9795
4851 5353
4851 6569
4851 7974
4851 8898
4852 4915
4852 5999
4852 6154
4852 8341
4852 8386
4852 9161
4852 9317
4852 9721
4853 5449
4853 6994
4853 7142
4853 7855
4853 8405
4853 8454
4853 8479
4853 8664
4854 6011
4854 7401
4854 9626
4855 6025
4855 6465
4856 5055
4856 5867
4856 7067
4856 8165
4857 4867
4857 5715
4857 5883
4857 8176
4857 8395
4857 8904
4857 9276
4858 6669
4859 8941
4859 9147
4860 7919
4860 9052
4860 9394
4861 5044
4861 6632
4861 7815
4861 8863
4861 9488
4862 6000
4862 6865
4862 7749
4862 9170
4863 7543
4863 8249
4864 5602
4864 6702
4864 6769
4864 8498
4864 8635
4865 5469
4865 5566
4865 5810
4865 7313
4866 4944
4866 5299
4866 7886
4866 7896
4866 8265
4866 8512
4866 8926
4866 9001
4867 6707
4867 8178
4867 8660
4868 5020
4868 6021
4869 7731
4869 9044
4870 5013
4870 5078
4870 5640
4870 5943
4870 6104
4870 6363
4870 7265
4870 7601
4870 8334
4870 8716
4870 9062
4870 9196
4871 5481
4871 6816
4871 7258
4871 7823
4871 7945
4871 9518
4872 4912
4872 5859
4872 6420
4872 7007
4872 7831
4872 8167
4872 8463
4872 9739
4873 5044
4873 6403
4873 8818
4873 9399
4874 4902
4874 7443
4874 8979
4875 5020
4875 5081
4875 6070
4875 6875
4875 8022
4875 8177
4876 7142
4876 7592
4877 4953
4877 5162
4877 5981
4877 7657
4877 8456
4878 5230
4878 6426
4878 7388
4878 7832
4878 8991
4878 8996
4878 9008
4878 9276
4878 9888
4879 8759
4880 6144
4880 6435
4880 6461
4880 6514
4880 6658
4880 8318
4880 8753
4880 9095
4881 8169
4881 8997
4882 4941
4882 6087
4883 5441
4883 7559
4883 7775
4883 8665
4883 8737
4884 4958
4884 5292
4884 6071
4884 7060
4884 7712
4884 8257
4884 8408
4884 9014
4885 4886
4885 5566
4885 9620
4886 6092
4886 6257
4887 5522
4887 5561
4887 8467
4887 8935
4887 9126
4887 9999
4888 5011
4888 5264
4888 5556
4888 8917
4888 9063
4888 9114
4888 9804
4888 9852
4889 5898
4889 5921
4889 6148
4889 6476
4889 6477
4889 7000
4889 7488
4889 8601
4889 8945
4890 5128
4890 5299
4890 5983
4890 7290
4890 7382
4890 9862
4891 5128
4891 6383
4891 6463
4891 7048
4891 8067
4891 9903
4892 5776
4892 5953
4892 6419
4892 6696
4892 7458
4892 7758
4892 8416
4892 9092
4892 9318
4893 4901
4893 5065
4894 4913
4894 5466
4894 6575
4894 6883
4894 7635
4894 7664
4894 9007
4895 5875
4895 9707
4895 9889
4896 6529
4896 7818
4896 8922
4896 9904
4897 5268
4897 5833
4897 7149
4897 9761
4898 6276
4898 6627
4898 6720
4898 6753
4898 8150
4898 8777
4899 6266
4899 8940
4899 9781
4900 6596
4900 7623
4900 7772
4900 7801
4900 8239
4901 5428
4901 6284
4902 7763
4902 7977
4902 8103
4902 9671
4903 7243
4903 9997
4904 5211
4904 5720
4904 5851
4904 6011
4904 7291
4905 6237
4906 5469
4906 6556
4907 5213
4907 6115
4907 8276
4907 9309
4908 6854
4909 5382
4909 7173
4909 7549
4909 9016
4909 9080
4910 5167
4910 6439
4910 8616
4910 8885
4910 9308
4910 9541
4911 5444
4911 5453
4911 7273
4911 7425
4911 7922
4911 7998
4912 5092
4912 6107
4912 8424
4912 9181
4912 9586
4913 5467
4913 5573
4913 6295
4913 8480
4914 5606
4914 5635
4914 6468
4914 6680
4914 6703
4914 9825
4915 6962
4915 8443
4916 5530
4916 7018
4916 7200
4916 7231
4916 7360
4916 9444
4917 5140
4917 7162
4917 7274
4917 7328
4917 7436
4917 7458
4917 7726
4917 8535
4917 9773
4918 5341
4918 7082
4919 5077
4920 5157
4920 8925
4921 5243
4921 5415
4921 5895
4921 6357
4921 6840
4921 7562
4921 8314
4921 8755
4921 9214
4921 9933
4922 6253
4922 6720
4922 7614
4923 5296
4923 5440
4923 5896
4923 7181
4923 8031
4924 5409
4924 5574
4924 7010
4924 7169
4924 9045
4924 9367
4925 5265
4925 6230
4925 6282
4925 8008
4926 5958
4926 6876
4926 7115
4926 7381
4926 8045
4926 9276
4926 9298
4927 5038
4927 5447
4927 5731
4927 6789
4927 8731
4928 5739
4929 5409
4929 5985
4929 6120
4929 6347
4929 6563
4929 6615
4930 6845
4931 6186
4931 6244
4931 7442
4931 8412
4931 9017
4932 5227
4932 8133
4932 9107
4933 5611
4933 8190
4936 6859
4938 5472
4938 6699
4938 6705
4938 8061
4938 8283
4938 8371
4938 8455
4938 8731
4938 9714
4938 9852
4939 7340
4939 7477
4939 7687
4939 8957
4939 9515
4940 6648
4941 6902
4941 7275
4941 7340
4941 9454
4942 5132
4942 5740
4942 5932
4942 6082
4942 7668
4942 8395
4942 8609
4942 9055
4942 9586
4943 9427
4944 6674
4944 7024
4944 9209
4944 9336
4945 6170
4945 7085
4945 7867
4945 7960
4945 8718
4945 9435
4946 7103
4946 8369
4946 8509
4946 8699
4947 5121
4947 5401
4947 5719
4947 5851
4947 6417
4947 7879
4947 8351
4947 8709
4947 9199
4947 9349
4948 6951
4949 5563
4949 6525
4949 6902
4949 7819
4949 9122
4949 9633
4950 5707
4950 6258
4950 7182
4950 7315
4951 5043
4951 5097
4951 6648
4951 8013
4951 8950
4951 9860
4952 5158
4952 8444
4953 5352
4953 5944
4954 5028
4954 5105
4954 5125
4954 5441
4954 5830
4954 5986
4954 6708
4954 7973
4954 8638
4955 5246
4955 7710
4955 7937
4955 9209
4956 5904
4956 9181
4957 9438
4958 5729
4958 6504
4958 7816
4958 8830
4958 9385
4959 5398
4959 6250
4959 6805
4960 5803
4960 6698
4960 8825
4960 9238
4961 5207
4961 6657
4961 6935
4961 7299
4961 7327
4961 7379
4961 7886
4961 9012
4961 9438
4961 9927
4962 6149
4962 6947
4963 7002
4963 7074
4963 7624
4963 8455
4963 8931
4964 5273
4964 7621
4964 7812
4965 5153
4965 5209
4965 5800
4965 6958
4965 7542
4966 6452
4966 7341
4966 7683
4966 8678
4967 6150
4967 6773
4967 9820
4968 7710
4969 4970
4969 5869
4969 6149
4969 6289
4969 6312
4969 6318
4969 8118
4969 8211
4969 8411
4969 9072
4970 5171
4970 6883
4970 9689
4971 5754
4971 7101
4971 9299
4972 6149
4972 6418
4972 8545
4973 5039
4973 6535
4973 7007
4974 5384
4974 6035
4974 6804
4975 5003
4975 6439
4975 7026
4975 7235
4975 8849
4975 9047
4976 5372
4976 5630
4976 6804
4976 7057
4976 9125
4977 5736
4977 6599
4977 8080
4978 6085
4978 6188
4978 6206
4978 6796
4978 6805
4978 6856
4979 5046
4979 5894
4979 9457
4979 9643
4980 5803
4981 5728
4981 7822
4981 7870
4982 6774
4982 7914
4983 6830
4983 6933
4983 7680
4983 8854
4983 9774
4985 6444
4985 6932
4985 7803
4985 8275
4985 8391
4985 8835
4985 9103
4986 7480
4986 9642
4987 7843
4987 8198
4988 6866
4988 8413
4988 8618
4988 8741
4988 8899
4988 9378
4988 9519
4989 5957
4989 8145
4990 5118
4990 6191
4990 6556
4990 7662
4990 8001
4991 6722
4991 7549
4991 7842
4991 9191
4991 9695
4992 5742
4993 6280
4994 5172
4994 7211
4995 5116
4995 7440
4995 9133
4995 9836
4996 5636
4996 6169
4996 6673
4996 8397
4997 5088
4997 5382
4997 6215
4997 6857
4997 7315
4997 8386
4998 6081
4998 6341
4998 6850
4998 6891
4998 8238
4998 8318
4998 9586
4999 7851
5000 5518
5000 5921
5001 5902
5001 7343
5001 8183
5001 8363
5001 8843
5001 9741
5001 9924
5002 8702
5002 8919
5002 9253
5002 9861
5003 5022
5003 6078
5003 6964
5004 5119
5004 6202
5004 6477
5004 7507
5004 8186
5004 8498
5004 8814
5005 6937
5005 9726
5006 5867
5006 6010
5006 6152
5006 8890
5006 9548
5007 6180
5008 5815
5008 6859
5008 7111
5008 7471
5008 7507
5008 8720
5008 8944
5008 9225
5009 6995
5009 8616
5010 7518
5010 7929
5010 9637
5011 7369
5013 6314
5013 8452
5013 8808
5014 6135
5014 9998
5015 5123
5015 6097
5015 8630
5015 8789
5016 5340
5016 5574
5016 7177
5016 8140
5016 8292
5016 8299
5016 8579
5016 8771
5016 8837
5016 9356
5016 9825
5016 9872
5017 6609
5017 7742
5017 7791
5018 6474
5018 7724
5018 7942
5018 9659
5019 6503
5019 6822
5019 7233
5019 7517
5019 8888
5020 5374
5020 5925
5020 6344
5020 7996
5020 8166
5022 5148
5022 6180
5022 7857
5022 7960
5022 8186
5022 9064
5022 9687
5023 6489
5023 8977
5023 8986
5024 6188
5024 6655
5024 9666
5025 5398
5025 6179
5025 9159
5026 8899
5027 8874
5027 9942
5028 5901
5028 9491
5029 7537
5030 6509
5030 7222
5030 7509
5030 7774
5031 6571
5031 7503
5031 8582
5031 8874
5031 9416
5032 7393
5032 7945
5032 8383
5033 5186
5033 5314
5033 6853
5033 7076
5033 7600
5033 9797
5033 9829
5034 5759
5034 6022
5034 6254
5034 6574
5035 6075
5035 7060
5035 8513
5035 8644
5036 5157
5036 5824
5036 6233
5036 7939
5037 5816
5037 6401
5037 7750
5037 8637
5038 5652
5038 5778
5038 6385
5038 7430
5038 8244
5039 5612
5039 8607
5039 9178
5040 5644
5040 6210
5040 6775
5040 7569
5040 7591
5040 8315
5040 8460
5040 9411
5041 5264
5041 9183
5041 9399
5041 9672
5042 5068
5042 6810
5042 9666
5043 5369
5043 6197
5043 6779
5043 7574
5043 8247
5044 5752
5044 6855
5045 5271
5045 5750
5045 6487
5045 6544
5045 8530
5045 8576
5045 9917
5046 5752
5046 6208
5046 6501
5046 9437
5046 9561
5047 5117
5047 7717
5047 8504
5048 7181
5048 7317
5048 7561
5048 8713
5048 9364
5049 5186
5049 5878
5049 6251
5049 6352
5049 8410
5050 5580
5050 6289
5051 5963
5051 6383
5051 6450
5051 6468
5051 6802
5051 8646
5051 9210
5051 9369
5051 9631
5052 6033
5052 6975
5052 7482
5052 7856
5053 6451
5053 6546
5053 7473
5055 5211
5055 9720
5056 6313
5056 7414
5056 9302
5057 5259
5057 6236
5057 7160
5058 5137
5058 5245
5058 5719
5058 6822
5058 7891
5058 8615
5058 8664
5059 5220
5059 6750
5059 8436
5059 8698
5060 5137
5060 7935
5060 9315
5060 9536
5061 5390
5061 6487
5061 8958
5062 5640
5062 6264
5062 7253
5062 7742
5062 8035
5062 8221
5062 9998
5063 6136
5063 6635
5063 7322
5063 9390
5064 5136
5064 6187
5064 6500
5064 8417
5064 9851
5065 7405
5065 8502
5065 8824
5065 9567
5065 9766
5066 6124
5066 6826
5066 8614
5067 5609
5067 5773
5067 6675
5067 8653
5067 8860
5068 6229
5068 7672
5068 7928
5068 9193
5068 9451
5069 5695
5069 6285
5069 6683
5069 6996
5069 7269
5069 7325
5069 8197
5069 9288
5069 9578
5070 6013
5071 8483
5072 6817
5072 7188
5072 7830
5072 8020
5072 8053
5072 9120
5072 9370
5072 9932
5072 9970
5073 5340
5073 7861
5073 8339
5073 9905
5074 7132
5074 7207
5074 9299
5074 9650
5075 6008
5075 6484
5075 7090
5075 8579
5075 9096
5075 9573
5075 9779
5076 7130
5077 5992
5077 6467
5077 7676
5077 8177
5078 7802
5078 8155
5078 8917
5078 9444
5079 5784
5079 6118
5079 6489
5079 6667
5079 9738
5080 6370
5080 7131
5080 7133
5080 8712
5080 9285
5080 9446
5081 7619
5081 7907
5082 7072
5082 7164
5083 5702
5083 5900
5083 7511
5083 9006
5084 8038
5084 8880
5085 5290
5085 5654
5085 8931
5085 9149
5086 5315
5086 5767
5086 6386
5086 7557
5086 7966
5086 8029
5086 8356
5087 7064
5087 8562
5087 9920
5088 6309
5088 6469
5088 7466
5088 7500
5088 7626
5088 8006
5088 9553
5088 9700
5089 9321
5090 5925
5090 6021
5090 6803
5090 8660
5091 6888
5091 6917
5091 7866
5092 7629
5093 6154
5093 7274
5093 8450
5093 9821
5094 6213
5094 6797
5094 7707
5094 9682
5095 5948
5095 6898
5095 7937
5095 8978
5096 6125
5096 7128
5097 5360
5097 8710
5097 8757
5098 5704
5098 6271
5098 6946
5098 7708
5098 7950
5099 5422
5099 7807
5099 8465
5099 9814
5100 5855
5100 6634
5100 8129
5100 9227
5101 6220
5101 6878
5101 7980
5101 8997
5101 9603
5102 7673
5102 8186
5103 5558
5103 6600
5103 6609
5103 6695
5104 5387
5104 5418
5104 5626
5104 6387
5104 6571
5104 6765
5104 7421
5105 7624
5105 7838
5106 5240
5106 6370
5106 8073
5106 9294
5107 5564
5107 8028
5107 8651
5108 9056
5108 9758
5109 5152
5109 5273
5109 7160
5109 7525
5109 8219
5110 5589
5110 6578
5110 7238
5110 7834
5110 9118
5111 5724
5111 6659
5111 8057
5111 8133
5111 9728
5111 9948
5112 5738
5112 6622
5112 7288
5112 8307
5113 5498
5113 5555
5113 5989
5113 6486
5113 8726
5114 5447
5114 6723
5115 9651
5116 6577
5116 7222
5116 7325
5116 7680
5116 9561
5117 5736
5117 6287
5117 9026
5117 9625
5118 5363
5118 6145
5118 6392
5118 7554
5118 8100
5119 7670
5119 9285
5119 9571
5120 5497
5120 7565
5120 8310
5120 8728
5121 5724
5121 6050
5121 8131
5121 8290
5121 8543
5121 8585
5121 8805
5122 5837
5122 5876
5122 5877
5122 6399
5122 8201
5122 8281
5122 8409
5123 7732
5123 8002
5123 8853
5124 6217
5124 6397
5124 7401
5124 7655
5124 8573
5124 8631
5124 8796
5124 9457
5126 7992
5126 9413
5127 5135
5127 7662
5127 8108
5127 8352
5127 9193
5128 9104
5128 9872
5129 6153
5129 6670
5129 7878
5129 9317
5130 7151
5131 5615
5131 7609
5131 7945
5131 8504
5131 8784
5131 9179
5132 5577
5132 5708
5132 6339
5132 6393
5132 6846
5133 5161
5133 7939
5133 8441
5133 8509
5134 7155
5134 9394
5135 5865
5135 6038
5135 6288
5135 7692
5136 5337
5136 5809
5136 6443
5136 9588
5136 9891
5136 9978
5137 8173
5137 9132
5138 5574
5138 6230
5139 5256
5139 5487
5139 5730
5140 5601
5140 6699
5140 6750
5140 6840
5140 7240
5140 7443
5140 7498
5140 8065
5140 9089
5140 9648
5141 5583
5141 6387
5141 6499
5141 6588
5141 6715
5141 9043
5141 9204
5142 5201
5142 6117
5142 6859
5142 8039
5142 8416
5142 8533
5142 8907
5143 5382
5143 8022
5144 5634
5145 7114
5145 7345
5145 8252
5145 8332
5146 5551
5146 5841
5146 7491
5146 7950
5146 9235
5146 9492
5146 9597
5147 6331
5147 6505
5147 7373
5147 8522
5148 8006
5148 8893
5148 9127
5148 9160
5148 9301
5149 6208
5149 7667
5149 8689
5149 8808
5150 5824
5150 6000
5150 6239
5150 6486
5150 6874
5150 7095
5150 7209
5150 8628
5150 8655
5150 9573
5151 9028
5151 9481
5152 5389
5152 5557
5152 5656
5152 6371
5152 6722
5152 7152
5152 7421
5152 8014
5153 6446
5153 7192
5153 8052
5154 5727
5154 6367
5154 6663
5154 8450
5154 9866
5155 7934
5156 7024
5156 7319
5156 8443
5156 9237
5156 9313
5157 6150
5157 7774
5157 7789
5157 7830
5157 8045
5157 8393
5158 6867
5158 7755
5159 6031
5159 6508
5159 7047
5159 8803
5160 5712
5160 6886
5160 7056
5160 7909
5160 9959
5162 8055
5162 9080
5162 9652
5163 5498
5163 6520
5163 7101
5163 8396
5163 8800
5164 5532
5164 6276
5164 8023
5164 8817
5164 9066
5164 9961
5165 6061
5165 6357
5165 8873
5166 5305
5166 6105
5167 6331
5167 7395
5167 9382
5168 5504
5168 5684
5168 5957
5168 6625
5168 7899
5169 5392
5169 7123
5169 7789
5169 8294
5169 8865
5170 5249
5170 5258
5170 5354
5171 5563
5171 5792
5171 7016
5171 7251
5171 7260
5171 7561
5171 8203
5171 9124
5171 9373
5171 9515
5172 5375
5172 8100
5172 8385
5172 8520
5172 9259
5172 9282
5173 5705
5173 9224
5173 9755
5174 5448
5174 6700
5174 7993
5174 8889
5174 9691
5175 6104
5175 6299
5175 6950
5175 7198
5175 8422
5175 8608
5176 5903
5176 6050
5176 6389
5176 7135
5176 7139
5176 8110
5176 8202
5176 8565
5176 9537
5177 9445
5178 6307
5178 6637
5178 7861
5179 5424
5180 5554
5180 7324
5181 5334
5181 5980
5181 7974
5181 8447
5182 5459
5182 6812
5182 8122
5183 5580
5183 5698
5183 5915
5183 7372
5183 8008
5184 7820
5184 9448
5184 9712
5185 7806
5185 8464
5185 8684
5186 8890
5186 9322
5186 9495
5186 9622
5186 9872
5187 5997
5187 6876
5187 7567
5188 7122
5188 8677
5188 8836
5188 9387
5189 5415
5189 5906
5189 9266
5190 5332
5190 7694
5191 5556
5191 6048
5191 6375
5191 6921
5191 7426
5191 9148
5191 9516
5192 5555
5192 5772
5192 8120
5192 9137
5193 5491
5193 5581
5193 8950
5193 9322
5194 5393
5194 5910
5194 7184
5194 7527
5194 8896
5194 9926
5195 5492
5195 5828
5195 5935
5195 8279
5195 8627
5195 9774
5196 6849
5196 7328
5197 5282
5197 7025
5197 8406
5198 6982
5198 7273
5198 8226
5199 5512
5199 7480
5200 5660
5200 6180
5200 9149
5201 6765
5202 5774
5202 9712
5203 5601
5203 5620
5203 6316
5203 7205
5203 8121
5204 5908
5204 6094
5205 5286
5205 7671
5205 9315
5205 9627
5205 9696
5206 5853
5207 7431
5207 8320
5208 5308
5208 6693
5208 8625
5209 5233
5209 5397
5209 6401
5210 7680
5210 8233
5211 5490
5211 5698
5211 7120
5212 8947
5212 9559
5213 5323
5213 6177
5213 6593
5213 8089
5213 8593
5213 8873
5213 9258
5213 9837
5214 7326
5215 5744
5215 8354
5215 9346
5216 5679
5216 7707
5217 5389
5217 6886
5217 8275
5218 5423
5218 6017
5218 6194
5218 6933
5218 8520
5218 8911
5219 6045
5219 7708
5219 7900
5219 8425
5221 7537
5221 7819
5221 7966
5221 7985
5221 8654
5221 9755
5221 9835
5222 5960
5222 6612
5222 6781
5222 8743
5222 9468
5223 6489
5223 7165
5223 7869
5224 5617
5224 7197
5224 8012
5224 8131
5225 6121
5225 6406
5225 7318
5225 7390
5225 7551
5225 8746
5225 9769
5225 9857
5226 7005
5226 8190
5226 8545
5226 9795
5227 6146
5227 6335
5227 7071
5227 9581
5228 9604
5229 5518
5229 6656
5229 7649
5230 5239
5230 5271
5230 5886
5230 6741
5230 6794
5230 6974
5230 7482
5230 7617
5230 8011
5230 8450
5231 5355
5231 5636
5231 9518
5232 5338
5232 5465
5232 5497
5232 6153
5232 6310
5232 7758
5232 9744
5233 5284
5233 5523
5233 5639
5233 6252
5233 6287
5233 6793
5233 6976
5233 7810
5233 8145
5234 6283
5234 6327
5234 7455
5234 8104
5234 9065
5234 9795
5235 9676
5235 9689
5236 5776
5236 8792
5236 9084
5236 9732
5237 6433
5237 6797
5237 9465
5237 9481
5237 9850
5238 5609
5239 5850
5239 5874
5239 5916
5239 6090
5239 6128
5239 6386
5239 7045
5239 7427
5239 8521
5239 8529
5239 8776
5240 5375
5240 5635
5240 7190
5240 9704
5240 9719
5241 5647
5241 5930
5242 5652
5242 5989
5242 7188
5242 8850
5242 9115
5242 9169
5243 5826
5243 5936
5243 8158
5243 9830
5244 9822
5245 6380
5245 8877
5246 5276
5246 5753
5246 5766
5246 6410
5246 8528
5246 8647
5246 9963
5247 5250
5247 6554
5247 7632
5247 7884
5247 8162
5247 9628
5248 8228
5248 8956
5248 9907
5249 6846
5249 9106
5250 5617
5250 5879
5250 5991
5250 6146
5250 6433
5250 6645
5250 7847
5250 8257
5250 8353
5250 8550
5250 8624
5250 8762
5250 9294
5250 9499
5251 5338
5251 6576
5251 7548
5251 8626
5251 8888
5252 5984
5252 8291
5252 9464
5252 9668
5253 6820
5253 7253
5253 9974
5254 8405
5255 6658
5255 7631
5255 7905
5255 9693
5257 5622
5257 8746
5258 5628
5258 6306
5258 6417
5258 9609
5259 8499
5260 5481
5260 6123
5260 6948
5260 7744
5260 8329
5260 8333
5260 9587
5261 5807
5261 6545
5261 7046
5261 7386
5261 7510
5261 8022
5262 5311
5262 7627
5262 7934
5262 8172
5262 8486
5263 6117
5263 7687
5264 7110
5264 9393
5264 9745
5265 9462
5266 5468
5266 7382
5266 7860
5267 5788
5267 7455
5267 7508
5267 9117
5267 9280
5267 9418
5268 6495
5268 7150
5268 7272
5268 7591
5268 7758
5269 5464
5269 5977
5269 7183
5270 6287
5270 6990
5270 7374
5270 8853
5270 8867
5270 9624
5270 9648
5271 5528
5271 6741
5271 6934
5271 7366
5271 8001
5271 8962
5271 9027
5271 9781
5272 8033
5272 9009
5272 9356
5273 5911
5273 7839
5273 8410
5273 9238
5274 5960
5274 6585
5274 9437
5275 6048
5275 6579
5275 7204
5275 7297
5275 7877
5276 7169
5276 7939
5277 5446
5278 7108
5278 8425
5279 5680
5279 5812
5279 6700
5279 9294
5280 5633
5280 7632
5280 8594
5280 9933
5281 5376
5281 5601
5281 5844
5281 7038
5281 7530
5281 7782
5282 5762
5282 8776
5283 5463
5283 7132
5283 8107
5283 8744
5284 6517
5284 7589
5284 8094
5285 7353
5285 7406
5285 7806
5285 9130
5286 5733
5286 6694
5286 7092
5286 7157
5286 9864
5287 6008
5287 6264
5287 7950
5287 9532
5288 5836
5288 6143
5288 7219
5288 7283
5288 8054
5288 9293
5288 9347
5289 5475
5289 5532
5289 5834
5289 5842
5289 7943
5290 5316
5290 5457
5290 8537
5290 9188
5290 9431
5291 7237
5291 7349
5291 7494
5291 8299
5291 9856
5292 5970
5292 6988
5292 7170
5292 7222
5292 8172
5293 5985
5293 6506
5293 6536
5293 7018
5293 7208
5293 9340
5294 6295
5294 6513
5294 7096
5294 7196
5294 7500
5294 7937
5294 9455
5295 6014
5295 6275
5295 7985
5295 8193
5295 9436
5296 5327
5296 5553
5296 5654
5296 6559
5296 6988
5296 7438
5296 9359
5296 9367
5297 6755
5298 5415
5298 6356
5298 8564
5299 5685
5299 5751
5299 6227
5299 6628
5299 7210
5299 8338
5299 8749
5299 9221
5299 9392
5299 9501
5300 5836
5301 7355
5301 8191
5302 6602
5302 7003
5302 7245
5302 8565
5302 9961
5303 5501
5303 6048
5303 7505
5303 8521
5303 9109
5303 9972
5304 5796
5304 6109
5304 6763
5304 6985
5304 7580
5305 7198
5305 7707
5305 9394
5306 6280
5306 7882
5307 6279
5307 6801
5307 7321
5307 7968
5308 6757
5308 8338
5309 5996
5309 6749
5309 6812
5309 8041
5309 8179
5309 9262
5310 6204
5310 6666
5310 7833
5310 9036
5310 9839
5311 6268
5311 8566
5311 9746
5312 5503
5312 5778
5312 5829
5312 7164
5312 8714
5312 9520
5313 9382
5314 5617
5314 5769
5314 9530
5315 5371
5315 7580
5316 5637
5316 8371
5316 9346
5316 9460
5317 7271
5317 8051
5317 8917
5317 9379
5319 6063
5319 6402
5320 5604
5320 6065
5320 6350
5320 9362
5321 5413
5321 5760
5321 6383
5321 7208
5323 6784
5323 8785
5324 5861
5324 7109
5324 7131
5324 7857
5325 6426
5325 9307
5325 9914
5326 8107
5327 5706
5327 5908
5327 6748
5327 8014
5329 7513
5329 8633
5330 5436
5330 6795
5330 7759
5330 8417
5330 9971
5331 6779
5331 7722
5331 7909
5331 8748
5331 8963
5331 9921
5332 5647
5332 6542
5332 8850
5332 9785
5333 5377
5333 6960
5333 7396
5334 5494
5334 6169
5334 6545
5334 7416
5334 8398
5334 9302
5334 9353
5335 6285
5336 5392
5336 7838
5336 8444
5336 9697
5337 5475
5337 6149
5337 6435
5337 7887
5337 8223
5338 7152
5339 5530
5339 6506
5340 5791
5340 6053
5340 6810
5340 7060
5340 8334
5340 8454
5341 6736
5341 7292
5341 7862
5341 8096
5341 8752
5341 8790
5342 6742
5342 8652
5342 8849
5343 8332
5344 5677
5344 6292
5345 6596
5345 6609
5345 7249
5345 7778
5346 6475
5346 7723
5347 5941
5347 6401
5347 7518
5347 9106
5348 5677
5349 6268
5349 6712
5349 7280
5349 7548
5349 9393
5350 5514
5350 6406
5350 8576
5351 5994
5351 6919
5352 6557
5352 8274
5352 9462
5353 6592
5353 6724
5353 9503
5353 9694
5354 5689
5354 6318
5354 6834
5354 6920
5354 6974
5354 7406
5354 7785
5354 7981
5354 8224
5354 9249
5355 6095
5356 8738
5357 5390
5357 5979
5357 6747
5357 9037
5357 9388
5358 7916
5358 9846
5359 5431
5359 7794
5359 8977
5360 8472
5361 7118
5362 6052
5362 6418
5362 6584
5362 6814
5362 7137
5362 8050
5363 5958
5363 6555
5363 6694
5363 9506
5364 6516
5364 7773
5364 8268
5364 9673
5365 5884
5365 6316
5365 8045
5366 5406
5366 6649
5366 6957
5366 8365
5366 8509
5366 8541
5367 5912
5367 6993
5367 8194
5367 8454
5368 5854
5368 6148
5368 6584
5369 8750
5370 5396
5370 5439
5370 5855
5370 7939
5371 7031
5371 8091
5371 9348
5372 5591
5372 5732
5372 7295
5374 9211
5375 6759
5375 8012
5375 9027
5375 9249
5376 5428
5376 5600
5376 6530
5376 9330
5377 5538
5377 5844
5377 8089
5377 9163
5377 9972
5379 8669
5379 8683
5379 9735
5380 6743
5380 8430
5380 9277
5380 9759
5381 5947
5382 5697
5382 6184
5382 7189
5382 7694
5382 8067
5382 9524
5383 6326
5383 7739
5383 8304
5383 8328
5384 5567
5384 5735
5384 6159
5384 6351
5384 6385
5384 6450
5384 6597
5384 6702
5384 6908
5384 7724
5385 8594
5386 5819
5386 6673
5386 7397
5386 7774
5386 8009
5386 8116
5386 9022
5386 9442
5387 6833
5387 8085
5388 5558
5388 8136
5388 8405
5388 8964
5389 5760
5389 6153
5389 6638
5389 8648
5389 9794
5390 8508
5390 9343
5391 6349
5391 7143
5391 7425
5391 8415
5391 8897
5392 5975
5392 6282
5392 6290
5392 6498
5392 6938
5392 7232
5392 8223
5392 8802
5392 9434
5392 9853
5393 5866
5393 8063
5393 8633
5393 9240
5393 9387
5394 5960
5394 6281
5394 7280
5394 7907
5394 9409
5394 9930
5395 6374
5395 7459
5395 7652
5395 7685
5396 5519
5396 7522
5396 8040
5396 8499
5396 8599
5396 8704
5397 5871
5397 8669
5397 8691
5397 9594
5398 7392
5398 8538
5398 9231
5398 9689
5398 9953
5399 7377
5399 7926
5401 5486
5401 6262
5401 6322
5401 7558
5401 9428
5402 5433
5402 5887
5402 7900
5402 8919
5403 6470
5403 6574
5403 7721
5403 8608
5403 9054
5404 5427
5404 5627
5404 5673
5404 5897
5404 6871
5404 7820
5404 9021
5404 9638
5404 9772
5404 9814
5405 5979
5405 6578
5405 7170
5405 7189
5405 9405
5406 6395
5406 6660
5406 8108
5406 8404
5406 8976
5407 6893
5407 8628
5407 9725
5408 6211
5408 6844
5408 8267
5409 5549
5409 5637
5409 6173
5409 7495
5409 8115
5409 9146
5410 7355
5410 7712
5410 8540
5410 8966
5410 9562
5411 6009
5411 6440
5411 9708
5411 9976
5412 7260
5412 7936
5413 7418
5413 8463
5413 9318
5414 5842
5415 6819
5415 7801
5415 9146
5415 9255
5415 9792
5415 9842
5415 9943
5416 6604
5416 8340
5416 9799
5417 5838
5417 7379
5417 8611
5417 9518
5417 9717
5418 6238
5418 8058
5418 8184
5418 8881
5419 7384
5419 8225
5419 9630
5420 6023
5420 7013
5420 8092
5420 9225
5420 9837
5421 5693
5421 5944
5421 6377
5421 6713
5421 7510
5421 7987
5421 8909
5422 5748
5422 6189
5422 6442
5422 6662
5422 7056
5422 7769
5422 8398
5422 8692
5422 9923
5423 5577
5423 7661
5423 8212
5423 9744
5424 6484
5424 6518
5424 7287
5424 7487
5426 6027
5426 6300
5426 8197
5426 8259
5426 8740
5427 6438
5427 6845
5427 9696
5427 9802
5428 6665
5428 9044
5429 6378
5429 6459
5429 8525
5429 9858
5430 5930
5430 8202
5431 5845
5431 6599
5431 9023
5431 9088
5432 6612
5432 7422
5433 8667
5433 9175
5434 5463
5434 5667
5434 6506
5434 6869
5434 7317
5434 7610
5434 8072
5434 8351
5434 8826
5434 8875
5434 9226
5434 9237
5434 9566
5435 6917
5436 6793
5436 6832
5436 8613
5436 9411
5437 8130
5437 9023
5438 5861
5438 5984
5438 7446
5438 7640
5438 8096
5438 8908
5438 9423
5439 5441
5439 5618
5439 5747
5439 6295
5439 6821
5439 7000
5439 8007
5440 6935
5440 7215
5440 8842
5440 9243
5441 6872
5441 7501
5441 8312
5441 8406
5442 8429
5442 8815
5443 5616
5443 5872
5443 6320
5443 7842
5443 8850
5443 9279
5444 5587
5444 5845
5445 6293
5445 7429
5445 8882
5445 9288
5446 6618
5446 6632
5446 6802
5446 7453
5446 7504
5446 7812
5446 7968
5446 8120
5446 8531
5446 8902
5446 9582
5446 9868
5447 6980
5447 8102
5447 8591
5448 6412
5448 7075
5448 8220
5448 9541
5449 7687
5449 8459
5449 9117
5449 9196
5450 5888
5450 6216
5450 6254
5450 8314
5450 8395
5450 8460
5451 6181
5451 8303
5451 8908
5451 9138
5452 8387
5453 5617
5453 5702
5453 6178
5453 6274
5453 6748
5453 7621
5453 8016
5453 8882
5453 8960
5453 9927
5454 5904
5455 6555
5455 6889
5456 5673
5456 7674
5457 8936
5458 5759
5458 5797
5458 7337
5458 7434
5459 6135
5459 7128
5459 8719
5459 9021
5459 9236
5460 6411
5460 6979
5460 7361
5460 7746
5460 9125
5461 7429
5461 9084
5462 6176
5462 6211
5462 6264
5462 7265
5462 7536
5462 8606
5462 9315
5462 9410
5462 9607
5462 9783
5463 6400
5463 8258
5463 9534
5463 9598
5463 9631
5464 5739
5465 5674
5465 6753
5465 8700
5465 8890
5466 5493
5466 5593
5466 6337
5466 7089
5466 8257
5466 8590
5466 9493
5467 9021
5468 7481
5468 8131
5468 8406
5468 8795
5469 5496
5469 5916
5469 5962
5469 5991
5469 6828
5470 8075
5471 6856
5471 7948
5471 9684
5472 5609
5472 6129
5472 7114
5472 7677
5472 8907
5472 9020
5473 6139
5473 8681
5474 7551
5474 8642
5475 9478
5476 8204
5477 6184
5478 5585
5478 7232
5478 9971
5479 7829
5479 9724
5480 6573
5480 9074
5480 9450
5481 5532
5481 5779
5481 7175
5481 7346
5481 7762
5481 8684
5482 7841
5483 5520
5483 6738
5483 6866
5483 7507
5483 8725
5483 9124
5484 8364
5484 9265
5485 5764
5485 5829
5485 9737
5486 6691
5486 7027
5486 7129
5486 8809
5487 6231
5487 7149
5487 7910
5487 9561
5488 5508
5488 6165
5488 8739
5488 9937
5489 5805
5489 5841
5489 6193
5489 8860
5489 8975
5489 9230
5490 9724
5491 7479
5491 8405
5492 8245
5492 9040
5492 9591
5492 9969
5492 9982
5493 6332
5493 7013
5493 8300
5493 9788
5494 6368
5494 8281
5494 9650
5495 8828
5496 5775
5496 7532
5496 7891
5496 8404
5497 5970
5497 6078
5497 6604
5497 7172
5497 7377
5497 8084
5497 8168
5497 9400
5498 6371
5498 6676
5499 7923
5500 6860
5501 6337
5501 8163
5501 8178
5501 8568
5501 8600
5501 9452
5502 5731
5502 7998
5502 9352
5503 6540
5504 7422
5505 6224
5505 9029
5505 9310
5506 8017
5506 8259
5507 5899
5507 6686
5507 7368
5507 7760
5507 8100
5507 8888
5507 9023
5508 6906
5508 7087
5508 7961
5508 8263
5509 7192
5509 7924
5509 8047
5509 8141
5509 9183
5510 6320
5511 5540
5511 6651
5511 9927
5512 5570
5512 5864
5512 6357
5512 8163
5512 8698
5513 6364
5513 7125
5513 7867
5513 9067
5514 5646
5514 5769
5514 5912
5514 6700
5514 6966
5514 7072
5514 7169
5514 7514
5514 7868
5515 5842
5515 5854
5515 5972
5515 7048
5515 9485
5516 6308
5516 6518
5516 6558
5516 6934
5517 5627
5517 5820
5517 6001
5517 7177
5517 7675
5517 7985
5517 8037
5517 8993
5517 9123
5518 6034
5518 6079
5518 7086
5518 9352
5518 9846
5519 5680
5519 8636
5520 5721
5520 5826
5520 8029
5520 8255
5520 8548
5520 9312
5520 9313
5520 9549
5520 9822
5522 7282
5522 8038
5522 8159
5522 8193
5522 8414
5523 6214
5523 6630
5523 8234
5523 9071
5523 9904
5524 5622
5524 7671
5524 8740
5524 9866
5525 7333
5525 7817
5526 6490
5527 8087
5528 6574
5528 7247
5529 6089
5529 6433
5529 7187
5529 8568
5530 6120
5530 8882
5530 9245
5530 9880
5531 6212
5531 8460
5531 8463
5531 8474
5531 9157
5531 9602
5532 8836
5533 6712
5533 7496
5533 7550
5533 7599
5533 7749
5533 9909
5534 5676
5534 5888
5534 6307
5534 8345
5535 7963
5536 5619
5536 5683
5536 6441
5536 6801
5536 8453
5536 8701
5536 9221
5537 6227
5537 6422
5537 6876
5537 7194
5537 7377
5537 7403
5537 7836
5537 9494
5537 9967
5538 6272
5538 7334
5538 7521
5538 9780
5538 9928
5539 5997
5539 6117
5539 7402
5539 8026
5539 9128
5539 9165
5540 6367
5540 7172
5540 7955
5541 6168
5541 6260
5541 6797
5541 7040
5541 7590
5541 8544
5541 9385
5542 6167
5542 6553
5542 6836
5542 7896
5542 9326
5542 9608
5543 5576
5543 6667
5543 7096
5543 7693
5544 8223
5545 5809
5545 6739
5545 7260
5545 8641
5545 8765
5546 6163
5546 7031
5546 9111
5546 9849
5547 7271
5547 7628
5547 7860
5547 8008
5548 5793
5548 6368
5548 8831
5548 8914
5549 6199
5549 6734
5549 7484
5549 9914
5550 6990
5551 6945
5551 7977
5551 8772
5551 8889
5551 9277
5552 6011
5552 7623
5552 8527
5552 8612
5553 5953
5553 8355
5554 5861
5554 8137
5554 8762
5554 9197
5554 9584
5555 6429
5555 7427
5556 5824
5556 5871
5556 6065
5556 7822
5556 8063
5556 8444
5557 6386
5557 6687
5557 7321
5557 9081
5558 5572
5558 5630
5558 6360
5558 6664
5558 6925
5558 8481
5558 9997
5559 6332
5559 7342
5559 8358
5559 9891
5560 7730
5560 9713
5561 7191
5561 7814
5561 8517
5562 7007
5563 7271
5564 7695
5566 5584
5566 6842
5566 8841
5566 9339
5566 9353
5567 5649
5567 5996
5567 6535
5567 6861
5568 5638
5568 5799
5568 5861
5568 6439
5568 7516
5568 7849
5568 9280
5569 5796
5569 6186
5569 6498
5569 7838
5569 8249
5569 9595
5570 5915
5570 7170
5570 7624
5571 6727
5571 8374
5571 8424
5573 7205
5573 7718
5574 9848
5575 6860
5575 6979
5575 7924
5575 9258
5576 9289
5577 6172
5577 7033
5577 8634
5578 6992
5579 5707
5579 6520
5579 8449
5580 6699
5581 7713
5582 7208
5582 7829
5582 7913
5582 8817
5582 9035
5583 6835
5583 7162
5583 8021
5583 8270
5583 9386
5583 9498
5584 5951
5584 5957
5585 9360
5586 5774
5586 5782
5586 5981
5586 8393
5587 6999
5587 7440
5588 5615
5588 6242
5588 7128
5588 8457
5588 9017
5588 9837
5589 6031
5589 6715
5589 7232
5589 7792
5590 5746
5590 6043
5590 6648
5590 6670
5590 6839
5591 6703
5591 6732
5591 7424
5591 9934
5592 6033
5592 6934
5592 7558
5592 7976
5592 8043
5592 8138
5592 8710
5593 5987
5593 6825
5593 8711
5593 9378
5594 5866
5594 6594
5594 6729
5594 8195
5595 5855
5595 6788
5595 7270
5596 6604
5596 7632
5596 8472
5596 8898
5596 9214
5597 6771
5597 9484
5597 9491
5598 6547
5598 9105
5598 9615
5599 5698
5599 5969
5599 6345
5599 8780
5599 9003
5601 6635
5601 6864
5601 8027
5602 7991
5603 7324
5603 8742
5603 9140
5604 6786
5604 9724
5607 6913
5607 7020
5607 8974
5607 9888
5608 7166
5608 8504
5609 5827
5609 6326
5609 8605
5609 9856
5610 5699
5611 9227
5612 6680
5612 8246
5613 5696
5613 6068
5613 6736
5613 7796
5613 7990
5613 8586
5614 6824
5614 7183
5614 7543
5614 9684
5615 5636
5615 5790
5615 5869
5615 6810
5615 7465
5615 8060
5616 6287
5616 7208
5616 8619
5618 5654
5618 6931
5618 7798
5618 8035
5618 8618
5619 8771
5619 9005
5620 6599
5621 5845
5621 5882
5621 5921
5621 6601
5621 6670
5621 7899
5621 8492
5621 8651
5621 9245
5622 6290
5622 6461
5622 7791
5623 6396
5623 6998
5623 7577
5623 7596
5623 8234
5624 6092
5624 6669
5624 7204
5624 8222
5624 8389
5625 5736
5625 6352
5625 7528
5625 8265
5625 9674
5625 9887
5626 6961
5626 8083
5626 8492
5627 9809
5628 5676
5628 6525
5628 7651
5628 7926
5628 8786
5628 9306
5629 7188
5629 7228
5630 7932
5630 8626
5631 7239
5631 7788
5631 8081
5631 9646
5631 9697
5631 9743
5632 6771
5632 7345
5633 9105
5633 9652
5634 6417
5634 6653
5634 8258
5634 9629
5635 7595
5635 8879
5635 9648
5636 7482
5636 7550
5636 8965
5637 7911
5638 5706
5638 6351
5638 8419
5639 5787
5639 6146
5639 8036
5639 8666
5639 9813
5640 8567
5641 5950
5641 6132
5641 8644
5641 9202
5641 9214
5642 7025
5642 8905
5643 5677
5643 6014
5643 6734
5643 7728
5643 9302
5643 9734
5644 5832
5644 7272
5644 8302
5644 8384
5644 9100
5644 9177
5645 5723
5645 6789
5645 7216
5645 9324
5645 9696
5646 6921
5646 7697
5646 8708
5647 8585
5648 6115
5648 8615
5648 8784
5648 9330
5649 5695
5649 6407
5649 9603
5650 6107
5650 8438
5650 8773
5650 8822
5650 9043
5650 9683
5650 9945
5651 8075
5651 8523
5651 9072
5652 8202
5652 8260
5653 6717
5653 7101
5653 7459
5653 7602
5653 7730
5653 8426
5653 8965
5654 5834
5654 7939
5654 9521
5655 7299
5655 9751
5656 7292
5656 8951
5656 9119
5657 7738
5657 8586
5657 8810
5657 9613
5658 6060
5658 7116
5658 9622
5658 9955
5659 6561
5659 8307
5659 9425
5660 6334
5660 7698
5660 8116
5661 5918
5661 8349
5661 8896
5662 6475
5662 9467
5663 8328
5663 8885
5664 6668
5664 8750
5664 9256
5665 6322
5665 6436
5665 7915
5665 8523
5666 7380
5666 8483
5666 9092
5667 7352
5667 7924
5668 5727
5668 9142
5668 9533
5669 7600
5669 8037
5669 8147
5669 8417
5671 6342
5671 7605
5671 8271
5671 9609
5672 7446
5672 8400
5672 9329
5673 5981
5673 8673
5673 8734
5673 9110
5673 9340
5673 9436
5674 6214
5674 6540
5674 6681
5674 7362
5674 7530
5674 8217
5674 9069
5675 5906
5676 6121
5676 6191
5676 6510
5676 6643
5676 9272
5676 9648
5677 7714
5677 8707
5677 9441
5678 6564
5678 6792
5678 8570
5680 7171
5680 7380
5680 7898
5680 9928
5682 6877
5682 7485
5682 7502
5683 6619
5683 7290
5684 7674
5685 7867
5685 8952
5687 7225
5688 7693
5688 9093
5689 6884
5689 7918
5689 8349
5689 8892
5689 9412
5689 9459
5689 9725
5690 7430
5690 8751
5691 9920
5692 6603
5692 8123
5693 6531
5694 6557
5694 9033
5694 9285
5694 9350
5695 8514
5695 8968
5696 6397
5696 7139
5696 8443
5696 8638
5697 5725
5697 6654
5697 7349
5697 9789
5698 9702
5699 8611
5699 8968
5699 9387
5701 6255
5702 8476
5703 6464
5703 7014
5703 9977
5704 6651
5704 7368
5704 7786
5704 8842
5705 6619
5705 7728
5705 8160
5705 8346
5706 6362
5706 6639
5706 9214
5706 9268
5706 9518
5707 7897
5707 8000
5707 8554
5708 6534
5708 6617
5708 6879
5708 7226
5708 7466
5708 7661
5708 7783
5708 8299
5708 8930
5709 5957
5709 6597
5709 7367
5709 8602
5709 9045
5709 9315
5709 9836
5710 5909
5710 8158
5710 8699
5711 7236
5711 9811
5712 7690
5713 7461
5714 6809
5714 7548
5714 8874
5714 9333
5715 6886
5715 8152
5715 9195
5715 9234
5716 6741
5716 8007
5716 8308
5716 8354
5716 9179
5717 7597
5717 9515
5717 9620
5717 9946
5718 8223
5719 5773
5719 6033
5719 7261
5719 8652
5720 9463
5720 9988
5721 7861
5721 8149
5721 9796
5722 6093
5722 6659
5722 7145
5722 7249
5725 5979
5725 6083
5725 7424
5725 8059
5726 6427
5726 7865
5726 8315
5726 9029
5727 6334
5727 7142
5727 8043
5727 9130
5727 9676
5728 5993
5728 6100
5728 7071
5728 7611
5729 8253
5729 9419
5730 5792
5730 6106
5730 7591
5730 9184
5731 5783
5731 5962
5731 6021
5732 8378
5732 8678
5732 9046
5732 9812
5733 5824
5733 6367
5733 6716
5733 7897
5733 9266
5733 9270
5735 5791
5735 6009
5735 6358
5735 7538
5736 8397
5736 8441
5737 8387
5738 5960
5738 7379
5738 7530
5738 9961
5739 6800
5741 6094
5741 6304
5741 6471
5741 6503
5741 7902
5741 7917
5741 8217
5742 5864
5743 6060
5743 7259
5744 5965
5744 8085
5744 9700
5744 9784
5745 8665
5746 5985
5746 6977
5746 8994
5746 8998
5746 9408
5747 5870
5747 8568
5748 5869
5748 6827
5748 7319
5748 7366
5748 8685
5749 7683
5750 7122
5750 7975
5750 8553
5751 7723
5752 7521
5752 8895
5753 6294
5753 7739
5753 9251
5753 9481
5754 7519
5755 6389
5755 7728
5756 7117
5756 8569
5756 9666
5757 6074
5757 8571
5757 9635
5758 7480
5758 9250
5759 6107
5759 6825
5759 7184
5759 8560
5759 8646
5759 8836
5759 9891
5760 6255
5760 7421
5760 9193
5761 9766
5762 7249
5762 7439
5762 7582
5762 9135
5763 7095
5763 7806
5763 9542
5764 6137
5764 7552
5764 7674
5764 7753
5764 9508
5765 6655
5765 8583
5765 8686
5766 8214
5766 8590
5767 5854
5767 8382
5768 7507
5768 7993
5768 9970
5770 9776
5771 6718
5771 7041
5771 8059
5771 9355
5771 9424
5772 7712
5772 8144
5772 8316
5773 7330
5774 6019
5774 6561
5775 8963
5775 9931
5776 8107
5776 8644
5777 6775
5777 6976
5777 8508
5777 9052
5777 9929
5778 8211
5778 9858
5779 6863
5779 8603
5779 9709
5780 7195
5780 8852
5780 9112
5781 6589
5781 6979
5781 8157
5781 8951
5781 9311
5782 5956
5782 6449
5782 6602
5782 6675
5782 7240
5782 7913
5782 7914
5782 9585
5783 6680
5784 6223
5784 7776
5784 8634
5784 8995
5784 9935
5785 6503
5785 7783
5786 6431
5786 7302
5786 9171
5786 9312
5786 9352
5786 9641
5786 9990
5787 7152
5788 8156
5788 8298
5788 9341
5789 5862
5789 6074
5789 6280
5789 6326
5789 7717
5789 7922
5789 9552
5790 6202
5790 6725
5790 6922
5791 6444
5791 9388
5792 7600
5793 6207
5793 6501
5793 6727
5793 7314
5793 8229
5793 9157
5794 7514
5794 8981
5794 9158
5795 5859
5795 8283
5795 9578
5796 6538
5796 7261
5796 8252
5796 8919
5797 5958
5797 6491
5797 6805
5797 8193
5797 9163
5797 9347
5797 9611
5797 9746
5797 9820
5798 5884
5798 8217
5799 8379
5800 7070
5800 9160
5800 9407
5800 9600
5801 6142
5801 6263
5801 7409
5801 9280
5801 9392
5802 7418
5802 9703
5803 7148
5803 7716
5803 9121
5804 6695
5804 7629
5804 8325
5804 8789
5804 9780
5804 9992
5805 6559
5805 7828
5805 8887
5806 6041
5806 7698
5806 8053
5807 7048
5807 8527
5807 9576
5808 6138
5808 6494
5808 6545
5808 6765
5808 7185
5808 7824
5808 8564
5808 8666
5808 9404
5808 9476
5809 8076
5809 8139
5809 8883
5810 9665
5812 6666
5812 6975
5812 7400
5812 7696
5815 6547
5816 6609
5816 6931
5817 6135
5817 6608
5817 8718
5818 5892
5818 8118
5818 9444
5819 6356
5819 7371
5819 8996
5819 9289
5820 6647
5821 6983
5821 7780
5821 9045
5822 6200
5822 6414
5822 7495
5822 7928
5822 8712
5823 5962
5823 6062
5823 6615
5823 6870
5823 9246
5823 9404
5824 5891
5824 9787
5825 5866
5825 5883
5825 5929
5826 5922
5826 7466
5826 8156
5826 8372
5826 9148
5827 6326
5827 7728
5827 9205
5828 6388
5828 7711
5828 7988
5829 5942
5829 6886
5829 7041
5829 9466
5830 5907
5830 5942
5830 7354
5830 7505
5830 8125
5832 8109
5832 9090
5833 7400
5833 8800
5834 7010
5835 6030
5835 6976
5835 8733
5835 8837
5835 9377
5836 7425
5836 7770
5836 8251
5836 9446
5837 5894
5837 7263
5837 7821
5837 8915
5838 6161
5838 7728
5838 7840
5840 6442
5840 6574
5840 6671
5840 6839
5840 8013
5840 8319
5840 8805
5840 9106
5840 9120
5840 9963
5841 8106
5841 8427
5841 8551
5841 9353
5841 9760
5842 6176
5842 9122
5842 9376
5842 9540
5843 6587
5843 8846
5844 5932
5844 5981
5845 7411
5845 8134
5845 9980
5846 5924
5846 7268
5846 8753
5846 9413
5847 7221
5847 7889
5847 8398
5847 8410
5847 9017
5848 6513
5848 7006
5848 9050
5849 6444
5849 8975
5849 9042
5850 8173
5850 8764
5850 9037
5851 9235
5852 7034
5852 7194
5853 5934
5853 7930
5853 8099
5854 6340
5854 6508
5854 6563
5854 6791
5854 6916
5854 6967
5854 7221
5854 7550
5854 7866
5854 7991
5854 9035
5854 9222
5854 9394
5854 9460
5854 9576
5855 9975
5857 5928
5857 7535
5857 9650
5858 6597
5858 7160
5859 8939
5860 7454
5860 7753
5860 8197
5861 7209
5861 7488
5861 8640
5861 8877
5861 9691
5861 9843
5862 7861
5862 9201
5862 9637
5863 5886
5863 6130
5863 6406
5863 6882
5863 9509
5863 9715
5865 5948
5865 6223
5865 7972
5865 9708
5865 9758
5866 5995
5866 7413
5866 9402
5866 9562
5866 9616
5866 9695
5867 5940
5867 6626
5867 7351
5867 9380
5868 7442
5868 8316
5868 9306
5868 9884
5869 6064
5869 7801
5869 8155
5869 8316
5869 9314
5869 9685
5870 7371
5870 9578
5871 6875
5871 9825
5872 6076
5872 6936
5872 7114
5873 7572
5874 6057
5874 6112
5874 6235
5874 7762
5874 7941
5874 8750
5874 9636
5875 6844
5875 7864
5875 9794
5876 5971
5876 8192
5876 8860
5876 9633
5876 9680
5877 6191
5877 6824
5878 8234
5879 9689
5880 6925
5880 7913
5880 7948
5880 9971
5881 8518
5881 9627
5882 7913
5882 9883
5883 6686
5883 6830
5883 7688
5883 9000
5884 8412
5885 6324
5885 7108
5885 8608
5886 6343
5886 8420
5886 8704
5886 9744
5887 5894
5887 6681
5887 6701
5887 8178
5888 7163
5888 7230
5888 7360
5888 9147
5889 6445
5889 6474
5889 8060
5889 8119
5889 9229
5890 7831
5890 9312
5890 9575
5891 6532
5891 7094
5891 8419
5891 9534
5891 9668
5892 8250
5892 9644
5893 6384
5893 6416
5893 6955
5893 8009
5894 6142
5895 8542
5895 9029
5896 9984
5897 6435
5898 7476
5898 9200
5898 9336
5898 9844
5899 5970
5899 7282
5899 7690
5899 9289
5900 8712
5900 9052
5900 9768
5901 6061
5901 7490
5901 9478
5901 9788
5902 5933
5902 6922
5902 8434
5902 8795
5902 9958
5903 6507
5903 7056
5903 9215
5904 7036
5904 7128
5904 7684
5904 8058
5904 8804
5904 9251
5905 6392
5905 6848
5905 9976
5906 6427
5906 7067
5907 6748
5907 7612
5907 8102
5907 9379
5907 9475
5907 9570
5908 6249
5908 6909
5908 7272
5909 8051
5909 9333
5911 6946
5911 7418
5911 9053
5911 9612
5912 6094
5912 7280
5912 7470
5912 8055
5912 9484
5913 7016
5913 7847
5913 7923
5914 6633
5914 6694
5915 7356
5915 8263
5915 8895
5916 7625
5916 8489
5916 9728
5917 5973
5917 7335
5917 8101
5917 9441
5917 9705
5917 9945
5918 5988
5918 6045
5918 6287
5918 6398
5919 7238
5919 7542
5919 8046
5919 8285
5919 8575
5919 8809
5920 5995
5920 6044
5920 7302
5920 7933
5920 9833
5921 6606
5921 6723
5921 8326
5921 8500
5922 6149
5923 6010
5923 9959
5924 8889
5925 8588
5926 6236
5926 6419
5926 6608
5926 7016
5926 7084
5926 8747
5926 9316
5926 9429
5926 9868
5928 6976
5928 8343
5928 8603
5929 8073
5929 8466
5929 8582
5929 9136
5930 7943
5931 7283
5931 7445
5932 8296
5932 8739
5932 9121
5933 5988
5933 6005
5933 9818
5934 6516
5935 6396
5935 8752
5936 7334
5936 8076
5937 6203
5938 6159
5938 6519
5938 6832
5938 7162
5938 8674
5939 8291
5939 8367
5941 6244
5941 9817
5942 8836
5942 9590
5943 7246
5943 8221
5944 6634
5944 7096
5945 9899
5946 8648
5947 6190
5947 7752
5947 8683
5947 9943
5948 6957
5948 9213
5949 5980
5949 6912
5949 9163
5949 9698
5950 6838
5950 7695
5950 7806
5950 8062
5950 9009
5952 6063
5952 6975
5952 7474
5952 9770
5953 8501
5954 6151
5954 8589
5955 6734
5955 8201
5956 6592
5956 7429
5957 7360
5957 7876
5957 8325
5957 8989
5958 6434
5958 8121
5959 6055
5959 6175
5959 6339
5959 6996
5959 8169
5959 8266
5959 9934
5960 8129
5960 8298
5961 6373
5961 8898
5962 6547
5962 6728
5962 7194
5962 9400
5963 7564
5963 9374
5963 9990
5964 6562
5964 9539
5964 9728
5965 6615
5965 8037
5965 9727
5967 6100
5968 6759
5968 8816
5969 7122
5969 7979
5970 7223
5970 8800
5971 6075
5971 7274
5971 8679
5971 9059
5972 6017
5972 7716
5972 9475
5973 8949
5973 9446
5974 7645
5974 8567
5975 7140
5975 7161
5975 8808
5976 6360
5976 6426
5976 7604
5976 7835
5976 8540
5976 9390
5976 9734
5977 6896
5977 7084
5977 7254
5977 8490
5977 9421
5977 9581
5977 9613
5978 7285
5978 8125
5978 9269
5979 6339
5979 8719
5980 6163
5980 6543
5980 6552
5980 7510
5980 7799
5980 7862
5980 8746
5981 6353
5981 6652
5981 7012
5981 8070
5981 9718
5982 6017
5982 6416
5982 6600
5982 8335
5983 6494
5983 6784
5984 8310
5984 8524
5984 9016
5984 9591
5985 7752
5985 9061
5985 9915
5986 8443
5986 9799
5988 7895
5988 7912
5989 7764
5989 7914
5989 9386
5990 6587
5990 6615
5991 7512
5991 9430
5992 6702
5992 7293
5992 7381
5993 6120
5993 6838
5993 6947
5993 7281
5993 8780
5993 9101
5994 6277
5994 8594
5995 6232
5995 7401
5995 7451
5995 8280
5995 9449
5995 9496
5996 7528
5996 9276
5997 6084
5997 6169
5997 8142
5997 9098
5997 9163
5997 9295
5998 7907
5999 6177
5999 9828
6000 8010
6000 8764
6001 7357
6001 8019
6001 8101
6001 8119
6001 8148
6002 6312
6002 7662
6002 8983
6003 9843
6004 8745
6004 9240
6005 6840
6006 6375
6006 6607
6006 8693
6007 6690
6008 6890
6009 6134
6010 7002
6010 8305
6011 6774
6011 8318
6012 6200
6012 6572
6012 7994
6013 7380
6013 9957
6014 6097
6014 9025
6015 6119
6016 7281
6017 6089
6017 7959
6017 8621
6017 9502
6018 6618
6018 8736
6018 9144
6018 9603
6019 6220
6019 6818
6019 7669
6020 7159
6020 7626
6021 8881
6022 6462
6022 6549
6023 7785
6024 6942
6024 7066
6024 7068
6024 7531
6024 8351
6024 9126
6026 6495
6026 8480
6027 7215
6027 7294
6027 7817
6027 9717
6027 9795
6028 6173
6028 6809
6028 6911
6028 6926
6028 7006
6028 7282
6028 7586
6029 8881
6030 7257
6030 8148
6030 9165
6030 9180
6031 6205
6031 7937
6031 8102
6031 8171
6031 8854
6031 8966
6031 9401
6032 6161
6032 6466
6032 7174
6032 7713
6032 8327
6033 9810
6033 9892
6034 6430
6034 9429
6034 9581
6035 6147
6035 8451
6036 7314
6036 9013
6036 9161
6037 6082
6037 6101
6037 8432
6038 6287
6038 7370
6038 7653
6038 7787
6038 8820
6038 9670
6038 9685
6040 6200
6041 8027
6042 7009
6043 8936
6044 6611
6044 6848
6044 8241
6045 7823
6045 8031
6046 6931
6046 7646
6046 9321
6046 9749
6047 6051
6047 7786
6047 8466
6047 9176
6048 7221
6048 9088
6049 6701
6049 9907
6051 7519
6052 6069
6052 6547
6053 7818
6054 8745
6054 8986
6057 6496
6057 9403
6057 9977
6058 6883
6058 7402
6058 8945
6058 9656
6059 8463
6060 7177
6060 8033
6060 9062
6060 9654
6061 6340
6062 6234
6062 6377
6062 8024
6063 6410
6063 8848
6064 6721
6064 7563
6064 7922
6064 9845
6065 6373
6065 7367
6065 8750
6066 8093
6066 8451
6066 8548
6066 8840
6068 7494
6068 8487
6068 8862
6070 6377
6070 9360
6071 6981
6071 7608
6071 8004
6071 8415
6072 6696
6073 6297
6073 6523
6073 7625
6073 7969
6073 8105
6073 8933
6074 6704
6074 7267
6074 8083
6075 8897
6076 7639
6076 9568
6077 9260
6078 7304
6078 9804
6079 8545
6080 6291
6080 7008
6080 8154
6080 8354
6080 9252
6081 6307
6081 7368
6081 7728
6081 7997
6082 7744
6083 7445
6083 7956
6083 8657
6084 9761
6085 7985
6085 8775
6086 6861
6086 7138
6086 8069
6087 6414
6087 6590
6087 6749
6087 8553
6089 6878
6089 7393
6089 9765
6089 9766
6090 7355
6091 7396
6091 9651
6092 6669
6092 8034
6093 8018
6094 6632
6094 8834
6094 9406
6094 9679
6095 7052
6095 8050
6095 8229
6095 8601
6097 6643
6097 9108
6097 9407
6098 6923
6098 7121
6098 7757
6098 9092
6098 9324
6098 9424
6099 6157
6099 6172
6099 6472
6099 8851
6100 7352
6101 6446
6101 7809
6101 9048
6102 6490
6102 7728
6102 7747
6103 7479
6103 8260
6103 8468
6103 9440
6104 6204
6104 6841
6104 6882
6104 7040
6104 7326
6105 6780
6105 8482
6105 8903
6106 6435
6106 6464
6106 6676
6106 8719
6106 9172
6106 9681
6106 9729
6108 8071
6108 8552
6108 8626
6108 9447
6108 9639
6109 8632
6109 8716
6110 6653
6110 7300
6110 7874
6110 9059
6111 6344
6111 7254
6111 8545
6111 9074
6112 9681
6113 6258
6113 7543
6113 7949
6113 8273
6113 9346
6114 6606
6114 8122
6115 7682
6115 8050
6115 8497
6115 8518
6115 9060
6116 6947
6116 7327
6116 7636
6116 7846
6116 8474
6116 9927
6117 8392
6117 9290
6119 6835
6119 8171
6119 9084
6120 9405
6121 6575
6121 6646
6121 6667
6121 7811
6121 8349
6122 6330
6122 7918
6122 9141
6123 6371
6123 9830
6124 6704
6124 7181
6124 7635
6124 7724
6124 9110
6124 9528
6125 6303
6125 6616
6125 6829
6125 8254
6125 8603
6125 9097
6125 9910
6126 6560
6126 7242
6126 9202
6126 9645
6127 7399
6127 8779
6127 9808
6128 6958
6128 8705
6128 8715
6129 8035
6130 6906
6130 7104
6130 7661
6131 9363
6132 6239
6133 6856
6133 7477
6133 8214
6133 8330
6133 8826
6133 9064
6133 9499
6134 6166
6134 8477
6134 9061
6135 8763
6135 9106
6136 6260
6136 6480
6136 6878
6136 7075
6136 7581
6136 8140
6136 8420
6137 7445
6137 9345
6137 9944
6138 7818
6142 6906
6143 6390
6143 8812
6143 9027
6143 9696
6143 9991
6144 6803
6144 7906
6144 8181
6145 6308
6145 7941
6145 9811
6146 6505
6146 6907
6146 8458
6146 8953
6147 6272
6147 9169
6148 8170
6148 8236
6148 8330
6148 8970
6149 7685
6149 8388
6149 8820
6150 6184
6150 7041
6150 7683
6150 8773
6150 8884
6151 6486
6151 7378
6151 8845
6152 7577
6152 9025
6153 6535
6153 6606
6153 6827
6153 6867
6153 7262
6153 7666
6153 9075
6154 6830
6154 7279
6154 8125
6155 6570
6155 9366
6156 7546
6156 9208
6156 9447
6158 8601
6160 7776
6160 7939
6161 9331
6162 6438
6162 6512
6162 7014
6162 9610
6163 9003
6163 9013
6165 7127
6166 7110
6166 8429
6166 9333
6166 9517
6167 6199
6167 6243
6167 7579
6167 8532
6167 8801
6167 9796
6168 6206
6168 6403
6168 7001
6168 7097
6168 9135
6168 9499
6169 8064
6169 9623
6169 9680
6170 7816
6171 8091
6171 8976
6172 6891
6172 7020
6173 8186
6173 9963
6174 8296
6175 7548
6175 9291
6175 9356
6176 6292
6176 8695
6176 9296
6177 7591
6177 7630
6177 7851
6177 8478
6177 9332
6178 6917
6178 9091
6178 9827
6179 9841
6181 6415
6181 6625
6181 7782
6182 6685
6182 7660
6182 7975
6182 8033
6182 8193
6182 8811
6182 9273
6183 6480
6183 8351
6183 8471
6183 8597
6185 6703
6185 7666
6185 7800
6186 6610
6186 8080
6188 6639
6188 6742
6189 8309
6189 9014
6189 9474
6190 8302
6190 8407
6190 8947
6190 9364
6190 9412
6190 9669
6191 7466
6191 7472
6191 8809
6193 6213
6193 7747
6193 8563
6194 9804
6195 6964
6195 7120
6195 8948
6195 9650
6196 7385
6196 9360
6197 6583
6197 7635
6197 8180
6197 8566
6198 9392
6198 9723
6199 6481
6200 9084
6200 9600
6201 6307
6201 6550
6201 7252
6202 6819
6202 9007
6203 8887
6204 7659
6204 8048
6204 9449
6205 9287
6206 6619
6206 9485
6207 7198
6207 8868
6207 9739
6208 6264
6208 7493
6208 9273
6209 7644
6209 8828
6211 7534
6211 8918
6212 7957
6212 9646
6213 6999
6213 7068
6213 8015
6213 8396
6214 6736
6215 7014
6215 8968
6216 6739
6216 7463
6217 8628
6219 7181
6219 7527
6219 7930
6219 7956
6219 9031
6219 9145
6219 9310
6219 9585
6221 6655
6221 6818
6221 7242
6221 9541
6222 9083
6222 9214
6222 9787
6223 6290
6223 7126
6224 6343
6225 6326
6225 8996
6226 6304
6226 7575
6226 8937
6227 9946
6228 6410
6228 7032
6228 7152
6228 8573
6228 9043
6229 6511
6229 8856
6229 9183
6230 6555
6230 7797
6230 9086
6230 9648
6231 6463
6231 6493
6231 6873
6231 7507
6231 8608
6232 6689
6232 8122
6232 8193
6233 6658
6233 6899
6233 8114
6233 9525
6233 9594
6234 7553
6234 7763
6234 8051
6234 8977
6234 9048
6235 6689
6235 8093
6235 8522
6235 8551
6235 9303
6235 9818
6236 6844
6236 6967
6236 7520
6236 9454
6237 7672
6237 8807
6238 9307
6239 9412
6240 6454
6241 6305
6241 6519
6241 7054
6241 7444
6241 8046
6241 8777
6241 8831
6241 9375
6242 7304
6242 7929
6244 7150
6244 7278
6245 6446
6245 9243
6246 7983
6246 8325
6246 9600
6246 9954
6248 6330
6248 6621
6248 7650
6248 8980
6249 6302
6249 6920
6249 9729
6250 9517
6252 8009
6252 8955
6253 6810
6254 6381
6254 8189
6255 7936
6255 8686
6255 9041
6256 6295
6256 9380
6257 7057
6257 8001
6257 9296
6260 8353
6260 9498
6261 6847
6262 6435
6262 9885
6263 7499
6263 8367
6264 7077
6264 7383
6266 7451
6266 7835
6266 7851
6266 7919
6266 8638
6266 9300
6267 9309
6268 6345
6268 8323
6268 9036
6269 6698
6269 6962
6269 7350
6269 7354
6269 7652
6269 8206
6269 8878
6270 6688
6271 7483
6271 8094
6272 8411
6273 6837
6273 8333
6273 8605
6273 8742
6274 6629
6274 7026
6274 7298
6274 7301
6274 7558
6274 8251
6275 7102
6275 8670
6275 8902
6276 6447
6276 6966
6276 8656
6277 8192
6277 8789
6277 8950
6277 9308
6278 9464
6281 9714
6283 7934
6283 8030
6284 6809
6284 7706
6284 8030
6284 9539
6285 6968
6285 9139
6286 6671
6286 6759
6286 7671
6286 9735
6287 7607
6288 6719
6288 7884
6288 8552
6289 7720
6289 8589
6289 9174
6289 9244
6290 6861
6290 7123
6290 7524
6290 7914
6290 8322
6291 6892
6291 8706
6291 9620
6291 9739
6292 6376
6292 6948
6292 7255
6292 8142
6292 9117
6292 9378
6293 7541
6293 7592
6294 6642
6294 8565
6294 8625
6294 9834
6295 7238
6295 7701
6295 9463
6296 6377
6296 6512
6296 6730
6296 7025
6296 7029
6296 7370
6296 7897
6296 8011
6296 8084
6297 8288
6297 8707
6298 7559
6299 6364
6299 6951
6299 7048
6299 8616
6299 9178
6299 9769
6300 7670
6300 7904
6301 6304
6301 6859
6301 7184
6302 9826
6303 6587
6303 8858
6304 6504
6304 7479
6305 6480
6305 8049
6305 8357
6305 8899
6305 9377
6306 8605
6306 9309
6306 9702
6307 8320
6307 9306
6307 9344
6308 6762
6308 9532
6309 8143
6309 9238
6310 9515
6310 9710
6311 7405
6311 8304
6312 6664
6312 6908
6313 6724
6313 8950
6314 6903
6314 7656
6314 7713
6314 8684
6315 7675
6317 6987
6317 9915
6318 6682
6318 8756
6320 8420
6321 7234
6321 8526
6321 9347
6322 7794
6322 9448
6323 7916
6323 9152
6324 7011
6324 7386
6324 7715
6325 6442
6325 8648
6326 6573
6326 6787
6326 6944
6326 7742
6326 9094
6326 9364
6328 7813
6328 8937
6328 9267
6329 6494
6329 6511
6329 6881
6329 7052
6329 7328
6329 9284
6329 9406
6329 9564
6329 9595
6330 6524
6330 7021
6331 8716
6331 9908
6332 7980
6332 9063
6333 7017
6333 8062
6333 8371
6333 8610
6333 8825
6333 9188
6333 9745
6334 7524
6334 7717
6334 9890
6335 7615
6335 7856
6335 8082
6335 9443
6336 7098
6336 7913
6336 7958
6337 6622
6338 8113
6338 9001
6338 9093
6339 8913
6340 7426
6340 8412
6341 8032
6342 8736
6342 9228
6343 6749
6343 7090
6343 8389
6343 9362
6343 9499
6344 6644
6344 6751
6345 7374
6345 7693
6345 7780
6345 9474
6346 6364
6347 7101
6347 7194
6347 7265
6347 8181
6347 8854
6348 6493
6348 6841
6349 8389
6350 6486
6350 6651
6350 7423
6350 7542
6351 6919
6351 7106
6351 8157
6351 8207
6351 8384
6351 8858
6351 8882
6351 8937
6352 6677
6352 7392
6352 7978
6354 6774
6354 8379
6354 8680
6354 9245
6354 9494
6355 6769
6355 7179
6355 7683
6356 6701
6356 7003
6356 7292
6356 7524
6357 6912
6357 7146
6357 7634
6357 7695
6357 8373
6358 6400
6358 7804
6358 9774
6359 6564
6359 8347
6359 8891
6360 6480
6360 7398
6361 6885
6361 6990
6361 8784
6362 6607
6362 9163
6362 9366
6365 6556
6365 7644
6365 9580
6366 6557
6366 8939
6367 7629
6367 8202
6367 8582
6367 9358
6368 7288
6368 7682
6369 7823
6369 7880
6369 8713
6369 9351
6370 6726
6370 9014
6371 8330
6371 9038
6372 9781
6374 7296
6374 8515
6374 8662
6374 9049
6374 9935
6375 7104
6375 7506
6375 7852
6375 8319
6376 6644
6376 8495
6377 7392
6377 7694
6378 7142
6378 8250
6378 9059
6378 9775
6378 9920
6379 9407
6380 6494
6380 6820
6380 7991
6380 8352
6381 6819
6381 7173
6381 7375
6381 8111
6381 9292
6382 7692
6382 9872
6383 7165
6383 8066
6383 9311
6384 7187
6384 7301
6384 9655
6385 7042
6385 8137
6386 6545
6386 6995
6386 7983
6386 8205
6386 8984
6387 9328
6388 7900
6388 8319
6388 8422
6388 9564
6389 7410
6389 7448
6389 7670
6389 7686
6389 9808
6389 9903
6390 8202
6391 7135
6391 7577
6391 7805
6391 8072
6391 9376
6391 9770
6391 9936
6392 6819
6392 7611
6392 7727
6393 7187
6393 7327
6393 8095
6394 6954
6394 7669
6394 8815
6394 9257
6394 9887
6395 7001
6395 8842
6396 6631
6396 6753
6396 9541
6397 6691
6397 9408
6398 6611
6398 7722
6398 8069
6398 8811
6398 9039
6398 9280
6399 6419
6399 7134
6399 7403
6399 8244
6399 9209
6400 7386
6400 8431
6400 8601
6401 6989
6401 7438
6401 7688
6402 8160
6403 7961
6403 8559
6404 6820
6404 9731
6404 9750
6404 9762
6405 8816
6406 8119
6406 9422
6407 7860
6408 6874
6408 6901
6408 6948
6408 7221
6408 8553
6409 8896
6409 9471
6409 9603
6409 9742
6410 6795
6410 7333
6410 8462
6411 7959
6411 8671
6411 9589
6412 6681
6412 6949
6412 7693
6414 6951
6414 7705
6414 9695
6415 7727
6415 7885
6415 9240
6416 9676
6417 6485
6417 8664
6417 8710
6417 8733
6417 9326
6417 9667
6417 9762
6418 7596
6418 8358
6418 9294
6419 7163
6419 7583
6419 7909
6419 9936
6420 7737
6421 6888
6421 7815
6421 9621
6422 7135
6422 7523
6422 7560
6422 8595
6422 8941
6423 7694
6423 9684
6424 9039
6424 9298
6425 6915
6425 8108
6425 8213
6425 9426
6426 7010
6426 8038
6427 7956
6427 8530
6428 6594
6428 7565
6428 9151
6429 7437
6429 7856
6429 8679
6429 8707
6429 8863
6430 6740
6431 8500
6432 7080
6432 7445
6432 7665
6432 9703
6433 6650
6433 7810
6434 6805
6434 6889
6434 7046
6434 8928
6435 8682
6435 9326
6435 9545
6436 7893
6436 9328
6438 7577
6438 7681
6439 8049
6439 8134
6439 8407
6439 8687
6440 6461
6441 7065
6441 8356
6441 8499
6441 9699
6442 6953
6442 9118
6442 9960
6443 6653
6443 6869
6443 7598
6443 7867
6443 8754
6443 9567
6444 7338
6444 7454
6444 7548
6445 6827
6445 7023
6445 8970
6446 6586
6446 7081
6446 9875
6447 7921
6447 7998
6447 8230
6447 8954
6447 9439
6448 6467
6448 7268
6448 7392
6449 6641
6449 6889
6449 8028
6450 6793
6450 7476
6450 8003
6450 9712
6451 6767
6452 7637
6453 8243
6454 8954
6454 9068
6456 7040
6456 8251
6457 8701
6458 7890
6458 9015
6459 6919
6459 8115
6459 9549
6460 8364
6461 8073
6461 9171
6463 7286
6463 7606
6463 7710
6464 9395
6466 6811
6466 9755
6467 6576
6467 7419
6467 8628
6467 9005
6468 6507
6468 6688
6468 9479
6469 7221
6469 8029
6469 8215
6469 9023
6470 6628
6471 6501
6472 9679
6474 6800
6474 8008
6474 8609
6475 7509
6476 9925
6477 6815
6477 7025
6477 7166
6477 7795
6477 8136
6477 9787
6478 8012
6479 6633
6479 9226
6479 9424
6480 7177
6480 7945
6480 8417
6480 8667
6480 8877
6481 7006
6481 7244
6482 7658
6482 8139
6482 8378
6483 7866
6483 8154
6483 8898
6484 6659
6485 9168
6485 9642
6486 8250
6486 9972
6486 9985
6488 8175
6488 9585
6488 9730
6489 6524
6489 7745
6489 8218
6489 8451
6489 8727
6489 8900
6489 8972
6489 9634
6489 9720
6490 6529
6490 6967
6490 7055
6490 8485
6490 8632
6491 7570
6491 8098
6491 8173
6491 9614
6492 6848
6492 8225
6492 9324
6493 6964
6493 7463
6493 8355
6493 8612
6493 8704
6493 9461
6493 9506
6494 6563
6494 7044
6494 7459
6494 9460
6495 6660
6495 6746
6495 7224
6496 7085
6496 7616
6496 8219
6496 9401
6497 7224
6497 8045
6497 8633
6497 9233
6498 6763
6498 8861
6499 7306
6499 7380
6499 8340
6499 8631
6499 9266
6500 8930
6500 9206
6503 6964
6503 7614
6503 7811
6503 8408
6503 8530
6504 8439
6504 8584
6505 7395
6505 8286
6506 7356
6506 7826
6506 7971
6508 6854
6509 8181
6509 9223
6509 9992
6510 6589
6513 6575
6513 7453
6513 7774
6513 8607
6513 8885
6514 8946
6514 9325
6515 6571
6515 7917
6515 9066
6516 8064
6517 6651
6517 6910
6517 7227
6517 7640
6517 8691
6517 8700
6518 6698
6518 7032
6518 7398
6518 7539
6519 7141
6519 7336
6519 7454
6519 8776
6520 7204
6520 8388
6520 8436
6520 8564
6521 7078
6521 9764
6522 7733
6522 8014
6523 6726
6523 7835
6523 9619
6524 7542
6525 6986
6526 9473
6527 6863
6527 8835
6527 8956
6529 8211
6529 8313
6529 9492
6530 8520
6531 7057
6531 8812
6532 7761
6533 8943
6533 9093
6534 6591
6534 6663
6534 7593
6534 9083
6534 9862
6535 6573
6535 8406
6535 8643
6536 7874
6537 6560
6537 9529
6539 7581
6539 7667
6539 7679
6539 7687
6539 8942
6539 9194
6539 9225
6541 7400
6541 8544
6542 8694
6542 9148
6543 7266
6543 8536
6543 9162
6543 9641
6543 9827
6544 9063
6545 7284
6545 7965
6546 8176
6547 8006
6548 6559
6548 6768
6548 8574
6548 8874
6548 9286
6549 7470
6549 9962
6550 8808
6551 6629
6551 7052
6551 8584
6552 6813
6552 9202
6553 9000
6554 7598
6554 7663
6556 6560
6556 8771
6556 9949
6557 6604
6557 7243
6557 7829
6558 6864
6558 8691
6559 6952
6559 6959
6559 7142
6559 7534
6559 8203
6559 8376
6559 9112
6560 7037
6560 7737
6560 8383
6560 8404
6562 6892
6562 7509
6562 8339
6563 9174
6564 6908
6565 8560
6565 8758
6565 8864
6565 9500
6565 9766
6565 9944
6565 9988
6566 9410
6566 9584
6568 8280
6568 8422
6569 7463
6569 8080
6569 9071
6570 7257
6571 7522
6571 8687
6572 6585
6572 8122
6572 9238
6572 9450
6572 9604
6572 9987
6573 6942
6573 9353
6573 9626
6574 8520
6574 8580
6574 9001
6574 9217
6575 6659
6577 8021
6577 8632
6578 9388
6579 6806
6579 7215
6579 8379
6579 9065
6580 7855
6580 9056
6580 9826
6581 8164
6581 8992
6581 9523
6581 9976
6582 7794
6582 9483
6582 9801
6583 9082
6585 6742
6585 6920
6585 7312
6585 7742
6585 7895
6585 8242
6585 8307
6585 8396
6585 8752
6585 9077
6585 9080
6585 9981
6586 7387
6586 9467
6587 8831
6587 9436
6587 9609
6588 7566
6588 8357
6588 9564
6589 7307
6590 7031
6590 7749
6590 9630
6591 7917
6591 8602
6592 7061
6592 7711
6593 9203
6594 9785
6595 7431
6595 9333
6596 7899
6596 8672
6597 8090
6598 9128
6598 9190
6598 9832
6599 7503
6599 8876
6600 7100
6600 9369
6601 6718
6601 9080
6601 9810
6603 6819
6603 8605
6605 7296
6605 9087
6605 9224
6606 7694
6606 7736
6606 8298
6606 8459
6607 7229
6607 8344
6607 8851
6608 7697
6608 8930
6608 9096
6608 9920
6609 8313
6609 8975
6610 7063
6610 8106
6611 6820
6612 6778
6612 7263
6612 7741
6612 8575
6612 8979
6612 9532
6613 6635
6613 9959
6614 7337
6614 8398
6614 8749
6614 8917
6614 8963
6615 6874
6615 6937
6615 7461
6615 8507
6619 7168
6619 7304
6619 9778
6620 7915
6620 8305
6620 8947
6621 6974
6622 8691
6622 9055
6622 9913
6623 7834
6623 9451
6623 9955
6624 9885
6625 8247
6625 8461
6625 8487
6626 6895
6626 7076
6626 7389
6626 7717
6626 9152
6627 8118
6627 8144
6627 8409
6627 8541
6627 9281
6627 9383
6627 9970
6628 7349
6628 8335
6628 8871
6628 8905
6629 7575
6629 8761
6629 8852
6629 9148
6630 7628
6631 7024
6631 8801
6632 8327
6632 8478
6633 6716
6633 8422
6633 9508
6633 9712
6634 7401
6634 7817
6637 8845
6638 7302
6640 6690
6643 8278
6643 8875
6643 9629
6644 6725
6644 7572
6644 8049
6644 9151
6645 7144
6645 8131
6646 7201
6647 8332
6648 6711
6648 8574
6648 9382
6648 9479
6648 9782
6649 7744
6649 9012
6649 9536
6650 6824
6650 8062
6650 9396
6650 9660
6651 7141
6651 8005
6651 9153
6652 7214
6652 8274
6653 6869
6653 7523
6653 7546
6653 8936
6653 9093
6654 7872
6655 8228
6656 7092
6657 7217
6657 8492
6657 8736
6657 9969
6659 8138
6660 6833
6660 6937
6660 7099
6660 7269
6660 7648
6660 7948
6661 8529
6661 8832
6662 7839
6663 6705
6663 7563
6663 7950
6664 8752
6664 9877
6666 6975
6666 7651
6666 9120
6666 9477
6666 9567
6667 7801
6667 9778
6668 7058
6668 7984
6669 9120
6669 9517
6670 8360
6671 8017
6672 8330
6672 9618
6673 7152
6674 6762
6674 7428
6675 6705
6675 7303
6675 7722
6675 8746
6677 8652
6677 8854
6677 9853
6678 7008
6678 8778
6678 9057
6678 9587
6679 6753
6679 7077
6679 7542
6679 8496
6679 8766
6679 8829
6679 9444
6682 7769
6682 9263
6683 6783
6684 7122
6685 7259
6685 7444
6685 8047
6685 9220
6686 7816
6687 6831
6687 6833
6687 7887
6687 8011
6687 9505
6688 7065
6688 8686
6689 7299
6689 7602
6689 7893
6689 7958
6689 9321
6690 7643
6690 7847
6690 8277
6691 6702
6691 6755
6691 7606
6691 8946
6691 8996
6692 9701
6693 8528
6693 9134
6694 8002
6694 8097
6694 8355
6695 9148
6696 8415
6696 9662
6696 9784
6697 8306
6697 8327
6698 7589
6698 8433
6698 9204
6699 6788
6699 7482
6699 7576
6700 6774
6700 7915
6700 8115
6700 8254
6700 9720
6701 6728
6701 7955
6701 9323
6702 7741
6702 8212
6702 9510
6703 6970
6704 9428
6704 9821
6705 8701
6705 8772
6706 9547
6707 9935
6708 9988
6709 9212
6711 6950
6711 6996
6711 7023
6711 7604
6711 9039
6712 6808
6712 8104
6712 8813
6712 9017
6713 8987
6714 6839
6715 8159
6715 8488
6716 7383
6716 7685
6716 8561
6716 9205
6716 9320
6716 9799
6717 9522
6718 6812
6718 6924
6718 8543
6719 9304
6720 7464
6720 7515
6720 8702
6721 6766
6721 8007
6721 8201
6721 8814
6722 8505
6723 8405
6723 9058
6724 6803
6724 7302
6724 7960
6725 7549
6725 7846
6725 8321
6725 8453
6726 6991
6726 7247
6726 9119
6726 9573
6726 9716
6728 9276
6728 9612
6729 8306
6729 9117
6730 7167
6730 7235
6730 7360
6730 9053
6730 9542
6730 9560
6731 6994
6731 7505
6732 6846
6732 9328
6732 9773
6733 6827
6733 7855
6733 7946
6733 8072
6734 8861
6734 9837
6735 8393
6736 6986
6736 7669
6736 8209
6736 8578
6736 9841
6737 6956
6737 7593
6738 8082
6738 9678
6741 7310
6741 7387
6741 8055
6741 9641
6742 9644
6743 8057
6743 8668
6743 9791
6745 8507
6746 7732
6746 8891
6746 9368
6747 7357
6747 8187
6748 6938
6748 8356
6748 9225
6749 8752
6749 8950
6750 6938
6750 7101
6750 7335
6750 8198
6751 9451
6751 9634
6752 9129
6753 9461
6753 9899
6754 8749
6754 9759
6755 6876
6757 9904
6758 7807
6758 7859
6760 6871
6760 8243
6761 9270
6762 6914
6762 6991
6762 7057
6762 7162
6762 7231
6762 7675
6762 8094
6762 8641
6762 8897
6762 9848
6763 7439
6765 7370
6765 8225
6765 9189
6766 6836
6766 7229
6766 7928
6766 9956
6767 6932
6767 7178
6767 9148
6768 7467
6768 8273
6770 7391
6772 9363
6773 7700
6773 8120
6774 8368
6774 9291
6776 9746
6777 8412
6778 9706
6779 7425
6779 7932
6780 7866
6780 7984
6780 8111
6782 6870
6782 6936
6782 7085
6783 8506
6783 9246
6783 9979
6784 8222
6785 8983
6786 8996
6786 9807
6787 7812
6787 7854
6788 6956
6788 9667
6789 8034
6790 7247
6790 8668
6791 8201
6791 8997
6792 7003
6792 9587
6793 7476
6793 7773
6793 8647
6794 7756
6794 9426
6795 8875
6796 7404
6796 9358
6797 9641
6797 9911
6798 7477
6798 9729
6799 6966
6799 8201
6799 9494
6800 8673
6801 6837
6801 7456
6801 8663
6802 7719
6802 9225
6803 8971
6803 9121
6804 7943
6804 8621
6805 8726
6806 7792
6806 9083
6807 7479
6807 8095
6807 8807
6810 7447
6811 7610
6812 8411
6812 8758
6812 9101
6814 8285
6814 8446
6814 8703
6816 6984
6817 7250
6817 7324
6817 7689
6817 8143
6817 8785
6817 8913
6817 9252
6817 9359
6817 9942
6818 8173
6818 8637
6819 6902
6819 8674
6820 7305
6821 7297
6821 8124
6821 8218
6821 8801
6822 6915
6822 7061
6822 9469
6824 7824
6825 6954
6825 7754
6825 8274
6825 9794
6826 7189
6826 7832
6826 8267
6826 9881
6827 7903
6828 8295
6829 7219
6829 7620
6829 7736
6829 7791
6829 8713
6829 9798
6830 7957
6831 7365
6832 7813
6832 8096
6833 8087
6833 8915
6833 9425
6834 6927
6835 7108
6835 9699
6836 8437
6837 6838
6837 7753
6837 7814
6837 8192
6837 8545
6837 9235
6837 9479
6838 7055
6838 7903
6838 8176
6838 8956
6838 9432
6839 8639
6840 8082
6840 8465
6840 8533
6841 7650
6841 8359
6841 8629
6841 9170
6842 7762
6842 8741
6842 9803
6843 6952
6843 7126
6844 8180
6845 8337
6845 8778
6845 9223
6846 7736
6846 7963
6846 9271
6846 9410
6846 9745
6846 9779
6847 7140
6847 7148
6847 7478
6847 9771
6847 9825
6848 8021
6848 9269
6848 9522
6848 9593
6850 7311
6850 7383
6850 8154
6850 8416
6850 8442
6850 9250
6850 9990
6851 7167
6851 7952
6851 7967
6851 8191
6851 8272
6851 9574
6852 6900
6852 8530
6852 9475
6854 8109
6854 9374
6855 9289
6855 9613
6857 6971
6857 7743
6857 9123
6859 7807
6859 8801
6859 8987
6859 9134
6861 7194
6861 7249
6861 9476
6862 7819
6862 9151
6862 9503
6863 7029
6863 8363
6863 9060
6864 6899
6864 7156
6864 7197
6864 9625
6865 7061
6865 7085
6865 8847
6865 9360
6866 6991
6866 7726
6866 8736
6866 9435
6866 9663
6867 8024
6868 7580
6868 8781
6868 8998
6868 9372
6870 6958
6870 7400
6870 7477
6870 7837
6870 9007
6871 8009
6871 8082
6872 6936
6873 6970
6873 8562
6873 9662
6874 8421
6875 8968
6875 9542
6876 7523
6876 8496
6878 9423
6879 9876
6881 7720
6881 7940
6881 8141
6881 9936
6882 7347
6882 7846
6882 9486
6882 9554
6883 7348
6883 7642
6883 8254
6883 8857
6883 9820
6884 8381
6884 8805
6885 7897
6885 7998
6886 8918
6886 9716
6890 7647
6891 7857
6891 8123
6891 9425
6892 7761
6892 8805
6892 9364
6893 7359
6893 8430
6893 9413
6897 8580
6897 8905
6898 6903
6898 7518
6898 9809
6900 9347
6900 9660
6901 7457
6901 7619
6902 7505
6902 8886
6902 9884
6903 7244
6903 7841
6903 9153
6904 8128
6904 8733
6905 9293
6905 9961
6906 7129
6906 8338
6906 9955
6907 8140
6907 9639
6908 7416
6908 8453
6908 8634
6908 9043
6909 7447
6910 8816
6911 6919
6912 9227
6912 9282
6913 7241
6913 9259
6914 7371
6914 8083
6915 7778
6916 7039
6916 7114
6917 7054
6917 7168
6917 8192
6917 9926
6918 8421
6919 8237
6919 8379
6919 8563
6919 9527
6920 8383
6920 9762
6920 9870
6921 7280
6922 6931
6922 7388
6922 8959
6922 9227
6923 9218
6924 9885
6925 7171
6925 8313
6925 9447
6926 7968
6927 8526
6927 9837
6928 8538
6929 7168
6929 8077
6929 9179
6932 7638
6932 9923
6933 9404
6934 8765
6935 8732
6936 9357
6937 7417
6939 7014
6939 7802
6939 7976
6939 8421
6939 9070
6939 9665
6939 9783
6940 7360
6940 7985
6942 7495
6944 7447
6944 7596
6944 8107
6945 7342
6945 7389
6945 9180
6946 7151
6946 7183
6946 9042
6948 9845
6949 7606
6949 9671
6949 9721
6950 7977
6950 8260
6950 9910
6951 7866
6952 7822
6952 7904
6952 9018
6952 9524
6952 9718
6953 8154
6953 8801
6954 9226
6955 8744
6956 7433
6956 7682
6956 9829
6958 7312
6958 8959
6959 7139
6959 7691
6959 9480
6961 8338
6961 9051
6962 7384
6963 8006
6963 9594
6964 7202
6964 7940
6965 7750
6966 8426
6966 9895
6967 8787
6968 7164
6968 7661
6968 8456
6969 7231
6969 8063
6970 7424
6970 7946
6971 8278
6971 8693
6972 9394
6976 7197
6976 8450
6976 9970
6978 7667
6978 8174
6978 8967
6978 9416
6979 8057
6979 9280
6979 9922
6980 7754
6980 7772
6980 8469
6981 7754
6981 7836
6982 7625
6982 9123
6983 7115
6983 7190
6983 7881
6983 8465
6984 8627
6984 9533
6985 9551
6987 7167
6987 7776
6987 9246
6988 7072
6990 7983
6990 9906
6991 7210
6991 8375
6992 7452
6992 8412
6992 9543
6993 7681
6993 9195
6993 9603
6993 9926
6994 7340
6994 9116
6995 8195
6995 8359
6996 7453
6997 9985
6998 8799
6999 7047
6999 9697
7000 7248
7001 7194
7001 8468
7002 7148
7002 9237
7002 9266
7004 8389
7004 8727
7004 9184
7005 8002
7005 8621
7005 9639
7006 7948
7006 7978
7006 9645
7007 9313
7007 9629
7008 7617
7008 8183
7008 9398
7009 7340
7009 7367
7009 8294
7010 9811
7013 8415
7013 8862
7013 8863
7015 8388
7015 9834
7017 8561
7017 9301
7017 9382
7019 8583
7019 9555
7020 7119
7020 9420
7024 7793
7025 7499
7025 8720
7025 8844
7025 8909
7026 7070
7026 7216
7026 8491
7027 7375
7027 7847
7028 8046
7029 7241
7029 7807
7029 8402
7029 8866
7029 8943
7029 9089
7029 9777
7030 7999
7030 9097
7030 9189
7030 9576
7030 9705
7033 7255
7033 7583
7033 7687
7035 8747
7037 8116
7037 9569
7038 9426
7040 7647
7040 8317
7041 7277
7041 8858
7042 7196
7042 7502
7042 8840
7043 7225
7043 9576
7044 7446
7044 9303
7045 7602
7045 8132
7046 8424
7048 8341
7050 7897
7050 7938
7051 7806
7052 7440
7052 8433
7052 9073
7054 8158
7055 7402
7055 7753
7055 7779
7055 8220
7055 8449
7055 8677
7055 8913
7055 9064
7055 9089
7056 7442
7056 8991
7056 9623
7056 9664
7057 7251
7057 9266
7058 9449
7059 8113
7059 8656
7061 8423
7062 7852
7062 7859
7062 8258
7062 8542
7064 8591
7064 9438
7064 9581
7066 7831
7068 8984
7069 8874
7070 8833
7071 7137
7071 9255
7072 7470
7074 7993
7076 7118
7077 8487
7077 8770
7078 7637
7079 8415
7080 8397
7081 7575
7082 8796
7083 7784
7084 9199
7084 9264
7084 9832
7084 9908
7085 7547
7085 8156
7085 8571
7085 9556
7087 7107
7087 7303
7087 9572
7090 7995
7091 9880
7092 8081
7092 9101
7093 7469
7093 8608
7094 7653
7094 8929
7094 9462
7094 9594
7095 9723
7096 9073
7097 7948
7098 9124
7099 7814
7099 9485
7100 7101
7100 7889
7100 8672
7100 8988
7100 8995
7100 9104
7100 9493
7103 9136
7104 8399
7104 9521
7104 9954
7106 9281
7107 7341
7107 8675
7108 7404
7109 7111
7109 8430
7109 9051
7110 7612
7110 7635
7110 7804
7110 8845
7111 7780
7112 7513
7112 8700
7112 9653
7113 7448
7114 9438
7115 7656
7116 7719
7117 7834
7117 8844
7119 7196
7119 9859
7120 7489
7120 8751
7120 9319
7120 9580
7120 9986
7121 7901
7121 7953
7121 8292
7121 9715
7123 9007
7123 9514
7123 9630
7125 8646
7125 9456
7128 7472
7128 9686
7128 9768
7128 9885
7129 7320
7129 8427
7129 8650
7129 9549
7130 7804
7130 8726
7130 8802
7130 8987
7130 9023
7131 8749
7131 9690
7132 8798
7134 9192
7135 8524
7135 8891
7135 9514
7136 7433
7136 7797
7136 8031
7136 9329
7137 8955
7138 7888
7140 8734
7141 7746
7142 9092
7144 8106
7145 8687
7146 9980
7147 7584
7147 8462
7147 8560
7147 8561
7147 8667
7149 9617
7149 9733
7150 7614
7150 9365
7151 8382
7151 8654
7152 7632
7152 7795
7152 8619
7152 9373
7153 8315
7154 9114
7155 7847
7158 7324
7159 9104
7160 8900
7161 8307
7162 7960
7162 9737
7163 7427
7163 8701
7163 9933
7165 8457
7165 9441
7166 7854
7167 8593
7168 7321
7172 7713
7173 8143
7173 9786
7174 7210
7174 7990
7174 8016
7174 8818
7174 9343
7176 7814
7177 8916
7177 9523
7177 9601
7177 9931
7178 7361
7178 7986
7179 7190
7179 8942
7180 7242
7180 9219
7180 9980
7181 7625
7182 7945
7183 8147
7183 8229
7183 8842
7183 9767
7184 8645
7186 7505
7186 8072
7187 7930
7187 9647
7188 7757
7188 9633
7189 7852
7190 7706
7190 7877
7190 9510
7192 7368
7192 8764
7192 9201
7192 9236
7193 9145
7200 7410
7201 7921
7201 9048
7201 9269
7201 9334
7202 9598
7202 9918
7203 8507
7205 7760
7205 8937
7205 9500
7207 7754
7207 8573
7208 7338
7208 7774
7208 8000
7208 9108
7209 8748
7211 7870
7212 8763
7212 9879
7213 8152
7213 9051
7213 9235
7213 9773
7214 7780
7215 7396
7215 7551
7218 7926
7218 8662
7220 9204
7220 9304
7221 7332
7221 8464
7221 9576
7222 7673
7222 8163
7222 8953
7222 9884
7223 7478
7224 7387
7224 8181
7225 8757
7225 9154
7225 9220
7225 9507
7226 8910
7226 9295
7228 7244
7228 7993
7228 9101
7230 7341
7230 8428
7231 8453
7232 8102
7233 9145
7233 9828
7234 7583
7234 9534
7235 7276
7235 9491
7235 9653
7235 9744
7236 9026
7236 9432
7236 9761
7237 7384
7238 7527
7238 7807
7238 8723
7238 9257
7238 9495
7238 9583
7238 9904
7239 9175
7240 8920
7242 7267
7242 8368
7242 8467
7242 9396
7242 9903
7243 8477
7243 9182
7243 9300
7244 8595
7246 7381
7246 8933
7247 7996
7247 8625
7247 9254
7248 9590
7249 8176
7249 9867
7250 8877
7250 9822
7251 8248
7251 9560
7252 9915
7253 8104
7253 8812
7253 9598
7254 7324
7254 8988
7254 9686
7255 7655
7255 7665
7257 8358
7257 8389
7257 9421
7257 9589
7258 8645
7258 9992
7259 9252
7260 7346
7260 7845
7260 8047
7261 9595
7263 9020
7263 9494
7263 9993
7264 9989
7265 9763
7265 9938
7266 9210
7267 8264
7267 8330
7267 9471
7270 7316
7270 7332
7270 9801
7270 9985
7271 7498
7271 7510
7271 8131
7271 8655
7273 7784
7273 7789
7273 7899
7274 8699
7274 9390
7275 8648
7276 7811
7279 8532
7281 8295
7281 9127
7281 9222
7284 8584
7284 8656
7285 9306
7286 7904
7286 8297
7286 8574
7286 9996
7287 8747
7288 9765
7289 7952
7289 9610
7290 8227
7290 8632
7291 8164
7291 8176
7292 8572
7292 9751
7293 9918
7294 8333
7294 9056
7295 9950
7296 8440
7296 8473
7298 7522
7298 9141
7300 7376
7302 8110
7302 9711
7303 7428
7303 8627
7303 8765
7304 8289
7305 7502
7305 8397
7306 7470
7306 7570
7306 8181
7306 8288
7306 9557
7306 9595
7308 7548
7309 9452
7310 8337
7311 9003
7311 9339
7312 8135
7314 9211
7315 8401
7315 8847
7316 7466
7316 8432
7316 9268
7317 7456
7317 8408
7317 8618
7318 7732
7318 8265
7318 9153
7318 9910
7319 9804
7320 8289
7320 9912
7321 8457
7321 8669
7322 7393
7323 7741
7323 9386
7325 7347
7325 8644
7325 9817
7326 7850
7326 8016
7326 8829
7326 9010
7326 9109
7327 7910
7328 7825
7329 9939
7330 8381
7332 8097
7332 8465
7332 8761
7333 7916
7333 8099
7333 8508
7334 8010
7334 8146
7334 8317
7334 8449
7335 7506
7335 7890
7335 8102
7337 9529
7337 9621
7339 8038
7339 9552
7340 7678
7340 8160
7340 9198
7341 8981
7343 7479
7343 7931
7343 8260
7343 9312
7343 9538
7344 7894
7345 8761
7346 9259
7349 7430
7349 7604
7350 9772
7353 8563
7354 7712
7354 8215
7355 7487
7355 8129
7355 9313
7356 8896
7356 9014
7356 9220
7356 9706
7357 8040
7357 8098
7358 8814
7358 9772
7359 7971
7360 9953
7361 7611
7361 8677
7361 9593
7362 8270
7362 8676
7362 8935
7362 9070
7362 9752
7363 7781
7363 8490
7363 8546
7363 9157
7365 9198
7366 8515
7366 9687
7367 7708
7367 9455
7367 9939
7368 8082
7368 8249
7368 8484
7368 8720
7368 9409
7368 9480
7370 8636
7370 9045
7370 9069
7370 9829
7371 8618
7372 8570
7373 8423
7373 8696
7373 8867
7373 9221
7373 9457
7374 9524
7375 9516
7376 9263
7377 7991
7377 8477
7377 9033
7377 9181
7378 7614
7381 8115
7382 8211
7382 8287
7382 9237
7383 7852
7383 8328
7383 8741
7384 8713
7386 8423
7386 8478
7387 8422
7388 9335
7388 9365
7390 8098
7391 8685
7391 9448
7391 9747
7391 9840
7392 8872
7393 7791
7394 9228
7394 9886
7394 9892
7396 8376
7396 8592
7396 9947
7397 8292
7398 8064
7399 9514
7400 7652
7400 9828
7401 9098
7401 9144
7401 9847
7404 7461
7404 7751
7404 7862
7404 8662
7404 8763
7404 8993
7404 9849
7406 8337
7407 7880
7407 8187
7407 9803
7407 9810
7408 9864
7409 8795
7409 8982
7411 8033
7411 8838
7412 8432
7413 7536
7413 7866
7415 7576
7415 7715
7415 8488
7415 9290
7415 9648
7416 7777
7417 7486
7417 8188
7417 8838
7418 8541
7419 8038
7419 8235
7421 9829
7422 7822
7422 8915
7423 8026
7426 8185
7428 8323
7428 8353
7428 8432
7431 8440
7432 8477
7434 8311
7434 9675
7436 7532
7436 7982
7436 9693
7437 9348
7438 9032
7439 8616
7440 8456
7440 9591
7442 8258
7444 7743
7444 8580
7444 9946
7445 8391
7445 9479
7446 7722
7447 8046
7447 8150
7447 8741
7448 9428
7449 8308
7449 8322
7449 9179
7449 9487
7451 7628
7451 8191
7452 9647
7453 7963
7453 8411
7454 7628
7454 9246
7454 9409
7455 7734
7455 9527
7455 9779
7456 7949
7456 9131
7457 9040
7457 9134
7457 9640
7458 8895
7458 9667
7459 9440
7460 7589
7460 8272
7462 8128
7462 8628
7462 9016
7462 9970
7463 8222
7463 9805
7464 7594
7464 7824
7464 9270
7465 7932
7465 8964
7466 8729
7466 9424
7467 8027
7469 7500
7469 9697
7470 8164
7470 8186
7471 7593
7472 7591
7472 8625
7473 8600
7474 8799
7478 7510
7478 7798
7478 8834
7478 9066
7478 9570
7479 7647
7479 8464
7479 9588
7480 8336
7480 8706
7480 9838
7481 7486
7481 9849
7482 7693
7482 7865
7482 8832
7483 9472
7483 9628
7483 9649
7484 7611
7484 8555
7484 9988
7486 9227
7486 9555
7486 9831
7487 8650
7487 9303
7488 7744
7488 8501
7488 9727
7488 9833
7488 9835
7489 9193
7489 9668
7491 7742
7491 8443
7491 9597
7492 8861
7494 7706
7494 8831
7496 7636
7498 7631
7498 8907
7498 9447
7499 9909
7500 7840
7500 7986
7501 9717
7502 7651
7502 9678
7502 9851
7503 7562
7503 8112
7503 8268
7504 8842
7505 7586
7505 9422
7505 9951
7506 8727
7506 9646
7508 8397
7508 9673
7509 9753
7510 8422
7510 8497
7511 7755
7511 9198
7512 7647
7512 8367
7512 8868
7513 8763
7514 8195
7514 9876
7515 9000
7516 8966
7516 8978
7516 9128
7519 9734
7522 7645
7522 8801
7522 9815
7523 9247
7523 9555
7525 8474
7525 9185
7529 7992
7529 8952
7530 7564
7530 8836
7531 8341
7531 8961
7531 9248
7532 9104
7532 9176
7532 9257
7532 9728
7533 8421
7533 8693
7533 8696
7534 9474
7535 7662
7535 9171
7535 9667
7536 8418
7536 9282
7537 9316
7537 9657
7537 9668
7538 7710
7538 8466
7538 8843
7539 9281
7541 8054
7541 8290
7542 7820
7542 9642
7544 8151
7544 8431
7545 9510
7545 9706
7546 9961
7547 9317
7549 9371
7550 8722
7550 9518
7551 8572
7552 8522
7552 9562
7552 9715
7553 7924
7553 8524
7554 7620
7554 8113
7555 8109
7555 9991
7556 7840
7556 7900
7556 9575
7557 8835
7557 9544
7559 9436
7559 9588
7561 8013
7561 9559
7561 9687
7563 8196
7563 9033
7564 9731
7565 7963
7566 7910
7568 7881
7568 8296
7568 9056
7569 9727
7573 7840
7573 8297
7576 8379
7576 8847
7576 9103
7577 7795
7577 9457
7577 9891
7578 8246
7578 9415
7580 7822
7581 8567
7581 9524
7583 8595
7584 8543
7584 8700
7584 9669
7584 9760
7586 8191
7586 9324
7587 7890
7587 8235
7587 8249
7587 9046
7587 9147
7587 9694
7588 8040
7591 9533
7592 7731
7592 7993
7592 9333
7592 9900
7594 7901
7594 8836
7595 7821
7597 7942
7599 8792
7599 9899
7600 7986
7600 8274
7601 8777
7602 7754
7602 8492
7603 7829
7603 7885
7605 9727
7606 7850
7606 9010
7608 8732
7608 9372
7610 8233
7610 8603
7610 8998
7611 7871
7611 9351
7612 8017
7612 8436
7612 8834
7612 9790
7612 9973
7613 7931
7613 8171
7613 8739
7613 9022
7613 9374
7615 9777
7616 7705
7616 9247
7616 9816
7619 8502
7621 7828
7622 9926
7623 7642
7623 8160
7623 9920
7624 9748
7625 8149
7626 8253
7626 9305
7628 7720
7628 9253
7628 9366
7630 8883
7630 9076
7631 7883
7631 8967
7632 7775
7632 9226
7633 7858
7633 8879
7633 9095
7635 9207
7636 8387
7636 9170
7637 9445
7638 7656
7638 8043
7638 9292
7639 7976
7639 8633
7639 8925
7640 7863
7640 8400
7642 8653
7642 9967
7643 8306
7643 8692
7643 9129
7643 9546
7644 8431
7646 7772
7646 8433
7646 8859
7646 8957
7647 8615
7648 7864
7648 8884
7648 9107
7648 9255
7648 9303
7648 9555
7649 8104
7649 8301
7649 8642
7649 9528
7649 9663
7651 8085
7651 8636
7651 9021
7651 9508
7652 7944
7655 8254
7655 8593
7655 8679
7655 8839
7656 9560
7659 7823
7659 8149
7661 8027
7662 9605
7663 8136
7663 8370
7663 9461
7665 9924
7666 9311
7667 8972
7667 9165
7669 8622
7669 8968
7670 7735
7672 9092
7673 9914
7674 9372
7674 9788
7676 9164
7677 8541
7678 8032
7678 8625
7678 9679
7679 8365
7679 9016
7679 9609
7680 9149
7681 8736
7681 9844
7682 7827
7682 8093
7682 9889
7683 9181
7683 9461
7686 9225
7687 9483
7689 8614
7690 7805
7690 8366
7690 9543
7690 9928
7691 7948
7691 9615
7691 9786
7692 8522
7694 7764
7695 9740
7696 8785
7696 9777
7697 9788
7698 7780
7698 8111
7699 8063
7699 8235
7699 8274
7699 9703
7700 8925
7701 8279
7701 8779
7701 9000
7701 9083
7703 8042
7703 8784
7703 8802
7704 7835
7704 9120
7705 8168
7705 9357
7705 9504
7706 9268
7707 8095
7708 9959
7709 8855
7709 9176
7710 8739
7712 7851
7712 9142
7712 9362
7712 9548
7712 9896
7715 8333
7716 8507
7716 8681
7716 9171
7717 8022
7717 9058
7718 7817
7718 8245
7719 9624
7720 8426
7721 8452
7721 8981
7722 9237
7723 9744
7724 9253
7724 9294
7724 9299
7724 9740
7726 9799
7729 8668
7730 8924
7731 9205
7732 8708
7732 8750
7732 9154
7734 8219
7735 8572
7735 9100
7736 8692
7737 8283
7737 8336
7739 7805
7739 8730
7741 8309
7744 8302
7746 9810
7747 7885
7747 9432
7748 9230
7748 9429
7749 8525
7749 9729
7750 9985
7753 9857
7755 8472
7755 8839
7756 7920
7756 8951
7758 8187
7759 8419
7759 9041
7761 8455
7762 8108
7763 8653
7765 8510
7766 8370
7771 9806
7772 7979
7772 8754
7773 8688
7773 8944
7774 8237
7776 8076
7776 8112
7776 8949
7778 9302
7780 7958
7780 8797
7781 8278
7782 7999
7782 8160
7784 8939
7785 8443
7785 9017
7785 9226
7785 9443
7786 9881
7787 8191
7788 8029
7788 8530
7789 7955
7789 9506
7790 7873
7792 8057
7792 8759
7792 8982
7795 7927
7795 8359
7795 9471
7795 9514
7795 9844
7795 9881
7796 7907
7796 7964
7796 7980
7796 8469
7796 9285
7796 9484
7797 8163
7797 9368
7797 9726
7798 8282
7798 9767
7802 8960
7805 7877
7805 9936
7806 8755
7807 9664
7808 8782
7808 9030
7808 9394
7809 8708
7810 8660
7811 8906
7812 8224
7812 8717
7813 9917
7815 8150
7816 8575
7817 8806
7818 7971
7818 8057
7818 8110
7818 8315
7818 9264
7818 9624
7819 9583
7821 8558
7822 8632
7825 9347
7825 9983
7826 9584
7827 8902
7828 8353
7828 9132
7830 7915
7830 9103
7830 9256
7831 9242
7831 9793
7833 8395
7833 9617
7834 8872
7835 9162
7835 9433
7838 8040
7838 8144
7839 8738
7840 9029
7840 9267
7841 8032
7841 8205
7841 9105
7844 9526
7845 9498
7846 7861
7847 8809
7848 7956
7848 8011
7848 8711
7849 7976
7849 9312
7852 9699
7853 8224
7854 8909
7854 8964
7854 9082
7854 9583
7856 8756
7856 9421
7858 8048
7860 7971
7862 7978
7863 9774
7864 8769
7864 9509
7865 7898
7865 8172
7865 8565
7865 8714
7866 8968
7868 9439
7868 9567
7870 7962
7870 8180
7870 9188
7870 9486
7871 8619
7872 8131
7872 8666
7872 9299
7873 9259
7874 8773
7876 9581
7877 9304
7879 9855
7880 8440
7882 8726
7882 9085
7882 9649
7883 9723
7884 9121
7884 9477
7885 9525
7886 8472
7886 8970
7887 9749
7887 9979
7888 9263
7891 8828
7892 8077
7893 8740
7893 9286
7893 9403
7894 8547
7895 9048
7896 8631
7897 8660
7898 8011
7898 8841
7899 8927
7900 9195
7901 8273
7901 8577
7901 9248
7901 9655
7901 9739
7902 9133
7903 8230
7904 7929
7905 9186
7906 8415
7907 9288
7908 9147
7909 9611
7909 9775
7910 9597
7911 8158
7912 8989
7913 9716
7914 7930
7914 8087
7914 8172
7914 9449
7914 9677
7914 9943
7916 8091
7916 9189
7916 9608
7916 9935
7917 8509
7920 8389
7920 9583
7921 8304
7922 8046
7924 9361
7924 9387
7924 9916
7925 8474
7925 8946
7925 9178
7928 8054
7928 8231
7928 9453
7930 8624
7931 8153
7931 8381
7932 9136
7932 9810
7933 8218
7933 8370
7933 9351
7934 8278
7935 8123
7935 8719
7935 9816
7936 8032
7938 8442
7940 8194
7940 8783
7941 9063
7942 9593
7943 9894
7945 8122
7945 8215
7945 8879
7945 9819
7946 8663
7946 8757
7946 9617
7946 9757
7947 9167
7947 9495
7948 8096
7948 8146
7948 8470
7948 9957
7949 8586
7949 8671
7949 9466
7951 8513
7952 8990
7953 9932
7955 8751
7956 8057
7956 9225
7957 8305
7957 8966
7959 8978
7960 8685
7960 9051
7961 8336
7961 8478
7961 8859
7962 9159
7964 8095
7964 8924
7964 9158
7965 9951
7967 8382
7968 9574
7969 8903
7970 8215
7970 9360
7971 8410
7972 8002
7972 8472
7973 9090
7974 8304
7976 8712
7977 8488
7977 9776
7978 9096
7979 8006
7979 8311
7980 8113
7980 8426
7980 8552
7981 9826
7982 8948
7983 9849
7984 9894
7985 8407
7986 9772
7989 8124
7989 8180
7990 8542
7990 8690
7990 9819
7990 9960
7992 8507
7992 9497
7993 9184
7994 9018
7995 8986
7995 9221
7996 8306
7998 8035
7999 9158
8000 9812
8001 8938
8002 8547
8002 8596
8002 9309
8002 9492
8003 8406
8003 8983
8005 8208
8006 9395
8006 9874
8007 9596
8009 8084
8011 8940
8011 9739
8012 8329
8012 8761
8016 8636
8017 8167
8017 8313
8020 9473
8022 8820
8022 9279
8024 8747
8029 9208
8030 9279
8031 9391
8031 9591
8031 9714
8034 8725
8037 8106
8038 9065
8038 9200
8040 8351
8040 8607
8040 9474
8042 9613
8043 8424
8043 8583
8043 8803
8044 8409
8044 9645
8045 9537
8047 8728
8048 9342
8050 8144
8054 8907
8054 9765
8055 9159
8056 8629
8058 8793
8059 9341
8059 9354
8059 9437
8059 9809
8060 8455
8060 8691
8060 9837
8061 8768
8061 9510
8066 9573
8067 8442
8067 9163
8067 9207
8068 8311
8068 9210
8071 9495
8071 9528
8075 9001
8075 9765
8076 8203
8076 8643
8076 8933
8077 9512
8083 8722
8083 8766
8083 9408
8085 8637
8085 9548
8087 8620
8087 9267
8088 9138
8089 9077
8090 8536
8090 9177
8091 8260
8091 8619
8092 8130
8092 9241
8095 8294
8096 8310
8096 8879
8096 9154
8096 9170
8096 9677
8097 8976
8101 8392
8102 8424
8103 9633
8104 9204
8105 9048
8105 9709
8108 8666
8108 9688
8109 8549
8111 9269
8111 9323
8112 9903
8114 8827
8117 9350
8117 9476
8117 9673
8119 8576
8119 8930
8120 8224
8121 8935
8121 9002
8124 8126
8124 9013
8124 9372
8125 9183
8126 8290
8126 9379
8128 8272
8128 8376
8128 8503
8128 9098
8129 8474
8129 9207
8130 9705
8131 9443
8132 8764
8132 9232
8133 9062
8133 9686
8134 9198
8135 8299
8136 8200
8136 9053
8136 9869
8138 8397
8140 8474
8141 9123
8141 9670
8142 8225
8142 8349
8143 8595
8144 9632
8146 9605
8147 9094
8150 9207
8151 9472
8152 9546
8153 9355
8155 8865
8156 8641
8156 8674
8157 9979
8157 9981
8158 9894
8159 8280
8160 9560
8161 8199
8161 9499
8162 8980
8162 9184
8162 9318
8163 9796
8164 9066
8165 8354
8166 8617
8168 8884
8169 8318
8170 9797
8171 8946
8173 8194
8173 9250
8173 9447
8175 8702
8175 9239
8177 9955
8178 9168
8178 9759
8179 8880
8179 9718
8181 9084
8182 8845
8182 9058
8182 9680
8182 9929
8183 9342
8185 9748
8186 8253
8189 8633
8190 9627
8191 8987
8193 9186
8194 9226
8194 9733
8197 9141
8199 8758
8200 9222
8202 8347
8203 8798
8203 8916
8204 9402
8204 9773
8206 8937
8207 9941
8208 8456
8208 8759
8209 9188
8209 9867
8210 8618
8211 9312
8212 9567
8214 8526
8216 8388
8216 9584
8217 8385
8219 8381
8219 8876
8219 9181
8222 8257
8222 9215
8228 9745
8229 8422
8229 8794
8229 9855
8230 8394
8230 9535
8230 9866
8231 9337
8231 9872
8233 9368
8233 9534
8233 9680
8233 9688
8233 9747
8234 9024
8235 8671
8235 9131
8237 8700
8238 9055
8238 9111
8238 9999
8239 8649
8239 9835
8241 9233
8241 9458
8244 9082
8245 9552
8246 8275
8246 8587
8246 8632
8246 8839
8248 8389
8248 8649
8249 8957
8249 9644
8253 9233
8253 9785
8254 8296
8254 9543
8257 8470
8259 9429
8260 8910
8262 8360
8263 8266
8263 8772
8263 8931
8263 9325
8265 9110
8265 9954
8267 9037
8268 8717
8270 9251
8270 9923
8271 9850
8274 9888
8275 8661
8275 8702
8275 9113
8276 8786
8276 9021
8276 9137
8277 8565
8277 8950
8279 8787
8281 8637
8281 9151
8284 8642
8285 9621
8287 9720
8289 8505
8289 8832
8289 8989
8289 9176
8290 8943
8291 9442
8293 8417
8295 8707
8296 9999
8297 8524
8297 8931
8298 9972
8299 9985
8300 9313
8301 9826
8302 9018
8302 9082
8302 9349
8302 9528
8302 9697
8303 9140
8303 9143
8303 9148
8303 9966
8306 8666
8306 8730
8307 8415
8307 8427
8307 9067
8309 8568
8309 9687
8313 8439
8314 8707
8316 9484
8316 9583
8317 8651
8317 8837
8317 9559
8318 9920
8320 8433
8320 9090
8322 9065
8324 8899
8324 8934
8324 9198
8324 9807
8325 9232
8325 9372
8325 9767
8327 9296
8331 9143
8332 8347
8332 8662
8333 8494
8333 9267
8333 9990
8335 9393
8335 9900
8338 8825
8338 9228
8339 9307
8342 8495
8343 9610
8344 8455
8344 8472
8345 9754
8347 8936
8348 8923
8348 9351
8350 8789
8351 9135
8351 9880
8353 8997
8353 9378
8355 9953
8356 8797
8356 9288
8356 9365
8356 9381
8359 9669
8363 9432
8363 9956
8366 8490
8367 8496
8369 8506
8370 9069
8370 9445
8371 8894
8371 9470
8372 9440
8373 9247
8373 9771
8375 8901
8375 9513
8376 8730
8376 9583
8378 9783
8379 8512
8382 9217
8385 9122
8385 9898
8387 8403
8387 8569
8388 8740
8388 9401
8389 9110
8389 9643
8390 8508
8390 8742
8391 8984
8391 9216
8391 9505
8392 8963
8394 8714
8394 8739
8396 8448
8396 8661
8397 9805
8397 9916
8399 9424
8400 9085
8402 9916
8403 9887
8405 8916
8405 9776
8406 8570
8406 9978
8407 8972
8408 8965
8410 9015
8416 8803
8416 8946
8416 9097
8416 9719
8418 8450
8418 8989
8421 9075
8422 9934
8423 8531
8423 8735
8425 8606
8425 9507
8426 8573
8428 9514
8429 8434
8429 8854
8429 9301
8429 9989
8430 8785
8430 9868
8431 9516
8432 8613
8433 8590
8433 8665
8433 8754
8437 8973
8437 9005
8441 8957
8443 9537
8444 9830
8444 9843
8446 9319
8447 8727
8447 9083
8448 8613
8449 9091
8450 8789
8450 9514
8450 9565
8451 8882
8452 8970
8452 8990
8453 9628
8457 8644
8457 9158
8458 8461
8459 9456
8459 9862
8460 9721
8461 9467
8461 9625
8462 8501
8463 8870
8464 8891
8466 9750
8468 9383
8469 8584
8471 9838
8472 9964
8473 9465
8475 9066
8475 9150
8475 9965
8476 8997
8478 9422
8479 8628
8479 9148
8480 9843
8481 8588
8482 8523
8482 9621
8483 9223
8483 9534
8484 9363
8485 8528
8485 9862
8486 8895
8487 9788
8488 8888
8489 8801
8491 9081
8493 9109
8496 8501
8496 9307
8496 9969
8497 9771
8498 9465
8500 9177
8501 9774
8502 9938
8503 8854
8503 9272
8506 9297
8507 9067
8508 8613
8510 8759
8512 8809
8513 9192
8513 9608
8514 9238
8515 9966
8516 9818
8518 9118
8518 9329
8522 9068
8525 8714
8525 8899
8526 9421
8527 9033
8527 9574
8528 8702
8529 9630
8531 9165
8531 9250
8532 9836
8535 8947
8537 8674
8537 8938
8537 9193
8537 9798
8538 8664
8538 9531
8541 9279
8543 9592
8549 8554
8549 9355
8549 9706
8550 8876
8551 8642
8551 8935
8551 9585
8552 9346
8553 9338
8553 9674
8554 8713
8554 8819
8556 8585
8557 9605
8557 9950
8558 9220
8558 9747
8559 9531
8561 8728
8561 9708
8562 9055
8563 8573
8563 8631
8565 9059
8567 9755
8570 8844
8571 9411
8575 9269
8576 8992
8576 9318
8577 9789
8578 9212
8579 9969
8580 9291
8581 9336
8582 9490
8582 9792
8583 9906
8584 9873
8585 9805
8588 9895
8590 8727
8590 9320
8592 9513
8593 9940
8594 8774
8595 9153
8595 9746
8595 9797
8596 8922
8597 9221
8598 8764
8598 8958
8599 9295
8599 9604
8600 8631
8600 8873
8601 9645
8603 9119
8605 9639
8609 8930
8610 9033
8611 9484
8613 9323
8613 9830
8614 8701
8614 8920
8615 9818
8615 9878
8616 8797
8616 9161
8616 9264
8617 9185
8619 9669
8620 9756
8620 9816
8621 9009
8622 9607
8622 9666
8623 8755
8625 8670
8625 9074
8627 9987
8628 9288
8628 9436
8629 9090
8631 9572
8632 8816
8632 9430
8633 8729
8633 9025
8634 9991
8638 8688
8638 9367
8638 9643
8639 8788
8639 9937
8640 9194
8640 9570
8644 9423
8645 9006
8648 8748
8648 9711
8648 9981
8650 8770
8650 8979
8650 9311
8650 9622
8651 9352
8652 9373
8654 9555
8657 9729
8658 9650
8659 9240
8659 9268
8662 9757
8663 9492
8665 8788
8666 8954
8666 9193
8667 8767
8669 9741
8676 9200
8682 9174
8684 9163
8686 9083
8687 9298
8687 9490
8687 9780
8688 9077
8690 9150
8691 9418
8693 9706
8695 8703
8695 9196
8695 9981
8697 9698
8700 9278
8700 9897
8702 9470
8702 9518
8704 9259
8706 8910
8707 9467
8707 9972
8708 8889
8713 9465
8715 8953
8716 8770
8716 9605
8722 9750
8726 9200
8727 9918
8729 9358
8732 9980
8734 9305
8734 9748
8735 8880
8739 9860
8741 9945
8743 9155
8743 9213
8746 8908
8747 9911
8748 9808
8753 9327
8755 9158
8758 8817
8758 9748
8759 8761
8759 9166
8759 9934
8761 9563
8764 9839
8765 9931
8766 9254
8768 8963
8768 9791
8769 9384
8769 9786
8770 9763
8776 9565
8777 9482
8777 9960
8778 9078
8778 9218
8780 9294
8780 9326
8780 9389
8781 9890
8784 8807
8786 8995
8789 9764
8796 9113
8796 9363
8797 9064
8797 9570
8797 9991
8798 9113
8800 9097
8801 8972
8801 9197
8807 9206
8807 9326
8809 8861
8814 9285
8817 9762
8819 8948
8821 9670
8823 9454
8824 9465
8827 9743
8828 8980
8830 9304
8831 9262
8833 9526
8838 9252
8838 9606
8842 8917
8842 9096
8842 9156
8843 9556
8844 9260
8844 9511
8844 9580
8850 9771
8851 9381
8851 9537
8856 9346
8858 9128
8859 9271
8859 9761
8863 9599
8865 8964
8865 9491
8865 9595
8865 9668
8868 9917
8869 8975
8869 9983
8870 9427
8870 9596
8871 9991
8874 9517
8876 9014
8879 9395
8879 9879
8880 9018
8881 8914
8881 9490
8883 8933
8884 9094
8884 9212
8891 9517
8892 9153
8894 9091
8894 9232
8897 9373
8898 8979
8900 9857
8900 9904
8900 9941
8903 9690
8904 9871
8904 9981
8911 9529
8914 9564
8916 8940
8916 9061
8917 9712
8920 9096
8921 9114
8921 9272
8923 9094
8927 9896
8929 9557
8929 9718
8932 9397
8933 9823
8934 9632
8938 9266
8942 9928
8948 8961
8951 9295
8954 9806
8959 9183
8961 9067
8964 9367
8965 9845
8966 9494
8968 9734
8971 9402
8972 9800
8972 9890
8976 9498
8977 9140
8977 9557
8981 9544
8985 9721
8985 9893
8986 9722
8987 9348
8987 9637
8989 9023
8990 9631
8993 9070
8993 9780
8994 9126
8994 9586
8997 9126
8998 9555
8998 9593
8998 9941
9002 9501
9006 9568
9007 9150
9008 9164
9012 9368
9012 9652
9016 9651
9017 9186
9017 9541
9024 9170
9025 9384
9031 9356
9035 9150
9038 9566
9039 9092
9041 9691
9042 9145
9043 9513
9043 9851
9044 9281
9045 9657
9047 9318
9047 9900
9048 9850
9049 9682
9050 9590
9051 9352
9051 9563
9054 9241
9058 9063
9058 9808
9058 9954
9059 9734
9062 9677
9063 9089
9064 9287
9064 9364
9067 9926
9070 9656
9072 9078
9074 9342
9074 9460
9074 9690
9077 9371
9077 9533
9077 9703
9079 9928
9080 9516
9083 9703
9083 9876
9085 9606
9087 9582
9090 9968
9091 9403
9091 9404
9095 9459
9102 9657
9104 9211
9104 9460
9110 9869
9113 9420
9117 9871
9122 9210
9122 9692
9123 9917
9127 9174
9128 9237
9128 9268
9132 9341
9138 9668
9140 9865
9140 9874
9142 9636
9144 9606
9146 9240
9146 9487
9146 9878
9153 9824
9157 9942
9163 9579
9165 9734
9165 9845
9167 9269
9168 9770
9171 9509
9171 9545
9171 9852
9172 9325
9172 9598
9173 9726
9175 9652
9176 9437
9177 9879
9179 9527
9180 9256
9181 9278
9182 9332
9182 9785
9185 9980
9187 9498
9188 9498
9192 9734
9194 9913
9195 9883
9196 9262
9196 9815
9201 9766
9206 9431
9209 9504
9209 9661
9210 9211
9210 9376
9211 9659
9211 9787
9214 9942
9215 9908
9216 9367
9217 9343
9217 9821
9218 9411
9218 9730
9219 9984
9224 9902
9225 9523
9231 9784
9231 9802
9232 9648
9232 9688
9242 9418
9246 9705
9249 9874
9253 9910
9256 9553
9257 9326
9257 9828
9258 9913
9262 9572
9267 9381
9270 9775
9272 9607
9274 9628
9278 9554
9278 9649
9278 9661
9283 9469
9285 9381
9285 9967
9289 9839
9293 9467
9294 9665
9296 9584
9298 9429
9301 9437
9303 9663
9305 9835
9306 9750
9309 9331
9309 9782
9309 9868
9311 9736
9321 9540
9323 9421
9324 9985
9326 9702
9327 9562
9327 9750
9328 9862
9330 9655
9330 9665
9333 9865
9333 9916
9334 9488
9336 9477
9337 9884
9344 9764
9347 9809
9350 9701
9365 9490
9366 9414
9367 9459
9368 9999
9370 9856
9371 9426
9374 9686
9388 9948
9395 9559
9396 9801
9400 9863
9403 9475
9409 9542
9409 9727
9412 9946
9413 9488
9415 9419
9415 9500
9423 9661
9427 9814
9429 9777
9433 9517
9433 9803
9436 9766
9437 9876
9439 9774
9441 9936
9444 9973
9446 9882
9451 9768
9453 9464
9455 9458
9455 9746
9457 9769
9457 9902
9457 9940
9465 9844
9467 9828
9471 9851
9473 9714
9473 9749
9477 9990
9482 9865
9490 9671
9503 9569
9505 9910
9507 9883
9509 9986
9514 9969
9515 9681
9523 9752
9530 9712
9538 9790
9538 9882
9547 9619
9548 9855
9549 9794
9551 9721
9551 9771
9552 9792
9556 9867
9557 9627
9559 9584
9563 9656
9565 9683
9568 9854
9569 9710
9570 9993
9571 9620
9579 9785
9580 9612
9580 9684
9580 9725
9588 9949
9595 9938
9639 9715
9643 9697
9644 9715
9653 9860
9666 9845
9666 9975
9688 9777
9693 9805
9695 9863
9699 9767
9706 9844
9716 9827
9718 9831
9720 9752
9722 9945
9723 9970
9725 9957
9738 9759
9742 9925
9752 9948
9791 9832
9793 9966
9802 9831
9808 9906
9808 9943
9824 9876
9827 9902
9844 9865
9845 9851
9846 9903
9850 9880
9853 9922
9864 9890
9870 9976
9879 9993
9901 9994
9940 9965
9982 9987
