0 1
0 2
0 3
0 4
0 6
0 8
0 9
0 10
0 11
0 12
0 13
0 14
0 15
0 16
0 17
0 18
0 20
0 22
0 23
0 24
0 26
0 27
0 28
0 30
0 33
0 35
0 36
0 38
0 40
0 42
0 43
0 44
0 45
0 46
0 47
0 48
0 49
0 50
0 51
0 52
0 53
0 55
0 56
0 57
0 59
0 60
0 62
0 63
0 64
0 67
0 68
0 69
0 70
0 71
0 74
0 75
0 76
0 78
0 79
0 80
0 81
0 82
0 83
0 85
0 86
0 88
0 89
0 90
0 91
0 92
0 94
0 95
0 96
0 98
0 101
0 103
0 104
0 105
0 106
0 107
0 108
0 109
0 112
0 113
0 114
0 117
0 118
0 119
0 120
0 122
0 124
0 125
0 126
0 127
0 131
0 132
0 135
0 136
0 137
0 140
0 141
0 142
0 143
0 145
0 146
0 147
0 149
0 150
0 152
0 153
0 154
0 155
0 156
0 157
0 158
0 159
0 160
0 161
0 162
0 163
0 166
0 167
0 168
0 169
0 170
0 172
0 173
0 176
0 177
0 178
0 179
0 180
0 182
0 184
0 185
0 186
0 188
0 189
0 190
0 191
0 192
0 193
0 195
0 197
0 198
0 204
0 205
0 206
0 207
0 208
0 209
0 211
0 213
0 214
0 217
0 219
0 220
0 222
0 223
0 225
0 226
0 227
0 229
0 231
0 232
0 233
0 234
0 235
0 236
0 238
0 239
0 240
0 241
0 242
0 243
0 245
0 247
0 248
0 249
0 252
0 254
0 255
0 258
0 271
0 272
0 281
0 290
0 291
0 298
0 299
0 319
0 320
0 337
0 356
0 359
0 378
0 382
0 387
0 388
0 393
0 406
0 412
0 431
0 432
0 447
0 462
0 469
0 475
0 488
0 489
0 493
0 520
0 526
0 528
0 530
0 545
0 552
0 556
0 557
0 562
0 572
0 588
0 609
0 622
0 624
0 626
0 632
0 638
0 661
0 668
0 681
0 705
0 716
0 719
0 506
0 753
0 758
0 761
0 767
0 768
0 776
0 799
0 820
0 825
0 846
0 848
0 860
0 862
0 877
0 884
0 897
0 938
0 958
0 959
0 967
0 980
0 982
0 986
0 987
0 990
0 998
1 2
1 3
1 5
1 6
1 9
1 10
1 11
1 15
1 16
1 19
1 21
1 22
1 24
1 25
1 27
1 28
1 29
1 30
1 31
1 32
1 34
1 35
1 36
1 37
1 40
1 41
1 42
1 43
1 45
1 46
1 48
1 49
1 50
1 51
1 54
1 56
1 57
1 58
1 59
1 64
1 65
1 66
1 69
1 70
1 71
1 77
1 79
1 84
1 86
1 89
1 91
1 92
1 94
1 95
1 96
1 97
1 100
1 101
1 102
1 104
1 106
1 108
1 110
1 111
1 112
1 114
1 115
1 116
1 117
1 118
1 119
1 121
1 123
1 126
1 127
1 128
1 129
1 130
1 131
1 134
1 135
1 136
1 137
1 138
1 139
1 140
1 142
1 144
1 145
1 146
1 147
1 148
1 149
1 150
1 151
1 152
1 153
1 154
1 155
1 158
1 159
1 160
1 161
1 162
1 165
1 166
1 167
1 168
1 169
1 170
1 172
1 173
1 174
1 175
1 176
1 177
1 178
1 179
1 180
1 183
1 184
1 185
1 187
1 188
1 189
1 191
1 193
1 195
1 198
1 200
1 202
1 205
1 206
1 207
1 208
1 210
1 211
1 212
1 213
1 214
1 215
1 216
1 217
1 218
1 219
1 220
1 222
1 223
1 224
1 225
1 226
1 227
1 229
1 230
1 233
1 234
1 235
1 239
1 241
1 242
1 243
1 244
1 245
1 246
1 247
1 248
1 249
1 270
1 277
1 284
1 296
1 298
1 305
1 316
1 323
1 352
1 365
1 376
1 382
1 386
1 387
1 398
1 401
1 405
1 410
1 414
1 417
1 427
1 430
1 437
1 443
1 516
1 525
1 532
1 534
1 548
1 558
1 585
1 594
1 595
1 604
1 605
1 622
1 641
1 643
1 650
1 655
1 675
1 676
1 677
1 699
1 702
1 703
1 722
1 723
1 732
1 737
1 738
1 741
1 502
1 503
1 759
1 795
1 799
1 803
1 834
1 850
1 857
1 862
1 878
1 880
1 891
1 899
1 904
1 908
1 928
1 945
1 956
1 960
1 974
1 980
2 3
2 4
2 5
2 6
2 7
2 8
2 9
2 10
2 11
2 12
2 13
2 14
2 15
2 16
2 17
2 19
2 22
2 23
2 24
2 25
2 27
2 28
2 30
2 33
2 34
2 35
2 36
2 37
2 38
2 39
2 40
2 42
2 43
2 45
2 48
2 49
2 50
2 51
2 53
2 55
2 56
2 57
2 58
2 61
2 62
2 65
2 66
2 67
2 68
2 69
2 72
2 74
2 77
2 80
2 82
2 83
2 84
2 86
2 89
2 91
2 92
2 93
2 94
2 95
2 97
2 98
2 100
2 103
2 104
2 106
2 108
2 110
2 111
2 112
2 114
2 115
2 116
2 117
2 118
2 119
2 120
2 121
2 123
2 125
2 126
2 127
2 128
2 129
2 130
2 132
2 133
2 134
2 137
2 138
2 139
2 140
2 141
2 142
2 143
2 144
2 145
2 147
2 148
2 149
2 151
2 153
2 154
2 155
2 156
2 157
2 159
2 161
2 162
2 163
2 164
2 165
2 166
2 167
2 169
2 171
2 173
2 174
2 175
2 176
2 179
2 180
2 181
2 184
2 185
2 186
2 187
2 188
2 189
2 190
2 191
2 192
2 193
2 194
2 197
2 198
2 201
2 202
2 204
2 205
2 206
2 209
2 210
2 211
2 213
2 214
2 215
2 216
2 217
2 219
2 220
2 221
2 222
2 223
2 224
2 225
2 226
2 229
2 232
2 233
2 234
2 236
2 237
2 239
2 240
2 241
2 242
2 243
2 244
2 245
2 246
2 248
2 249
2 252
2 254
2 265
2 267
2 287
2 296
2 299
2 304
2 317
2 330
2 335
2 350
2 359
2 374
2 382
2 392
2 414
2 415
2 425
2 427
2 430
2 447
2 474
2 492
2 493
2 523
2 550
2 562
2 587
2 589
2 591
2 593
2 600
2 605
2 614
2 618
2 620
2 647
2 653
2 658
2 663
2 680
2 681
2 688
2 697
2 707
2 708
2 723
2 729
2 732
2 738
2 741
2 742
2 762
2 778
2 784
2 799
2 806
2 812
2 820
2 830
2 839
2 840
2 842
2 845
2 856
2 881
2 892
2 905
2 909
2 910
2 922
2 927
2 946
3 4
3 7
3 8
3 9
3 10
3 12
3 13
3 15
3 16
3 17
3 18
3 19
3 21
3 23
3 24
3 26
3 27
3 28
3 30
3 31
3 32
3 33
3 34
3 35
3 38
3 39
3 41
3 43
3 44
3 47
3 48
3 49
3 51
3 54
3 56
3 58
3 60
3 61
3 62
3 64
3 65
3 66
3 67
3 68
3 69
3 70
3 71
3 72
3 73
3 74
3 75
3 77
3 81
3 82
3 85
3 86
3 87
3 88
3 91
3 92
3 93
3 95
3 96
3 97
3 98
3 100
3 101
3 102
3 106
3 107
3 111
3 112
3 113
3 117
3 118
3 119
3 121
3 122
3 124
3 126
3 127
3 128
3 129
3 130
3 132
3 133
3 135
3 136
3 138
3 139
3 140
3 141
3 142
3 145
3 146
3 147
3 148
3 149
3 150
3 151
3 152
3 154
3 155
3 156
3 157
3 158
3 159
3 161
3 163
3 164
3 165
3 166
3 168
3 169
3 170
3 172
3 174
3 175
3 176
3 177
3 178
3 180
3 182
3 184
3 185
3 186
3 187
3 189
3 190
3 192
3 193
3 194
3 196
3 199
3 201
3 204
3 205
3 207
3 214
3 216
3 217
3 218
3 219
3 220
3 221
3 224
3 225
3 226
3 228
3 230
3 231
3 234
3 235
3 236
3 238
3 239
3 240
3 242
3 243
3 244
3 247
3 249
3 250
3 258
3 266
3 288
3 298
3 327
3 338
3 343
3 366
3 367
3 378
3 379
3 416
3 427
3 437
3 459
3 474
3 476
3 482
3 513
3 544
3 545
3 553
3 569
3 576
3 577
3 601
3 614
3 630
3 669
3 674
3 679
3 680
3 715
3 744
3 746
3 749
3 508
3 762
3 784
3 812
3 818
3 821
3 825
3 840
3 846
3 848
3 869
3 883
3 902
3 904
3 911
3 913
3 926
3 949
3 952
3 997
4 5
4 6
4 7
4 8
4 10
4 11
4 12
4 15
4 16
4 17
4 19
4 20
4 21
4 22
4 24
4 25
4 26
4 27
4 28
4 30
4 31
4 32
4 33
4 35
4 36
4 38
4 39
4 41
4 43
4 44
4 45
4 46
4 47
4 48
4 49
4 51
4 52
4 53
4 54
4 56
4 58
4 60
4 61
4 62
4 64
4 67
4 68
4 70
4 71
4 72
4 73
4 74
4 76
4 77
4 78
4 79
4 80
4 81
4 82
4 83
4 85
4 86
4 87
4 88
4 91
4 94
4 95
4 96
4 97
4 98
4 99
4 100
4 101
4 102
4 103
4 104
4 106
4 108
4 109
4 112
4 113
4 114
4 115
4 116
4 117
4 118
4 123
4 124
4 125
4 126
4 127
4 128
4 129
4 131
4 133
4 138
4 139
4 140
4 143
4 144
4 146
4 147
4 148
4 150
4 151
4 152
4 153
4 154
4 156
4 157
4 158
4 159
4 162
4 163
4 164
4 165
4 166
4 167
4 168
4 169
4 170
4 171
4 172
4 174
4 175
4 176
4 177
4 178
4 179
4 180
4 181
4 182
4 183
4 184
4 185
4 186
4 187
4 188
4 189
4 191
4 192
4 194
4 197
4 199
4 200
4 203
4 204
4 206
4 207
4 208
4 209
4 211
4 214
4 216
4 217
4 218
4 219
4 220
4 221
4 222
4 223
4 224
4 225
4 226
4 228
4 232
4 233
4 234
4 235
4 237
4 238
4 240
4 243
4 245
4 246
4 247
4 249
4 261
4 285
4 298
4 314
4 330
4 346
4 352
4 354
4 362
4 371
4 375
4 391
4 393
4 397
4 401
4 430
4 443
4 458
4 464
4 517
4 548
4 595
4 612
4 617
4 629
4 641
4 643
4 645
4 653
4 660
4 666
4 673
4 690
4 704
4 712
4 718
4 720
4 721
4 739
4 742
4 507
4 751
4 787
4 795
4 802
4 809
4 812
4 822
4 824
4 833
4 839
4 846
4 855
4 867
4 869
4 898
4 913
4 919
4 922
4 926
4 928
4 932
4 940
4 945
4 965
4 982
4 990
4 992
5 6
5 7
5 8
5 9
5 10
5 11
5 12
5 13
5 14
5 15
5 17
5 20
5 21
5 22
5 23
5 26
5 28
5 29
5 30
5 31
5 32
5 33
5 35
5 37
5 38
5 39
5 40
5 41
5 42
5 43
5 44
5 45
5 46
5 47
5 48
5 50
5 51
5 52
5 53
5 54
5 56
5 59
5 60
5 61
5 62
5 64
5 65
5 66
5 68
5 69
5 72
5 75
5 76
5 77
5 78
5 79
5 80
5 81
5 82
5 84
5 85
5 86
5 87
5 89
5 93
5 94
5 96
5 97
5 98
5 102
5 103
5 104
5 105
5 106
5 107
5 108
5 110
5 111
5 112
5 114
5 116
5 119
5 120
5 121
5 122
5 126
5 127
5 128
5 130
5 131
5 134
5 136
5 138
5 139
5 141
5 142
5 143
5 144
5 145
5 146
5 147
5 149
5 150
5 153
5 155
5 156
5 158
5 159
5 161
5 162
5 163
5 164
5 166
5 168
5 169
5 170
5 171
5 172
5 173
5 175
5 176
5 178
5 179
5 180
5 181
5 182
5 183
5 184
5 185
5 186
5 187
5 188
5 190
5 191
5 192
5 194
5 195
5 196
5 197
5 199
5 200
5 202
5 204
5 207
5 208
5 209
5 211
5 213
5 214
5 215
5 217
5 219
5 220
5 221
5 222
5 223
5 225
5 227
5 228
5 230
5 231
5 234
5 235
5 236
5 240
5 242
5 243
5 245
5 248
5 249
5 276
5 307
5 308
5 311
5 316
5 341
5 343
5 373
5 383
5 403
5 427
5 440
5 448
5 450
5 453
5 454
5 460
5 463
5 473
5 478
5 489
5 526
5 534
5 538
5 539
5 550
5 582
5 594
5 598
5 602
5 608
5 609
5 611
5 618
5 620
5 632
5 637
5 644
5 653
5 665
5 670
5 678
5 707
5 715
5 720
5 722
5 739
5 740
5 743
5 508
5 750
5 758
5 796
5 809
5 814
5 816
5 848
5 852
5 890
5 892
5 899
5 911
5 914
5 924
5 935
5 954
5 977
5 984
5 995
6 8
6 9
6 10
6 11
6 12
6 13
6 14
6 15
6 16
6 17
6 19
6 21
6 24
6 25
6 26
6 28
6 30
6 31
6 33
6 34
6 36
6 37
6 38
6 39
6 40
6 42
6 44
6 45
6 46
6 47
6 48
6 49
6 51
6 52
6 53
6 54
6 55
6 56
6 58
6 60
6 61
6 63
6 65
6 66
6 67
6 69
6 70
6 71
6 72
6 77
6 79
6 80
6 81
6 82
6 84
6 85
6 86
6 88
6 89
6 90
6 91
6 94
6 97
6 99
6 100
6 101
6 102
6 105
6 106
6 108
6 110
6 111
6 112
6 113
6 114
6 116
6 120
6 121
6 122
6 123
6 124
6 125
6 126
6 127
6 129
6 130
6 132
6 134
6 136
6 137
6 138
6 139
6 140
6 142
6 143
6 144
6 145
6 146
6 148
6 150
6 151
6 152
6 153
6 154
6 155
6 156
6 157
6 158
6 163
6 164
6 165
6 166
6 167
6 168
6 169
6 170
6 171
6 172
6 173
6 174
6 176
6 177
6 178
6 179
6 181
6 182
6 183
6 184
6 185
6 187
6 189
6 190
6 191
6 192
6 194
6 195
6 196
6 198
6 202
6 203
6 204
6 205
6 206
6 207
6 208
6 210
6 212
6 213
6 215
6 217
6 220
6 221
6 222
6 223
6 224
6 225
6 226
6 227
6 228
6 229
6 230
6 231
6 232
6 235
6 236
6 238
6 240
6 242
6 243
6 245
6 248
6 249
6 259
6 297
6 314
6 319
6 328
6 329
6 332
6 347
6 348
6 355
6 371
6 383
6 385
6 390
6 397
6 399
6 403
6 423
6 454
6 479
6 484
6 517
6 522
6 529
6 537
6 547
6 548
6 553
6 558
6 571
6 572
6 578
6 584
6 594
6 635
6 638
6 641
6 642
6 647
6 675
6 691
6 699
6 718
6 723
6 748
6 751
6 754
6 755
6 757
6 762
6 764
6 766
6 770
6 778
6 791
6 807
6 812
6 839
6 869
6 883
6 895
6 903
6 927
6 932
6 944
6 959
6 963
6 978
6 982
6 990
7 8
7 12
7 14
7 15
7 16
7 17
7 19
7 20
7 21
7 23
7 24
7 25
7 26
7 27
7 28
7 33
7 34
7 35
7 36
7 37
7 38
7 39
7 40
7 42
7 43
7 46
7 47
7 48
7 49
7 50
7 51
7 52
7 54
7 55
7 56
7 58
7 59
7 62
7 63
7 64
7 65
7 70
7 71
7 73
7 74
7 75
7 76
7 77
7 78
7 80
7 81
7 82
7 83
7 84
7 85
7 86
7 87
7 88
7 89
7 91
7 93
7 94
7 96
7 99
7 100
7 102
7 103
7 105
7 106
7 107
7 111
7 113
7 116
7 117
7 122
7 123
7 124
7 126
7 128
7 129
7 132
7 133
7 134
7 135
7 136
7 137
7 138
7 141
7 143
7 147
7 148
7 149
7 150
7 151
7 152
7 153
7 154
7 155
7 158
7 160
7 161
7 162
7 163
7 164
7 165
7 166
7 167
7 170
7 171
7 173
7 174
7 175
7 176
7 177
7 179
7 180
7 181
7 182
7 183
7 184
7 185
7 186
7 189
7 190
7 192
7 193
7 194
7 195
7 196
7 197
7 198
7 199
7 200
7 201
7 202
7 203
7 204
7 205
7 207
7 208
7 209
7 210
7 211
7 214
7 217
7 218
7 219
7 220
7 223
7 225
7 226
7 230
7 231
7 233
7 236
7 237
7 238
7 239
7 240
7 241
7 242
7 243
7 244
7 246
7 247
7 248
7 249
7 252
7 254
7 273
7 282
7 288
7 300
7 303
7 319
7 327
7 339
7 347
7 348
7 366
7 378
7 402
7 422
7 435
7 438
7 455
7 464
7 474
7 476
7 493
7 513
7 523
7 529
7 536
7 548
7 563
7 584
7 587
7 591
7 597
7 610
7 631
7 655
7 664
7 687
7 692
7 708
7 709
7 724
7 740
7 742
7 500
7 501
7 504
7 754
7 757
7 762
7 767
7 769
7 776
7 784
7 799
7 802
7 807
7 815
7 818
7 840
7 844
7 849
7 866
7 872
7 914
7 926
7 931
7 936
7 942
7 945
7 963
7 979
7 988
7 989
8 9
8 10
8 11
8 13
8 14
8 15
8 18
8 20
8 23
8 24
8 25
8 26
8 27
8 29
8 31
8 32
8 33
8 35
8 36
8 37
8 40
8 41
8 42
8 43
8 44
8 45
8 46
8 47
8 48
8 49
8 53
8 54
8 55
8 58
8 60
8 61
8 62
8 63
8 65
8 67
8 71
8 73
8 74
8 75
8 76
8 77
8 80
8 82
8 83
8 84
8 85
8 87
8 90
8 91
8 93
8 95
8 98
8 100
8 101
8 102
8 103
8 105
8 107
8 108
8 109
8 110
8 111
8 112
8 113
8 115
8 118
8 119
8 120
8 121
8 122
8 123
8 125
8 126
8 127
8 128
8 129
8 131
8 132
8 133
8 134
8 137
8 138
8 139
8 141
8 143
8 145
8 146
8 147
8 148
8 151
8 153
8 155
8 157
8 158
8 159
8 160
8 161
8 162
8 163
8 164
8 165
8 166
8 167
8 168
8 169
8 171
8 173
8 176
8 177
8 178
8 179
8 180
8 182
8 183
8 184
8 185
8 186
8 188
8 189
8 191
8 194
8 195
8 196
8 197
8 198
8 199
8 200
8 201
8 203
8 205
8 206
8 207
8 208
8 211
8 212
8 213
8 216
8 217
8 219
8 221
8 224
8 225
8 226
8 227
8 229
8 231
8 233
8 236
8 238
8 239
8 241
8 244
8 246
8 247
8 249
8 259
8 283
8 292
8 302
8 309
8 318
8 337
8 345
8 356
8 375
8 383
8 402
8 430
8 444
8 449
8 457
8 485
8 493
8 514
8 518
8 533
8 534
8 537
8 557
8 567
8 569
8 584
8 605
8 628
8 656
8 662
8 680
8 702
8 729
8 503
8 511
8 764
8 790
8 791
8 792
8 813
8 815
8 822
8 825
8 827
8 828
8 837
8 861
8 871
8 873
8 875
8 882
8 887
8 894
8 912
8 924
8 927
8 929
8 939
8 959
8 965
8 971
8 982
8 986
8 987
8 992
9 10
9 12
9 13
9 14
9 15
9 16
9 19
9 20
9 22
9 24
9 25
9 26
9 27
9 28
9 29
9 30
9 31
9 32
9 33
9 34
9 35
9 36
9 37
9 38
9 39
9 40
9 41
9 42
9 43
9 47
9 48
9 49
9 50
9 51
9 52
9 53
9 54
9 55
9 56
9 57
9 58
9 59
9 60
9 61
9 62
9 63
9 64
9 66
9 67
9 69
9 70
9 74
9 75
9 77
9 78
9 81
9 82
9 83
9 84
9 85
9 86
9 88
9 89
9 90
9 91
9 92
9 93
9 94
9 96
9 98
9 99
9 100
9 103
9 104
9 105
9 106
9 107
9 110
9 112
9 113
9 114
9 116
9 117
9 119
9 121
9 122
9 123
9 125
9 126
9 127
9 128
9 130
9 131
9 134
9 135
9 136
9 137
9 138
9 139
9 140
9 141
9 142
9 144
9 145
9 146
9 147
9 148
9 149
9 151
9 153
9 154
9 155
9 156
9 157
9 158
9 159
9 160
9 161
9 162
9 164
9 166
9 167
9 168
9 170
9 171
9 172
9 173
9 175
9 176
9 177
9 178
9 179
9 180
9 181
9 182
9 183
9 184
9 186
9 189
9 190
9 192
9 193
9 194
9 195
9 197
9 198
9 199
9 200
9 201
9 202
9 204
9 207
9 208
9 209
9 210
9 211
9 212
9 213
9 214
9 215
9 216
9 217
9 218
9 219
9 220
9 221
9 222
9 224
9 225
9 226
9 227
9 228
9 229
9 230
9 231
9 232
9 235
9 236
9 237
9 238
9 240
9 241
9 242
9 244
9 245
9 246
9 247
9 248
9 254
9 301
9 303
9 313
9 316
9 318
9 322
9 330
9 337
9 346
9 402
9 410
9 435
9 461
9 478
9 482
9 516
9 522
9 533
9 534
9 548
9 559
9 580
9 584
9 590
9 624
9 649
9 651
9 694
9 696
9 699
9 710
9 713
9 716
9 730
9 740
9 743
9 744
9 504
9 754
9 766
9 777
9 781
9 783
9 789
9 805
9 807
9 823
9 837
9 838
9 839
9 844
9 880
9 901
9 914
9 919
9 928
9 958
9 963
9 972
9 983
9 998
10 12
10 13
10 14
10 17
10 19
10 21
10 23
10 26
10 28
10 29
10 31
10 34
10 36
10 37
10 39
10 40
10 41
10 42
10 43
10 44
10 45
10 46
10 47
10 48
10 50
10 51
10 54
10 55
10 61
10 63
10 67
10 68
10 69
10 70
10 71
10 72
10 73
10 75
10 76
10 77
10 79
10 81
10 82
10 86
10 87
10 88
10 89
10 90
10 91
10 92
10 93
10 94
10 96
10 97
10 98
10 99
10 100
10 101
10 102
10 103
10 105
10 106
10 108
10 109
10 111
10 112
10 113
10 114
10 115
10 117
10 118
10 119
10 120
10 122
10 123
10 124
10 125
10 126
10 127
10 129
10 130
10 131
10 132
10 133
10 134
10 135
10 138
10 139
10 140
10 141
10 143
10 144
10 146
10 149
10 151
10 152
10 153
10 154
10 155
10 157
10 158
10 159
10 160
10 162
10 163
10 165
10 166
10 168
10 169
10 170
10 171
10 172
10 173
10 174
10 176
10 178
10 179
10 180
10 181
10 183
10 184
10 187
10 188
10 189
10 190
10 191
10 195
10 197
10 198
10 199
10 203
10 204
10 205
10 206
10 207
10 209
10 210
10 211
10 212
10 214
10 215
10 216
10 217
10 218
10 219
10 220
10 222
10 223
10 224
10 226
10 227
10 228
10 231
10 232
10 233
10 234
10 235
10 236
10 239
10 242
10 244
10 247
10 248
10 255
10 265
10 267
10 272
10 274
10 275
10 285
10 288
10 294
10 308
10 312
10 326
10 331
10 341
10 348
10 351
10 355
10 356
10 358
10 367
10 375
10 403
10 411
10 423
10 442
10 464
10 471
10 514
10 522
10 530
10 540
10 553
10 567
10 568
10 587
10 603
10 604
10 611
10 614
10 621
10 644
10 653
10 664
10 673
10 690
10 696
10 697
10 707
10 715
10 723
10 747
10 509
10 752
10 756
10 771
10 796
10 800
10 816
10 823
10 831
10 836
10 837
10 842
10 845
10 849
10 853
10 860
10 861
10 886
10 913
10 917
10 922
10 937
10 938
10 939
10 952
10 963
10 980
10 987
10 992
10 997
11 12
11 15
11 17
11 18
11 20
11 21
11 22
11 23
11 24
11 25
11 26
11 27
11 28
11 29
11 31
11 32
11 33
11 35
11 36
11 37
11 38
11 41
11 44
11 45
11 46
11 48
11 49
11 50
11 51
11 53
11 57
11 58
11 59
11 61
11 62
11 63
11 64
11 65
11 66
11 67
11 68
11 69
11 70
11 72
11 75
11 76
11 77
11 78
11 79
11 83
11 84
11 87
11 88
11 89
11 90
11 91
11 94
11 97
11 99
11 101
11 102
11 103
11 105
11 106
11 107
11 109
11 110
11 111
11 115
11 116
11 117
11 118
11 120
11 121
11 122
11 123
11 124
11 125
11 127
11 128
11 129
11 130
11 131
11 132
11 134
11 135
11 137
11 138
11 139
11 140
11 141
11 142
11 143
11 145
11 146
11 147
11 149
11 150
11 152
11 153
11 156
11 158
11 159
11 160
11 161
11 162
11 164
11 165
11 167
11 168
11 171
11 172
11 173
11 174
11 175
11 177
11 178
11 179
11 180
11 181
11 182
11 183
11 185
11 186
11 187
11 188
11 189
11 190
11 191
11 192
11 193
11 194
11 196
11 197
11 202
11 203
11 204
11 206
11 207
11 208
11 209
11 210
11 213
11 215
11 219
11 220
11 221
11 224
11 226
11 229
11 232
11 233
11 235
11 237
11 240
11 241
11 242
11 245
11 246
11 247
11 248
11 249
11 254
11 267
11 276
11 289
11 292
11 295
11 300
11 304
11 307
11 313
11 332
11 364
11 390
11 393
11 394
11 405
11 417
11 424
11 427
11 449
11 454
11 470
11 479
11 489
11 539
11 547
11 554
11 570
11 590
11 597
11 601
11 602
11 604
11 611
11 614
11 617
11 635
11 636
11 647
11 655
11 656
11 661
11 662
11 663
11 668
11 672
11 681
11 685
11 687
11 709
11 710
11 721
11 722
11 745
11 508
11 761
11 774
11 798
11 813
11 816
11 822
11 844
11 849
11 852
11 856
11 875
11 885
11 893
11 894
11 909
11 911
11 941
11 957
11 967
11 971
11 976
11 979
11 987
11 996
12 13
12 14
12 15
12 17
12 18
12 22
12 23
12 24
12 30
12 32
12 33
12 34
12 35
12 36
12 40
12 41
12 43
12 46
12 47
12 48
12 49
12 50
12 51
12 55
12 58
12 59
12 62
12 63
12 65
12 67
12 69
12 71
12 73
12 75
12 76
12 77
12 78
12 79
12 80
12 81
12 82
12 86
12 87
12 88
12 89
12 90
12 92
12 93
12 94
12 95
12 97
12 98
12 100
12 101
12 102
12 104
12 106
12 107
12 108
12 109
12 110
12 112
12 114
12 115
12 116
12 117
12 118
12 121
12 122
12 123
12 124
12 125
12 127
12 128
12 129
12 130
12 131
12 132
12 133
12 134
12 135
12 136
12 137
12 139
12 140
12 141
12 142
12 143
12 144
12 145
12 147
12 148
12 149
12 150
12 151
12 152
12 153
12 155
12 156
12 157
12 158
12 160
12 161
12 164
12 165
12 167
12 169
12 170
12 173
12 176
12 177
12 178
12 180
12 184
12 185
12 187
12 189
12 191
12 194
12 195
12 196
12 197
12 198
12 199
12 202
12 203
12 204
12 205
12 206
12 207
12 211
12 212
12 213
12 214
12 215
12 216
12 217
12 218
12 219
12 220
12 221
12 222
12 223
12 224
12 225
12 227
12 228
12 232
12 234
12 235
12 236
12 237
12 238
12 240
12 242
12 244
12 245
12 246
12 247
12 248
12 253
12 254
12 270
12 284
12 295
12 299
12 309
12 321
12 329
12 331
12 387
12 389
12 391
12 412
12 415
12 428
12 436
12 444
12 449
12 468
12 471
12 512
12 533
12 545
12 548
12 560
12 570
12 582
12 591
12 606
12 607
12 608
12 616
12 617
12 625
12 627
12 631
12 654
12 656
12 728
12 737
12 742
12 504
12 505
12 510
12 754
12 765
12 836
12 839
12 855
12 858
12 865
12 866
12 871
12 873
12 883
12 910
12 925
12 927
12 942
12 943
12 969
12 986
13 18
13 19
13 20
13 21
13 22
13 25
13 26
13 29
13 30
13 33
13 35
13 36
13 37
13 38
13 39
13 40
13 41
13 43
13 44
13 45
13 48
13 49
13 50
13 51
13 52
13 55
13 56
13 57
13 58
13 59
13 62
13 64
13 65
13 66
13 67
13 69
13 71
13 72
13 73
13 74
13 75
13 76
13 77
13 79
13 80
13 81
13 82
13 84
13 85
13 86
13 87
13 88
13 89
13 91
13 93
13 96
13 97
13 102
13 103
13 104
13 106
13 108
13 109
13 110
13 111
13 113
13 114
13 116
13 117
13 120
13 121
13 125
13 126
13 127
13 128
13 131
13 132
13 133
13 134
13 135
13 137
13 139
13 140
13 141
13 143
13 145
13 147
13 149
13 151
13 152
13 153
13 155
13 156
13 157
13 158
13 160
13 161
13 164
13 165
13 166
13 167
13 168
13 169
13 171
13 173
13 175
13 176
13 177
13 178
13 180
13 181
13 182
13 183
13 184
13 185
13 187
13 188
13 189
13 190
13 191
13 192
13 193
13 194
13 195
13 196
13 198
13 199
13 201
13 202
13 205
13 207
13 208
13 211
13 212
13 214
13 216
13 217
13 218
13 219
13 220
13 222
13 223
13 224
13 226
13 227
13 228
13 229
13 230
13 231
13 232
13 233
13 234
13 235
13 236
13 237
13 238
13 239
13 240
13 241
13 242
13 244
13 246
13 247
13 248
13 249
13 265
13 266
13 279
13 306
13 308
13 319
13 323
13 328
13 334
13 338
13 341
13 343
13 344
13 349
13 355
13 363
13 371
13 373
13 379
13 389
13 411
13 421
13 429
13 461
13 466
13 473
13 476
13 477
13 480
13 494
13 497
13 516
13 524
13 526
13 542
13 589
13 609
13 610
13 633
13 640
13 642
13 665
13 699
13 721
13 726
13 508
13 750
13 763
13 764
13 767
13 790
13 798
13 813
13 818
13 826
13 830
13 835
13 842
13 845
13 848
13 866
13 870
13 875
13 884
13 890
13 915
13 922
13 926
13 930
13 933
13 941
13 968
13 978
13 991
13 992
14 15
14 16
14 17
14 18
14 20
14 21
14 22
14 23
14 25
14 26
14 27
14 30
14 31
14 32
14 33
14 35
14 36
14 37
14 39
14 40
14 41
14 42
14 43
14 44
14 46
14 48
14 50
14 52
14 53
14 54
14 55
14 56
14 58
14 60
14 61
14 63
14 64
14 67
14 69
14 70
14 71
14 73
14 74
14 75
14 77
14 78
14 79
14 80
14 81
14 82
14 85
14 87
14 88
14 89
14 90
14 91
14 93
14 95
14 96
14 98
14 99
14 100
14 102
14 103
14 104
14 105
14 106
14 107
14 109
14 111
14 112
14 113
14 117
14 118
14 119
14 121
14 122
14 123
14 124
14 125
14 126
14 128
14 130
14 131
14 132
14 133
14 134
14 135
14 136
14 137
14 138
14 139
14 140
14 141
14 142
14 143
14 144
14 146
14 147
14 148
14 149
14 150
14 151
14 152
14 153
14 155
14 157
14 158
14 161
14 162
14 164
14 165
14 166
14 169
14 170
14 171
14 173
14 174
14 177
14 178
14 181
14 183
14 184
14 186
14 187
14 188
14 189
14 192
14 193
14 195
14 196
14 198
14 199
14 200
14 202
14 203
14 207
14 210
14 211
14 212
14 215
14 220
14 221
14 222
14 223
14 224
14 225
14 227
14 229
14 230
14 231
14 232
14 233
14 234
14 235
14 236
14 237
14 240
14 243
14 244
14 245
14 246
14 247
14 249
14 273
14 301
14 312
14 322
14 324
14 348
14 358
14 361
14 377
14 381
14 406
14 412
14 413
14 423
14 428
14 462
14 467
14 469
14 473
14 530
14 550
14 565
14 580
14 603
14 604
14 609
14 614
14 622
14 656
14 670
14 681
14 687
14 697
14 699
14 712
14 746
14 502
14 506
14 508
14 509
14 510
14 776
14 783
14 796
14 820
14 830
14 865
14 869
14 896
14 900
14 918
14 927
14 934
14 950
14 952
14 963
14 968
14 969
14 971
14 979
14 993
14 996
15 16
15 17
15 19
15 20
15 22
15 24
15 29
15 30
15 33
15 34
15 36
15 39
15 40
15 41
15 42
15 43
15 49
15 51
15 52
15 55
15 56
15 57
15 58
15 59
15 60
15 61
15 62
15 63
15 64
15 65
15 66
15 67
15 69
15 70
15 71
15 72
15 74
15 75
15 76
15 77
15 78
15 80
15 81
15 82
15 83
15 84
15 85
15 86
15 87
15 88
15 89
15 90
15 91
15 92
15 94
15 98
15 99
15 100
15 102
15 103
15 105
15 106
15 109
15 110
15 111
15 114
15 116
15 117
15 119
15 120
15 122
15 124
15 125
15 126
15 127
15 130
15 131
15 132
15 136
15 139
15 140
15 141
15 142
15 143
15 145
15 146
15 147
15 148
15 149
15 150
15 151
15 152
15 153
15 154
15 155
15 156
15 158
15 160
15 162
15 164
15 165
15 167
15 168
15 169
15 170
15 171
15 172
15 173
15 175
15 177
15 178
15 182
15 184
15 185
15 186
15 187
15 188
15 189
15 191
15 194
15 195
15 196
15 197
15 198
15 199
15 201
15 202
15 208
15 209
15 210
15 211
15 212
15 214
15 215
15 216
15 217
15 218
15 219
15 221
15 222
15 223
15 224
15 225
15 226
15 227
15 228
15 229
15 230
15 231
15 232
15 234
15 236
15 239
15 240
15 241
15 242
15 243
15 244
15 247
15 248
15 249
15 253
15 263
15 267
15 272
15 273
15 275
15 277
15 278
15 289
15 305
15 307
15 315
15 319
15 321
15 322
15 324
15 372
15 385
15 402
15 444
15 450
15 455
15 464
15 469
15 473
15 481
15 487
15 489
15 498
15 522
15 542
15 551
15 579
15 581
15 589
15 591
15 610
15 622
15 642
15 644
15 660
15 663
15 680
15 681
15 685
15 687
15 689
15 703
15 704
15 715
15 727
15 736
15 744
15 507
15 510
15 752
15 760
15 770
15 783
15 803
15 815
15 816
15 819
15 831
15 852
15 868
15 881
15 883
15 886
15 892
15 895
15 904
15 914
15 916
15 919
15 920
15 937
15 952
15 956
15 963
15 972
15 980
15 983
15 994
15 996
16 18
16 19
16 20
16 21
16 22
16 23
16 24
16 25
16 27
16 28
16 30
16 32
16 33
16 36
16 37
16 38
16 39
16 40
16 41
16 44
16 45
16 46
16 47
16 48
16 50
16 53
16 54
16 55
16 56
16 57
16 58
16 59
16 60
16 62
16 63
16 64
16 65
16 67
16 69
16 72
16 73
16 74
16 75
16 76
16 77
16 79
16 80
16 82
16 83
16 85
16 86
16 87
16 88
16 89
16 90
16 91
16 92
16 93
16 94
16 95
16 97
16 98
16 101
16 102
16 103
16 104
16 106
16 107
16 108
16 109
16 110
16 111
16 112
16 113
16 114
16 115
16 117
16 118
16 119
16 121
16 122
16 123
16 124
16 127
16 129
16 132
16 133
16 134
16 136
16 137
16 138
16 139
16 140
16 141
16 142
16 144
16 145
16 146
16 147
16 148
16 149
16 150
16 152
16 153
16 154
16 155
16 156
16 160
16 161
16 162
16 163
16 164
16 165
16 168
16 169
16 172
16 173
16 174
16 175
16 176
16 178
16 180
16 181
16 184
16 185
16 186
16 187
16 188
16 189
16 190
16 191
16 192
16 193
16 195
16 196
16 197
16 198
16 200
16 202
16 203
16 204
16 205
16 206
16 207
16 211
16 213
16 214
16 215
16 216
16 217
16 218
16 219
16 220
16 222
16 224
16 225
16 226
16 228
16 229
16 230
16 231
16 232
16 233
16 235
16 236
16 238
16 241
16 242
16 243
16 244
16 246
16 247
16 248
16 249
16 251
16 252
16 254
16 258
16 261
16 263
16 289
16 295
16 302
16 304
16 307
16 342
16 347
16 348
16 363
16 365
16 371
16 397
16 410
16 416
16 418
16 444
16 452
16 481
16 497
16 529
16 543
16 545
16 550
16 552
16 554
16 574
16 599
16 624
16 625
16 638
16 666
16 673
16 674
16 679
16 690
16 695
16 706
16 725
16 738
16 742
16 501
16 787
16 790
16 796
16 797
16 800
16 801
16 815
16 823
16 828
16 839
16 848
16 860
16 861
16 878
16 907
16 913
16 921
16 932
16 934
16 941
16 950
16 957
16 961
16 977
16 981
16 984
16 986
17 18
17 19
17 20
17 21
17 22
17 23
17 26
17 27
17 28
17 29
17 31
17 32
17 33
17 36
17 38
17 39
17 40
17 42
17 43
17 44
17 45
17 46
17 47
17 53
17 54
17 56
17 60
17 61
17 62
17 63
17 64
17 65
17 66
17 68
17 69
17 70
17 72
17 73
17 75
17 76
17 77
17 79
17 81
17 82
17 84
17 86
17 88
17 89
17 92
17 93
17 94
17 95
17 96
17 97
17 99
17 100
17 101
17 103
17 104
17 105
17 106
17 107
17 111
17 114
17 115
17 116
17 117
17 119
17 120
17 121
17 122
17 123
17 124
17 126
17 127
17 128
17 129
17 130
17 131
17 132
17 133
17 134
17 135
17 136
17 137
17 138
17 139
17 140
17 141
17 143
17 145
17 146
17 147
17 148
17 149
17 150
17 151
17 152
17 153
17 154
17 155
17 157
17 159
17 160
17 163
17 166
17 167
17 168
17 169
17 170
17 171
17 173
17 174
17 175
17 176
17 177
17 178
17 180
17 181
17 182
17 185
17 186
17 187
17 188
17 190
17 191
17 192
17 195
17 196
17 197
17 198
17 199
17 201
17 202
17 203
17 205
17 206
17 207
17 208
17 209
17 210
17 211
17 212
17 213
17 215
17 216
17 218
17 219
17 220
17 222
17 225
17 226
17 227
17 228
17 230
17 231
17 232
17 234
17 235
17 236
17 237
17 239
17 240
17 241
17 242
17 243
17 245
17 246
17 248
17 249
17 266
17 270
17 274
17 281
17 292
17 294
17 298
17 302
17 310
17 312
17 314
17 317
17 341
17 345
17 353
17 357
17 364
17 366
17 388
17 394
17 403
17 408
17 411
17 412
17 424
17 458
17 465
17 481
17 492
17 497
17 520
17 522
17 529
17 538
17 549
17 552
17 566
17 567
17 570
17 583
17 586
17 631
17 664
17 675
17 677
17 699
17 703
17 718
17 719
17 720
17 742
17 507
17 511
17 779
17 780
17 784
17 792
17 795
17 797
17 815
17 823
17 836
17 850
17 856
17 857
17 876
17 878
17 886
17 888
17 898
17 902
17 916
17 921
17 926
17 939
17 975
17 977
17 982
17 986
17 988
18 20
18 21
18 22
18 24
18 25
18 26
18 27
18 28
18 29
18 30
18 31
18 32
18 33
18 34
18 36
18 37
18 38
18 39
18 40
18 43
18 44
18 45
18 48
18 49
18 50
18 51
18 52
18 53
18 54
18 55
18 56
18 57
18 58
18 60
18 61
18 62
18 63
18 64
18 68
18 69
18 72
18 74
18 75
18 76
18 77
18 78
18 79
18 80
18 81
18 82
18 83
18 84
18 85
18 86
18 89
18 90
18 91
18 92
18 93
18 96
18 98
18 101
18 103
18 104
18 105
18 109
18 111
18 113
18 115
18 116
18 118
18 120
18 121
18 122
18 123
18 124
18 125
18 127
18 128
18 129
18 130
18 133
18 134
18 135
18 136
18 137
18 138
18 139
18 141
18 142
18 144
18 145
18 146
18 147
18 148
18 149
18 150
18 153
18 154
18 155
18 158
18 159
18 164
18 165
18 166
18 167
18 168
18 170
18 171
18 172
18 173
18 174
18 175
18 176
18 178
18 181
18 182
18 183
18 184
18 185
18 186
18 187
18 188
18 189
18 190
18 191
18 194
18 196
18 197
18 198
18 199
18 200
18 201
18 202
18 203
18 204
18 205
18 206
18 207
18 209
18 211
18 212
18 213
18 214
18 216
18 217
18 219
18 220
18 221
18 222
18 224
18 225
18 227
18 229
18 230
18 232
18 233
18 236
18 237
18 238
18 239
18 242
18 244
18 245
18 246
18 247
18 248
18 249
18 256
18 259
18 263
18 264
18 266
18 285
18 295
18 297
18 299
18 300
18 310
18 324
18 325
18 327
18 328
18 332
18 335
18 338
18 341
18 346
18 356
18 385
18 395
18 404
18 407
18 409
18 413
18 422
18 430
18 440
18 461
18 481
18 516
18 519
18 522
18 527
18 530
18 573
18 580
18 585
18 589
18 594
18 600
18 606
18 610
18 621
18 624
18 652
18 658
18 661
18 676
18 717
18 739
18 743
18 748
18 749
18 504
18 511
18 752
18 763
18 776
18 778
18 781
18 808
18 813
18 814
18 827
18 829
18 832
18 844
18 853
18 860
18 864
18 866
18 871
18 872
18 877
18 907
18 911
18 920
18 922
18 924
18 925
18 942
18 960
18 968
18 976
18 997
19 21
19 22
19 23
19 24
19 25
19 26
19 28
19 29
19 30
19 31
19 32
19 34
19 35
19 36
19 38
19 39
19 41
19 43
19 44
19 45
19 48
19 50
19 51
19 54
19 55
19 57
19 58
19 59
19 61
19 63
19 64
19 65
19 66
19 68
19 69
19 70
19 71
19 72
19 73
19 74
19 76
19 77
19 82
19 84
19 85
19 87
19 88
19 90
19 91
19 92
19 94
19 96
19 99
19 100
19 101
19 102
19 104
19 105
19 106
19 107
19 108
19 109
19 110
19 111
19 113
19 114
19 115
19 116
19 117
19 118
19 119
19 120
19 121
19 122
19 123
19 124
19 125
19 126
19 128
19 129
19 130
19 131
19 132
19 133
19 134
19 136
19 137
19 139
19 141
19 142
19 143
19 144
19 145
19 146
19 147
19 148
19 150
19 152
19 153
19 154
19 156
19 157
19 160
19 161
19 166
19 167
19 168
19 169
19 170
19 171
19 172
19 173
19 174
19 175
19 176
19 178
19 179
19 180
19 181
19 182
19 183
19 184
19 185
19 187
19 188
19 189
19 190
19 191
19 192
19 194
19 196
19 198
19 199
19 200
19 202
19 203
19 205
19 206
19 207
19 208
19 210
19 211
19 212
19 213
19 214
19 215
19 216
19 217
19 218
19 219
19 221
19 223
19 227
19 228
19 229
19 230
19 232
19 233
19 234
19 236
19 237
19 238
19 239
19 240
19 243
19 244
19 245
19 246
19 247
19 252
19 256
19 269
19 277
19 278
19 285
19 290
19 300
19 301
19 302
19 306
19 307
19 312
19 324
19 330
19 340
19 345
19 351
19 354
19 371
19 390
19 422
19 446
19 462
19 466
19 468
19 477
19 483
19 513
19 527
19 540
19 555
19 556
19 558
19 560
19 568
19 576
19 581
19 613
19 617
19 624
19 634
19 636
19 646
19 660
19 664
19 666
19 673
19 675
19 704
19 705
19 708
19 723
19 511
19 755
19 763
19 770
19 771
19 795
19 797
19 817
19 819
19 837
19 840
19 855
19 856
19 858
19 872
19 879
19 886
19 913
19 951
19 956
19 971
19 996
20 21
20 23
20 24
20 27
20 30
20 31
20 33
20 34
20 39
20 40
20 41
20 45
20 47
20 48
20 50
20 51
20 52
20 53
20 54
20 55
20 56
20 57
20 58
20 59
20 60
20 62
20 64
20 65
20 66
20 67
20 69
20 70
20 71
20 75
20 79
20 80
20 81
20 82
20 83
20 84
20 86
20 87
20 88
20 90
20 91
20 94
20 95
20 97
20 99
20 100
20 102
20 103
20 104
20 105
20 106
20 107
20 108
20 110
20 111
20 112
20 113
20 114
20 115
20 117
20 119
20 122
20 123
20 124
20 125
20 126
20 127
20 129
20 130
20 131
20 132
20 136
20 137
20 138
20 139
20 140
20 141
20 143
20 145
20 146
20 149
20 150
20 151
20 153
20 155
20 156
20 158
20 159
20 160
20 161
20 162
20 163
20 164
20 165
20 167
20 168
20 170
20 171
20 172
20 173
20 174
20 175
20 176
20 177
20 178
20 179
20 181
20 182
20 183
20 184
20 186
20 188
20 190
20 191
20 192
20 193
20 194
20 195
20 196
20 198
20 199
20 200
20 202
20 203
20 204
20 205
20 206
20 207
20 208
20 209
20 210
20 211
20 212
20 213
20 214
20 215
20 216
20 217
20 219
20 221
20 222
20 225
20 226
20 227
20 228
20 230
20 231
20 232
20 233
20 234
20 235
20 236
20 237
20 240
20 241
20 242
20 243
20 247
20 248
20 249
20 252
20 255
20 276
20 299
20 308
20 314
20 330
20 340
20 344
20 359
20 384
20 387
20 394
20 409
20 420
20 429
20 449
20 452
20 456
20 464
20 478
20 489
20 512
20 533
20 544
20 553
20 559
20 567
20 572
20 575
20 585
20 591
20 602
20 605
20 606
20 639
20 649
20 650
20 668
20 694
20 707
20 710
20 719
20 726
20 735
20 501
20 503
20 508
20 510
20 750
20 771
20 780
20 782
20 786
20 795
20 807
20 811
20 820
20 824
20 831
20 837
20 840
20 847
20 848
20 865
20 868
20 875
20 892
20 900
20 901
20 906
20 926
20 933
20 938
20 940
20 946
20 954
20 955
20 963
20 972
20 980
20 985
20 992
20 998
21 22
21 23
21 24
21 25
21 27
21 28
21 29
21 30
21 31
21 32
21 34
21 35
21 36
21 37
21 38
21 39
21 42
21 43
21 44
21 46
21 47
21 49
21 52
21 54
21 55
21 56
21 57
21 60
21 62
21 63
21 65
21 67
21 68
21 69
21 73
21 74
21 75
21 76
21 77
21 78
21 80
21 81
21 82
21 86
21 87
21 88
21 89
21 90
21 93
21 95
21 99
21 100
21 102
21 104
21 105
21 107
21 108
21 109
21 110
21 111
21 112
21 113
21 114
21 115
21 116
21 118
21 119
21 120
21 121
21 122
21 123
21 124
21 125
21 126
21 127
21 128
21 129
21 130
21 131
21 132
21 134
21 135
21 136
21 137
21 138
21 139
21 140
21 141
21 142
21 143
21 144
21 145
21 146
21 147
21 148
21 150
21 151
21 152
21 155
21 156
21 159
21 160
21 163
21 164
21 165
21 167
21 168
21 169
21 171
21 173
21 174
21 175
21 178
21 179
21 180
21 181
21 182
21 183
21 185
21 186
21 187
21 190
21 191
21 193
21 194
21 195
21 196
21 197
21 199
21 200
21 202
21 204
21 206
21 207
21 208
21 209
21 211
21 212
21 213
21 214
21 215
21 217
21 219
21 220
21 223
21 224
21 225
21 226
21 230
21 231
21 232
21 233
21 234
21 235
21 236
21 237
21 238
21 239
21 240
21 242
21 244
21 246
21 247
21 248
21 250
21 259
21 276
21 295
21 299
21 302
21 303
21 317
21 324
21 345
21 351
21 360
21 362
21 368
21 380
21 390
21 398
21 404
21 422
21 442
21 448
21 472
21 477
21 484
21 495
21 496
21 499
21 522
21 531
21 536
21 559
21 570
21 583
21 585
21 589
21 590
21 595
21 596
21 606
21 609
21 616
21 618
21 623
21 630
21 636
21 639
21 643
21 652
21 655
21 678
21 698
21 699
21 701
21 709
21 715
21 720
21 722
21 741
21 743
21 511
21 756
21 775
21 783
21 793
21 810
21 811
21 812
21 817
21 845
21 846
21 849
21 865
21 868
21 883
21 891
21 905
21 918
21 919
21 926
21 928
21 931
21 932
21 943
21 954
21 955
21 957
21 958
21 964
21 966
21 977
21 985
21 988
21 989
21 997
22 23
22 24
22 25
22 26
22 27
22 28
22 31
22 34
22 36
22 37
22 38
22 39
22 40
22 41
22 42
22 43
22 44
22 47
22 49
22 50
22 51
22 52
22 54
22 55
22 57
22 58
22 59
22 60
22 62
22 63
22 64
22 65
22 66
22 67
22 68
22 69
22 70
22 71
22 73
22 74
22 75
22 76
22 77
22 79
22 81
22 82
22 83
22 84
22 89
22 90
22 92
22 93
22 96
22 97
22 99
22 100
22 101
22 103
22 104
22 105
22 107
22 110
22 111
22 115
22 116
22 117
22 118
22 119
22 122
22 123
22 124
22 125
22 127
22 128
22 129
22 131
22 132
22 133
22 134
22 135
22 136
22 138
22 140
22 143
22 144
22 145
22 147
22 148
22 151
22 152
22 153
22 154
22 156
22 157
22 159
22 160
22 161
22 162
22 165
22 166
22 168
22 169
22 171
22 173
22 174
22 176
22 177
22 179
22 181
22 184
22 185
22 186
22 187
22 188
22 192
22 193
22 194
22 195
22 196
22 197
22 198
22 200
22 201
22 202
22 203
22 204
22 205
22 206
22 207
22 208
22 210
22 213
22 215
22 217
22 218
22 220
22 223
22 224
22 225
22 227
22 229
22 230
22 233
22 234
22 235
22 237
22 238
22 239
22 241
22 242
22 243
22 245
22 246
22 247
22 248
22 255
22 268
22 272
22 274
22 284
22 287
22 292
22 303
22 304
22 308
22 315
22 322
22 324
22 349
22 361
22 386
22 406
22 418
22 430
22 441
22 451
22 458
22 462
22 488
22 499
22 525
22 549
22 560
22 567
22 586
22 644
22 648
22 650
22 657
22 668
22 671
22 680
22 689
22 693
22 697
22 698
22 711
22 727
22 730
22 737
22 741
22 507
22 782
22 790
22 795
22 796
22 801
22 803
22 824
22 847
22 849
22 850
22 862
22 876
22 892
22 901
22 913
22 923
22 924
22 926
22 927
22 941
22 945
22 948
22 952
22 969
22 972
23 24
23 25
23 28
23 29
23 30
23 31
23 32
23 34
23 35
23 37
23 38
23 41
23 42
23 44
23 45
23 49
23 50
23 53
23 54
23 56
23 57
23 58
23 59
23 61
23 62
23 64
23 65
23 67
23 68
23 69
23 70
23 71
23 72
23 74
23 75
23 76
23 77
23 79
23 80
23 82
23 83
23 84
23 85
23 86
23 87
23 89
23 91
23 92
23 94
23 95
23 97
23 98
23 99
23 101
23 102
23 104
23 105
23 106
23 107
23 109
23 111
23 112
23 113
23 114
23 116
23 117
23 118
23 120
23 121
23 123
23 125
23 128
23 129
23 131
23 132
23 136
23 137
23 138
23 139
23 140
23 141
23 142
23 143
23 145
23 146
23 148
23 150
23 151
23 152
23 153
23 154
23 155
23 157
23 160
23 161
23 162
23 163
23 164
23 166
23 167
23 168
23 169
23 171
23 173
23 174
23 175
23 176
23 177
23 178
23 179
23 181
23 182
23 184
23 185
23 186
23 188
23 190
23 191
23 192
23 193
23 194
23 195
23 196
23 197
23 200
23 203
23 205
23 206
23 209
23 210
23 211
23 212
23 213
23 215
23 216
23 219
23 220
23 221
23 222
23 224
23 226
23 227
23 228
23 230
23 232
23 233
23 234
23 235
23 236
23 238
23 239
23 240
23 242
23 244
23 245
23 246
23 249
23 259
23 261
23 280
23 281
23 299
23 304
23 311
23 314
23 330
23 335
23 337
23 345
23 355
23 364
23 366
23 379
23 395
23 417
23 423
23 425
23 428
23 429
23 432
23 438
23 449
23 458
23 461
23 476
23 477
23 482
23 495
23 498
23 523
23 528
23 542
23 549
23 562
23 563
23 585
23 587
23 591
23 634
23 648
23 680
23 685
23 687
23 700
23 710
23 717
23 743
23 747
23 509
23 755
23 773
23 774
23 778
23 786
23 789
23 794
23 806
23 812
23 817
23 819
23 822
23 825
23 833
23 847
23 851
23 858
23 868
23 874
23 878
23 888
23 904
23 935
23 937
23 940
23 955
23 967
23 976
23 977
23 993
24 26
24 28
24 30
24 33
24 34
24 35
24 37
24 38
24 39
24 40
24 42
24 43
24 45
24 46
24 47
24 50
24 51
24 52
24 53
24 56
24 57
24 58
24 59
24 60
24 61
24 65
24 66
24 69
24 71
24 72
24 73
24 75
24 77
24 78
24 79
24 80
24 82
24 85
24 88
24 90
24 92
24 93
24 94
24 95
24 96
24 97
24 98
24 100
24 102
24 103
24 104
24 106
24 108
24 110
24 111
24 112
24 113
24 114
24 115
24 116
24 117
24 118
24 119
24 121
24 122
24 123
24 124
24 129
24 131
24 132
24 134
24 136
24 137
24 138
24 139
24 141
24 142
24 143
24 145
24 146
24 147
24 148
24 149
24 150
24 151
24 153
24 155
24 156
24 157
24 158
24 159
24 160
24 161
24 163
24 164
24 165
24 167
24 168
24 169
24 172
24 173
24 174
24 175
24 178
24 181
24 182
24 183
24 184
24 185
24 186
24 187
24 188
24 189
24 190
24 191
24 192
24 193
24 194
24 195
24 196
24 197
24 199
24 200
24 201
24 202
24 203
24 204
24 207
24 209
24 210
24 213
24 214
24 215
24 217
24 218
24 221
24 222
24 223
24 224
24 226
24 227
24 228
24 229
24 230
24 231
24 233
24 234
24 235
24 236
24 237
24 238
24 239
24 240
24 241
24 242
24 245
24 246
24 248
24 249
24 275
24 279
24 319
24 338
24 345
24 348
24 356
24 361
24 371
24 373
24 391
24 392
24 455
24 457
24 460
24 467
24 469
24 474
24 479
24 480
24 485
24 520
24 521
24 525
24 526
24 545
24 546
24 549
24 564
24 566
24 571
24 572
24 574
24 580
24 590
24 592
24 596
24 603
24 608
24 609
24 614
24 623
24 627
24 644
24 659
24 665
24 673
24 688
24 692
24 714
24 715
24 718
24 744
24 500
24 752
24 760
24 767
24 771
24 772
24 786
24 793
24 807
24 812
24 814
24 815
24 827
24 839
24 845
24 847
24 881
24 890
24 891
24 894
24 897
24 899
24 902
24 908
24 913
24 923
24 927
24 963
24 982
24 983
24 995
25 26
25 27
25 30
25 32
25 35
25 38
25 40
25 41
25 42
25 43
25 44
25 47
25 50
25 51
25 53
25 54
25 57
25 58
25 59
25 60
25 61
25 64
25 65
25 66
25 67
25 68
25 69
25 72
25 73
25 75
25 76
25 77
25 78
25 79
25 80
25 82
25 84
25 85
25 87
25 88
25 89
25 90
25 91
25 92
25 94
25 95
25 96
25 98
25 99
25 100
25 101
25 103
25 104
25 105
25 107
25 109
25 110
25 112
25 115
25 116
25 117
25 118
25 119
25 120
25 122
25 123
25 124
25 125
25 126
25 128
25 129
25 130
25 131
25 133
25 135
25 136
25 137
25 139
25 140
25 141
25 144
25 145
25 146
25 149
25 151
25 153
25 155
25 157
25 158
25 159
25 160
25 161
25 162
25 164
25 167
25 168
25 170
25 171
25 172
25 173
25 174
25 175
25 179
25 181
25 182
25 183
25 187
25 188
25 189
25 191
25 192
25 193
25 194
25 195
25 196
25 197
25 198
25 200
25 202
25 203
25 204
25 206
25 207
25 208
25 210
25 211
25 212
25 213
25 214
25 215
25 217
25 218
25 219
25 222
25 223
25 224
25 225
25 226
25 227
25 228
25 230
25 231
25 232
25 234
25 235
25 237
25 238
25 239
25 241
25 242
25 243
25 244
25 245
25 246
25 247
25 248
25 249
25 250
25 268
25 270
25 275
25 289
25 297
25 298
25 313
25 325
25 332
25 337
25 359
25 370
25 377
25 379
25 391
25 401
25 429
25 452
25 453
25 462
25 464
25 466
25 484
25 524
25 535
25 557
25 559
25 584
25 589
25 618
25 652
25 663
25 673
25 676
25 706
25 708
25 717
25 723
25 724
25 726
25 728
25 732
25 734
25 501
25 750
25 752
25 755
25 778
25 780
25 793
25 806
25 821
25 824
25 829
25 858
25 863
25 870
25 872
25 899
25 905
25 920
25 927
25 929
25 952
25 953
25 968
25 986
25 991
25 998
26 29
26 31
26 32
26 34
26 37
26 39
26 40
26 42
26 43
26 44
26 45
26 46
26 47
26 48
26 50
26 51
26 52
26 53
26 54
26 55
26 56
26 57
26 58
26 60
26 61
26 62
26 63
26 64
26 65
26 69
26 70
26 71
26 72
26 73
26 75
26 77
26 78
26 80
26 81
26 82
26 83
26 84
26 85
26 87
26 89
26 90
26 92
26 93
26 94
26 95
26 96
26 97
26 98
26 100
26 101
26 102
26 104
26 105
26 107
26 108
26 109
26 111
26 113
26 115
26 116
26 117
26 118
26 119
26 120
26 121
26 122
26 123
26 125
26 126
26 127
26 128
26 129
26 130
26 132
26 134
26 135
26 136
26 138
26 139
26 140
26 142
26 143
26 144
26 145
26 147
26 148
26 149
26 150
26 151
26 155
26 156
26 157
26 159
26 160
26 162
26 164
26 165
26 166
26 168
26 169
26 171
26 172
26 174
26 175
26 176
26 177
26 178
26 179
26 181
26 182
26 185
26 186
26 189
26 191
26 192
26 194
26 195
26 196
26 197
26 198
26 199
26 200
26 201
26 202
26 203
26 204
26 206
26 207
26 208
26 210
26 211
26 212
26 213
26 214
26 215
26 216
26 218
26 219
26 220
26 221
26 222
26 223
26 224
26 225
26 227
26 228
26 231
26 232
26 234
26 235
26 238
26 239
26 240
26 241
26 244
26 245
26 248
26 250
26 252
26 263
26 274
26 283
26 301
26 302
26 303
26 305
26 316
26 330
26 339
26 343
26 360
26 364
26 370
26 423
26 425
26 449
26 457
26 461
26 475
26 485
26 486
26 487
26 490
26 491
26 493
26 520
26 523
26 540
26 542
26 543
26 549
26 552
26 559
26 570
26 574
26 577
26 604
26 607
26 610
26 616
26 631
26 633
26 655
26 662
26 663
26 664
26 670
26 678
26 685
26 692
26 709
26 724
26 725
26 734
26 735
26 741
26 510
26 754
26 756
26 761
26 763
26 794
26 804
26 861
26 865
26 868
26 869
26 874
26 875
26 882
26 891
26 899
26 900
26 927
26 932
26 941
26 973
26 987
26 999
27 30
27 32
27 33
27 35
27 36
27 37
27 39
27 40
27 41
27 42
27 44
27 45
27 46
27 47
27 48
27 50
27 51
27 52
27 56
27 59
27 61
27 63
27 65
27 67
27 68
27 69
27 71
27 73
27 76
27 78
27 80
27 81
27 83
27 84
27 87
27 90
27 91
27 95
27 96
27 102
27 103
27 104
27 105
27 108
27 109
27 110
27 111
27 112
27 114
27 115
27 116
27 117
27 118
27 119
27 120
27 125
27 127
27 128
27 130
27 131
27 134
27 135
27 136
27 140
27 143
27 144
27 147
27 149
27 150
27 151
27 152
27 153
27 154
27 156
27 158
27 160
27 161
27 162
27 164
27 167
27 168
27 169
27 171
27 173
27 174
27 175
27 176
27 177
27 178
27 179
27 180
27 182
27 183
27 184
27 185
27 186
27 187
27 188
27 189
27 193
27 194
27 195
27 196
27 197
27 202
27 204
27 205
27 206
27 207
27 208
27 209
27 211
27 212
27 213
27 214
27 217
27 218
27 219
27 220
27 221
27 222
27 223
27 228
27 230
27 232
27 233
27 235
27 238
27 240
27 242
27 243
27 244
27 245
27 246
27 248
27 256
27 260
27 264
27 293
27 322
27 325
27 326
27 333
27 334
27 363
27 369
27 372
27 394
27 410
27 430
27 443
27 446
27 470
27 487
27 488
27 515
27 522
27 527
27 530
27 545
27 571
27 593
27 607
27 608
27 610
27 622
27 626
27 632
27 635
27 638
27 644
27 660
27 665
27 666
27 674
27 677
27 691
27 711
27 726
27 741
27 750
27 784
27 786
27 797
27 798
27 811
27 820
27 859
27 862
27 865
27 886
27 888
27 901
27 902
27 911
27 912
27 919
27 935
27 957
27 959
27 980
27 981
27 994
28 30
28 31
28 33
28 34
28 37
28 38
28 40
28 41
28 42
28 43
28 45
28 46
28 48
28 49
28 50
28 51
28 53
28 55
28 56
28 57
28 58
28 59
28 62
28 63
28 65
28 66
28 68
28 69
28 71
28 73
28 77
28 78
28 79
28 80
28 81
28 82
28 83
28 85
28 86
28 87
28 90
28 92
28 94
28 96
28 97
28 98
28 99
28 101
28 102
28 103
28 104
28 106
28 107
28 109
28 110
28 111
28 114
28 115
28 116
28 117
28 118
28 119
28 120
28 121
28 122
28 123
28 124
28 125
28 126
28 127
28 129
28 130
28 131
28 134
28 135
28 136
28 137
28 138
28 139
28 140
28 141
28 142
28 143
28 144
28 145
28 146
28 147
28 148
28 149
28 150
28 151
28 152
28 153
28 155
28 156
28 157
28 158
28 159
28 160
28 163
28 164
28 166
28 168
28 169
28 170
28 171
28 172
28 173
28 174
28 177
28 178
28 179
28 181
28 182
28 183
28 184
28 185
28 186
28 187
28 188
28 189
28 192
28 193
28 194
28 195
28 196
28 198
28 199
28 200
28 201
28 202
28 203
28 204
28 207
28 209
28 210
28 211
28 213
28 214
28 215
28 220
28 221
28 222
28 223
28 224
28 225
28 226
28 227
28 229
28 231
28 232
28 233
28 234
28 236
28 237
28 238
28 240
28 241
28 242
28 243
28 244
28 245
28 246
28 247
28 249
28 256
28 261
28 268
28 277
28 287
28 318
28 323
28 331
28 335
28 359
28 362
28 363
28 376
28 392
28 396
28 404
28 414
28 417
28 436
28 447
28 448
28 451
28 477
28 478
28 482
28 484
28 490
28 498
28 518
28 532
28 545
28 562
28 564
28 576
28 609
28 611
28 613
28 653
28 664
28 678
28 688
28 693
28 700
28 720
28 736
28 749
28 503
28 507
28 510
28 755
28 760
28 765
28 770
28 776
28 779
28 787
28 790
28 812
28 822
28 823
28 825
28 828
28 857
28 859
28 873
28 885
28 892
28 901
28 902
28 908
28 947
28 949
28 959
28 965
28 971
28 987
28 996
28 997
28 998
29 30
29 32
29 33
29 34
29 38
29 43
29 44
29 46
29 47
29 48
29 49
29 50
29 51
29 53
29 54
29 55
29 56
29 58
29 59
29 62
29 63
29 64
29 65
29 66
29 67
29 68
29 69
29 70
29 71
29 73
29 74
29 75
29 76
29 77
29 80
29 81
29 83
29 84
29 85
29 89
29 90
29 91
29 94
29 95
29 96
29 97
29 99
29 100
29 101
29 102
29 104
29 105
29 107
29 109
29 110
29 111
29 112
29 114
29 115
29 116
29 118
29 119
29 121
29 122
29 123
29 126
29 127
29 128
29 129
29 132
29 133
29 135
29 136
29 138
29 139
29 141
29 142
29 144
29 145
29 146
29 147
29 148
29 149
29 150
29 153
29 154
29 155
29 158
29 159
29 160
29 162
29 163
29 166
29 167
29 168
29 169
29 170
29 173
29 175
29 176
29 177
29 178
29 180
29 181
29 183
29 184
29 188
29 189
29 190
29 191
29 192
29 193
29 194
29 195
29 196
29 198
29 202
29 204
29 205
29 206
29 207
29 208
29 211
29 213
29 214
29 215
29 216
29 218
29 219
29 222
29 223
29 225
29 226
29 227
29 228
29 229
29 230
29 231
29 232
29 233
29 234
29 235
29 237
29 240
29 241
29 243
29 246
29 247
29 248
29 253
29 257
29 261
29 267
29 273
29 277
29 294
29 297
29 302
29 319
29 321
29 323
29 328
29 350
29 362
29 368
29 369
29 382
29 403
29 424
29 472
29 496
29 498
29 499
29 545
29 551
29 568
29 573
29 587
29 588
29 616
29 617
29 620
29 626
29 633
29 638
29 644
29 662
29 673
29 680
29 690
29 698
29 699
29 708
29 720
29 731
29 733
29 734
29 749
29 750
29 751
29 760
29 767
29 789
29 813
29 815
29 817
29 832
29 835
29 874
29 884
29 899
29 911
29 916
29 917
29 922
29 924
29 931
29 951
30 32
30 34
30 35
30 36
30 37
30 38
30 39
30 40
30 42
30 43
30 45
30 46
30 47
30 50
30 52
30 53
30 54
30 56
30 57
30 58
30 61
30 63
30 65
30 66
30 67
30 68
30 70
30 72
30 73
30 74
30 75
30 76
30 80
30 83
30 86
30 87
30 88
30 89
30 90
30 91
30 92
30 93
30 94
30 95
30 97
30 99
30 100
30 102
30 105
30 107
30 108
30 109
30 111
30 112
30 113
30 115
30 116
30 117
30 118
30 119
30 120
30 121
30 122
30 123
30 124
30 125
30 126
30 127
30 128
30 129
30 130
30 131
30 132
30 133
30 134
30 136
30 137
30 139
30 140
30 142
30 143
30 144
30 145
30 146
30 147
30 148
30 149
30 151
30 153
30 154
30 155
30 157
30 158
30 159
30 160
30 161
30 163
30 166
30 167
30 169
30 170
30 171
30 173
30 175
30 177
30 178
30 180
30 181
30 182
30 183
30 184
30 185
30 187
30 188
30 189
30 190
30 191
30 192
30 193
30 194
30 195
30 197
30 198
30 199
30 200
30 202
30 203
30 205
30 206
30 207
30 208
30 209
30 210
30 211
30 212
30 214
30 215
30 219
30 221
30 222
30 223
30 225
30 226
30 227
30 230
30 231
30 233
30 234
30 235
30 237
30 238
30 239
30 240
30 242
30 243
30 244
30 245
30 247
30 248
30 249
30 253
30 262
30 268
30 284
30 305
30 307
30 316
30 334
30 335
30 337
30 339
30 373
30 381
30 383
30 401
30 406
30 413
30 425
30 437
30 442
30 449
30 450
30 459
30 469
30 481
30 532
30 535
30 545
30 554
30 556
30 583
30 585
30 589
30 604
30 605
30 628
30 634
30 635
30 639
30 643
30 644
30 645
30 651
30 662
30 677
30 682
30 689
30 693
30 695
30 708
30 736
30 743
30 748
30 749
30 757
30 763
30 796
30 817
30 833
30 849
30 854
30 855
30 889
30 904
30 907
30 918
30 926
30 943
30 955
30 956
30 962
30 965
30 971
30 972
30 974
30 980
30 982
30 994
30 999
31 32
31 35
31 36
31 38
31 40
31 41
31 42
31 43
31 44
31 45
31 46
31 47
31 48
31 49
31 50
31 51
31 52
31 53
31 55
31 56
31 58
31 59
31 60
31 61
31 62
31 64
31 66
31 68
31 70
31 71
31 72
31 73
31 76
31 77
31 78
31 79
31 80
31 81
31 82
31 83
31 84
31 87
31 88
31 89
31 90
31 91
31 92
31 93
31 94
31 96
31 97
31 98
31 99
31 100
31 101
31 102
31 103
31 104
31 108
31 110
31 111
31 112
31 113
31 114
31 115
31 117
31 118
31 120
31 121
31 122
31 123
31 124
31 125
31 126
31 127
31 128
31 130
31 131
31 132
31 133
31 134
31 137
31 138
31 141
31 142
31 143
31 144
31 145
31 146
31 148
31 149
31 150
31 151
31 152
31 154
31 155
31 157
31 158
31 159
31 162
31 165
31 166
31 167
31 168
31 169
31 170
31 171
31 172
31 173
31 176
31 177
31 178
31 181
31 182
31 183
31 185
31 186
31 187
31 189
31 190
31 191
31 192
31 194
31 195
31 196
31 197
31 198
31 199
31 200
31 203
31 205
31 206
31 208
31 209
31 210
31 211
31 212
31 213
31 214
31 216
31 217
31 218
31 219
31 222
31 223
31 224
31 225
31 228
31 229
31 230
31 232
31 234
31 235
31 237
31 243
31 244
31 247
31 248
31 249
31 256
31 262
31 270
31 271
31 276
31 290
31 300
31 302
31 313
31 318
31 340
31 349
31 350
31 354
31 360
31 361
31 362
31 378
31 397
31 418
31 423
31 425
31 448
31 475
31 486
31 545
31 546
31 553
31 558
31 573
31 582
31 584
31 590
31 592
31 594
31 606
31 607
31 614
31 644
31 663
31 686
31 703
31 716
31 717
31 729
31 741
31 747
31 748
31 779
31 788
31 794
31 798
31 809
31 810
31 833
31 842
31 845
31 863
31 875
31 877
31 879
31 884
31 892
31 895
31 896
31 908
31 932
31 937
31 953
31 969
31 992
32 33
32 35
32 36
32 37
32 38
32 39
32 41
32 42
32 48
32 49
32 50
32 51
32 52
32 53
32 55
32 56
32 57
32 58
32 59
32 60
32 61
32 63
32 64
32 65
32 67
32 68
32 69
32 70
32 72
32 73
32 75
32 77
32 78
32 79
32 80
32 81
32 82
32 83
32 84
32 85
32 86
32 87
32 88
32 90
32 91
32 92
32 93
32 94
32 95
32 96
32 98
32 99
32 102
32 103
32 104
32 105
32 106
32 107
32 108
32 110
32 111
32 118
32 119
32 122
32 123
32 124
32 125
32 126
32 127
32 129
32 130
32 131
32 133
32 134
32 138
32 140
32 141
32 143
32 144
32 145
32 146
32 147
32 148
32 149
32 151
32 154
32 155
32 156
32 157
32 159
32 160
32 161
32 164
32 166
32 167
32 168
32 169
32 172
32 173
32 174
32 175
32 176
32 177
32 178
32 180
32 181
32 182
32 183
32 184
32 185
32 186
32 187
32 189
32 190
32 191
32 192
32 193
32 194
32 195
32 197
32 198
32 199
32 200
32 201
32 202
32 205
32 206
32 207
32 209
32 210
32 212
32 213
32 214
32 215
32 216
32 217
32 218
32 219
32 221
32 224
32 225
32 227
32 229
32 232
32 233
32 235
32 236
32 239
32 241
32 242
32 243
32 245
32 247
32 248
32 249
32 255
32 277
32 286
32 288
32 291
32 293
32 307
32 324
32 338
32 342
32 384
32 404
32 406
32 408
32 409
32 418
32 419
32 427
32 451
32 465
32 468
32 512
32 522
32 525
32 536
32 539
32 540
32 542
32 548
32 553
32 564
32 566
32 576
32 577
32 585
32 590
32 610
32 612
32 613
32 614
32 617
32 650
32 661
32 667
32 671
32 676
32 678
32 690
32 691
32 702
32 703
32 709
32 715
32 718
32 721
32 723
32 729
32 732
32 733
32 746
32 507
32 804
32 811
32 814
32 839
32 848
32 851
32 858
32 862
32 867
32 871
32 881
32 906
32 913
32 915
32 919
32 921
32 931
32 933
32 963
32 967
32 983
32 996
33 35
33 37
33 38
33 40
33 42
33 43
33 45
33 46
33 47
33 48
33 49
33 50
33 51
33 53
33 56
33 57
33 58
33 60
33 62
33 63
33 64
33 65
33 67
33 70
33 71
33 72
33 73
33 74
33 75
33 76
33 78
33 79
33 80
33 81
33 82
33 83
33 84
33 85
33 88
33 91
33 92
33 93
33 94
33 98
33 99
33 100
33 101
33 103
33 104
33 105
33 106
33 110
33 111
33 112
33 113
33 114
33 115
33 116
33 117
33 118
33 120
33 121
33 122
33 123
33 124
33 125
33 126
33 127
33 128
33 130
33 131
33 132
33 133
33 134
33 135
33 137
33 138
33 141
33 143
33 145
33 146
33 148
33 149
33 150
33 152
33 154
33 155
33 156
33 157
33 158
33 159
33 160
33 161
33 163
33 164
33 166
33 169
33 170
33 171
33 172
33 173
33 174
33 175
33 177
33 180
33 181
33 182
33 184
33 186
33 187
33 188
33 190
33 191
33 192
33 194
33 195
33 196
33 198
33 199
33 200
33 201
33 202
33 204
33 205
33 206
33 207
33 208
33 209
33 210
33 213
33 214
33 216
33 218
33 219
33 220
33 221
33 222
33 223
33 224
33 226
33 228
33 229
33 230
33 231
33 236
33 237
33 241
33 242
33 244
33 245
33 246
33 247
33 248
33 249
33 262
33 281
33 295
33 297
33 300
33 314
33 328
33 337
33 340
33 342
33 350
33 384
33 387
33 392
33 395
33 400
33 405
33 409
33 415
33 421
33 426
33 427
33 436
33 445
33 453
33 482
33 488
33 490
33 492
33 499
33 518
33 522
33 523
33 526
33 530
33 533
33 535
33 543
33 555
33 571
33 572
33 585
33 586
33 591
33 592
33 593
33 594
33 595
33 599
33 608
33 611
33 624
33 630
33 647
33 668
33 677
33 684
33 695
33 698
33 702
33 734
33 735
33 511
33 752
33 785
33 788
33 792
33 799
33 800
33 811
33 812
33 818
33 823
33 830
33 833
33 838
33 840
33 846
33 862
33 898
33 906
33 921
33 945
33 974
33 975
33 978
33 987
33 992
34 35
34 36
34 37
34 38
34 39
34 40
34 42
34 46
34 47
34 48
34 49
34 50
34 51
34 53
34 54
34 55
34 56
34 57
34 60
34 61
34 62
34 63
34 64
34 67
34 68
34 70
34 71
34 72
34 73
34 74
34 75
34 76
34 77
34 78
34 81
34 83
34 85
34 86
34 88
34 89
34 90
34 92
34 93
34 95
34 96
34 97
34 98
34 101
34 102
34 104
34 105
34 108
34 109
34 112
34 113
34 114
34 115
34 116
34 118
34 119
34 121
34 122
34 124
34 126
34 127
34 128
34 130
34 132
34 133
34 134
34 136
34 137
34 138
34 139
34 140
34 141
34 142
34 143
34 144
34 145
34 147
34 148
34 150
34 151
34 152
34 153
34 157
34 158
34 159
34 160
34 165
34 166
34 167
34 168
34 169
34 170
34 171
34 172
34 175
34 176
34 178
34 179
34 181
34 182
34 183
34 184
34 185
34 186
34 190
34 191
34 192
34 194
34 195
34 196
34 197
34 198
34 199
34 200
34 207
34 208
34 209
34 210
34 211
34 213
34 214
34 216
34 217
34 218
34 220
34 221
34 222
34 223
34 224
34 225
34 227
34 228
34 229
34 231
34 235
34 236
34 237
34 239
34 240
34 241
34 243
34 244
34 248
34 249
34 269
34 300
34 305
34 322
34 334
34 338
34 375
34 377
34 381
34 383
34 393
34 418
34 422
34 424
34 427
34 431
34 438
34 439
34 451
34 459
34 460
34 471
34 488
34 499
34 513
34 515
34 540
34 542
34 552
34 557
34 586
34 591
34 629
34 654
34 667
34 670
34 671
34 681
34 688
34 738
34 754
34 764
34 768
34 776
34 783
34 784
34 809
34 825
34 826
34 830
34 840
34 845
34 846
34 887
34 915
34 940
34 962
34 966
34 970
34 995
34 997
35 36
35 39
35 40
35 41
35 44
35 45
35 46
35 47
35 51
35 52
35 55
35 56
35 57
35 58
35 61
35 62
35 63
35 65
35 66
35 67
35 68
35 69
35 70
35 71
35 74
35 75
35 76
35 77
35 78
35 81
35 82
35 84
35 87
35 89
35 91
35 93
35 95
35 99
35 101
35 102
35 103
35 105
35 108
35 109
35 110
35 113
35 114
35 115
35 116
35 117
35 119
35 120
35 122
35 126
35 127
35 128
35 129
35 130
35 131
35 132
35 135
35 137
35 138
35 140
35 142
35 145
35 147
35 148
35 150
35 151
35 153
35 154
35 155
35 156
35 157
35 158
35 160
35 161
35 162
35 164
35 167
35 168
35 169
35 170
35 171
35 172
35 173
35 174
35 175
35 176
35 177
35 178
35 179
35 182
35 183
35 184
35 185
35 186
35 187
35 188
35 191
35 193
35 194
35 195
35 197
35 198
35 199
35 202
35 206
35 207
35 208
35 209
35 211
35 212
35 213
35 214
35 215
35 217
35 219
35 220
35 221
35 222
35 224
35 225
35 227
35 229
35 230
35 231
35 232
35 233
35 235
35 236
35 237
35 238
35 240
35 241
35 242
35 245
35 246
35 247
35 248
35 249
35 251
35 259
35 261
35 262
35 267
35 282
35 299
35 300
35 308
35 312
35 315
35 319
35 325
35 336
35 353
35 359
35 381
35 387
35 390
35 397
35 413
35 423
35 439
35 443
35 461
35 463
35 469
35 478
35 517
35 548
35 560
35 597
35 601
35 614
35 624
35 629
35 639
35 642
35 654
35 655
35 658
35 668
35 678
35 716
35 717
35 723
35 728
35 730
35 739
35 509
35 805
35 806
35 813
35 823
35 827
35 849
35 851
35 852
35 871
35 887
35 901
35 902
35 948
35 952
35 964
35 975
35 986
35 988
35 992
36 37
36 38
36 39
36 41
36 42
36 43
36 44
36 45
36 46
36 47
36 50
36 51
36 52
36 53
36 55
36 56
36 57
36 59
36 60
36 61
36 62
36 63
36 64
36 65
36 66
36 67
36 68
36 69
36 70
36 72
36 73
36 74
36 76
36 77
36 79
36 81
36 83
36 84
36 87
36 88
36 90
36 92
36 93
36 96
36 97
36 99
36 100
36 101
36 102
36 103
36 104
36 105
36 107
36 111
36 112
36 114
36 117
36 118
36 119
36 123
36 126
36 127
36 128
36 129
36 132
36 133
36 135
36 136
36 139
36 140
36 142
36 143
36 146
36 147
36 148
36 154
36 159
36 160
36 161
36 163
36 165
36 166
36 167
36 169
36 171
36 172
36 173
36 174
36 176
36 177
36 179
36 180
36 181
36 182
36 184
36 185
36 186
36 188
36 190
36 191
36 192
36 193
36 194
36 195
36 196
36 197
36 198
36 200
36 201
36 202
36 203
36 204
36 205
36 206
36 207
36 208
36 209
36 210
36 211
36 212
36 213
36 214
36 215
36 217
36 218
36 220
36 221
36 222
36 223
36 225
36 226
36 227
36 228
36 231
36 232
36 233
36 234
36 235
36 236
36 237
36 240
36 243
36 246
36 247
36 248
36 249
36 265
36 267
36 270
36 301
36 318
36 320
36 330
36 331
36 334
36 348
36 355
36 360
36 366
36 392
36 416
36 425
36 431
36 447
36 471
36 487
36 517
36 544
36 545
36 552
36 556
36 561
36 564
36 587
36 594
36 611
36 613
36 616
36 626
36 643
36 647
36 674
36 678
36 688
36 699
36 736
36 500
36 511
36 752
36 763
36 773
36 798
36 811
36 812
36 816
36 820
36 824
36 827
36 833
36 841
36 868
36 870
36 875
36 879
36 900
36 919
36 932
36 939
36 947
36 968
36 970
36 982
36 983
37 38
37 39
37 41
37 42
37 43
37 46
37 47
37 48
37 50
37 51
37 52
37 53
37 57
37 59
37 63
37 64
37 66
37 67
37 68
37 69
37 70
37 73
37 74
37 75
37 76
37 77
37 78
37 79
37 80
37 81
37 82
37 83
37 84
37 85
37 86
37 87
37 88
37 89
37 90
37 91
37 92
37 93
37 95
37 96
37 98
37 99
37 101
37 102
37 103
37 104
37 105
37 107
37 109
37 111
37 112
37 113
37 114
37 115
37 117
37 119
37 120
37 122
37 123
37 126
37 127
37 128
37 131
37 133
37 134
37 135
37 136
37 142
37 145
37 146
37 148
37 149
37 150
37 151
37 152
37 153
37 154
37 156
37 158
37 159
37 162
37 164
37 166
37 167
37 168
37 169
37 170
37 171
37 174
37 176
37 177
37 178
37 180
37 181
37 182
37 183
37 184
37 185
37 188
37 190
37 191
37 193
37 194
37 195
37 196
37 197
37 198
37 200
37 202
37 203
37 204
37 205
37 208
37 210
37 212
37 216
37 218
37 219
37 221
37 222
37 224
37 225
37 226
37 229
37 230
37 232
37 234
37 235
37 236
37 238
37 239
37 241
37 242
37 243
37 244
37 245
37 246
37 247
37 248
37 249
37 251
37 255
37 259
37 270
37 272
37 273
37 274
37 329
37 336
37 385
37 391
37 392
37 393
37 399
37 403
37 408
37 411
37 420
37 423
37 431
37 438
37 442
37 451
37 454
37 468
37 469
37 471
37 472
37 482
37 487
37 489
37 495
37 498
37 548
37 550
37 551
37 577
37 584
37 610
37 618
37 631
37 632
37 639
37 642
37 646
37 656
37 672
37 675
37 677
37 682
37 686
37 688
37 691
37 709
37 723
37 729
37 738
37 751
37 754
37 786
37 795
37 806
37 809
37 810
37 819
37 844
37 864
37 866
37 875
37 879
37 891
37 915
37 919
37 924
37 984
38 41
38 42
38 45
38 46
38 47
38 50
38 51
38 52
38 53
38 54
38 55
38 56
38 59
38 61
38 63
38 64
38 65
38 66
38 67
38 68
38 69
38 70
38 71
38 72
38 73
38 75
38 76
38 77
38 79
38 81
38 82
38 83
38 84
38 85
38 87
38 90
38 91
38 92
38 93
38 95
38 96
38 97
38 101
38 102
38 103
38 104
38 105
38 106
38 107
38 108
38 110
38 111
38 113
38 117
38 118
38 120
38 121
38 122
38 123
38 126
38 127
38 128
38 130
38 131
38 133
38 134
38 135
38 136
38 137
38 138
38 140
38 142
38 143
38 144
38 145
38 146
38 147
38 149
38 150
38 151
38 152
38 153
38 156
38 157
38 159
38 160
38 163
38 164
38 168
38 169
38 173
38 175
38 176
38 179
38 180
38 182
38 184
38 185
38 188
38 189
38 190
38 191
38 192
38 194
38 195
38 198
38 199
38 200
38 201
38 203
38 204
38 205
38 207
38 209
38 210
38 212
38 214
38 217
38 219
38 220
38 222
38 224
38 225
38 226
38 227
38 228
38 230
38 233
38 234
38 235
38 237
38 239
38 240
38 241
38 242
38 243
38 245
38 246
38 247
38 248
38 249
38 261
38 278
38 279
38 285
38 296
38 312
38 314
38 330
38 362
38 373
38 399
38 411
38 417
38 432
38 436
38 457
38 460
38 461
38 483
38 488
38 495
38 516
38 526
38 527
38 549
38 556
38 557
38 570
38 575
38 587
38 590
38 595
38 600
38 603
38 617
38 629
38 630
38 636
38 653
38 655
38 681
38 705
38 708
38 722
38 730
38 500
38 501
38 505
38 761
38 765
38 780
38 784
38 804
38 812
38 814
38 825
38 835
38 836
38 841
38 842
38 858
38 864
38 869
38 870
38 886
38 893
38 915
38 929
38 942
38 944
38 961
38 968
38 971
38 984
38 989
39 41
39 42
39 43
39 44
39 45
39 47
39 48
39 50
39 51
39 53
39 54
39 55
39 56
39 57
39 62
39 63
39 65
39 67
39 68
39 69
39 70
39 72
39 73
39 74
39 76
39 80
39 82
39 84
39 86
39 88
39 90
39 91
39 93
39 96
39 97
39 98
39 99
39 100
39 101
39 102
39 104
39 106
39 109
39 110
39 111
39 113
39 114
39 115
39 116
39 117
39 119
39 120
39 121
39 123
39 124
39 125
39 126
39 127
39 129
39 132
39 133
39 136
39 137
39 138
39 139
39 141
39 142
39 143
39 145
39 147
39 149
39 150
39 151
39 152
39 153
39 154
39 155
39 156
39 157
39 159
39 160
39 165
39 166
39 167
39 169
39 171
39 172
39 173
39 174
39 175
39 176
39 177
39 178
39 179
39 180
39 182
39 183
39 184
39 185
39 188
39 189
39 190
39 191
39 192
39 193
39 194
39 197
39 198
39 199
39 201
39 203
39 205
39 206
39 207
39 208
39 209
39 210
39 211
39 212
39 213
39 214
39 215
39 217
39 218
39 219
39 220
39 221
39 226
39 227
39 228
39 229
39 231
39 233
39 234
39 235
39 236
39 238
39 239
39 241
39 242
39 244
39 245
39 246
39 247
39 248
39 256
39 260
39 261
39 264
39 273
39 282
39 292
39 297
39 298
39 309
39 343
39 369
39 383
39 385
39 386
39 405
39 418
39 427
39 431
39 433
39 436
39 444
39 445
39 476
39 480
39 482
39 484
39 518
39 525
39 529
39 531
39 549
39 555
39 558
39 569
39 575
39 579
39 592
39 594
39 595
39 596
39 602
39 614
39 616
39 622
39 634
39 645
39 648
39 654
39 656
39 670
39 671
39 677
39 682
39 694
39 697
39 700
39 707
39 745
39 746
39 749
39 506
39 510
39 767
39 768
39 775
39 776
39 779
39 782
39 823
39 826
39 836
39 841
39 842
39 845
39 858
39 865
39 891
39 897
39 906
39 917
39 925
39 942
39 977
39 984
40 42
40 43
40 45
40 47
40 49
40 50
40 51
40 52
40 53
40 54
40 55
40 57
40 58
40 59
40 60
40 61
40 62
40 63
40 65
40 66
40 67
40 68
40 73
40 74
40 75
40 76
40 77
40 80
40 81
40 82
40 83
40 84
40 85
40 86
40 87
40 88
40 89
40 90
40 91
40 94
40 98
40 99
40 100
40 101
40 103
40 106
40 107
40 109
40 110
40 111
40 112
40 115
40 116
40 119
40 121
40 122
40 125
40 126
40 127
40 129
40 131
40 132
40 133
40 135
40 136
40 139
40 140
40 141
40 143
40 144
40 145
40 146
40 147
40 148
40 151
40 152
40 154
40 155
40 156
40 157
40 158
40 160
40 161
40 162
40 166
40 167
40 169
40 170
40 171
40 172
40 173
40 174
40 175
40 176
40 178
40 179
40 180
40 182
40 183
40 184
40 185
40 187
40 188
40 189
40 190
40 193
40 194
40 195
40 196
40 197
40 198
40 201
40 202
40 203
40 204
40 207
40 208
40 209
40 210
40 211
40 213
40 214
40 215
40 216
40 219
40 220
40 222
40 223
40 224
40 226
40 227
40 228
40 229
40 230
40 231
40 233
40 234
40 235
40 237
40 240
40 242
40 245
40 246
40 247
40 248
40 249
40 251
40 256
40 262
40 281
40 305
40 332
40 335
40 342
40 347
40 351
40 354
40 364
40 366
40 370
40 373
40 375
40 386
40 405
40 407
40 433
40 451
40 454
40 455
40 464
40 467
40 474
40 476
40 514
40 522
40 525
40 527
40 535
40 551
40 558
40 569
40 582
40 601
40 622
40 644
40 650
40 670
40 690
40 696
40 704
40 712
40 715
40 723
40 727
40 736
40 751
40 763
40 764
40 765
40 767
40 777
40 802
40 803
40 813
40 821
40 823
40 830
40 832
40 834
40 844
40 855
40 861
40 866
40 870
40 873
40 890
40 899
40 913
40 924
40 943
40 950
40 970
40 982
40 995
41 42
41 43
41 44
41 45
41 46
41 47
41 48
41 50
41 52
41 53
41 54
41 55
41 57
41 58
41 59
41 60
41 62
41 63
41 64
41 65
41 66
41 69
41 70
41 71
41 72
41 73
41 74
41 75
41 78
41 80
41 82
41 83
41 84
41 86
41 88
41 89
41 90
41 91
41 92
41 93
41 94
41 95
41 99
41 101
41 104
41 105
41 106
41 107
41 110
41 112
41 113
41 114
41 115
41 116
41 117
41 118
41 121
41 122
41 123
41 124
41 125
41 126
41 127
41 128
41 129
41 130
41 131
41 132
41 134
41 139
41 141
41 143
41 144
41 145
41 147
41 148
41 149
41 150
41 151
41 156
41 157
41 158
41 159
41 160
41 161
41 163
41 165
41 166
41 167
41 168
41 169
41 171
41 173
41 174
41 176
41 177
41 178
41 180
41 181
41 182
41 183
41 184
41 187
41 188
41 189
41 190
41 192
41 193
41 196
41 198
41 199
41 200
41 201
41 203
41 204
41 207
41 209
41 210
41 211
41 212
41 213
41 215
41 216
41 217
41 218
41 219
41 220
41 221
41 222
41 223
41 225
41 226
41 227
41 228
41 229
41 230
41 231
41 232
41 233
41 235
41 236
41 237
41 238
41 239
41 240
41 241
41 242
41 244
41 245
41 248
41 249
41 252
41 264
41 266
41 282
41 283
41 305
41 345
41 351
41 360
41 361
41 389
41 397
41 400
41 403
41 409
41 422
41 424
41 459
41 461
41 467
41 474
41 514
41 519
41 525
41 530
41 532
41 550
41 552
41 572
41 578
41 583
41 598
41 606
41 608
41 615
41 616
41 656
41 659
41 668
41 670
41 681
41 702
41 707
41 709
41 717
41 720
41 723
41 726
41 731
41 733
41 742
41 752
41 753
41 757
41 763
41 790
41 808
41 810
41 815
41 820
41 828
41 845
41 856
41 878
41 883
41 887
41 906
41 918
41 929
41 936
41 939
41 940
41 954
41 966
41 967
41 969
41 988
41 998
42 44
42 45
42 46
42 48
42 49
42 51
42 52
42 54
42 55
42 56
42 57
42 59
42 60
42 61
42 62
42 63
42 64
42 65
42 66
42 68
42 70
42 71
42 72
42 73
42 75
42 78
42 79
42 80
42 81
42 82
42 84
42 87
42 88
42 89
42 90
42 91
42 97
42 98
42 99
42 101
42 104
42 105
42 106
42 107
42 110
42 112
42 114
42 117
42 119
42 121
42 122
42 123
42 125
42 126
42 128
42 129
42 130
42 131
42 132
42 133
42 134
42 137
42 139
42 140
42 141
42 142
42 144
42 145
42 146
42 147
42 149
42 150
42 151
42 152
42 153
42 154
42 155
42 156
42 157
42 158
42 159
42 160
42 162
42 164
42 165
42 166
42 168
42 169
42 170
42 171
42 172
42 173
42 175
42 176
42 178
42 179
42 180
42 181
42 182
42 183
42 184
42 185
42 186
42 187
42 188
42 189
42 190
42 191
42 192
42 193
42 194
42 195
42 197
42 198
42 199
42 200
42 203
42 204
42 205
42 206
42 207
42 208
42 210
42 212
42 213
42 214
42 215
42 216
42 217
42 218
42 219
42 221
42 222
42 223
42 226
42 227
42 228
42 230
42 231
42 232
42 233
42 234
42 235
42 236
42 238
42 240
42 241
42 242
42 244
42 245
42 246
42 248
42 249
42 262
42 266
42 278
42 279
42 283
42 287
42 288
42 308
42 315
42 327
42 331
42 367
42 391
42 421
42 428
42 429
42 456
42 461
42 469
42 477
42 480
42 496
42 499
42 522
42 534
42 547
42 555
42 556
42 557
42 558
42 571
42 581
42 589
42 591
42 592
42 620
42 621
42 622
42 625
42 629
42 639
42 640
42 653
42 666
42 671
42 674
42 678
42 680
42 691
42 693
42 713
42 722
42 727
42 734
42 735
42 748
42 501
42 775
42 802
42 821
42 823
42 838
42 878
42 899
42 925
42 934
42 936
42 953
42 966
42 974
42 982
42 986
42 990
42 991
43 45
43 46
43 47
43 48
43 49
43 50
43 51
43 52
43 53
43 54
43 56
43 57
43 58
43 59
43 63
43 65
43 67
43 68
43 69
43 70
43 72
43 73
43 75
43 76
43 77
43 78
43 80
43 81
43 82
43 83
43 84
43 85
43 86
43 87
43 88
43 89
43 90
43 91
43 92
43 94
43 95
43 98
43 100
43 102
43 104
43 105
43 107
43 108
43 109
43 110
43 112
43 115
43 117
43 118
43 120
43 121
43 122
43 123
43 124
43 127
43 128
43 129
43 131
43 132
43 133
43 134
43 136
43 137
43 138
43 140
43 145
43 147
43 150
43 151
43 152
43 153
43 155
43 157
43 160
43 161
43 162
43 164
43 165
43 166
43 167
43 168
43 169
43 170
43 173
43 174
43 175
43 176
43 177
43 180
43 181
43 182
43 183
43 184
43 187
43 188
43 190
43 191
43 192
43 193
43 194
43 195
43 196
43 197
43 198
43 199
43 200
43 202
43 203
43 204
43 205
43 206
43 207
43 210
43 212
43 215
43 216
43 219
43 220
43 221
43 222
43 223
43 224
43 226
43 227
43 228
43 229
43 230
43 232
43 233
43 236
43 238
43 239
43 244
43 247
43 248
43 249
43 262
43 267
43 275
43 276
43 320
43 324
43 325
43 338
43 343
43 347
43 360
43 364
43 376
43 396
43 426
43 436
43 438
43 441
43 453
43 462
43 488
43 493
43 514
43 525
43 536
43 540
43 548
43 549
43 550
43 554
43 569
43 571
43 575
43 576
43 631
43 632
43 643
43 644
43 646
43 647
43 650
43 654
43 672
43 673
43 681
43 688
43 692
43 695
43 703
43 709
43 713
43 715
43 722
43 723
43 729
43 730
43 732
43 734
43 737
43 742
43 501
43 510
43 751
43 755
43 760
43 763
43 765
43 766
43 802
43 806
43 815
43 818
43 824
43 833
43 834
43 842
43 848
43 849
43 850
43 854
43 864
43 868
43 876
43 879
43 904
43 919
43 959
43 967
43 975
43 987
43 992
44 45
44 47
44 48
44 49
44 50
44 51
44 52
44 53
44 56
44 57
44 60
44 62
44 64
44 65
44 67
44 68
44 69
44 70
44 71
44 74
44 75
44 76
44 77
44 78
44 79
44 80
44 84
44 86
44 89
44 90
44 91
44 92
44 93
44 94
44 95
44 96
44 97
44 98
44 99
44 100
44 101
44 102
44 103
44 105
44 107
44 111
44 112
44 113
44 114
44 115
44 116
44 117
44 120
44 121
44 122
44 123
44 125
44 127
44 128
44 130
44 132
44 133
44 134
44 135
44 136
44 137
44 138
44 139
44 141
44 142
44 143
44 144
44 146
44 147
44 148
44 149
44 150
44 151
44 152
44 153
44 154
44 155
44 156
44 161
44 163
44 165
44 166
44 169
44 170
44 171
44 173
44 176
44 177
44 178
44 179
44 180
44 181
44 184
44 185
44 188
44 189
44 190
44 191
44 192
44 193
44 194
44 195
44 198
44 199
44 200
44 201
44 202
44 203
44 204
44 205
44 206
44 208
44 210
44 211
44 213
44 214
44 215
44 216
44 217
44 219
44 221
44 222
44 223
44 224
44 225
44 226
44 227
44 228
44 230
44 231
44 233
44 235
44 236
44 237
44 239
44 241
44 242
44 243
44 244
44 245
44 246
44 247
44 248
44 264
44 284
44 295
44 306
44 309
44 315
44 335
44 339
44 342
44 343
44 347
44 367
44 381
44 382
44 391
44 393
44 397
44 417
44 441
44 451
44 454
44 458
44 461
44 466
44 469
44 470
44 476
44 480
44 481
44 483
44 490
44 498
44 524
44 525
44 527
44 533
44 536
44 552
44 560
44 564
44 576
44 582
44 587
44 590
44 591
44 594
44 606
44 610
44 640
44 641
44 646
44 655
44 677
44 687
44 695
44 697
44 705
44 712
44 731
44 738
44 747
44 509
44 510
44 750
44 754
44 758
44 774
44 780
44 787
44 788
44 796
44 797
44 802
44 814
44 825
44 829
44 832
44 837
44 857
44 880
44 899
44 901
44 903
44 905
44 906
44 909
44 928
44 929
44 939
44 945
44 960
44 965
44 966
44 981
44 987
44 990
45 46
45 47
45 49
45 50
45 52
45 53
45 54
45 55
45 57
45 58
45 59
45 62
45 63
45 65
45 67
45 68
45 69
45 70
45 72
45 74
45 76
45 77
45 79
45 80
45 81
45 82
45 83
45 86
45 87
45 88
45 89
45 90
45 91
45 93
45 94
45 95
45 97
45 98
45 100
45 101
45 104
45 105
45 106
45 108
45 109
45 110
45 111
45 112
45 114
45 115
45 117
45 118
45 119
45 120
45 121
45 122
45 123
45 124
45 126
45 127
45 131
45 132
45 133
45 134
45 137
45 138
45 139
45 140
45 142
45 146
45 147
45 148
45 150
45 153
45 154
45 156
45 158
45 159
45 160
45 161
45 163
45 164
45 165
45 166
45 170
45 172
45 173
45 174
45 175
45 176
45 177
45 178
45 180
45 181
45 182
45 183
45 185
45 187
45 188
45 189
45 190
45 191
45 195
45 196
45 197
45 198
45 199
45 200
45 201
45 202
45 203
45 205
45 210
45 211
45 212
45 215
45 218
45 220
45 222
45 223
45 225
45 227
45 229
45 230
45 233
45 234
45 235
45 239
45 240
45 241
45 244
45 245
45 246
45 247
45 248
45 256
45 266
45 293
45 300
45 308
45 333
45 336
45 341
45 365
45 366
45 381
45 389
45 394
45 412
45 425
45 433
45 464
45 474
45 480
45 491
45 494
45 516
45 525
45 526
45 535
45 546
45 548
45 552
45 555
45 566
45 583
45 615
45 624
45 649
45 658
45 666
45 693
45 698
45 717
45 745
45 749
45 754
45 775
45 777
45 778
45 786
45 795
45 797
45 799
45 807
45 811
45 812
45 821
45 828
45 835
45 856
45 857
45 860
45 866
45 868
45 871
45 892
45 899
45 900
45 920
45 926
45 927
45 934
45 945
45 955
45 956
45 965
45 982
45 994
46 48
46 50
46 53
46 55
46 57
46 58
46 59
46 60
46 61
46 63
46 64
46 65
46 68
46 69
46 74
46 75
46 76
46 77
46 78
46 79
46 80
46 81
46 82
46 83
46 84
46 85
46 86
46 87
46 88
46 89
46 90
46 92
46 93
46 94
46 95
46 96
46 99
46 101
46 102
46 103
46 104
46 105
46 106
46 107
46 110
46 112
46 113
46 114
46 115
46 116
46 119
46 121
46 122
46 123
46 124
46 125
46 127
46 129
46 131
46 132
46 133
46 134
46 135
46 136
46 138
46 139
46 140
46 141
46 144
46 148
46 149
46 150
46 151
46 152
46 153
46 154
46 156
46 159
46 160
46 163
46 164
46 166
46 167
46 168
46 169
46 170
46 171
46 173
46 174
46 175
46 177
46 178
46 180
46 181
46 182
46 185
46 186
46 188
46 189
46 192
46 193
46 194
46 195
46 196
46 197
46 198
46 199
46 200
46 201
46 202
46 203
46 204
46 206
46 207
46 209
46 210
46 211
46 212
46 213
46 214
46 215
46 216
46 217
46 219
46 220
46 221
46 222
46 223
46 224
46 227
46 228
46 230
46 231
46 232
46 233
46 234
46 236
46 237
46 239
46 240
46 241
46 242
46 243
46 244
46 245
46 246
46 247
46 253
46 260
46 262
46 267
46 270
46 272
46 287
46 308
46 314
46 318
46 325
46 326
46 330
46 333
46 337
46 368
46 373
46 376
46 387
46 394
46 405
46 416
46 432
46 438
46 441
46 447
46 458
46 462
46 466
46 499
46 536
46 563
46 578
46 580
46 592
46 595
46 633
46 648
46 651
46 663
46 680
46 681
46 687
46 691
46 694
46 707
46 720
46 726
46 749
46 509
46 759
46 761
46 765
46 777
46 780
46 786
46 787
46 791
46 794
46 796
46 804
46 806
46 814
46 820
46 831
46 866
46 870
46 880
46 884
46 889
46 915
46 916
46 918
46 925
46 930
46 943
46 970
46 973
46 975
46 978
46 983
47 48
47 49
47 50
47 51
47 53
47 56
47 57
47 58
47 59
47 61
47 63
47 64
47 66
47 67
47 68
47 70
47 72
47 73
47 74
47 75
47 76
47 78
47 79
47 80
47 81
47 82
47 83
47 84
47 85
47 86
47 88
47 89
47 90
47 95
47 96
47 98
47 99
47 100
47 101
47 103
47 104
47 105
47 106
47 107
47 108
47 109
47 110
47 111
47 112
47 113
47 114
47 116
47 119
47 120
47 121
47 122
47 123
47 124
47 125
47 126
47 127
47 129
47 130
47 131
47 133
47 135
47 137
47 138
47 141
47 142
47 143
47 146
47 148
47 149
47 151
47 153
47 154
47 155
47 156
47 157
47 158
47 159
47 160
47 161
47 162
47 163
47 164
47 165
47 166
47 174
47 175
47 177
47 178
47 179
47 180
47 181
47 182
47 183
47 184
47 186
47 187
47 190
47 191
47 193
47 194
47 195
47 196
47 197
47 198
47 199
47 200
47 202
47 203
47 204
47 205
47 206
47 207
47 208
47 209
47 215
47 216
47 217
47 221
47 222
47 224
47 227
47 228
47 230
47 231
47 232
47 233
47 234
47 236
47 237
47 238
47 241
47 244
47 246
47 248
47 250
47 252
47 257
47 260
47 266
47 274
47 278
47 289
47 322
47 331
47 338
47 340
47 342
47 388
47 389
47 392
47 393
47 418
47 428
47 436
47 440
47 456
47 460
47 471
47 475
47 486
47 497
47 515
47 525
47 530
47 551
47 556
47 573
47 575
47 584
47 597
47 611
47 612
47 618
47 624
47 625
47 626
47 639
47 640
47 646
47 669
47 693
47 712
47 715
47 717
47 723
47 724
47 725
47 726
47 731
47 741
47 749
47 507
47 750
47 762
47 776
47 781
47 797
47 806
47 807
47 819
47 825
47 834
47 835
47 843
47 864
47 871
47 880
47 887
47 890
47 894
47 899
47 911
47 919
47 931
47 940
47 941
47 944
47 954
47 974
47 976
47 980
47 994
47 999
48 49
48 50
48 52
48 54
48 55
48 56
48 57
48 58
48 59
48 62
48 63
48 64
48 65
48 66
48 67
48 68
48 69
48 70
48 71
48 73
48 74
48 78
48 79
48 80
48 82
48 84
48 86
48 88
48 89
48 91
48 92
48 93
48 94
48 95
48 97
48 98
48 99
48 100
48 101
48 102
48 103
48 104
48 105
48 106
48 108
48 110
48 111
48 112
48 114
48 117
48 118
48 119
48 122
48 124
48 125
48 126
48 127
48 128
48 129
48 130
48 131
48 132
48 133
48 134
48 135
48 137
48 139
48 140
48 141
48 142
48 143
48 145
48 146
48 147
48 148
48 150
48 151
48 152
48 153
48 155
48 156
48 157
48 158
48 159
48 164
48 165
48 168
48 169
48 170
48 175
48 178
48 179
48 182
48 185
48 186
48 187
48 188
48 190
48 191
48 192
48 193
48 194
48 195
48 196
48 198
48 199
48 200
48 201
48 202
48 203
48 205
48 209
48 210
48 212
48 217
48 218
48 219
48 220
48 222
48 223
48 224
48 226
48 227
48 229
48 232
48 233
48 234
48 235
48 236
48 237
48 238
48 239
48 240
48 241
48 243
48 245
48 246
48 247
48 249
48 262
48 273
48 286
48 289
48 321
48 324
48 325
48 329
48 333
48 341
48 345
48 352
48 359
48 360
48 366
48 368
48 373
48 375
48 394
48 395
48 417
48 418
48 421
48 429
48 448
48 452
48 453
48 490
48 493
48 513
48 531
48 537
48 538
48 540
48 546
48 561
48 568
48 570
48 574
48 576
48 588
48 606
48 613
48 623
48 631
48 638
48 650
48 656
48 659
48 687
48 701
48 703
48 706
48 708
48 716
48 735
48 738
48 739
48 745
48 747
48 506
48 771
48 778
48 781
48 788
48 799
48 806
48 808
48 829
48 844
48 855
48 860
48 862
48 872
48 876
48 881
48 886
48 920
48 928
48 931
48 958
48 960
48 965
48 967
48 972
48 982
48 983
49 50
49 51
49 52
49 55
49 56
49 57
49 58
49 59
49 60
49 62
49 64
49 65
49 66
49 67
49 69
49 70
49 71
49 72
49 73
49 74
49 77
49 78
49 79
49 80
49 81
49 83
49 84
49 87
49 88
49 89
49 90
49 91
49 92
49 94
49 95
49 96
49 97
49 99
49 100
49 101
49 102
49 103
49 104
49 105
49 106
49 107
49 109
49 110
49 111
49 113
49 114
49 115
49 117
49 118
49 122
49 123
49 124
49 125
49 126
49 128
49 130
49 132
49 135
49 136
49 138
49 139
49 142
49 143
49 144
49 145
49 146
49 147
49 149
49 151
49 152
49 154
49 157
49 158
49 159
49 161
49 162
49 163
49 164
49 165
49 166
49 167
49 168
49 170
49 171
49 172
49 173
49 174
49 175
49 178
49 179
49 180
49 181
49 183
49 184
49 185
49 186
49 187
49 189
49 190
49 191
49 192
49 193
49 196
49 197
49 198
49 199
49 201
49 202
49 203
49 204
49 205
49 206
49 207
49 208
49 209
49 211
49 213
49 214
49 215
49 217
49 218
49 220
49 221
49 223
49 224
49 225
49 228
49 229
49 231
49 232
49 233
49 234
49 235
49 239
49 240
49 241
49 243
49 244
49 246
49 248
49 249
49 255
49 258
49 284
49 304
49 321
49 330
49 334
49 344
49 351
49 355
49 357
49 370
49 371
49 407
49 411
49 423
49 432
49 439
49 446
49 459
49 472
49 473
49 493
49 516
49 517
49 528
49 544
49 553
49 558
49 577
49 579
49 584
49 596
49 599
49 606
49 610
49 629
49 630
49 634
49 637
49 644
49 646
49 649
49 651
49 658
49 660
49 662
49 687
49 704
49 711
49 719
49 737
49 744
49 507
49 510
49 768
49 806
49 813
49 835
49 836
49 858
49 866
49 867
49 873
49 895
49 912
49 917
49 927
49 935
49 955
49 984
49 994
49 997
49 998
50 51
50 52
50 53
50 54
50 56
50 57
50 59
50 60
50 61
50 62
50 63
50 65
50 68
50 69
50 70
50 71
50 72
50 73
50 76
50 77
50 80
50 81
50 83
50 86
50 87
50 89
50 90
50 91
50 92
50 96
50 97
50 98
50 99
50 101
50 102
50 104
50 105
50 106
50 110
50 111
50 112
50 114
50 116
50 117
50 118
50 119
50 121
50 122
50 125
50 127
50 128
50 129
50 130
50 131
50 132
50 135
50 136
50 137
50 138
50 141
50 142
50 143
50 144
50 146
50 147
50 148
50 149
50 150
50 152
50 153
50 154
50 156
50 157
50 158
50 159
50 160
50 161
50 163
50 164
50 165
50 166
50 167
50 169
50 170
50 171
50 172
50 173
50 174
50 175
50 176
50 177
50 178
50 182
50 183
50 184
50 185
50 186
50 188
50 189
50 191
50 192
50 193
50 194
50 196
50 198
50 199
50 200
50 201
50 204
50 205
50 206
50 212
50 213
50 214
50 215
50 216
50 217
50 218
50 219
50 220
50 221
50 225
50 226
50 227
50 228
50 230
50 231
50 232
50 233
50 234
50 235
50 236
50 237
50 238
50 239
50 241
50 243
50 244
50 245
50 246
50 247
50 248
50 249
50 255
50 257
50 258
50 285
50 298
50 304
50 312
50 333
50 373
50 394
50 402
50 405
50 419
50 437
50 445
50 475
50 487
50 499
50 520
50 525
50 554
50 593
50 603
50 605
50 608
50 613
50 615
50 616
50 626
50 643
50 646
50 668
50 679
50 694
50 698
50 727
50 766
50 768
50 790
50 798
50 803
50 813
50 824
50 825
50 834
50 835
50 838
50 841
50 856
50 868
50 875
50 894
50 912
50 929
50 958
50 983
50 992
50 993
51 53
51 54
51 55
51 56
51 57
51 58
51 59
51 60
51 61
51 62
51 63
51 65
51 68
51 70
51 71
51 72
51 74
51 75
51 76
51 77
51 78
51 80
51 82
51 83
51 84
51 85
51 86
51 89
51 90
51 92
51 93
51 94
51 95
51 96
51 98
51 99
51 100
51 101
51 104
51 105
51 106
51 107
51 108
51 109
51 110
51 111
51 112
51 113
51 117
51 118
51 121
51 124
51 126
51 128
51 129
51 130
51 131
51 133
51 134
51 135
51 136
51 138
51 140
51 144
51 146
51 148
51 149
51 150
51 152
51 153
51 154
51 155
51 156
51 158
51 159
51 160
51 161
51 163
51 165
51 166
51 167
51 169
51 170
51 171
51 172
51 173
51 174
51 175
51 176
51 178
51 179
51 181
51 183
51 184
51 185
51 186
51 187
51 188
51 189
51 190
51 192
51 193
51 194
51 195
51 197
51 200
51 203
51 205
51 206
51 207
51 208
51 209
51 211
51 213
51 214
51 215
51 216
51 217
51 218
51 219
51 221
51 222
51 223
51 224
51 225
51 228
51 229
51 230
51 232
51 235
51 238
51 240
51 244
51 245
51 246
51 249
51 252
51 286
51 300
51 312
51 322
51 331
51 338
51 339
51 341
51 345
51 358
51 360
51 364
51 367
51 372
51 400
51 403
51 418
51 419
51 422
51 430
51 435
51 438
51 439
51 445
51 458
51 460
51 478
51 486
51 498
51 515
51 553
51 578
51 580
51 588
51 610
51 636
51 641
51 644
51 658
51 662
51 670
51 671
51 688
51 698
51 705
51 727
51 732
51 747
51 507
51 752
51 760
51 770
51 788
51 815
51 817
51 821
51 825
51 832
51 841
51 846
51 854
51 868
51 885
51 918
51 924
51 925
51 926
51 929
51 940
51 944
51 945
51 961
51 978
51 988
52 53
52 54
52 55
52 56
52 57
52 59
52 60
52 61
52 62
52 64
52 65
52 66
52 67
52 68
52 69
52 70
52 71
52 72
52 74
52 75
52 78
52 80
52 81
52 82
52 83
52 86
52 88
52 89
52 90
52 91
52 92
52 93
52 94
52 96
52 97
52 98
52 100
52 102
52 103
52 106
52 107
52 108
52 109
52 110
52 112
52 113
52 116
52 118
52 119
52 120
52 122
52 123
52 126
52 127
52 128
52 129
52 130
52 132
52 134
52 137
52 139
52 141
52 142
52 143
52 144
52 146
52 147
52 148
52 149
52 150
52 151
52 152
52 153
52 154
52 156
52 159
52 160
52 161
52 162
52 163
52 168
52 170
52 171
52 172
52 173
52 174
52 176
52 177
52 179
52 181
52 184
52 185
52 186
52 187
52 188
52 189
52 191
52 193
52 194
52 197
52 198
52 199
52 200
52 201
52 202
52 204
52 205
52 206
52 207
52 209
52 212
52 213
52 214
52 216
52 217
52 218
52 219
52 221
52 222
52 223
52 224
52 225
52 227
52 228
52 229
52 232
52 233
52 234
52 235
52 237
52 239
52 240
52 241
52 242
52 243
52 244
52 246
52 247
52 248
52 249
52 255
52 277
52 278
52 294
52 317
52 326
52 327
52 341
52 355
52 357
52 358
52 362
52 364
52 387
52 390
52 408
52 418
52 442
52 444
52 472
52 486
52 541
52 547
52 557
52 558
52 562
52 596
52 617
52 628
52 640
52 649
52 651
52 652
52 675
52 690
52 718
52 748
52 502
52 803
52 807
52 838
52 840
52 849
52 854
52 858
52 861
52 872
52 878
52 892
52 896
52 916
52 925
52 931
52 944
52 966
52 969
52 972
52 975
52 979
53 54
53 55
53 57
53 58
53 59
53 60
53 61
53 62
53 63
53 66
53 68
53 70
53 71
53 72
53 73
53 74
53 75
53 76
53 77
53 78
53 80
53 81
53 82
53 83
53 84
53 85
53 87
53 88
53 90
53 92
53 93
53 96
53 98
53 99
53 101
53 102
53 103
53 105
53 107
53 108
53 110
53 111
53 112
53 113
53 114
53 115
53 118
53 120
53 122
53 125
53 129
53 130
53 132
53 133
53 134
53 135
53 137
53 139
53 140
53 141
53 146
53 148
53 149
53 150
53 152
53 154
53 156
53 159
53 160
53 161
53 163
53 164
53 165
53 166
53 167
53 168
53 169
53 170
53 171
53 173
53 174
53 177
53 178
53 180
53 182
53 183
53 184
53 186
53 189
53 190
53 192
53 193
53 194
53 196
53 199
53 200
53 202
53 204
53 205
53 206
53 207
53 210
53 211
53 213
53 214
53 215
53 216
53 217
53 220
53 222
53 223
53 225
53 226
53 227
53 230
53 231
53 233
53 234
53 236
53 237
53 239
53 242
53 243
53 246
53 248
53 249
53 250
53 253
53 266
53 270
53 288
53 290
53 293
53 301
53 335
53 337
53 338
53 342
53 357
53 376
53 399
53 404
53 422
53 442
53 444
53 457
53 462
53 483
53 485
53 486
53 491
53 528
53 532
53 540
53 546
53 569
53 570
53 580
53 581
53 584
53 585
53 633
53 634
53 638
53 642
53 643
53 644
53 659
53 674
53 676
53 683
53 688
53 718
53 720
53 722
53 745
53 747
53 509
53 762
53 768
53 775
53 778
53 790
53 791
53 800
53 814
53 830
53 832
53 853
53 854
53 862
53 882
53 892
53 898
53 915
53 921
53 956
53 963
53 973
53 997
54 55
54 56
54 58
54 63
54 65
54 67
54 68
54 69
54 70
54 72
54 74
54 76
54 77
54 78
54 79
54 83
54 84
54 87
54 89
54 91
54 92
54 93
54 94
54 95
54 96
54 98
54 103
54 104
54 105
54 108
54 110
54 111
54 112
54 113
54 114
54 115
54 117
54 118
54 120
54 121
54 123
54 127
54 128
54 129
54 131
54 132
54 133
54 134
54 135
54 136
54 139
54 140
54 141
54 142
54 143
54 144
54 145
54 146
54 148
54 149
54 150
54 151
54 153
54 154
54 161
54 162
54 165
54 166
54 168
54 171
54 172
54 173
54 176
54 177
54 178
54 180
54 183
54 184
54 186
54 187
54 188
54 189
54 190
54 191
54 193
54 194
54 195
54 196
54 197
54 199
54 200
54 201
54 203
54 207
54 211
54 212
54 213
54 214
54 215
54 216
54 219
54 220
54 221
54 222
54 223
54 224
54 226
54 227
54 229
54 230
54 233
54 234
54 236
54 237
54 238
54 239
54 240
54 241
54 243
54 245
54 246
54 247
54 248
54 249
54 276
54 319
54 341
54 344
54 349
54 365
54 368
54 378
54 398
54 423
54 427
54 440
54 445
54 454
54 455
54 460
54 461
54 464
54 474
54 490
54 526
54 544
54 546
54 547
54 552
54 570
54 572
54 573
54 577
54 590
54 591
54 600
54 615
54 625
54 638
54 642
54 651
54 660
54 677
54 682
54 684
54 685
54 698
54 709
54 713
54 715
54 717
54 741
54 743
54 747
54 760
54 763
54 776
54 793
54 826
54 828
54 829
54 844
54 847
54 877
54 885
54 902
54 921
54 929
54 934
54 935
54 937
54 938
54 944
54 947
54 954
54 966
54 972
54 981
55 56
55 57
55 60
55 61
55 62
55 63
55 65
55 66
55 68
55 69
55 70
55 72
55 73
55 74
55 76
55 77
55 78
55 79
55 81
55 84
55 85
55 86
55 87
55 88
55 91
55 92
55 96
55 97
55 99
55 100
55 101
55 105
55 106
55 107
55 108
55 109
55 111
55 112
55 117
55 118
55 119
55 120
55 121
55 122
55 123
55 124
55 126
55 127
55 128
55 135
55 136
55 137
55 138
55 139
55 140
55 141
55 142
55 143
55 144
55 145
55 146
55 147
55 149
55 150
55 151
55 152
55 153
55 154
55 155
55 156
55 160
55 161
55 162
55 164
55 165
55 167
55 168
55 170
55 171
55 172
55 173
55 175
55 179
55 180
55 181
55 182
55 184
55 188
55 189
55 190
55 191
55 192
55 194
55 195
55 197
55 198
55 204
55 206
55 207
55 208
55 209
55 211
55 212
55 214
55 215
55 218
55 219
55 220
55 221
55 222
55 225
55 226
55 227
55 228
55 229
55 230
55 231
55 232
55 233
55 234
55 236
55 237
55 238
55 240
55 241
55 243
55 244
55 245
55 246
55 247
55 248
55 253
55 272
55 275
55 296
55 298
55 320
55 324
55 328
55 333
55 337
55 349
55 352
55 361
55 365
55 371
55 373
55 384
55 399
55 402
55 403
55 414
55 415
55 424
55 444
55 449
55 459
55 465
55 478
55 483
55 485
55 489
55 490
55 530
55 533
55 534
55 545
55 569
55 580
55 594
55 620
55 641
55 642
55 647
55 648
55 649
55 651
55 660
55 662
55 680
55 689
55 692
55 695
55 699
55 712
55 713
55 716
55 717
55 722
55 731
55 733
55 746
55 503
55 505
55 755
55 758
55 759
55 763
55 771
55 773
55 781
55 796
55 803
55 805
55 833
55 855
55 858
55 891
55 901
55 905
55 911
55 912
55 919
55 929
55 930
55 949
55 957
55 968
55 981
55 984
55 987
55 996
56 59
56 60
56 61
56 63
56 64
56 65
56 67
56 70
56 71
56 72
56 73
56 74
56 75
56 78
56 79
56 80
56 81
56 83
56 86
56 87
56 88
56 89
56 90
56 91
56 92
56 93
56 94
56 95
56 96
56 98
56 99
56 100
56 101
56 102
56 104
56 105
56 106
56 107
56 108
56 109
56 111
56 112
56 113
56 114
56 115
56 116
56 119
56 120
56 121
56 122
56 123
56 124
56 127
56 128
56 129
56 130
56 132
56 133
56 134
56 136
56 138
56 139
56 140
56 141
56 142
56 143
56 147
56 148
56 150
56 151
56 153
56 154
56 155
56 157
56 159
56 160
56 162
56 163
56 164
56 165
56 166
56 168
56 169
56 170
56 171
56 173
56 174
56 176
56 178
56 179
56 180
56 181
56 182
56 183
56 184
56 187
56 188
56 189
56 190
56 191
56 192
56 193
56 194
56 195
56 196
56 197
56 198
56 199
56 201
56 202
56 203
56 205
56 206
56 207
56 209
56 211
56 213
56 216
56 218
56 219
56 221
56 223
56 225
56 226
56 227
56 229
56 231
56 233
56 235
56 236
56 237
56 239
56 240
56 241
56 242
56 243
56 244
56 245
56 247
56 257
56 273
56 289
56 295
56 300
56 302
56 309
56 313
56 314
56 317
56 322
56 324
56 341
56 348
56 359
56 360
56 367
56 397
56 404
56 408
56 432
56 436
56 438
56 440
56 443
56 453
56 456
56 458
56 459
56 469
56 482
56 486
56 493
56 515
56 526
56 536
56 538
56 555
56 567
56 569
56 572
56 582
56 584
56 588
56 592
56 601
56 622
56 626
56 633
56 635
56 637
56 640
56 658
56 661
56 683
56 704
56 710
56 712
56 735
56 760
56 776
56 789
56 793
56 802
56 816
56 848
56 850
56 851
56 855
56 864
56 873
56 876
56 887
56 899
56 907
56 921
56 925
56 931
56 959
56 980
56 982
56 986
57 58
57 59
57 60
57 62
57 63
57 64
57 65
57 66
57 67
57 70
57 71
57 75
57 79
57 80
57 81
57 82
57 83
57 86
57 88
57 91
57 92
57 94
57 96
57 97
57 99
57 100
57 101
57 103
57 105
57 106
57 107
57 108
57 109
57 110
57 113
57 114
57 115
57 116
57 118
57 120
57 121
57 123
57 124
57 125
57 126
57 127
57 131
57 132
57 135
57 136
57 137
57 140
57 141
57 142
57 143
57 144
57 147
57 148
57 149
57 150
57 154
57 155
57 158
57 159
57 160
57 162
57 165
57 166
57 168
57 170
57 171
57 173
57 175
57 176
57 177
57 178
57 179
57 180
57 181
57 183
57 184
57 185
57 186
57 188
57 189
57 190
57 191
57 192
57 193
57 194
57 196
57 198
57 199
57 200
57 202
57 203
57 204
57 205
57 206
57 207
57 208
57 211
57 212
57 214
57 216
57 217
57 218
57 220
57 222
57 225
57 227
57 228
57 230
57 231
57 232
57 233
57 234
57 236
57 238
57 239
57 241
57 243
57 244
57 245
57 246
57 247
57 248
57 250
57 262
57 263
57 269
57 282
57 288
57 321
57 330
57 333
57 362
57 408
57 414
57 416
57 417
57 426
57 432
57 452
57 455
57 463
57 466
57 469
57 476
57 481
57 484
57 486
57 492
57 493
57 495
57 513
57 514
57 551
57 576
57 583
57 586
57 597
57 598
57 629
57 646
57 653
57 659
57 661
57 672
57 702
57 715
57 727
57 728
57 729
57 742
57 511
57 761
57 771
57 773
57 776
57 788
57 792
57 817
57 836
57 841
57 850
57 853
57 858
57 868
57 880
57 886
57 916
57 919
57 935
57 943
57 976
57 981
57 990
57 991
58 61
58 63
58 64
58 66
58 67
58 68
58 69
58 71
58 72
58 73
58 75
58 76
58 77
58 78
58 79
58 80
58 81
58 82
58 83
58 84
58 85
58 87
58 88
58 89
58 91
58 93
58 95
58 97
58 98
58 99
58 100
58 101
58 104
58 105
58 106
58 107
58 108
58 109
58 110
58 111
58 112
58 113
58 117
58 119
58 120
58 121
58 122
58 123
58 124
58 126
58 130
58 131
58 132
58 133
58 134
58 135
58 136
58 138
58 139
58 140
58 142
58 143
58 144
58 145
58 146
58 148
58 149
58 150
58 151
58 154
58 155
58 158
58 159
58 161
58 162
58 163
58 164
58 166
58 167
58 168
58 169
58 171
58 172
58 174
58 176
58 177
58 180
58 182
58 184
58 186
58 187
58 188
58 189
58 190
58 192
58 193
58 195
58 196
58 197
58 198
58 200
58 201
58 202
58 204
58 205
58 206
58 208
58 210
58 211
58 212
58 214
58 215
58 216
58 217
58 218
58 220
58 221
58 222
58 223
58 225
58 227
58 228
58 229
58 230
58 231
58 233
58 236
58 237
58 239
58 240
58 241
58 242
58 243
58 244
58 247
58 248
58 250
58 260
58 266
58 285
58 322
58 324
58 360
58 378
58 388
58 391
58 401
58 417
58 425
58 448
58 456
58 462
58 463
58 465
58 467
58 486
58 491
58 512
58 525
58 544
58 553
58 556
58 594
58 600
58 604
58 606
58 632
58 634
58 649
58 653
58 657
58 658
58 660
58 669
58 683
58 688
58 689
58 719
58 738
58 774
58 818
58 829
58 832
58 834
58 848
58 856
58 872
58 875
58 884
58 897
58 908
58 909
58 918
58 930
58 933
58 935
58 937
58 961
58 966
58 967
58 978
58 987
59 60
59 61
59 62
59 63
59 64
59 66
59 67
59 68
59 69
59 70
59 72
59 73
59 75
59 76
59 78
59 79
59 80
59 81
59 82
59 83
59 84
59 85
59 86
59 88
59 89
59 91
59 92
59 93
59 96
59 97
59 98
59 99
59 100
59 101
59 102
59 103
59 104
59 105
59 106
59 107
59 108
59 109
59 110
59 111
59 112
59 113
59 117
59 118
59 121
59 124
59 125
59 126
59 127
59 129
59 130
59 131
59 132
59 133
59 134
59 135
59 138
59 139
59 142
59 143
59 145
59 147
59 148
59 149
59 150
59 151
59 152
59 153
59 154
59 155
59 158
59 159
59 160
59 163
59 164
59 165
59 166
59 167
59 168
59 169
59 170
59 174
59 175
59 180
59 181
59 183
59 185
59 186
59 187
59 188
59 189
59 190
59 191
59 192
59 193
59 194
59 195
59 196
59 197
59 198
59 200
59 205
59 206
59 207
59 209
59 210
59 213
59 214
59 216
59 221
59 222
59 223
59 225
59 226
59 229
59 230
59 231
59 232
59 233
59 234
59 237
59 238
59 240
59 241
59 243
59 244
59 245
59 247
59 248
59 249
59 255
59 288
59 294
59 303
59 322
59 326
59 328
59 350
59 358
59 374
59 378
59 381
59 396
59 406
59 411
59 425
59 429
59 433
59 439
59 453
59 458
59 465
59 472
59 473
59 474
59 482
59 488
59 515
59 519
59 523
59 544
59 563
59 564
59 614
59 615
59 619
59 644
59 649
59 679
59 685
59 686
59 701
59 711
59 719
59 723
59 738
59 741
59 744
59 503
59 506
59 510
59 751
59 753
59 757
59 764
59 790
59 811
59 813
59 820
59 841
59 852
59 856
59 860
59 877
59 878
59 903
59 908
59 909
59 912
59 932
59 934
59 953
59 964
59 970
59 996
60 61
60 63
60 66
60 67
60 68
60 71
60 75
60 79
60 80
60 81
60 82
60 83
60 86
60 88
60 89
60 91
60 93
60 95
60 96
60 97
60 99
60 100
60 101
60 104
60 105
60 107
60 108
60 109
60 110
60 112
60 113
60 115
60 116
60 118
60 119
60 120
60 121
60 123
60 124
60 126
60 127
60 128
60 129
60 130
60 131
60 132
60 133
60 134
60 135
60 136
60 137
60 138
60 139
60 140
60 141
60 144
60 145
60 146
60 147
60 148
60 149
60 151
60 152
60 153
60 154
60 156
60 157
60 158
60 162
60 164
60 166
60 167
60 170
60 171
60 172
60 173
60 177
60 178
60 179
60 180
60 181
60 183
60 184
60 185
60 186
60 187
60 189
60 190
60 191
60 192
60 193
60 194
60 196
60 197
60 198
60 203
60 204
60 205
60 206
60 208
60 209
60 212
60 213
60 216
60 217
60 218
60 219
60 220
60 221
60 222
60 223
60 224
60 225
60 226
60 227
60 228
60 229
60 230
60 232
60 233
60 237
60 238
60 239
60 240
60 241
60 243
60 244
60 245
60 247
60 248
60 249
60 256
60 257
60 266
60 269
60 276
60 277
60 283
60 287
60 298
60 301
60 306
60 309
60 319
60 324
60 326
60 329
60 331
60 348
60 352
60 356
60 363
60 365
60 369
60 371
60 374
60 382
60 404
60 419
60 421
60 422
60 435
60 471
60 486
60 487
60 496
60 522
60 543
60 551
60 575
60 607
60 610
60 618
60 642
60 644
60 652
60 655
60 676
60 679
60 681
60 731
60 739
60 747
60 511
60 754
60 757
60 764
60 765
60 789
60 798
60 802
60 820
60 824
60 826
60 827
60 829
60 831
60 838
60 840
60 854
60 862
60 869
60 875
60 889
60 893
60 922
60 938
60 940
60 956
60 963
60 972
60 977
60 987
60 992
61 62
61 63
61 64
61 66
61 67
61 69
61 70
61 71
61 72
61 74
61 78
61 79
61 80
61 81
61 82
61 83
61 84
61 86
61 87
61 88
61 90
61 91
61 93
61 94
61 97
61 98
61 99
61 100
61 101
61 104
61 105
61 107
61 108
61 111
61 112
61 115
61 117
61 118
61 119
61 121
61 122
61 123
61 124
61 126
61 127
61 128
61 129
61 130
61 133
61 134
61 135
61 136
61 138
61 139
61 141
61 142
61 144
61 145
61 146
61 147
61 148
61 149
61 150
61 151
61 152
61 153
61 154
61 155
61 156
61 157
61 158
61 161
61 162
61 163
61 165
61 166
61 167
61 168
61 169
61 172
61 174
61 175
61 176
61 177
61 178
61 180
61 181
61 184
61 185
61 188
61 189
61 190
61 191
61 192
61 193
61 194
61 195
61 196
61 197
61 198
61 202
61 203
61 206
61 208
61 209
61 210
61 211
61 212
61 213
61 215
61 216
61 217
61 218
61 219
61 220
61 222
61 224
61 225
61 226
61 229
61 230
61 232
61 233
61 234
61 235
61 236
61 237
61 238
61 239
61 240
61 241
61 242
61 244
61 245
61 246
61 247
61 250
61 270
61 279
61 287
61 288
61 301
61 335
61 339
61 340
61 353
61 354
61 365
61 375
61 399
61 405
61 419
61 444
61 464
61 518
61 519
61 529
61 537
61 544
61 553
61 560
61 563
61 571
61 578
61 582
61 587
61 605
61 607
61 613
61 627
61 633
61 654
61 670
61 671
61 676
61 694
61 704
61 712
61 729
61 739
61 746
61 511
61 759
61 768
61 775
61 785
61 792
61 798
61 835
61 841
61 850
61 864
61 899
61 915
61 934
61 935
61 976
61 992
62 63
62 64
62 66
62 69
62 70
62 71
62 73
62 74
62 75
62 76
62 77
62 78
62 79
62 80
62 81
62 82
62 83
62 84
62 85
62 86
62 88
62 90
62 91
62 92
62 93
62 94
62 96
62 98
62 99
62 100
62 101
62 103
62 104
62 106
62 107
62 108
62 110
62 111
62 112
62 113
62 114
62 115
62 116
62 117
62 118
62 120
62 121
62 122
62 124
62 125
62 126
62 127
62 130
62 131
62 132
62 133
62 135
62 136
62 138
62 139
62 143
62 145
62 147
62 148
62 149
62 150
62 152
62 153
62 155
62 157
62 158
62 159
62 160
62 161
62 162
62 163
62 167
62 168
62 171
62 173
62 175
62 176
62 178
62 179
62 180
62 183
62 185
62 186
62 189
62 190
62 191
62 192
62 193
62 194
62 195
62 196
62 199
62 200
62 201
62 202
62 203
62 204
62 205
62 207
62 208
62 209
62 210
62 212
62 213
62 214
62 215
62 216
62 219
62 220
62 224
62 225
62 226
62 227
62 229
62 230
62 231
62 232
62 233
62 234
62 235
62 236
62 237
62 238
62 239
62 240
62 241
62 242
62 246
62 247
62 248
62 249
62 254
62 302
62 321
62 323
62 343
62 347
62 365
62 373
62 378
62 382
62 393
62 403
62 406
62 407
62 408
62 409
62 417
62 418
62 427
62 434
62 447
62 462
62 477
62 481
62 496
62 499
62 520
62 522
62 523
62 536
62 540
62 542
62 546
62 568
62 572
62 602
62 607
62 610
62 613
62 617
62 622
62 625
62 630
62 632
62 633
62 639
62 662
62 666
62 684
62 687
62 690
62 717
62 732
62 505
62 751
62 753
62 766
62 768
62 773
62 779
62 793
62 808
62 811
62 824
62 828
62 843
62 851
62 859
62 876
62 878
62 893
62 910
62 929
62 938
62 942
62 949
62 962
62 968
62 981
62 988
62 997
62 999
63 64
63 65
63 66
63 67
63 68
63 70
63 71
63 72
63 76
63 77
63 78
63 79
63 80
63 81
63 82
63 83
63 84
63 85
63 88
63 89
63 90
63 92
63 94
63 96
63 97
63 98
63 99
63 100
63 101
63 103
63 104
63 105
63 106
63 107
63 108
63 109
63 110
63 112
63 115
63 116
63 119
63 120
63 121
63 123
63 124
63 126
63 127
63 128
63 129
63 130
63 132
63 133
63 134
63 136
63 137
63 138
63 140
63 141
63 143
63 144
63 145
63 146
63 149
63 150
63 151
63 153
63 157
63 158
63 161
63 162
63 163
63 164
63 166
63 167
63 170
63 172
63 173
63 175
63 178
63 179
63 181
63 183
63 185
63 187
63 188
63 189
63 190
63 191
63 193
63 194
63 195
63 196
63 197
63 199
63 200
63 202
63 204
63 205
63 206
63 208
63 209
63 211
63 213
63 214
63 216
63 217
63 218
63 219
63 220
63 221
63 222
63 223
63 225
63 226
63 227
63 228
63 231
63 233
63 234
63 235
63 237
63 238
63 240
63 241
63 242
63 244
63 245
63 246
63 248
63 251
63 252
63 260
63 263
63 283
63 291
63 292
63 297
63 300
63 306
63 330
63 331
63 352
63 395
63 405
63 412
63 415
63 441
63 457
63 462
63 476
63 477
63 484
63 485
63 491
63 494
63 495
63 496
63 546
63 552
63 583
63 593
63 595
63 626
63 652
63 661
63 666
63 670
63 673
63 682
63 696
63 723
63 724
63 725
63 730
63 732
63 737
63 748
63 507
63 509
63 754
63 758
63 761
63 762
63 765
63 767
63 774
63 793
63 805
63 809
63 826
63 827
63 851
63 852
63 854
63 859
63 881
63 882
63 891
63 916
63 923
63 929
63 936
63 939
63 944
63 950
63 977
64 65
64 66
64 67
64 69
64 70
64 71
64 72
64 74
64 75
64 76
64 77
64 78
64 79
64 80
64 81
64 82
64 83
64 85
64 86
64 88
64 89
64 90
64 92
64 94
64 96
64 97
64 98
64 99
64 100
64 101
64 102
64 103
64 104
64 105
64 106
64 107
64 109
64 110
64 112
64 113
64 114
64 116
64 117
64 119
64 120
64 121
64 122
64 123
64 124
64 125
64 127
64 128
64 129
64 130
64 131
64 133
64 134
64 135
64 137
64 138
64 140
64 141
64 142
64 145
64 146
64 148
64 150
64 151
64 155
64 157
64 160
64 161
64 162
64 164
64 165
64 166
64 167
64 169
64 170
64 173
64 174
64 175
64 178
64 180
64 181
64 183
64 184
64 185
64 186
64 188
64 192
64 193
64 194
64 195
64 196
64 197
64 198
64 199
64 200
64 202
64 203
64 204
64 205
64 207
64 208
64 209
64 212
64 214
64 215
64 216
64 219
64 220
64 221
64 222
64 224
64 225
64 226
64 227
64 228
64 230
64 231
64 232
64 233
64 234
64 235
64 236
64 238
64 239
64 241
64 242
64 243
64 244
64 246
64 247
64 248
64 257
64 259
64 285
64 286
64 294
64 315
64 350
64 367
64 373
64 379
64 405
64 413
64 447
64 450
64 451
64 480
64 485
64 487
64 495
64 497
64 498
64 512
64 520
64 529
64 530
64 539
64 542
64 553
64 555
64 556
64 559
64 569
64 570
64 590
64 600
64 601
64 611
64 618
64 619
64 622
64 627
64 644
64 646
64 656
64 659
64 660
64 661
64 671
64 684
64 689
64 695
64 696
64 698
64 700
64 701
64 703
64 710
64 733
64 735
64 736
64 741
64 503
64 765
64 780
64 789
64 806
64 825
64 838
64 850
64 852
64 868
64 878
64 891
64 900
64 914
64 934
64 938
64 942
64 959
64 961
64 983
64 994
65 66
65 67
65 68
65 69
65 73
65 74
65 79
65 80
65 81
65 84
65 85
65 86
65 87
65 88
65 90
65 91
65 92
65 96
65 100
65 101
65 102
65 103
65 104
65 107
65 108
65 109
65 111
65 112
65 114
65 115
65 116
65 119
65 121
65 122
65 124
65 126
65 127
65 128
65 129
65 130
65 131
65 132
65 135
65 136
65 140
65 142
65 143
65 144
65 145
65 146
65 149
65 150
65 151
65 153
65 154
65 156
65 158
65 159
65 161
65 162
65 163
65 164
65 165
65 166
65 167
65 168
65 169
65 170
65 171
65 172
65 174
65 178
65 180
65 181
65 182
65 183
65 185
65 186
65 188
65 189
65 191
65 192
65 195
65 196
65 197
65 198
65 199
65 200
65 203
65 205
65 206
65 207
65 208
65 209
65 211
65 212
65 213
65 214
65 215
65 216
65 217
65 218
65 219
65 221
65 222
65 223
65 224
65 226
65 227
65 228
65 230
65 233
65 235
65 236
65 237
65 240
65 241
65 242
65 243
65 244
65 245
65 246
65 247
65 248
65 249
65 270
65 290
65 298
65 314
65 315
65 316
65 319
65 326
65 355
65 356
65 374
65 378
65 382
65 383
65 388
65 390
65 394
65 401
65 410
65 414
65 493
65 524
65 552
65 581
65 633
65 642
65 648
65 655
65 656
65 657
65 671
65 675
65 678
65 684
65 685
65 688
65 701
65 728
65 732
65 744
65 749
65 508
65 755
65 774
65 803
65 826
65 831
65 837
65 840
65 856
65 857
65 865
65 875
65 899
65 903
65 914
65 918
65 921
65 947
65 999
66 68
66 69
66 71
66 72
66 73
66 74
66 76
66 77
66 78
66 79
66 80
66 81
66 82
66 83
66 84
66 85
66 89
66 90
66 91
66 93
66 94
66 97
66 98
66 99
66 100
66 104
66 105
66 106
66 107
66 108
66 109
66 110
66 111
66 112
66 115
66 116
66 118
66 119
66 120
66 121
66 125
66 126
66 127
66 128
66 129
66 130
66 132
66 134
66 135
66 136
66 137
66 138
66 142
66 143
66 144
66 145
66 147
66 148
66 150
66 151
66 152
66 153
66 154
66 155
66 156
66 158
66 159
66 160
66 161
66 163
66 165
66 166
66 170
66 173
66 175
66 177
66 178
66 179
66 180
66 181
66 182
66 183
66 184
66 186
66 188
66 189
66 190
66 192
66 193
66 194
66 195
66 197
66 199
66 201
66 202
66 203
66 204
66 205
66 206
66 208
66 210
66 211
66 213
66 214
66 216
66 217
66 219
66 220
66 221
66 223
66 225
66 228
66 230
66 231
66 232
66 233
66 236
66 237
66 238
66 239
66 243
66 247
66 248
66 249
66 270
66 288
66 323
66 328
66 336
66 338
66 339
66 360
66 366
66 369
66 382
66 399
66 404
66 409
66 420
66 429
66 461
66 475
66 512
66 517
66 519
66 524
66 526
66 536
66 542
66 544
66 558
66 568
66 571
66 583
66 591
66 596
66 625
66 627
66 638
66 644
66 658
66 671
66 712
66 719
66 726
66 758
66 761
66 773
66 778
66 789
66 811
66 827
66 836
66 838
66 889
66 892
66 903
66 911
66 913
66 918
66 927
66 930
66 931
66 938
66 939
66 962
66 986
66 987
67 68
67 69
67 70
67 73
67 74
67 77
67 78
67 79
67 81
67 82
67 83
67 85
67 86
67 87
67 88
67 89
67 90
67 93
67 97
67 98
67 100
67 101
67 102
67 103
67 104
67 106
67 107
67 108
67 109
67 110
67 111
67 112
67 113
67 117
67 119
67 121
67 122
67 123
67 125
67 126
67 127
67 128
67 129
67 131
67 132
67 133
67 137
67 138
67 140
67 141
67 142
67 144
67 145
67 147
67 149
67 150
67 151
67 154
67 155
67 158
67 159
67 161
67 162
67 163
67 164
67 165
67 166
67 167
67 168
67 170
67 171
67 173
67 175
67 176
67 177
67 178
67 179
67 180
67 181
67 183
67 184
67 186
67 187
67 188
67 189
67 190
67 191
67 193
67 194
67 197
67 198
67 199
67 201
67 203
67 204
67 207
67 210
67 211
67 213
67 214
67 215
67 216
67 217
67 218
67 219
67 220
67 221
67 222
67 224
67 226
67 227
67 228
67 229
67 230
67 231
67 232
67 233
67 234
67 235
67 236
67 237
67 238
67 239
67 240
67 241
67 242
67 243
67 244
67 245
67 246
67 247
67 248
67 249
67 250
67 261
67 266
67 269
67 274
67 278
67 279
67 300
67 310
67 313
67 347
67 364
67 405
67 406
67 413
67 441
67 449
67 512
67 514
67 523
67 533
67 534
67 586
67 587
67 616
67 617
67 620
67 622
67 643
67 648
67 649
67 660
67 667
67 679
67 694
67 700
67 703
67 709
67 726
67 738
67 748
67 505
67 757
67 810
67 828
67 831
67 852
67 856
67 862
67 863
67 874
67 884
67 912
67 921
67 936
67 942
67 946
67 953
67 954
67 957
67 958
67 966
67 969
67 978
67 980
67 990
67 995
67 998
68 69
68 72
68 73
68 75
68 76
68 77
68 78
68 80
68 81
68 83
68 84
68 85
68 88
68 89
68 90
68 91
68 92
68 93
68 95
68 96
68 97
68 98
68 99
68 100
68 102
68 104
68 106
68 107
68 109
68 110
68 111
68 112
68 113
68 114
68 115
68 116
68 117
68 118
68 119
68 121
68 122
68 123
68 124
68 126
68 128
68 129
68 130
68 132
68 135
68 137
68 138
68 142
68 143
68 144
68 145
68 146
68 147
68 148
68 151
68 152
68 153
68 154
68 155
68 156
68 157
68 159
68 163
68 164
68 165
68 166
68 168
68 170
68 172
68 173
68 174
68 175
68 176
68 178
68 180
68 182
68 184
68 185
68 187
68 188
68 189
68 190
68 191
68 192
68 193
68 196
68 197
68 198
68 199
68 200
68 201
68 202
68 203
68 204
68 205
68 211
68 212
68 214
68 215
68 216
68 217
68 218
68 219
68 222
68 223
68 226
68 227
68 229
68 230
68 231
68 233
68 234
68 235
68 237
68 238
68 240
68 242
68 243
68 244
68 245
68 246
68 248
68 249
68 255
68 260
68 261
68 269
68 312
68 313
68 316
68 336
68 351
68 387
68 395
68 400
68 409
68 414
68 421
68 424
68 435
68 439
68 450
68 451
68 457
68 463
68 486
68 497
68 512
68 515
68 523
68 534
68 549
68 591
68 595
68 596
68 606
68 617
68 627
68 655
68 671
68 689
68 697
68 720
68 728
68 735
68 739
68 740
68 501
68 505
68 773
68 774
68 784
68 786
68 792
68 801
68 804
68 823
68 833
68 834
68 840
68 846
68 849
68 853
68 855
68 869
68 873
68 876
68 892
68 896
68 897
68 909
68 931
68 940
68 949
68 970
68 978
68 981
68 985
68 998
69 70
69 71
69 72
69 73
69 75
69 76
69 77
69 78
69 79
69 81
69 83
69 84
69 87
69 88
69 89
69 90
69 91
69 92
69 93
69 95
69 97
69 98
69 99
69 102
69 104
69 105
69 106
69 107
69 109
69 110
69 111
69 112
69 114
69 115
69 116
69 118
69 119
69 120
69 122
69 124
69 125
69 126
69 127
69 129
69 130
69 131
69 133
69 135
69 136
69 137
69 138
69 140
69 141
69 143
69 146
69 148
69 149
69 150
69 154
69 155
69 159
69 160
69 161
69 162
69 163
69 164
69 165
69 166
69 167
69 168
69 170
69 172
69 173
69 174
69 175
69 178
69 179
69 181
69 182
69 183
69 185
69 186
69 189
69 191
69 194
69 197
69 198
69 199
69 201
69 202
69 203
69 204
69 205
69 206
69 209
69 214
69 217
69 220
69 221
69 223
69 224
69 225
69 226
69 227
69 228
69 229
69 230
69 232
69 233
69 234
69 235
69 237
69 238
69 239
69 240
69 242
69 244
69 245
69 246
69 247
69 249
69 259
69 261
69 269
69 270
69 279
69 284
69 288
69 308
69 325
69 334
69 345
69 351
69 371
69 374
69 394
69 406
69 407
69 422
69 428
69 431
69 442
69 472
69 473
69 486
69 495
69 525
69 526
69 531
69 535
69 537
69 542
69 566
69 602
69 605
69 607
69 629
69 666
69 670
69 672
69 679
69 684
69 715
69 728
69 729
69 505
69 765
69 787
69 803
69 815
69 816
69 838
69 842
69 848
69 855
69 856
69 879
69 882
69 885
69 891
69 892
69 905
69 921
69 929
69 951
69 955
69 960
69 970
69 984
69 990
70 71
70 72
70 73
70 74
70 77
70 78
70 79
70 82
70 84
70 85
70 86
70 87
70 88
70 89
70 90
70 91
70 93
70 94
70 96
70 101
70 102
70 104
70 107
70 108
70 109
70 112
70 116
70 118
70 119
70 120
70 121
70 123
70 125
70 127
70 128
70 129
70 130
70 131
70 134
70 136
70 137
70 138
70 139
70 140
70 141
70 143
70 144
70 145
70 146
70 147
70 148
70 149
70 150
70 151
70 153
70 154
70 155
70 156
70 157
70 158
70 159
70 161
70 162
70 163
70 165
70 166
70 167
70 168
70 169
70 176
70 178
70 180
70 182
70 183
70 185
70 186
70 187
70 188
70 190
70 192
70 194
70 195
70 197
70 198
70 201
70 202
70 203
70 204
70 205
70 206
70 209
70 210
70 211
70 213
70 214
70 215
70 217
70 218
70 219
70 221
70 222
70 223
70 225
70 226
70 228
70 229
70 230
70 231
70 232
70 234
70 235
70 239
70 240
70 242
70 244
70 247
70 249
70 267
70 269
70 282
70 298
70 310
70 312
70 314
70 315
70 337
70 340
70 341
70 345
70 347
70 355
70 356
70 364
70 366
70 372
70 374
70 383
70 390
70 392
70 393
70 395
70 396
70 402
70 410
70 415
70 416
70 440
70 449
70 451
70 459
70 464
70 465
70 477
70 514
70 519
70 521
70 536
70 539
70 547
70 551
70 570
70 573
70 579
70 581
70 587
70 595
70 602
70 604
70 620
70 626
70 644
70 654
70 656
70 661
70 671
70 700
70 709
70 718
70 748
70 781
70 784
70 798
70 806
70 842
70 853
70 856
70 867
70 868
70 879
70 888
70 904
70 908
70 920
70 935
70 939
70 940
70 945
70 946
70 947
70 949
70 959
70 960
70 976
70 987
70 995
71 72
71 73
71 75
71 76
71 78
71 80
71 81
71 82
71 85
71 88
71 89
71 90
71 91
71 92
71 95
71 97
71 99
71 100
71 102
71 104
71 106
71 107
71 109
71 111
71 112
71 113
71 114
71 116
71 117
71 118
71 119
71 121
71 122
71 123
71 124
71 127
71 128
71 129
71 130
71 131
71 133
71 134
71 135
71 136
71 137
71 138
71 139
71 140
71 142
71 143
71 144
71 145
71 146
71 147
71 148
71 150
71 151
71 152
71 153
71 155
71 156
71 158
71 159
71 160
71 161
71 162
71 164
71 166
71 167
71 168
71 169
71 170
71 171
71 172
71 175
71 176
71 177
71 178
71 180
71 181
71 182
71 184
71 185
71 186
71 187
71 190
71 191
71 193
71 194
71 195
71 196
71 197
71 199
71 201
71 203
71 204
71 205
71 208
71 209
71 210
71 211
71 212
71 214
71 215
71 217
71 220
71 222
71 223
71 224
71 225
71 226
71 228
71 231
71 232
71 233
71 234
71 235
71 236
71 238
71 239
71 240
71 242
71 247
71 249
71 250
71 258
71 272
71 278
71 284
71 286
71 301
71 309
71 334
71 352
71 358
71 360
71 381
71 384
71 394
71 398
71 405
71 424
71 426
71 427
71 428
71 436
71 477
71 485
71 497
71 522
71 534
71 536
71 556
71 564
71 569
71 581
71 605
71 610
71 616
71 618
71 624
71 626
71 635
71 647
71 663
71 675
71 676
71 686
71 690
71 714
71 726
71 729
71 740
71 741
71 742
71 505
71 506
71 769
71 779
71 792
71 793
71 807
71 812
71 819
71 821
71 832
71 854
71 857
71 863
71 864
71 868
71 887
71 896
71 902
71 908
71 913
71 914
71 927
71 930
71 934
71 951
71 958
71 970
71 978
71 982
71 991
71 992
71 993
71 996
72 74
72 75
72 76
72 77
72 78
72 80
72 84
72 86
72 88
72 90
72 91
72 92
72 93
72 94
72 95
72 98
72 100
72 101
72 102
72 103
72 106
72 107
72 108
72 109
72 110
72 112
72 113
72 114
72 115
72 116
72 117
72 118
72 120
72 121
72 122
72 123
72 124
72 126
72 127
72 128
72 130
72 131
72 132
72 133
72 134
72 135
72 136
72 138
72 141
72 143
72 144
72 145
72 147
72 149
72 151
72 152
72 153
72 156
72 157
72 158
72 159
72 161
72 162
72 163
72 164
72 166
72 167
72 168
72 169
72 171
72 173
72 174
72 175
72 176
72 179
72 180
72 181
72 183
72 185
72 186
72 187
72 188
72 189
72 190
72 191
72 193
72 194
72 195
72 196
72 199
72 201
72 202
72 203
72 208
72 209
72 210
72 213
72 215
72 216
72 217
72 218
72 220
72 226
72 227
72 228
72 229
72 230
72 231
72 232
72 233
72 234
72 235
72 237
72 238
72 239
72 241
72 242
72 245
72 246
72 247
72 248
72 254
72 260
72 269
72 295
72 302
72 310
72 319
72 325
72 326
72 328
72 329
72 348
72 377
72 378
72 381
72 382
72 386
72 387
72 405
72 406
72 407
72 410
72 431
72 441
72 443
72 444
72 445
72 463
72 477
72 512
72 533
72 566
72 572
72 583
72 605
72 617
72 621
72 624
72 625
72 647
72 655
72 661
72 668
72 677
72 692
72 693
72 696
72 716
72 750
72 757
72 781
72 784
72 794
72 806
72 811
72 833
72 845
72 859
72 868
72 890
72 905
72 912
72 920
72 923
72 932
72 936
72 938
72 962
72 984
72 986
72 997
73 74
73 75
73 76
73 77
73 78
73 80
73 81
73 82
73 84
73 86
73 87
73 90
73 91
73 92
73 93
73 95
73 96
73 97
73 98
73 99
73 100
73 101
73 102
73 103
73 105
73 106
73 107
73 108
73 109
73 110
73 111
73 114
73 115
73 117
73 118
73 119
73 120
73 123
73 124
73 125
73 127
73 128
73 130
73 132
73 133
73 134
73 135
73 136
73 137
73 138
73 139
73 140
73 144
73 148
73 149
73 150
73 151
73 152
73 158
73 159
73 160
73 161
73 162
73 163
73 164
73 165
73 167
73 168
73 170
73 171
73 172
73 173
73 174
73 175
73 178
73 180
73 182
73 183
73 184
73 187
73 189
73 190
73 193
73 194
73 195
73 196
73 197
73 198
73 200
73 201
73 202
73 203
73 204
73 206
73 207
73 208
73 210
73 211
73 214
73 216
73 219
73 220
73 222
73 223
73 224
73 227
73 228
73 229
73 230
73 231
73 234
73 235
73 236
73 237
73 238
73 239
73 244
73 245
73 246
73 248
73 262
73 265
73 273
73 280
73 286
73 289
73 310
73 324
73 328
73 345
73 348
73 358
73 406
73 412
73 416
73 484
73 486
73 487
73 489
73 513
73 531
73 533
73 547
73 562
73 569
73 574
73 588
73 592
73 602
73 605
73 616
73 621
73 625
73 643
73 683
73 732
73 735
73 749
73 501
73 502
73 503
73 761
73 769
73 807
73 810
73 813
73 815
73 825
73 850
73 857
73 870
73 923
73 928
73 929
73 939
73 953
73 978
74 76
74 77
74 78
74 80
74 81
74 85
74 86
74 87
74 90
74 91
74 92
74 93
74 94
74 95
74 97
74 98
74 99
74 100
74 101
74 102
74 103
74 104
74 105
74 107
74 108
74 109
74 110
74 111
74 112
74 113
74 115
74 116
74 117
74 118
74 119
74 121
74 122
74 123
74 124
74 125
74 126
74 128
74 130
74 134
74 135
74 137
74 138
74 139
74 140
74 141
74 142
74 143
74 147
74 149
74 150
74 151
74 153
74 154
74 155
74 156
74 157
74 158
74 160
74 161
74 162
74 164
74 166
74 170
74 172
74 174
74 175
74 176
74 177
74 178
74 179
74 180
74 181
74 183
74 184
74 185
74 186
74 187
74 188
74 189
74 191
74 192
74 196
74 199
74 200
74 201
74 202
74 203
74 204
74 205
74 206
74 209
74 211
74 212
74 213
74 214
74 215
74 217
74 218
74 221
74 222
74 223
74 225
74 226
74 227
74 228
74 230
74 231
74 233
74 234
74 236
74 237
74 238
74 239
74 241
74 242
74 243
74 244
74 245
74 246
74 248
74 249
74 254
74 259
74 289
74 290
74 324
74 325
74 338
74 340
74 341
74 343
74 352
74 357
74 377
74 384
74 392
74 393
74 406
74 408
74 413
74 415
74 417
74 420
74 422
74 457
74 464
74 494
74 512
74 524
74 555
74 562
74 580
74 610
74 628
74 639
74 642
74 647
74 648
74 664
74 671
74 681
74 682
74 689
74 696
74 698
74 701
74 702
74 721
74 737
74 739
74 745
74 750
74 753
74 755
74 760
74 762
74 766
74 775
74 778
74 797
74 802
74 810
74 829
74 857
74 880
74 889
74 894
74 920
74 923
74 945
74 955
74 963
74 964
74 969
74 981
74 985
74 991
74 995
75 76
75 77
75 80
75 81
75 82
75 85
75 86
75 87
75 89
75 90
75 91
75 92
75 93
75 95
75 96
75 97
75 98
75 102
75 103
75 104
75 105
75 106
75 107
75 108
75 109
75 110
75 112
75 113
75 114
75 115
75 117
75 119
75 120
75 121
75 122
75 123
75 124
75 125
75 126
75 127
75 128
75 129
75 130
75 131
75 132
75 134
75 135
75 138
75 139
75 140
75 141
75 143
75 144
75 145
75 147
75 148
75 149
75 151
75 152
75 153
75 154
75 155
75 158
75 159
75 160
75 161
75 162
75 163
75 164
75 165
75 166
75 168
75 172
75 173
75 174
75 175
75 177
75 179
75 180
75 181
75 183
75 187
75 188
75 190
75 191
75 192
75 193
75 194
75 196
75 197
75 198
75 199
75 200
75 201
75 202
75 203
75 204
75 205
75 206
75 207
75 208
75 209
75 210
75 213
75 214
75 215
75 218
75 219
75 222
75 223
75 225
75 226
75 227
75 228
75 230
75 231
75 232
75 233
75 234
75 235
75 236
75 238
75 239
75 244
75 245
75 247
75 248
75 274
75 281
75 282
75 304
75 317
75 331
75 333
75 366
75 395
75 408
75 413
75 416
75 420
75 421
75 423
75 435
75 444
75 452
75 456
75 461
75 463
75 473
75 480
75 484
75 492
75 494
75 495
75 497
75 529
75 534
75 535
75 541
75 553
75 560
75 565
75 573
75 595
75 599
75 608
75 630
75 636
75 640
75 642
75 646
75 647
75 649
75 658
75 665
75 666
75 683
75 688
75 714
75 723
75 724
75 734
75 752
75 765
75 767
75 769
75 774
75 793
75 803
75 817
75 838
75 839
75 850
75 914
75 923
75 945
75 966
75 970
75 976
75 979
75 980
76 78
76 79
76 80
76 84
76 85
76 88
76 94
76 95
76 97
76 99
76 100
76 102
76 103
76 104
76 105
76 106
76 107
76 109
76 110
76 111
76 112
76 113
76 116
76 117
76 118
76 119
76 120
76 121
76 122
76 124
76 125
76 127
76 128
76 130
76 132
76 134
76 136
76 137
76 138
76 139
76 141
76 144
76 145
76 146
76 148
76 149
76 150
76 152
76 153
76 154
76 155
76 156
76 158
76 160
76 161
76 162
76 163
76 167
76 168
76 169
76 170
76 171
76 172
76 173
76 174
76 175
76 176
76 177
76 178
76 179
76 180
76 182
76 185
76 186
76 187
76 188
76 189
76 191
76 192
76 193
76 194
76 195
76 197
76 198
76 199
76 202
76 203
76 204
76 205
76 206
76 207
76 208
76 210
76 213
76 215
76 220
76 221
76 224
76 226
76 227
76 228
76 229
76 230
76 232
76 233
76 235
76 236
76 237
76 238
76 239
76 240
76 241
76 242
76 243
76 244
76 245
76 246
76 247
76 249
76 251
76 254
76 256
76 259
76 272
76 282
76 289
76 298
76 305
76 317
76 323
76 330
76 356
76 373
76 380
76 382
76 387
76 401
76 405
76 410
76 417
76 434
76 449
76 462
76 468
76 492
76 525
76 528
76 530
76 532
76 539
76 540
76 567
76 568
76 575
76 605
76 609
76 627
76 644
76 648
76 658
76 665
76 701
76 707
76 732
76 740
76 510
76 759
76 764
76 772
76 774
76 782
76 795
76 803
76 805
76 810
76 816
76 839
76 859
76 860
76 863
76 868
76 877
76 886
76 889
76 904
76 915
76 926
76 933
76 940
76 956
76 957
76 976
76 981
76 990
76 997
76 999
77 81
77 82
77 83
77 85
77 86
77 90
77 91
77 92
77 93
77 94
77 95
77 99
77 101
77 103
77 104
77 105
77 107
77 109
77 110
77 111
77 113
77 114
77 116
77 117
77 118
77 119
77 120
77 121
77 122
77 124
77 125
77 126
77 127
77 128
77 129
77 130
77 131
77 132
77 133
77 134
77 135
77 136
77 138
77 141
77 142
77 143
77 145
77 146
77 147
77 148
77 149
77 150
77 151
77 152
77 153
77 154
77 155
77 156
77 157
77 158
77 159
77 160
77 161
77 165
77 166
77 167
77 168
77 170
77 171
77 173
77 174
77 175
77 177
77 179
77 181
77 182
77 183
77 186
77 187
77 189
77 194
77 195
77 197
77 198
77 199
77 200
77 201
77 202
77 203
77 204
77 205
77 206
77 207
77 208
77 211
77 213
77 214
77 215
77 217
77 218
77 219
77 220
77 222
77 223
77 225
77 227
77 228
77 229
77 230
77 233
77 234
77 235
77 236
77 239
77 241
77 242
77 244
77 246
77 248
77 260
77 276
77 291
77 293
77 295
77 302
77 304
77 305
77 325
77 331
77 367
77 375
77 377
77 392
77 393
77 397
77 445
77 449
77 450
77 463
77 466
77 475
77 476
77 483
77 493
77 495
77 515
77 537
77 542
77 545
77 546
77 554
77 569
77 600
77 627
77 642
77 648
77 700
77 706
77 708
77 710
77 723
77 724
77 725
77 731
77 511
77 751
77 767
77 777
77 781
77 785
77 790
77 812
77 817
77 819
77 827
77 841
77 851
77 852
77 856
77 860
77 879
77 890
77 895
77 896
77 911
77 915
77 931
77 940
77 947
77 970
77 978
77 999
78 79
78 80
78 81
78 83
78 86
78 87
78 88
78 90
78 91
78 92
78 93
78 94
78 96
78 97
78 99
78 100
78 101
78 102
78 103
78 104
78 105
78 107
78 109
78 112
78 113
78 114
78 115
78 116
78 117
78 118
78 119
78 120
78 122
78 124
78 126
78 128
78 131
78 132
78 134
78 135
78 138
78 139
78 140
78 142
78 143
78 145
78 146
78 147
78 148
78 149
78 151
78 152
78 154
78 155
78 156
78 157
78 158
78 159
78 160
78 161
78 163
78 165
78 166
78 167
78 168
78 171
78 176
78 178
78 179
78 180
78 183
78 184
78 185
78 188
78 189
78 191
78 192
78 193
78 194
78 195
78 196
78 198
78 199
78 200
78 203
78 204
78 205
78 206
78 207
78 208
78 209
78 213
78 214
78 215
78 216
78 217
78 219
78 220
78 222
78 223
78 224
78 225
78 226
78 227
78 228
78 229
78 230
78 231
78 233
78 235
78 236
78 237
78 240
78 241
78 242
78 243
78 244
78 245
78 248
78 249
78 258
78 261
78 269
78 273
78 282
78 294
78 303
78 309
78 323
78 347
78 369
78 373
78 376
78 386
78 391
78 398
78 401
78 405
78 413
78 415
78 416
78 418
78 422
78 432
78 434
78 441
78 450
78 456
78 476
78 483
78 486
78 497
78 513
78 514
78 516
78 522
78 538
78 547
78 550
78 556
78 557
78 565
78 568
78 587
78 614
78 636
78 662
78 663
78 667
78 676
78 685
78 689
78 701
78 712
78 717
78 719
78 727
78 731
78 746
78 752
78 762
78 777
78 782
78 787
78 798
78 799
78 804
78 805
78 808
78 817
78 823
78 828
78 835
78 839
78 844
78 850
78 864
78 867
78 872
78 875
78 879
78 886
78 897
78 902
78 923
78 929
78 933
78 936
78 948
78 963
78 975
78 981
79 80
79 83
79 85
79 86
79 87
79 88
79 90
79 91
79 93
79 94
79 96
79 97
79 98
79 99
79 100
79 102
79 103
79 104
79 105
79 107
79 108
79 109
79 110
79 111
79 112
79 114
79 116
79 117
79 119
79 120
79 121
79 122
79 123
79 124
79 125
79 128
79 129
79 130
79 132
79 135
79 136
79 138
79 140
79 141
79 142
79 146
79 147
79 148
79 149
79 150
79 151
79 153
79 154
79 155
79 156
79 157
79 159
79 160
79 161
79 164
79 165
79 167
79 168
79 169
79 171
79 173
79 174
79 175
79 178
79 179
79 180
79 181
79 182
79 183
79 184
79 185
79 186
79 188
79 189
79 190
79 191
79 192
79 193
79 194
79 195
79 196
79 198
79 199
79 201
79 202
79 204
79 206
79 207
79 208
79 210
79 213
79 215
79 216
79 218
79 219
79 221
79 222
79 225
79 226
79 227
79 228
79 229
79 230
79 232
79 233
79 235
79 236
79 237
79 238
79 240
79 241
79 243
79 244
79 245
79 246
79 248
79 249
79 252
79 258
79 270
79 272
79 273
79 299
79 309
79 321
79 326
79 333
79 340
79 345
79 352
79 353
79 361
79 373
79 386
79 404
79 412
79 416
79 422
79 426
79 435
79 440
79 445
79 451
79 454
79 468
79 475
79 478
79 491
79 532
79 539
79 545
79 547
79 562
79 569
79 570
79 575
79 586
79 587
79 601
79 623
79 632
79 634
79 641
79 648
79 660
79 662
79 673
79 674
79 681
79 682
79 705
79 710
79 718
79 722
79 734
79 501
79 502
79 504
79 508
79 752
79 770
79 796
79 810
79 814
79 815
79 848
79 857
79 859
79 878
79 879
79 885
79 886
79 893
79 926
79 962
79 965
79 983
79 987
79 994
79 998
79 999
80 81
80 83
80 84
80 85
80 89
80 91
80 92
80 94
80 95
80 96
80 98
80 100
80 102
80 104
80 107
80 109
80 110
80 113
80 115
80 116
80 117
80 119
80 120
80 121
80 122
80 123
80 126
80 127
80 128
80 131
80 132
80 134
80 135
80 136
80 137
80 141
80 142
80 143
80 144
80 145
80 146
80 148
80 149
80 151
80 154
80 156
80 157
80 158
80 161
80 164
80 165
80 166
80 167
80 168
80 169
80 170
80 171
80 173
80 176
80 177
80 179
80 180
80 181
80 183
80 184
80 185
80 186
80 187
80 189
80 190
80 191
80 194
80 198
80 199
80 200
80 203
80 206
80 207
80 208
80 209
80 210
80 211
80 212
80 213
80 214
80 215
80 219
80 220
80 222
80 224
80 225
80 226
80 227
80 228
80 229
80 230
80 231
80 232
80 237
80 238
80 240
80 241
80 244
80 246
80 247
80 248
80 249
80 268
80 271
80 290
80 299
80 300
80 316
80 348
80 366
80 368
80 381
80 409
80 432
80 436
80 437
80 439
80 453
80 455
80 457
80 479
80 517
80 536
80 543
80 548
80 549
80 563
80 579
80 600
80 601
80 619
80 634
80 637
80 647
80 649
80 657
80 665
80 698
80 710
80 501
80 502
80 509
80 752
80 768
80 782
80 790
80 800
80 802
80 804
80 833
80 841
80 842
80 844
80 850
80 855
80 866
80 870
80 943
80 977
80 981
80 991
80 993
80 994
80 999
81 82
81 83
81 84
81 85
81 86
81 87
81 88
81 89
81 90
81 91
81 92
81 94
81 95
81 96
81 98
81 99
81 100
81 102
81 103
81 105
81 106
81 107
81 110
81 112
81 113
81 114
81 116
81 117
81 119
81 120
81 122
81 123
81 126
81 127
81 128
81 129
81 130
81 131
81 132
81 133
81 135
81 137
81 138
81 139
81 142
81 143
81 144
81 146
81 149
81 150
81 151
81 152
81 153
81 154
81 155
81 157
81 161
81 162
81 165
81 166
81 167
81 168
81 170
81 171
81 172
81 174
81 177
81 178
81 179
81 180
81 181
81 184
81 185
81 186
81 188
81 189
81 190
81 194
81 195
81 198
81 200
81 201
81 202
81 203
81 204
81 205
81 206
81 208
81 209
81 210
81 211
81 212
81 215
81 216
81 218
81 219
81 220
81 221
81 222
81 223
81 224
81 227
81 228
81 229
81 230
81 232
81 233
81 234
81 235
81 236
81 238
81 239
81 240
81 241
81 243
81 244
81 245
81 246
81 248
81 249
81 250
81 252
81 265
81 302
81 312
81 319
81 330
81 337
81 348
81 368
81 380
81 398
81 407
81 418
81 431
81 440
81 448
81 462
81 470
81 471
81 486
81 513
81 522
81 524
81 527
81 538
81 546
81 555
81 565
81 586
81 591
81 598
81 602
81 604
81 615
81 635
81 636
81 640
81 652
81 665
81 671
81 680
81 688
81 693
81 699
81 727
81 735
81 504
81 508
81 761
81 768
81 770
81 771
81 784
81 787
81 809
81 813
81 826
81 830
81 857
81 886
81 904
81 922
81 950
81 969
81 980
81 983
81 998
82 83
82 84
82 85
82 86
82 89
82 91
82 93
82 95
82 96
82 98
82 99
82 100
82 101
82 103
82 105
82 106
82 107
82 109
82 110
82 111
82 112
82 114
82 115
82 118
82 121
82 123
82 126
82 127
82 128
82 129
82 130
82 131
82 133
82 134
82 138
82 139
82 140
82 141
82 142
82 143
82 144
82 145
82 146
82 147
82 148
82 149
82 150
82 152
82 153
82 154
82 156
82 159
82 160
82 163
82 166
82 167
82 168
82 170
82 171
82 172
82 173
82 174
82 175
82 176
82 178
82 179
82 181
82 182
82 183
82 184
82 186
82 187
82 188
82 190
82 191
82 192
82 193
82 195
82 196
82 199
82 201
82 202
82 203
82 204
82 205
82 207
82 208
82 209
82 210
82 211
82 212
82 214
82 215
82 216
82 217
82 218
82 219
82 220
82 221
82 222
82 224
82 225
82 226
82 228
82 229
82 230
82 231
82 232
82 233
82 234
82 235
82 236
82 237
82 239
82 240
82 241
82 243
82 245
82 247
82 249
82 261
82 269
82 275
82 281
82 286
82 294
82 295
82 299
82 310
82 311
82 312
82 313
82 321
82 323
82 327
82 343
82 345
82 349
82 355
82 359
82 362
82 370
82 384
82 392
82 398
82 417
82 418
82 428
82 458
82 478
82 483
82 489
82 516
82 529
82 537
82 573
82 584
82 587
82 609
82 616
82 624
82 625
82 639
82 648
82 654
82 669
82 683
82 703
82 719
82 725
82 728
82 735
82 504
82 782
82 799
82 803
82 833
82 836
82 859
82 867
82 868
82 870
82 878
82 883
82 911
82 922
82 932
82 952
82 959
82 975
82 980
82 994
82 995
83 85
83 86
83 87
83 88
83 89
83 90
83 91
83 93
83 95
83 97
83 98
83 100
83 101
83 102
83 103
83 104
83 105
83 106
83 107
83 109
83 111
83 112
83 113
83 115
83 117
83 118
83 120
83 124
83 125
83 126
83 127
83 129
83 130
83 131
83 132
83 133
83 134
83 135
83 139
83 142
83 145
83 146
83 147
83 148
83 149
83 150
83 152
83 153
83 154
83 155
83 157
83 158
83 159
83 160
83 161
83 162
83 163
83 164
83 165
83 166
83 167
83 168
83 170
83 171
83 172
83 173
83 174
83 175
83 177
83 178
83 179
83 180
83 181
83 182
83 184
83 186
83 187
83 190
83 193
83 194
83 195
83 197
83 198
83 199
83 200
83 201
83 202
83 203
83 204
83 209
83 210
83 211
83 212
83 213
83 214
83 215
83 218
83 219
83 222
83 223
83 224
83 226
83 227
83 230
83 231
83 232
83 233
83 234
83 237
83 240
83 242
83 243
83 244
83 245
83 247
83 249
83 260
83 262
83 265
83 285
83 287
83 288
83 300
83 308
83 312
83 329
83 345
83 348
83 352
83 358
83 377
83 384
83 394
83 415
83 416
83 424
83 432
83 438
83 440
83 442
83 471
83 473
83 514
83 516
83 525
83 532
83 541
83 547
83 549
83 550
83 577
83 587
83 597
83 610
83 616
83 622
83 634
83 641
83 642
83 646
83 648
83 654
83 663
83 670
83 675
83 728
83 737
83 752
83 759
83 762
83 774
83 775
83 787
83 806
83 816
83 832
83 834
83 848
83 850
83 855
83 861
83 873
83 876
83 885
83 911
83 912
83 927
83 939
83 955
83 983
84 85
84 87
84 88
84 89
84 90
84 91
84 92
84 93
84 95
84 99
84 100
84 101
84 103
84 104
84 106
84 107
84 109
84 111
84 112
84 114
84 115
84 118
84 119
84 121
84 124
84 125
84 126
84 130
84 131
84 132
84 134
84 135
84 136
84 138
84 140
84 141
84 142
84 143
84 144
84 148
84 149
84 150
84 151
84 152
84 154
84 155
84 156
84 158
84 160
84 163
84 165
84 166
84 167
84 168
84 169
84 170
84 171
84 173
84 174
84 178
84 179
84 180
84 181
84 182
84 183
84 184
84 185
84 186
84 188
84 189
84 195
84 197
84 198
84 199
84 200
84 201
84 202
84 204
84 205
84 206
84 207
84 208
84 210
84 211
84 212
84 214
84 215
84 218
84 219
84 220
84 223
84 224
84 225
84 226
84 227
84 229
84 231
84 232
84 236
84 239
84 241
84 242
84 243
84 244
84 245
84 247
84 248
84 249
84 276
84 281
84 282
84 284
84 286
84 291
84 319
84 322
84 327
84 329
84 332
84 334
84 336
84 352
84 353
84 361
84 383
84 403
84 406
84 409
84 414
84 420
84 425
84 427
84 430
84 440
84 442
84 444
84 448
84 457
84 474
84 516
84 541
84 543
84 552
84 564
84 573
84 575
84 581
84 589
84 601
84 604
84 610
84 612
84 661
84 666
84 675
84 685
84 689
84 691
84 703
84 704
84 705
84 719
84 747
84 505
84 752
84 775
84 806
84 815
84 844
84 848
84 851
84 855
84 858
84 861
84 892
84 902
84 905
84 919
84 920
84 921
84 942
84 949
84 956
84 958
84 959
84 975
84 979
84 984
84 985
84 989
85 86
85 87
85 88
85 89
85 90
85 91
85 95
85 96
85 97
85 98
85 100
85 101
85 102
85 104
85 105
85 106
85 108
85 109
85 110
85 112
85 113
85 114
85 115
85 116
85 117
85 120
85 122
85 123
85 124
85 125
85 127
85 129
85 131
85 134
85 135
85 137
85 138
85 140
85 141
85 142
85 145
85 146
85 148
85 150
85 153
85 155
85 156
85 158
85 160
85 161
85 163
85 165
85 166
85 168
85 171
85 173
85 174
85 175
85 176
85 177
85 178
85 179
85 180
85 181
85 182
85 186
85 187
85 188
85 189
85 190
85 191
85 192
85 193
85 195
85 196
85 198
85 199
85 200
85 203
85 204
85 205
85 208
85 209
85 210
85 212
85 213
85 215
85 216
85 217
85 219
85 221
85 222
85 223
85 224
85 225
85 226
85 227
85 228
85 229
85 230
85 231
85 232
85 233
85 234
85 235
85 236
85 238
85 239
85 241
85 243
85 245
85 246
85 247
85 248
85 249
85 256
85 265
85 274
85 289
85 292
85 297
85 298
85 308
85 315
85 327
85 330
85 340
85 351
85 355
85 378
85 391
85 405
85 410
85 421
85 422
85 427
85 434
85 446
85 450
85 452
85 479
85 481
85 488
85 512
85 525
85 534
85 539
85 541
85 545
85 547
85 552
85 570
85 572
85 573
85 584
85 586
85 606
85 610
85 616
85 623
85 625
85 629
85 631
85 659
85 662
85 678
85 700
85 701
85 711
85 714
85 723
85 725
85 505
85 769
85 772
85 774
85 775
85 796
85 800
85 818
85 819
85 824
85 831
85 854
85 864
85 903
85 911
85 927
85 945
85 960
85 967
85 977
85 978
85 982
86 87
86 88
86 89
86 90
86 91
86 92
86 93
86 95
86 96
86 97
86 98
86 100
86 102
86 103
86 104
86 105
86 109
86 111
86 112
86 113
86 114
86 116
86 117
86 119
86 121
86 122
86 123
86 124
86 125
86 126
86 129
86 130
86 132
86 133
86 135
86 137
86 138
86 139
86 140
86 141
86 142
86 143
86 144
86 145
86 146
86 149
86 151
86 152
86 153
86 154
86 156
86 157
86 158
86 159
86 160
86 161
86 164
86 165
86 167
86 168
86 169
86 170
86 171
86 172
86 173
86 174
86 175
86 176
86 178
86 179
86 180
86 181
86 182
86 183
86 184
86 187
86 189
86 190
86 191
86 192
86 193
86 195
86 196
86 197
86 198
86 199
86 203
86 204
86 205
86 207
86 208
86 210
86 212
86 215
86 216
86 217
86 220
86 221
86 222
86 223
86 224
86 225
86 226
86 227
86 228
86 229
86 230
86 233
86 234
86 236
86 238
86 239
86 240
86 241
86 243
86 244
86 245
86 246
86 247
86 248
86 249
86 254
86 255
86 284
86 297
86 338
86 339
86 344
86 347
86 361
86 378
86 406
86 412
86 413
86 419
86 422
86 458
86 471
86 513
86 518
86 522
86 531
86 532
86 534
86 536
86 559
86 563
86 577
86 582
86 592
86 593
86 602
86 619
86 620
86 621
86 622
86 635
86 647
86 653
86 665
86 669
86 680
86 681
86 685
86 686
86 713
86 724
86 740
86 747
86 504
86 506
86 753
86 777
86 780
86 815
86 818
86 819
86 837
86 839
86 840
86 846
86 848
86 849
86 853
86 854
86 857
86 876
86 878
86 881
86 889
86 891
86 905
86 915
86 927
86 931
86 932
86 937
86 941
86 951
86 952
86 960
86 977
86 986
86 991
86 997
87 89
87 90
87 91
87 93
87 94
87 95
87 97
87 98
87 99
87 100
87 101
87 102
87 104
87 105
87 106
87 108
87 110
87 111
87 112
87 114
87 117
87 118
87 119
87 120
87 121
87 124
87 125
87 128
87 130
87 131
87 132
87 133
87 134
87 135
87 136
87 137
87 138
87 139
87 141
87 142
87 144
87 145
87 146
87 148
87 149
87 150
87 151
87 152
87 153
87 154
87 155
87 156
87 157
87 158
87 160
87 163
87 166
87 169
87 170
87 173
87 175
87 176
87 177
87 179
87 180
87 182
87 184
87 185
87 189
87 191
87 192
87 193
87 194
87 199
87 200
87 202
87 203
87 204
87 205
87 206
87 208
87 210
87 211
87 212
87 213
87 214
87 215
87 216
87 217
87 218
87 220
87 222
87 223
87 224
87 226
87 228
87 229
87 230
87 231
87 233
87 234
87 235
87 238
87 239
87 240
87 243
87 244
87 245
87 274
87 275
87 291
87 327
87 332
87 340
87 363
87 369
87 383
87 394
87 398
87 399
87 419
87 421
87 429
87 434
87 441
87 451
87 464
87 473
87 481
87 489
87 497
87 531
87 532
87 572
87 579
87 583
87 585
87 601
87 603
87 604
87 610
87 614
87 625
87 630
87 631
87 638
87 649
87 650
87 666
87 679
87 705
87 716
87 727
87 728
87 729
87 732
87 734
87 502
87 756
87 768
87 807
87 825
87 832
87 845
87 850
87 878
87 904
87 909
87 914
87 927
87 971
88 90
88 91
88 92
88 93
88 95
88 97
88 101
88 103
88 105
88 107
88 108
88 109
88 110
88 111
88 113
88 116
88 117
88 118
88 119
88 121
88 122
88 123
88 124
88 126
88 127
88 128
88 130
88 131
88 132
88 134
88 135
88 136
88 139
88 140
88 141
88 143
88 144
88 145
88 146
88 147
88 148
88 150
88 151
88 153
88 156
88 159
88 162
88 163
88 166
88 167
88 168
88 169
88 170
88 171
88 172
88 175
88 176
88 177
88 181
88 182
88 183
88 184
88 186
88 187
88 188
88 189
88 190
88 191
88 193
88 197
88 198
88 199
88 201
88 202
88 204
88 205
88 206
88 207
88 208
88 209
88 210
88 211
88 212
88 214
88 215
88 216
88 217
88 218
88 220
88 221
88 222
88 223
88 225
88 226
88 227
88 229
88 230
88 231
88 232
88 234
88 236
88 237
88 238
88 239
88 241
88 242
88 244
88 245
88 246
88 248
88 249
88 262
88 273
88 279
88 301
88 309
88 332
88 333
88 342
88 364
88 366
88 380
88 395
88 398
88 401
88 421
88 434
88 442
88 471
88 490
88 517
88 520
88 542
88 543
88 556
88 570
88 571
88 585
88 586
88 606
88 607
88 615
88 628
88 633
88 645
88 660
88 664
88 683
88 687
88 698
88 706
88 715
88 716
88 723
88 728
88 741
88 745
88 507
88 509
88 751
88 756
88 761
88 766
88 776
88 783
88 790
88 800
88 814
88 825
88 831
88 836
88 837
88 839
88 875
88 877
88 884
88 899
88 900
88 917
88 927
88 928
88 930
88 931
88 943
88 947
88 949
88 953
88 959
88 968
88 973
88 977
88 991
88 997
89 90
89 94
89 95
89 96
89 99
89 100
89 101
89 103
89 104
89 107
89 109
89 110
89 111
89 112
89 113
89 114
89 115
89 116
89 117
89 118
89 119
89 121
89 122
89 123
89 126
89 128
89 130
89 133
89 134
89 135
89 138
89 140
89 141
89 143
89 144
89 146
89 147
89 148
89 149
89 150
89 151
89 152
89 154
89 156
89 159
89 160
89 161
89 163
89 166
89 167
89 171
89 172
89 173
89 174
89 175
89 176
89 178
89 179
89 180
89 181
89 182
89 183
89 184
89 185
89 186
89 188
89 192
89 195
89 197
89 199
89 200
89 202
89 203
89 204
89 205
89 206
89 207
89 208
89 209
89 211
89 212
89 213
89 214
89 215
89 216
89 219
89 220
89 221
89 223
89 224
89 225
89 226
89 227
89 228
89 229
89 232
89 233
89 234
89 236
89 239
89 240
89 241
89 242
89 247
89 248
89 266
89 293
89 298
89 313
89 326
89 328
89 333
89 339
89 347
89 355
89 357
89 363
89 368
89 370
89 377
89 379
89 381
89 389
89 404
89 406
89 412
89 414
89 419
89 424
89 454
89 462
89 483
89 488
89 517
89 525
89 538
89 543
89 552
89 565
89 570
89 588
89 590
89 593
89 600
89 604
89 616
89 622
89 666
89 674
89 676
89 680
89 705
89 738
89 744
89 500
89 753
89 757
89 760
89 795
89 857
89 858
89 859
89 863
89 864
89 865
89 869
89 873
89 885
89 897
89 899
89 906
89 925
89 933
89 961
89 983
89 987
89 991
89 993
90 92
90 94
90 96
90 98
90 100
90 101
90 107
90 108
90 109
90 110
90 112
90 114
90 115
90 117
90 118
90 119
90 120
90 121
90 122
90 124
90 125
90 128
90 129
90 133
90 135
90 136
90 137
90 138
90 139
90 140
90 141
90 142
90 144
90 145
90 146
90 147
90 149
90 150
90 151
90 152
90 153
90 154
90 155
90 157
90 159
90 160
90 161
90 162
90 163
90 164
90 167
90 168
90 169
90 171
90 172
90 173
90 175
90 176
90 177
90 178
90 179
90 180
90 182
90 183
90 184
90 185
90 186
90 187
90 188
90 189
90 190
90 192
90 193
90 194
90 196
90 197
90 199
90 200
90 201
90 202
90 203
90 204
90 205
90 206
90 207
90 208
90 209
90 210
90 211
90 212
90 213
90 214
90 218
90 219
90 220
90 221
90 223
90 224
90 225
90 227
90 228
90 230
90 231
90 232
90 234
90 235
90 238
90 239
90 242
90 243
90 244
90 245
90 246
90 247
90 248
90 257
90 265
90 270
90 276
90 279
90 290
90 294
90 318
90 330
90 347
90 350
90 373
90 374
90 390
90 407
90 409
90 413
90 415
90 419
90 430
90 453
90 512
90 529
90 536
90 542
90 556
90 566
90 579
90 600
90 607
90 616
90 623
90 624
90 632
90 635
90 636
90 638
90 655
90 662
90 688
90 699
90 709
90 715
90 721
90 731
90 733
90 740
90 503
90 751
90 752
90 756
90 773
90 777
90 785
90 796
90 801
90 821
90 824
90 827
90 832
90 833
90 840
90 846
90 881
90 882
90 899
90 903
90 925
90 954
90 959
90 979
90 982
91 92
91 93
91 94
91 95
91 97
91 99
91 100
91 101
91 102
91 103
91 104
91 105
91 106
91 107
91 108
91 111
91 112
91 114
91 115
91 119
91 120
91 121
91 124
91 125
91 127
91 128
91 129
91 131
91 132
91 133
91 135
91 136
91 137
91 140
91 141
91 142
91 143
91 145
91 146
91 147
91 148
91 149
91 150
91 151
91 153
91 155
91 156
91 158
91 160
91 161
91 162
91 163
91 164
91 166
91 169
91 170
91 171
91 172
91 174
91 176
91 177
91 178
91 179
91 180
91 181
91 183
91 184
91 185
91 186
91 187
91 188
91 189
91 190
91 191
91 192
91 193
91 194
91 195
91 196
91 197
91 198
91 199
91 200
91 202
91 203
91 204
91 207
91 209
91 210
91 213
91 215
91 216
91 219
91 221
91 223
91 224
91 225
91 226
91 228
91 229
91 230
91 231
91 232
91 233
91 234
91 235
91 236
91 237
91 238
91 239
91 241
91 242
91 244
91 245
91 246
91 247
91 248
91 249
91 256
91 269
91 283
91 292
91 294
91 303
91 315
91 330
91 348
91 351
91 354
91 363
91 386
91 405
91 409
91 410
91 414
91 419
91 427
91 445
91 446
91 447
91 456
91 463
91 474
91 482
91 516
91 517
91 519
91 529
91 550
91 569
91 572
91 584
91 585
91 598
91 602
91 610
91 645
91 648
91 657
91 662
91 688
91 691
91 696
91 701
91 713
91 724
91 732
91 735
91 740
91 503
91 760
91 778
91 781
91 786
91 803
91 814
91 816
91 827
91 837
91 838
91 856
91 871
91 899
91 927
91 930
91 939
91 940
91 945
91 960
91 964
91 967
91 985
92 94
92 95
92 96
92 97
92 98
92 99
92 101
92 102
92 103
92 104
92 105
92 108
92 110
92 111
92 112
92 114
92 115
92 116
92 118
92 119
92 120
92 121
92 122
92 123
92 124
92 125
92 127
92 128
92 129
92 132
92 133
92 134
92 135
92 136
92 138
92 140
92 141
92 142
92 144
92 145
92 146
92 147
92 148
92 149
92 150
92 151
92 154
92 156
92 157
92 158
92 159
92 160
92 161
92 162
92 164
92 166
92 167
92 168
92 170
92 171
92 172
92 173
92 174
92 175
92 176
92 178
92 179
92 181
92 182
92 183
92 185
92 186
92 187
92 188
92 189
92 190
92 191
92 192
92 195
92 197
92 198
92 199
92 201
92 202
92 203
92 206
92 209
92 211
92 212
92 213
92 217
92 219
92 220
92 224
92 225
92 226
92 227
92 229
92 234
92 235
92 236
92 238
92 239
92 240
92 241
92 242
92 243
92 249
92 262
92 267
92 268
92 269
92 270
92 281
92 288
92 316
92 317
92 333
92 336
92 351
92 392
92 398
92 400
92 404
92 419
92 420
92 431
92 434
92 443
92 444
92 445
92 447
92 459
92 469
92 478
92 485
92 491
92 514
92 551
92 559
92 560
92 564
92 584
92 591
92 616
92 638
92 664
92 673
92 678
92 701
92 705
92 730
92 743
92 746
92 747
92 504
92 757
92 767
92 775
92 781
92 786
92 807
92 825
92 837
92 855
92 857
92 872
92 882
92 884
92 895
92 912
92 917
92 927
92 936
92 946
92 964
92 970
92 987
92 988
92 999
93 94
93 96
93 97
93 98
93 99
93 101
93 102
93 103
93 106
93 107
93 108
93 110
93 111
93 112
93 114
93 116
93 118
93 121
93 124
93 125
93 126
93 127
93 130
93 131
93 133
93 135
93 136
93 139
93 142
93 143
93 144
93 145
93 147
93 148
93 149
93 150
93 152
93 155
93 156
93 157
93 158
93 160
93 161
93 162
93 167
93 168
93 170
93 172
93 173
93 174
93 175
93 177
93 178
93 179
93 181
93 182
93 183
93 184
93 185
93 186
93 187
93 188
93 190
93 191
93 195
93 196
93 198
93 199
93 200
93 203
93 204
93 205
93 206
93 208
93 209
93 210
93 211
93 212
93 213
93 214
93 215
93 216
93 217
93 219
93 220
93 222
93 223
93 225
93 226
93 227
93 228
93 229
93 231
93 232
93 233
93 235
93 237
93 238
93 239
93 242
93 243
93 246
93 247
93 248
93 249
93 253
93 261
93 296
93 308
93 311
93 316
93 331
93 335
93 337
93 347
93 350
93 353
93 362
93 364
93 376
93 378
93 404
93 416
93 425
93 441
93 462
93 474
93 490
93 491
93 494
93 496
93 519
93 527
93 528
93 557
93 584
93 586
93 594
93 599
93 600
93 604
93 609
93 610
93 620
93 635
93 643
93 660
93 673
93 677
93 680
93 681
93 701
93 712
93 730
93 731
93 738
93 745
93 508
93 754
93 760
93 763
93 775
93 787
93 790
93 797
93 798
93 801
93 810
93 826
93 834
93 840
93 844
93 846
93 856
93 865
93 877
93 884
93 890
93 891
93 892
93 900
93 906
93 908
93 919
93 926
93 930
93 941
93 947
93 949
93 950
93 979
93 987
93 990
93 996
93 997
93 999
94 96
94 97
94 98
94 99
94 101
94 102
94 103
94 104
94 105
94 106
94 107
94 108
94 111
94 112
94 113
94 114
94 115
94 119
94 120
94 121
94 122
94 123
94 125
94 126
94 127
94 128
94 129
94 131
94 135
94 137
94 138
94 139
94 141
94 152
94 153
94 154
94 155
94 156
94 157
94 158
94 159
94 160
94 163
94 164
94 165
94 167
94 169
94 171
94 172
94 173
94 175
94 179
94 180
94 181
94 182
94 183
94 184
94 185
94 186
94 187
94 190
94 192
94 193
94 194
94 196
94 197
94 198
94 199
94 201
94 202
94 203
94 204
94 207
94 208
94 209
94 210
94 211
94 212
94 213
94 215
94 216
94 217
94 219
94 223
94 224
94 225
94 226
94 227
94 228
94 229
94 230
94 231
94 233
94 234
94 235
94 236
94 238
94 239
94 240
94 241
94 242
94 243
94 244
94 245
94 246
94 247
94 248
94 253
94 275
94 278
94 279
94 288
94 292
94 302
94 304
94 314
94 320
94 331
94 340
94 371
94 372
94 373
94 374
94 389
94 404
94 407
94 425
94 431
94 440
94 453
94 466
94 485
94 515
94 522
94 527
94 530
94 532
94 546
94 551
94 558
94 565
94 576
94 580
94 585
94 590
94 595
94 597
94 613
94 619
94 641
94 648
94 658
94 671
94 673
94 676
94 682
94 697
94 704
94 714
94 715
94 717
94 735
94 503
94 506
94 509
94 775
94 785
94 790
94 802
94 821
94 822
94 833
94 840
94 896
94 898
94 907
94 917
94 922
94 927
94 957
94 960
94 989
94 992
94 996
95 96
95 97
95 98
95 100
95 102
95 103
95 104
95 105
95 107
95 108
95 109
95 110
95 111
95 112
95 113
95 114
95 117
95 118
95 119
95 120
95 122
95 123
95 124
95 125
95 126
95 127
95 128
95 129
95 131
95 132
95 133
95 134
95 136
95 142
95 143
95 146
95 147
95 148
95 149
95 150
95 154
95 157
95 158
95 159
95 160
95 161
95 162
95 163
95 165
95 169
95 170
95 173
95 174
95 175
95 176
95 177
95 178
95 179
95 180
95 182
95 183
95 184
95 187
95 189
95 192
95 193
95 194
95 195
95 196
95 197
95 198
95 200
95 202
95 204
95 205
95 207
95 208
95 209
95 210
95 211
95 212
95 215
95 216
95 217
95 220
95 221
95 222
95 223
95 225
95 226
95 229
95 230
95 231
95 233
95 234
95 235
95 236
95 242
95 243
95 245
95 246
95 247
95 248
95 249
95 281
95 299
95 300
95 320
95 343
95 356
95 366
95 367
95 372
95 374
95 390
95 395
95 409
95 418
95 448
95 474
95 493
95 548
95 557
95 558
95 580
95 585
95 591
95 609
95 610
95 618
95 621
95 623
95 624
95 625
95 635
95 646
95 661
95 662
95 688
95 693
95 699
95 702
95 728
95 732
95 737
95 739
95 500
95 510
95 755
95 803
95 804
95 813
95 820
95 823
95 825
95 832
95 865
95 877
95 886
95 889
95 900
95 902
95 907
95 925
95 930
95 948
95 959
95 980
95 983
95 985
95 991
96 97
96 98
96 100
96 101
96 102
96 104
96 105
96 106
96 108
96 109
96 110
96 112
96 114
96 115
96 117
96 118
96 119
96 120
96 121
96 122
96 123
96 124
96 126
96 127
96 128
96 129
96 130
96 131
96 134
96 135
96 137
96 140
96 142
96 144
96 145
96 148
96 149
96 153
96 154
96 155
96 157
96 162
96 163
96 164
96 165
96 166
96 170
96 171
96 172
96 173
96 174
96 177
96 178
96 180
96 181
96 182
96 183
96 184
96 185
96 188
96 190
96 191
96 193
96 194
96 195
96 196
96 197
96 198
96 199
96 201
96 202
96 203
96 206
96 207
96 208
96 209
96 210
96 215
96 216
96 217
96 219
96 220
96 221
96 224
96 226
96 227
96 228
96 229
96 230
96 231
96 232
96 233
96 235
96 236
96 237
96 239
96 241
96 242
96 243
96 244
96 247
96 248
96 249
96 252
96 267
96 284
96 286
96 316
96 341
96 344
96 362
96 368
96 387
96 427
96 430
96 440
96 443
96 455
96 456
96 472
96 490
96 495
96 537
96 539
96 542
96 544
96 554
96 559
96 578
96 581
96 584
96 587
96 604
96 611
96 623
96 628
96 634
96 636
96 638
96 642
96 645
96 647
96 675
96 726
96 747
96 758
96 760
96 764
96 777
96 779
96 780
96 782
96 802
96 809
96 823
96 824
96 847
96 849
96 856
96 869
96 871
96 876
96 887
96 910
96 914
96 915
96 928
96 931
96 937
96 951
96 952
96 964
96 966
96 967
96 982
96 989
96 993
96 999
97 98
97 100
97 103
97 104
97 105
97 107
97 108
97 109
97 110
97 111
97 112
97 113
97 114
97 115
97 116
97 117
97 118
97 121
97 123
97 126
97 127
97 128
97 129
97 130
97 131
97 132
97 133
97 134
97 136
97 141
97 144
97 145
97 146
97 147
97 150
97 152
97 153
97 154
97 155
97 156
97 158
97 159
97 161
97 162
97 163
97 164
97 165
97 166
97 167
97 168
97 172
97 173
97 175
97 177
97 180
97 181
97 182
97 183
97 184
97 185
97 188
97 189
97 192
97 194
97 195
97 196
97 198
97 199
97 200
97 201
97 202
97 204
97 205
97 206
97 207
97 208
97 209
97 210
97 213
97 214
97 215
97 217
97 218
97 219
97 220
97 222
97 223
97 225
97 226
97 227
97 228
97 230
97 231
97 232
97 235
97 237
97 238
97 239
97 240
97 241
97 242
97 243
97 244
97 245
97 246
97 248
97 255
97 279
97 280
97 284
97 285
97 291
97 293
97 299
97 334
97 337
97 341
97 345
97 348
97 364
97 392
97 398
97 404
97 419
97 420
97 432
97 439
97 447
97 452
97 481
97 482
97 489
97 517
97 528
97 535
97 540
97 542
97 545
97 561
97 566
97 622
97 623
97 625
97 627
97 637
97 642
97 659
97 665
97 670
97 671
97 675
97 679
97 680
97 687
97 691
97 694
97 697
97 714
97 715
97 719
97 727
97 743
97 754
97 759
97 764
97 767
97 775
97 786
97 787
97 788
97 793
97 798
97 809
97 829
97 833
97 838
97 849
97 869
97 917
97 921
97 947
97 970
97 974
97 977
97 985
97 988
98 101
98 102
98 104
98 106
98 108
98 112
98 113
98 115
98 116
98 117
98 119
98 121
98 122
98 123
98 125
98 126
98 128
98 129
98 132
98 134
98 135
98 136
98 137
98 138
98 140
98 142
98 143
98 144
98 146
98 148
98 149
98 150
98 151
98 153
98 154
98 155
98 156
98 158
98 159
98 160
98 164
98 165
98 167
98 168
98 169
98 170
98 172
98 174
98 175
98 176
98 177
98 178
98 179
98 180
98 181
98 183
98 185
98 186
98 188
98 189
98 190
98 191
98 194
98 196
98 197
98 198
98 199
98 200
98 202
98 204
98 206
98 208
98 209
98 210
98 211
98 212
98 213
98 214
98 215
98 218
98 220
98 221
98 223
98 224
98 226
98 227
98 228
98 229
98 230
98 232
98 235
98 237
98 238
98 240
98 242
98 244
98 245
98 246
98 248
98 249
98 251
98 260
98 261
98 271
98 283
98 289
98 297
98 301
98 352
98 353
98 358
98 373
98 382
98 400
98 404
98 414
98 418
98 425
98 436
98 453
98 456
98 465
98 471
98 474
98 484
98 490
98 492
98 518
98 520
98 538
98 551
98 554
98 560
98 580
98 584
98 592
98 600
98 616
98 639
98 641
98 653
98 658
98 671
98 674
98 695
98 699
98 709
98 722
98 723
98 729
98 730
98 733
98 743
98 748
98 502
98 508
98 758
98 770
98 775
98 789
98 798
98 833
98 839
98 843
98 844
98 872
98 876
98 889
98 890
98 901
98 904
98 909
98 931
98 936
98 938
98 939
98 966
98 968
98 978
98 985
98 988
99 100
99 101
99 102
99 105
99 108
99 109
99 114
99 115
99 117
99 118
99 121
99 124
99 127
99 128
99 130
99 131
99 133
99 134
99 135
99 138
99 141
99 142
99 143
99 144
99 145
99 146
99 147
99 149
99 150
99 151
99 153
99 154
99 157
99 158
99 159
99 160
99 163
99 164
99 165
99 167
99 169
99 170
99 172
99 173
99 174
99 177
99 178
99 179
99 180
99 181
99 183
99 184
99 186
99 187
99 188
99 189
99 191
99 194
99 195
99 196
99 197
99 199
99 203
99 204
99 205
99 206
99 207
99 208
99 209
99 211
99 212
99 215
99 218
99 220
99 221
99 222
99 223
99 224
99 225
99 226
99 229
99 230
99 231
99 232
99 233
99 234
99 235
99 237
99 238
99 241
99 242
99 243
99 244
99 245
99 246
99 247
99 248
99 249
99 257
99 258
99 277
99 285
99 287
99 294
99 299
99 311
99 313
99 322
99 328
99 332
99 336
99 344
99 372
99 376
99 384
99 400
99 404
99 418
99 423
99 425
99 426
99 435
99 457
99 467
99 468
99 480
99 484
99 494
99 557
99 563
99 564
99 566
99 569
99 577
99 581
99 583
99 591
99 592
99 596
99 605
99 616
99 621
99 648
99 652
99 654
99 672
99 695
99 696
99 699
99 700
99 723
99 730
99 738
99 739
99 747
99 503
99 753
99 754
99 755
99 765
99 768
99 785
99 824
99 836
99 875
99 882
99 894
99 917
99 924
99 930
99 931
99 940
99 953
99 985
99 993
100 101
100 102
100 103
100 105
100 106
100 109
100 110
100 111
100 112
100 113
100 114
100 117
100 118
100 119
100 120
100 121
100 123
100 124
100 125
100 126
100 127
100 130
100 131
100 132
100 133
100 136
100 137
100 140
100 142
100 143
100 144
100 145
100 146
100 147
100 148
100 150
100 152
100 153
100 154
100 155
100 156
100 158
100 160
100 161
100 162
100 163
100 164
100 166
100 167
100 168
100 169
100 171
100 172
100 176
100 177
100 178
100 180
100 181
100 183
100 185
100 186
100 188
100 189
100 190
100 191
100 192
100 193
100 194
100 195
100 197
100 198
100 199
100 200
100 202
100 203
100 204
100 206
100 207
100 208
100 210
100 211
100 213
100 218
100 220
100 223
100 225
100 226
100 227
100 229
100 231
100 232
100 233
100 235
100 236
100 237
100 240
100 241
100 242
100 245
100 246
100 248
100 249
100 250
100 251
100 253
100 262
100 269
100 275
100 278
100 281
100 285
100 286
100 287
100 292
100 309
100 310
100 315
100 316
100 318
100 321
100 325
100 328
100 333
100 334
100 344
100 351
100 360
100 364
100 373
100 397
100 401
100 414
100 416
100 417
100 432
100 437
100 439
100 445
100 451
100 472
100 478
100 494
100 516
100 518
100 528
100 537
100 538
100 543
100 546
100 550
100 554
100 557
100 558
100 562
100 590
100 603
100 616
100 678
100 702
100 703
100 712
100 722
100 730
100 734
100 742
100 501
100 506
100 509
100 510
100 751
100 762
100 794
100 804
100 825
100 826
100 847
100 876
100 892
100 902
100 910
100 918
100 976
100 978
100 986
100 989
100 990
100 994
101 103
101 104
101 105
101 106
101 107
101 110
101 111
101 112
101 114
101 115
101 116
101 117
101 119
101 120
101 121
101 122
101 123
101 124
101 125
101 126
101 128
101 129
101 131
101 132
101 134
101 135
101 137
101 138
101 139
101 140
101 145
101 146
101 147
101 149
101 152
101 153
101 159
101 160
101 161
101 162
101 163
101 164
101 166
101 167
101 168
101 169
101 170
101 171
101 172
101 176
101 178
101 180
101 181
101 182
101 185
101 186
101 187
101 188
101 189
101 190
101 191
101 192
101 194
101 195
101 197
101 198
101 199
101 200
101 201
101 202
101 204
101 205
101 206
101 210
101 212
101 215
101 217
101 218
101 220
101 221
101 222
101 223
101 224
101 225
101 226
101 227
101 229
101 230
101 232
101 233
101 235
101 237
101 238
101 239
101 240
101 241
101 242
101 243
101 244
101 247
101 248
101 249
101 252
101 258
101 261
101 266
101 269
101 285
101 286
101 291
101 294
101 299
101 304
101 307
101 330
101 334
101 352
101 353
101 388
101 398
101 421
101 424
101 441
101 490
101 520
101 528
101 544
101 563
101 568
101 575
101 587
101 590
101 601
101 609
101 620
101 657
101 660
101 664
101 678
101 706
101 709
101 711
101 720
101 724
101 745
101 749
101 504
101 506
101 508
101 510
101 511
101 778
101 780
101 789
101 790
101 799
101 812
101 827
101 837
101 859
101 861
101 874
101 876
101 892
101 894
101 906
101 909
101 919
101 921
101 927
101 945
101 953
101 980
101 989
101 994
102 103
102 105
102 106
102 110
102 111
102 113
102 114
102 115
102 117
102 118
102 120
102 121
102 123
102 124
102 126
102 127
102 128
102 130
102 131
102 132
102 133
102 135
102 136
102 138
102 139
102 140
102 142
102 145
102 146
102 147
102 149
102 151
102 154
102 157
102 158
102 159
102 160
102 161
102 163
102 164
102 165
102 166
102 167
102 168
102 169
102 170
102 171
102 172
102 173
102 175
102 177
102 179
102 180
102 183
102 185
102 187
102 188
102 190
102 192
102 193
102 194
102 195
102 196
102 197
102 198
102 199
102 203
102 204
102 205
102 206
102 207
102 208
102 210
102 211
102 214
102 217
102 218
102 219
102 222
102 223
102 226
102 227
102 228
102 229
102 230
102 232
102 233
102 234
102 236
102 237
102 238
102 239
102 241
102 244
102 245
102 246
102 248
102 249
102 258
102 264
102 274
102 289
102 290
102 304
102 306
102 311
102 315
102 319
102 331
102 382
102 388
102 413
102 420
102 437
102 457
102 462
102 471
102 487
102 489
102 522
102 524
102 526
102 541
102 543
102 585
102 601
102 603
102 615
102 621
102 712
102 719
102 726
102 731
102 733
102 502
102 764
102 783
102 788
102 792
102 794
102 803
102 807
102 809
102 814
102 822
102 859
102 866
102 883
102 892
102 930
102 947
102 962
102 964
102 968
103 104
103 105
103 107
103 108
103 109
103 110
103 111
103 112
103 113
103 114
103 115
103 116
103 117
103 118
103 119
103 122
103 123
103 124
103 125
103 126
103 130
103 133
103 134
103 135
103 137
103 138
103 139
103 140
103 141
103 142
103 144
103 146
103 147
103 149
103 150
103 151
103 153
103 154
103 155
103 156
103 157
103 158
103 159
103 160
103 162
103 164
103 165
103 166
103 168
103 169
103 170
103 172
103 174
103 175
103 176
103 177
103 178
103 179
103 180
103 181
103 182
103 183
103 184
103 185
103 188
103 189
103 190
103 191
103 192
103 194
103 195
103 196
103 198
103 199
103 200
103 201
103 204
103 205
103 206
103 207
103 209
103 212
103 213
103 215
103 216
103 217
103 218
103 219
103 220
103 222
103 223
103 225
103 226
103 227
103 228
103 230
103 232
103 233
103 234
103 235
103 236
103 237
103 239
103 240
103 241
103 242
103 243
103 244
103 246
103 248
103 249
103 256
103 267
103 306
103 308
103 322
103 326
103 334
103 339
103 348
103 354
103 358
103 405
103 455
103 477
103 483
103 484
103 487
103 488
103 498
103 518
103 519
103 522
103 532
103 542
103 570
103 591
103 593
103 601
103 621
103 626
103 641
103 643
103 651
103 662
103 689
103 710
103 718
103 720
103 725
103 729
103 737
103 745
103 511
103 753
103 758
103 760
103 770
103 776
103 779
103 785
103 796
103 799
103 815
103 828
103 841
103 857
103 868
103 873
103 882
103 898
103 908
103 910
103 914
103 927
103 931
103 945
103 951
103 959
103 963
103 970
104 106
104 107
104 108
104 109
104 110
104 111
104 112
104 113
104 116
104 117
104 118
104 119
104 120
104 121
104 122
104 125
104 126
104 128
104 129
104 130
104 131
104 132
104 133
104 134
104 136
104 138
104 139
104 140
104 141
104 142
104 144
104 145
104 146
104 147
104 149
104 151
104 152
104 153
104 154
104 155
104 156
104 157
104 158
104 159
104 160
104 161
104 164
104 166
104 167
104 168
104 171
104 173
104 175
104 176
104 177
104 178
104 180
104 182
104 183
104 184
104 185
104 186
104 188
104 189
104 191
104 192
104 193
104 195
104 197
104 198
104 199
104 200
104 201
104 203
104 204
104 205
104 206
104 209
104 210
104 212
104 213
104 214
104 215
104 216
104 218
104 221
104 222
104 224
104 226
104 227
104 228
104 229
104 230
104 231
104 232
104 233
104 238
104 239
104 242
104 244
104 245
104 246
104 247
104 248
104 259
104 260
104 275
104 278
104 279
104 281
104 288
104 301
104 316
104 318
104 319
104 326
104 336
104 361
104 373
104 380
104 388
104 409
104 417
104 422
104 424
104 428
104 436
104 456
104 475
104 476
104 477
104 479
104 516
104 517
104 526
104 559
104 560
104 570
104 599
104 607
104 612
104 614
104 616
104 635
104 637
104 644
104 682
104 686
104 693
104 700
104 704
104 712
104 718
104 725
104 732
104 745
104 510
104 777
104 783
104 807
104 810
104 814
104 818
104 842
104 846
104 860
104 868
104 879
104 883
104 901
104 917
104 930
104 948
104 972
104 973
105 106
105 107
105 108
105 110
105 113
105 115
105 116
105 117
105 119
105 120
105 121
105 122
105 123
105 124
105 126
105 127
105 128
105 129
105 130
105 132
105 135
105 138
105 140
105 142
105 144
105 145
105 147
105 148
105 150
105 151
105 152
105 154
105 158
105 159
105 160
105 163
105 165
105 166
105 167
105 170
105 171
105 172
105 173
105 174
105 175
105 177
105 178
105 179
105 180
105 183
105 184
105 185
105 186
105 188
105 189
105 193
105 195
105 196
105 197
105 198
105 199
105 200
105 201
105 202
105 203
105 204
105 205
105 206
105 207
105 208
105 209
105 210
105 213
105 214
105 215
105 216
105 217
105 218
105 219
105 220
105 221
105 222
105 225
105 226
105 228
105 229
105 231
105 232
105 233
105 234
105 235
105 237
105 238
105 239
105 241
105 242
105 243
105 244
105 245
105 246
105 247
105 248
105 249
105 257
105 262
105 266
105 269
105 276
105 278
105 284
105 288
105 300
105 304
105 309
105 326
105 342
105 363
105 367
105 409
105 419
105 424
105 428
105 445
105 449
105 455
105 474
105 477
105 487
105 491
105 521
105 530
105 537
105 546
105 550
105 551
105 559
105 573
105 580
105 581
105 595
105 597
105 598
105 604
105 612
105 614
105 627
105 629
105 635
105 645
105 666
105 667
105 669
105 672
105 687
105 695
105 713
105 717
105 743
105 504
105 765
105 773
105 776
105 799
105 806
105 813
105 818
105 832
105 835
105 842
105 844
105 849
105 851
105 855
105 871
105 872
105 889
105 918
105 925
105 944
105 946
105 958
105 965
105 969
105 973
105 975
105 996
106 109
106 110
106 111
106 113
106 114
106 117
106 118
106 120
106 122
106 123
106 124
106 126
106 127
106 128
106 129
106 130
106 131
106 132
106 133
106 134
106 135
106 137
106 141
106 143
106 144
106 145
106 147
106 148
106 149
106 150
106 152
106 155
106 156
106 157
106 158
106 161
106 162
106 163
106 164
106 165
106 166
106 170
106 171
106 172
106 173
106 174
106 175
106 176
106 177
106 178
106 179
106 180
106 181
106 183
106 184
106 186
106 190
106 191
106 193
106 195
106 196
106 200
106 201
106 203
106 204
106 206
106 207
106 208
106 209
106 210
106 215
106 216
106 217
106 218
106 220
106 222
106 223
106 225
106 226
106 228
106 230
106 231
106 233
106 236
106 240
106 241
106 242
106 243
106 245
106 246
106 247
106 248
106 249
106 251
106 261
106 266
106 296
106 314
106 329
106 351
106 359
106 370
106 382
106 389
106 390
106 405
106 407
106 414
106 449
106 452
106 476
106 484
106 512
106 515
106 516
106 529
106 535
106 536
106 553
106 565
106 567
106 579
106 584
106 586
106 589
106 591
106 596
106 604
106 613
106 624
106 630
106 634
106 651
106 653
106 668
106 690
106 691
106 700
106 714
106 715
106 739
106 504
106 506
106 508
106 753
106 756
106 759
106 782
106 784
106 790
106 798
106 801
106 833
106 845
106 864
106 866
106 867
106 872
106 912
106 915
106 920
106 927
106 945
106 958
106 981
107 108
107 109
107 110
107 112
107 113
107 116
107 118
107 120
107 121
107 122
107 123
107 124
107 125
107 126
107 127
107 128
107 130
107 131
107 133
107 135
107 140
107 142
107 143
107 145
107 146
107 147
107 149
107 150
107 151
107 152
107 153
107 155
107 158
107 161
107 162
107 164
107 165
107 166
107 167
107 168
107 169
107 170
107 171
107 172
107 173
107 174
107 175
107 176
107 177
107 179
107 180
107 181
107 182
107 183
107 185
107 186
107 187
107 189
107 190
107 191
107 192
107 193
107 194
107 195
107 196
107 197
107 199
107 200
107 201
107 202
107 203
107 204
107 205
107 207
107 208
107 209
107 213
107 214
107 215
107 217
107 219
107 221
107 224
107 225
107 227
107 228
107 229
107 230
107 231
107 233
107 235
107 236
107 237
107 238
107 242
107 244
107 246
107 247
107 248
107 249
107 255
107 258
107 259
107 267
107 269
107 275
107 278
107 279
107 327
107 338
107 349
107 356
107 358
107 361
107 369
107 383
107 423
107 440
107 445
107 457
107 464
107 467
107 468
107 483
107 485
107 497
107 535
107 557
107 561
107 565
107 575
107 581
107 617
107 630
107 638
107 667
107 675
107 687
107 692
107 719
107 730
107 733
107 509
107 761
107 781
107 784
107 789
107 790
107 805
107 810
107 833
107 840
107 844
107 859
107 891
107 892
107 893
107 895
107 898
107 906
107 923
107 927
107 932
107 939
107 954
107 955
107 962
107 976
107 983
107 986
108 110
108 111
108 112
108 113
108 114
108 115
108 117
108 118
108 120
108 121
108 122
108 124
108 126
108 127
108 129
108 130
108 131
108 135
108 136
108 138
108 139
108 141
108 142
108 143
108 144
108 145
108 146
108 147
108 148
108 149
108 151
108 152
108 154
108 155
108 156
108 158
108 159
108 160
108 162
108 164
108 165
108 166
108 168
108 169
108 171
108 172
108 174
108 175
108 176
108 177
108 178
108 179
108 182
108 185
108 186
108 188
108 189
108 190
108 191
108 192
108 193
108 194
108 195
108 196
108 197
108 198
108 199
108 200
108 201
108 202
108 203
108 205
108 206
108 207
108 208
108 209
108 210
108 211
108 213
108 216
108 217
108 222
108 224
108 227
108 229
108 230
108 234
108 235
108 236
108 238
108 240
108 242
108 243
108 245
108 246
108 247
108 248
108 249
108 251
108 261
108 277
108 282
108 295
108 320
108 324
108 359
108 370
108 381
108 388
108 395
108 413
108 425
108 426
108 434
108 448
108 455
108 469
108 477
108 484
108 487
108 493
108 497
108 498
108 532
108 535
108 540
108 541
108 548
108 554
108 577
108 579
108 584
108 609
108 610
108 628
108 631
108 637
108 665
108 670
108 672
108 681
108 685
108 690
108 692
108 699
108 701
108 703
108 715
108 739
108 741
108 500
108 504
108 766
108 771
108 782
108 800
108 801
108 805
108 810
108 816
108 817
108 826
108 850
108 860
108 868
108 873
108 882
108 912
108 931
108 953
108 973
109 110
109 111
109 112
109 113
109 115
109 116
109 117
109 118
109 119
109 120
109 123
109 124
109 125
109 126
109 127
109 128
109 130
109 131
109 133
109 135
109 136
109 137
109 138
109 139
109 140
109 142
109 143
109 144
109 145
109 146
109 147
109 148
109 149
109 150
109 151
109 153
109 154
109 156
109 158
109 159
109 160
109 163
109 164
109 165
109 168
109 169
109 170
109 171
109 172
109 173
109 174
109 176
109 177
109 178
109 179
109 183
109 184
109 186
109 187
109 188
109 189
109 190
109 191
109 192
109 193
109 195
109 198
109 199
109 200
109 201
109 203
109 204
109 206
109 207
109 209
109 210
109 211
109 212
109 213
109 214
109 215
109 216
109 217
109 218
109 219
109 220
109 221
109 222
109 223
109 224
109 225
109 226
109 227
109 228
109 229
109 230
109 231
109 235
109 236
109 238
109 240
109 241
109 243
109 245
109 246
109 247
109 248
109 249
109 253
109 262
109 266
109 268
109 279
109 286
109 297
109 301
109 348
109 355
109 373
109 390
109 395
109 396
109 410
109 414
109 420
109 426
109 447
109 451
109 452
109 472
109 482
109 527
109 535
109 543
109 561
109 566
109 584
109 644
109 646
109 654
109 660
109 694
109 697
109 700
109 711
109 729
109 730
109 767
109 769
109 773
109 781
109 785
109 790
109 794
109 809
109 827
109 833
109 854
109 858
109 860
109 871
109 876
109 898
109 912
109 925
109 930
109 936
109 940
109 941
109 943
109 954
109 960
109 962
109 986
109 988
110 114
110 115
110 116
110 118
110 119
110 120
110 121
110 122
110 123
110 124
110 125
110 126
110 127
110 128
110 129
110 130
110 132
110 133
110 135
110 136
110 137
110 138
110 139
110 140
110 141
110 142
110 143
110 144
110 146
110 147
110 148
110 150
110 151
110 153
110 154
110 157
110 162
110 163
110 164
110 165
110 166
110 167
110 168
110 170
110 173
110 174
110 175
110 176
110 177
110 178
110 180
110 181
110 182
110 184
110 185
110 186
110 187
110 188
110 189
110 190
110 192
110 193
110 194
110 195
110 196
110 198
110 199
110 200
110 202
110 203
110 204
110 205
110 206
110 208
110 209
110 213
110 214
110 216
110 217
110 220
110 221
110 222
110 224
110 226
110 227
110 228
110 231
110 233
110 234
110 235
110 236
110 237
110 238
110 239
110 240
110 241
110 242
110 243
110 245
110 247
110 248
110 255
110 273
110 275
110 288
110 297
110 313
110 323
110 356
110 358
110 363
110 373
110 390
110 421
110 432
110 458
110 466
110 470
110 483
110 484
110 487
110 491
110 499
110 523
110 528
110 535
110 539
110 545
110 549
110 553
110 570
110 571
110 604
110 631
110 655
110 682
110 685
110 687
110 710
110 721
110 727
110 735
110 738
110 742
110 747
110 502
110 510
110 750
110 751
110 752
110 765
110 778
110 779
110 785
110 788
110 796
110 806
110 814
110 833
110 835
110 863
110 870
110 873
110 885
110 905
110 927
110 929
110 938
110 944
110 950
110 951
110 953
110 964
110 966
110 978
110 990
110 994
111 112
111 113
111 115
111 117
111 118
111 119
111 120
111 123
111 124
111 126
111 127
111 129
111 130
111 133
111 135
111 136
111 137
111 138
111 139
111 140
111 141
111 142
111 143
111 144
111 145
111 147
111 152
111 153
111 154
111 156
111 157
111 158
111 159
111 160
111 162
111 164
111 167
111 168
111 169
111 170
111 171
111 173
111 174
111 176
111 178
111 179
111 180
111 182
111 183
111 185
111 186
111 187
111 188
111 189
111 193
111 194
111 195
111 196
111 199
111 202
111 203
111 204
111 205
111 206
111 209
111 211
111 212
111 213
111 214
111 215
111 216
111 218
111 219
111 220
111 221
111 223
111 225
111 226
111 227
111 229
111 230
111 232
111 233
111 234
111 235
111 236
111 237
111 238
111 240
111 241
111 242
111 243
111 244
111 246
111 247
111 248
111 253
111 266
111 276
111 278
111 286
111 294
111 301
111 310
111 326
111 330
111 348
111 349
111 352
111 354
111 362
111 366
111 401
111 406
111 412
111 436
111 450
111 451
111 458
111 464
111 465
111 487
111 490
111 492
111 494
111 523
111 524
111 529
111 535
111 537
111 539
111 540
111 557
111 567
111 572
111 604
111 648
111 650
111 653
111 667
111 680
111 685
111 705
111 724
111 725
111 732
111 735
111 754
111 766
111 792
111 804
111 815
111 826
111 830
111 837
111 844
111 848
111 857
111 867
111 869
111 871
111 876
111 878
111 892
111 893
111 901
111 907
111 925
111 939
111 944
111 959
111 967
111 972
111 973
111 984
111 991
111 996
112 113
112 115
112 116
112 117
112 118
112 119
112 122
112 123
112 124
112 125
112 128
112 130
112 131
112 132
112 134
112 135
112 136
112 137
112 138
112 139
112 141
112 142
112 143
112 144
112 145
112 146
112 147
112 148
112 149
112 152
112 154
112 155
112 156
112 157
112 159
112 160
112 163
112 169
112 171
112 172
112 173
112 175
112 177
112 178
112 179
112 181
112 182
112 183
112 184
112 185
112 186
112 189
112 190
112 191
112 193
112 195
112 196
112 199
112 200
112 202
112 203
112 204
112 205
112 206
112 207
112 208
112 209
112 210
112 211
112 213
112 214
112 215
112 216
112 218
112 219
112 220
112 221
112 222
112 223
112 224
112 227
112 228
112 229
112 230
112 231
112 232
112 233
112 235
112 236
112 237
112 239
112 241
112 242
112 244
112 245
112 246
112 247
112 248
112 255
112 264
112 267
112 276
112 284
112 285
112 291
112 302
112 315
112 324
112 358
112 365
112 371
112 374
112 382
112 394
112 419
112 421
112 423
112 431
112 434
112 454
112 472
112 488
112 513
112 524
112 536
112 540
112 549
112 566
112 571
112 574
112 577
112 590
112 594
112 607
112 610
112 633
112 640
112 692
112 713
112 718
112 729
112 738
112 501
112 753
112 760
112 761
112 764
112 765
112 768
112 769
112 783
112 801
112 814
112 832
112 843
112 846
112 849
112 853
112 855
112 859
112 872
112 895
112 907
112 926
112 940
112 942
112 950
112 969
112 977
112 978
112 983
112 994
112 996
113 114
113 115
113 116
113 117
113 118
113 120
113 121
113 122
113 123
113 124
113 126
113 127
113 128
113 129
113 132
113 133
113 135
113 137
113 138
113 139
113 140
113 141
113 143
113 145
113 146
113 149
113 150
113 151
113 153
113 155
113 156
113 157
113 158
113 159
113 160
113 161
113 162
113 163
113 165
113 168
113 169
113 170
113 171
113 172
113 173
113 174
113 175
113 176
113 177
113 178
113 179
113 180
113 181
113 183
113 184
113 185
113 186
113 187
113 190
113 191
113 192
113 193
113 196
113 200
113 201
113 202
113 203
113 206
113 208
113 210
113 211
113 212
113 213
113 216
113 217
113 218
113 219
113 220
113 221
113 222
113 223
113 224
113 225
113 226
113 227
113 230
113 231
113 233
113 234
113 235
113 236
113 237
113 240
113 241
113 242
113 243
113 244
113 245
113 248
113 249
113 290
113 294
113 304
113 318
113 326
113 328
113 336
113 340
113 351
113 367
113 386
113 391
113 401
113 407
113 411
113 417
113 424
113 430
113 433
113 443
113 450
113 467
113 475
113 492
113 497
113 498
113 523
113 524
113 526
113 548
113 553
113 556
113 566
113 576
113 577
113 595
113 596
113 604
113 645
113 648
113 653
113 667
113 675
113 677
113 679
113 698
113 699
113 714
113 727
113 741
113 510
113 775
113 779
113 781
113 795
113 809
113 810
113 815
113 819
113 825
113 832
113 840
113 855
113 865
113 888
113 958
113 969
113 976
113 977
113 985
113 995
113 996
113 998
114 115
114 116
114 118
114 119
114 120
114 122
114 123
114 124
114 126
114 127
114 129
114 130
114 132
114 135
114 136
114 137
114 138
114 139
114 140
114 141
114 142
114 143
114 144
114 145
114 147
114 149
114 150
114 151
114 152
114 154
114 155
114 156
114 157
114 162
114 163
114 164
114 166
114 170
114 172
114 173
114 174
114 175
114 177
114 179
114 180
114 181
114 182
114 183
114 185
114 187
114 188
114 189
114 190
114 191
114 193
114 194
114 195
114 196
114 198
114 199
114 200
114 201
114 202
114 203
114 204
114 206
114 207
114 208
114 210
114 211
114 212
114 213
114 215
114 216
114 217
114 219
114 222
114 223
114 224
114 225
114 227
114 228
114 232
114 236
114 237
114 238
114 239
114 240
114 241
114 242
114 244
114 246
114 248
114 263
114 267
114 271
114 273
114 278
114 296
114 297
114 331
114 333
114 347
114 354
114 358
114 374
114 379
114 386
114 389
114 401
114 413
114 432
114 440
114 446
114 460
114 464
114 473
114 477
114 497
114 513
114 519
114 522
114 529
114 535
114 543
114 544
114 562
114 610
114 626
114 641
114 679
114 688
114 701
114 705
114 708
114 712
114 742
114 744
114 747
114 751
114 752
114 753
114 771
114 795
114 800
114 803
114 806
114 816
114 838
114 865
114 872
114 875
114 881
114 885
114 892
114 896
114 919
114 939
114 961
114 962
114 967
114 984
115 116
115 117
115 118
115 119
115 122
115 123
115 124
115 125
115 126
115 128
115 129
115 131
115 132
115 133
115 136
115 137
115 139
115 140
115 142
115 143
115 144
115 145
115 146
115 147
115 148
115 149
115 150
115 152
115 153
115 154
115 156
115 159
115 160
115 161
115 162
115 165
115 166
115 167
115 168
115 169
115 172
115 174
115 175
115 176
115 177
115 178
115 179
115 181
115 182
115 183
115 184
115 186
115 188
115 189
115 190
115 194
115 195
115 197
115 200
115 201
115 202
115 204
115 206
115 207
115 208
115 211
115 213
115 217
115 220
115 222
115 223
115 225
115 226
115 227
115 229
115 230
115 231
115 232
115 233
115 234
115 236
115 238
115 239
115 240
115 241
115 242
115 243
115 244
115 245
115 246
115 248
115 249
115 261
115 286
115 289
115 298
115 306
115 324
115 325
115 333
115 344
115 345
115 360
115 374
115 386
115 442
115 451
115 469
115 471
115 480
115 496
115 514
115 516
115 547
115 549
115 555
115 562
115 578
115 581
115 588
115 591
115 597
115 599
115 602
115 638
115 647
115 650
115 655
115 665
115 672
115 680
115 695
115 733
115 510
115 755
115 757
115 761
115 775
115 795
115 800
115 809
115 825
115 829
115 835
115 840
115 841
115 852
115 854
115 870
115 882
115 886
115 890
115 893
115 901
115 906
115 919
115 921
115 923
115 927
115 942
115 954
115 967
115 983
115 988
115 991
115 993
115 995
116 117
116 118
116 120
116 123
116 124
116 125
116 126
116 127
116 128
116 130
116 132
116 133
116 134
116 135
116 136
116 137
116 138
116 139
116 142
116 143
116 144
116 148
116 151
116 152
116 154
116 159
116 160
116 161
116 162
116 164
116 165
116 166
116 167
116 168
116 169
116 170
116 171
116 173
116 174
116 175
116 177
116 178
116 179
116 181
116 182
116 183
116 184
116 185
116 187
116 188
116 189
116 190
116 191
116 192
116 193
116 194
116 195
116 197
116 198
116 200
116 202
116 203
116 204
116 205
116 206
116 207
116 208
116 209
116 210
116 212
116 214
116 215
116 216
116 217
116 218
116 219
116 220
116 221
116 222
116 223
116 224
116 225
116 226
116 229
116 230
116 232
116 234
116 236
116 237
116 238
116 239
116 241
116 242
116 243
116 246
116 247
116 249
116 259
116 286
116 299
116 301
116 324
116 333
116 349
116 351
116 352
116 369
116 371
116 386
116 403
116 405
116 411
116 428
116 443
116 453
116 486
116 499
116 520
116 540
116 544
116 553
116 556
116 557
116 561
116 562
116 563
116 573
116 611
116 635
116 651
116 670
116 671
116 674
116 675
116 690
116 702
116 725
116 726
116 738
116 739
116 747
116 508
116 750
116 774
116 777
116 780
116 795
116 805
116 820
116 832
116 847
116 851
116 856
116 860
116 863
116 880
116 893
116 900
116 902
116 905
116 906
116 927
116 946
116 947
116 964
116 971
116 973
116 974
116 982
116 987
117 119
117 121
117 122
117 123
117 124
117 125
117 127
117 128
117 130
117 132
117 134
117 135
117 136
117 137
117 139
117 141
117 142
117 143
117 144
117 145
117 146
117 147
117 148
117 149
117 150
117 152
117 153
117 154
117 155
117 156
117 157
117 158
117 159
117 162
117 164
117 166
117 167
117 168
117 169
117 170
117 171
117 173
117 174
117 175
117 176
117 177
117 178
117 179
117 182
117 183
117 184
117 185
117 186
117 187
117 189
117 190
117 191
117 192
117 193
117 194
117 195
117 196
117 198
117 199
117 200
117 202
117 203
117 205
117 207
117 208
117 211
117 212
117 213
117 214
117 215
117 217
117 218
117 220
117 221
117 226
117 228
117 229
117 230
117 231
117 232
117 233
117 236
117 239
117 240
117 243
117 245
117 246
117 247
117 248
117 249
117 259
117 262
117 283
117 284
117 289
117 301
117 314
117 326
117 345
117 370
117 378
117 391
117 397
117 409
117 415
117 423
117 435
117 438
117 462
117 468
117 472
117 489
117 494
117 518
117 522
117 529
117 533
117 548
117 555
117 569
117 577
117 583
117 589
117 635
117 668
117 671
117 672
117 683
117 690
117 696
117 702
117 705
117 730
117 747
117 762
117 781
117 783
117 789
117 796
117 798
117 815
117 818
117 819
117 831
117 836
117 853
117 885
117 895
117 901
117 903
117 913
117 915
117 921
117 945
117 946
117 952
117 959
117 965
117 987
117 996
117 998
118 119
118 123
118 124
118 125
118 127
118 128
118 129
118 130
118 131
118 132
118 134
118 135
118 136
118 137
118 138
118 139
118 143
118 144
118 146
118 147
118 148
118 150
118 151
118 152
118 153
118 154
118 156
118 157
118 158
118 159
118 161
118 162
118 163
118 164
118 165
118 166
118 168
118 169
118 171
118 172
118 175
118 176
118 179
118 180
118 181
118 185
118 186
118 188
118 189
118 191
118 192
118 193
118 196
118 198
118 199
118 200
118 201
118 202
118 204
118 205
118 207
118 208
118 209
118 210
118 211
118 212
118 213
118 215
118 216
118 217
118 218
118 220
118 221
118 223
118 224
118 226
118 227
118 228
118 230
118 231
118 232
118 233
118 234
118 235
118 237
118 238
118 239
118 240
118 241
118 242
118 243
118 245
118 249
118 256
118 270
118 291
118 301
118 319
118 340
118 341
118 350
118 353
118 358
118 375
118 389
118 399
118 416
118 421
118 428
118 436
118 450
118 454
118 465
118 470
118 475
118 482
118 489
118 492
118 498
118 516
118 519
118 534
118 538
118 543
118 546
118 557
118 561
118 571
118 587
118 592
118 595
118 604
118 607
118 618
118 636
118 647
118 657
118 658
118 676
118 682
118 684
118 700
118 713
118 722
118 735
118 748
118 749
118 505
118 509
118 776
118 798
118 804
118 832
118 845
118 846
118 849
118 857
118 866
118 887
118 889
118 904
118 913
118 924
118 932
118 955
118 956
118 994
119 120
119 121
119 122
119 123
119 124
119 125
119 126
119 127
119 128
119 129
119 131
119 132
119 134
119 136
119 137
119 141
119 142
119 143
119 146
119 147
119 148
119 151
119 154
119 155
119 156
119 157
119 158
119 159
119 160
119 161
119 163
119 166
119 168
119 169
119 171
119 173
119 174
119 175
119 176
119 178
119 179
119 181
119 182
119 184
119 185
119 187
119 189
119 190
119 191
119 192
119 194
119 195
119 196
119 197
119 199
119 201
119 202
119 203
119 204
119 205
119 206
119 207
119 209
119 211
119 212
119 213
119 215
119 216
119 217
119 218
119 219
119 220
119 222
119 223
119 225
119 226
119 227
119 228
119 229
119 230
119 231
119 232
119 233
119 234
119 235
119 237
119 238
119 239
119 240
119 241
119 242
119 245
119 246
119 248
119 249
119 269
119 283
119 342
119 350
119 353
119 366
119 367
119 372
119 375
119 390
119 403
119 405
119 422
119 426
119 440
119 451
119 459
119 461
119 478
119 489
119 519
119 534
119 562
119 587
119 591
119 592
119 622
119 626
119 632
119 635
119 651
119 656
119 667
119 699
119 709
119 711
119 727
119 731
119 736
119 754
119 763
119 769
119 777
119 789
119 795
119 796
119 804
119 809
119 815
119 817
119 825
119 830
119 833
119 836
119 842
119 845
119 855
119 880
119 889
119 891
119 892
119 914
119 919
119 944
119 962
119 971
119 972
119 980
120 122
120 123
120 124
120 126
120 128
120 129
120 132
120 133
120 136
120 137
120 138
120 141
120 142
120 143
120 144
120 145
120 147
120 148
120 149
120 151
120 152
120 153
120 155
120 156
120 158
120 160
120 162
120 163
120 164
120 166
120 169
120 170
120 172
120 173
120 174
120 177
120 178
120 179
120 180
120 181
120 182
120 183
120 184
120 186
120 187
120 188
120 189
120 190
120 191
120 192
120 193
120 195
120 196
120 197
120 198
120 199
120 200
120 201
120 203
120 204
120 205
120 206
120 210
120 211
120 214
120 218
120 219
120 220
120 222
120 224
120 225
120 227
120 228
120 230
120 231
120 232
120 233
120 234
120 236
120 237
120 238
120 241
120 242
120 243
120 245
120 248
120 249
120 255
120 280
120 284
120 307
120 321
120 322
120 323
120 337
120 344
120 349
120 351
120 361
120 378
120 394
120 423
120 425
120 451
120 464
120 473
120 482
120 485
120 491
120 512
120 531
120 537
120 538
120 548
120 560
120 576
120 583
120 587
120 590
120 612
120 640
120 649
120 665
120 707
120 717
120 728
120 729
120 732
120 733
120 744
120 750
120 752
120 775
120 780
120 787
120 820
120 822
120 823
120 827
120 855
120 865
120 879
120 915
120 947
120 950
120 954
120 960
120 961
120 965
120 983
120 984
120 990
121 122
121 123
121 125
121 127
121 128
121 129
121 130
121 131
121 132
121 133
121 134
121 135
121 137
121 139
121 141
121 142
121 143
121 144
121 145
121 146
121 149
121 151
121 153
121 154
121 156
121 160
121 161
121 163
121 164
121 165
121 168
121 169
121 170
121 171
121 172
121 173
121 174
121 175
121 176
121 177
121 178
121 179
121 180
121 181
121 183
121 185
121 186
121 187
121 188
121 189
121 190
121 191
121 192
121 193
121 194
121 195
121 196
121 197
121 198
121 199
121 200
121 201
121 203
121 204
121 206
121 208
121 210
121 211
121 212
121 215
121 216
121 217
121 218
121 219
121 221
121 223
121 225
121 226
121 227
121 228
121 229
121 232
121 234
121 235
121 236
121 237
121 238
121 239
121 241
121 242
121 244
121 245
121 246
121 247
121 248
121 249
121 262
121 297
121 300
121 305
121 314
121 317
121 318
121 323
121 325
121 344
121 346
121 373
121 374
121 379
121 383
121 415
121 426
121 435
121 437
121 450
121 474
121 480
121 526
121 532
121 537
121 562
121 577
121 594
121 601
121 606
121 610
121 612
121 616
121 617
121 619
121 622
121 629
121 639
121 672
121 698
121 700
121 504
121 751
121 753
121 756
121 767
121 769
121 773
121 786
121 796
121 798
121 806
121 829
121 839
121 841
121 842
121 870
121 880
121 895
121 896
121 897
121 899
121 917
121 918
121 926
121 927
121 940
121 949
121 951
121 954
121 974
121 983
121 987
121 996
122 124
122 125
122 126
122 127
122 129
122 130
122 132
122 133
122 134
122 135
122 136
122 137
122 138
122 139
122 140
122 141
122 142
122 145
122 146
122 147
122 148
122 149
122 150
122 152
122 153
122 154
122 155
122 156
122 157
122 159
122 160
122 161
122 164
122 165
122 166
122 167
122 168
122 169
122 170
122 171
122 172
122 173
122 174
122 175
122 176
122 177
122 178
122 179
122 180
122 181
122 182
122 184
122 186
122 187
122 188
122 189
122 191
122 193
122 194
122 196
122 197
122 201
122 202
122 204
122 205
122 207
122 208
122 209
122 210
122 213
122 215
122 216
122 218
122 219
122 222
122 224
122 225
122 226
122 227
122 228
122 229
122 231
122 232
122 234
122 235
122 237
122 238
122 239
122 240
122 242
122 243
122 244
122 245
122 246
122 247
122 249
122 252
122 253
122 264
122 283
122 284
122 308
122 338
122 339
122 342
122 358
122 359
122 377
122 378
122 383
122 392
122 393
122 395
122 396
122 401
122 422
122 439
122 445
122 447
122 460
122 464
122 470
122 489
122 526
122 531
122 548
122 549
122 553
122 588
122 591
122 600
122 634
122 639
122 640
122 644
122 656
122 659
122 672
122 675
122 682
122 685
122 687
122 704
122 706
122 710
122 717
122 724
122 733
122 735
122 738
122 503
122 504
122 508
122 753
122 758
122 764
122 777
122 787
122 790
122 791
122 794
122 806
122 809
122 813
122 823
122 826
122 839
122 840
122 850
122 855
122 861
122 871
122 885
122 909
122 911
122 912
122 913
122 944
122 949
122 961
122 964
122 971
122 978
122 979
123 124
123 125
123 126
123 127
123 128
123 129
123 130
123 131
123 132
123 133
123 134
123 136
123 137
123 138
123 139
123 141
123 142
123 143
123 144
123 145
123 146
123 148
123 149
123 151
123 152
123 154
123 155
123 156
123 157
123 158
123 159
123 160
123 161
123 162
123 163
123 164
123 165
123 168
123 169
123 170
123 171
123 172
123 173
123 175
123 176
123 177
123 178
123 179
123 180
123 184
123 185
123 186
123 187
123 191
123 193
123 195
123 196
123 199
123 201
123 202
123 204
123 206
123 207
123 208
123 209
123 210
123 212
123 215
123 216
123 217
123 218
123 219
123 220
123 221
123 222
123 223
123 224
123 225
123 227
123 228
123 229
123 230
123 231
123 232
123 233
123 234
123 235
123 236
123 237
123 239
123 242
123 243
123 244
123 246
123 248
123 271
123 279
123 288
123 298
123 303
123 308
123 309
123 316
123 329
123 362
123 389
123 415
123 439
123 441
123 460
123 469
123 474
123 489
123 496
123 533
123 534
123 562
123 574
123 581
123 593
123 607
123 610
123 611
123 617
123 624
123 625
123 635
123 639
123 652
123 673
123 694
123 697
123 730
123 732
123 734
123 742
123 500
123 505
123 509
123 755
123 764
123 784
123 794
123 805
123 807
123 813
123 823
123 824
123 847
123 850
123 853
123 857
123 870
123 887
123 938
123 949
123 953
123 966
123 968
123 976
123 977
124 125
124 126
124 127
124 130
124 132
124 136
124 138
124 140
124 141
124 142
124 143
124 144
124 145
124 146
124 147
124 148
124 151
124 152
124 153
124 155
124 156
124 157
124 159
124 161
124 162
124 164
124 165
124 166
124 167
124 171
124 172
124 173
124 174
124 176
124 181
124 182
124 183
124 184
124 185
124 187
124 188
124 190
124 191
124 192
124 193
124 195
124 197
124 198
124 200
124 201
124 202
124 204
124 205
124 209
124 210
124 213
124 215
124 217
124 218
124 220
124 221
124 222
124 223
124 224
124 226
124 227
124 228
124 229
124 230
124 232
124 233
124 235
124 237
124 238
124 239
124 240
124 242
124 243
124 244
124 245
124 246
124 247
124 248
124 260
124 262
124 263
124 289
124 290
124 296
124 313
124 317
124 319
124 322
124 326
124 331
124 339
124 350
124 358
124 366
124 368
124 370
124 374
124 379
124 396
124 410
124 421
124 428
124 434
124 438
124 443
124 449
124 451
124 460
124 468
124 476
124 480
124 513
124 528
124 548
124 549
124 559
124 563
124 575
124 622
124 650
124 654
124 676
124 701
124 708
124 716
124 719
124 731
124 735
124 737
124 744
124 505
124 511
124 754
124 761
124 763
124 798
124 801
124 815
124 822
124 825
124 827
124 828
124 833
124 834
124 843
124 854
124 859
124 867
124 870
124 878
124 884
124 887
124 894
124 914
124 917
124 918
124 923
124 928
124 956
124 959
124 971
124 981
124 998
125 126
125 127
125 129
125 130
125 131
125 132
125 133
125 134
125 135
125 136
125 137
125 138
125 139
125 141
125 142
125 143
125 144
125 146
125 147
125 148
125 150
125 153
125 154
125 155
125 156
125 157
125 158
125 160
125 161
125 162
125 163
125 165
125 166
125 167
125 168
125 170
125 171
125 173
125 174
125 175
125 176
125 180
125 182
125 183
125 184
125 185
125 186
125 187
125 188
125 189
125 190
125 191
125 192
125 193
125 194
125 196
125 197
125 198
125 199
125 200
125 203
125 204
125 205
125 206
125 207
125 208
125 209
125 210
125 211
125 214
125 216
125 217
125 219
125 221
125 222
125 223
125 224
125 225
125 226
125 228
125 229
125 231
125 232
125 233
125 234
125 236
125 237
125 239
125 240
125 241
125 244
125 246
125 252
125 262
125 277
125 290
125 294
125 316
125 368
125 381
125 383
125 389
125 390
125 401
125 404
125 407
125 409
125 416
125 419
125 424
125 429
125 430
125 439
125 479
125 484
125 499
125 534
125 559
125 570
125 572
125 608
125 623
125 625
125 646
125 657
125 659
125 676
125 685
125 691
125 697
125 742
125 503
125 756
125 765
125 778
125 779
125 781
125 788
125 815
125 819
125 820
125 827
125 832
125 840
125 843
125 844
125 847
125 861
125 864
125 886
125 893
125 899
125 908
125 916
125 920
125 921
125 926
125 936
125 958
125 959
125 964
125 979
125 980
125 998
126 128
126 131
126 133
126 134
126 135
126 137
126 139
126 141
126 142
126 143
126 144
126 147
126 148
126 149
126 150
126 153
126 154
126 156
126 157
126 158
126 164
126 165
126 166
126 167
126 169
126 171
126 172
126 173
126 174
126 176
126 178
126 180
126 181
126 182
126 183
126 185
126 186
126 187
126 188
126 189
126 191
126 193
126 195
126 197
126 198
126 199
126 200
126 201
126 202
126 203
126 204
126 205
126 206
126 207
126 208
126 210
126 212
126 213
126 216
126 217
126 218
126 219
126 220
126 222
126 225
126 228
126 229
126 230
126 232
126 234
126 235
126 236
126 237
126 238
126 239
126 240
126 242
126 243
126 244
126 246
126 247
126 248
126 261
126 269
126 270
126 309
126 316
126 318
126 321
126 345
126 369
126 381
126 390
126 394
126 404
126 406
126 418
126 440
126 476
126 479
126 481
126 492
126 526
126 556
126 557
126 559
126 567
126 571
126 588
126 599
126 614
126 616
126 633
126 649
126 654
126 679
126 683
126 684
126 701
126 703
126 708
126 714
126 716
126 718
126 730
126 505
126 506
126 760
126 767
126 772
126 777
126 782
126 800
126 811
126 826
126 828
126 866
126 912
126 931
126 934
126 935
126 945
126 950
126 960
126 971
126 974
126 980
126 987
126 995
127 128
127 130
127 131
127 132
127 133
127 134
127 135
127 136
127 137
127 138
127 142
127 143
127 144
127 146
127 148
127 149
127 150
127 151
127 152
127 155
127 156
127 157
127 158
127 159
127 160
127 162
127 163
127 166
127 167
127 168
127 172
127 175
127 176
127 178
127 179
127 180
127 182
127 183
127 184
127 185
127 186
127 189
127 190
127 191
127 193
127 194
127 195
127 196
127 198
127 199
127 200
127 201
127 202
127 205
127 206
127 207
127 209
127 210
127 211
127 212
127 214
127 215
127 216
127 217
127 218
127 221
127 222
127 223
127 224
127 225
127 226
127 227
127 229
127 232
127 233
127 234
127 235
127 237
127 239
127 241
127 242
127 243
127 244
127 245
127 248
127 249
127 254
127 261
127 262
127 267
127 281
127 290
127 304
127 322
127 335
127 349
127 352
127 355
127 356
127 367
127 369
127 373
127 382
127 386
127 396
127 399
127 407
127 422
127 424
127 438
127 440
127 443
127 453
127 454
127 472
127 497
127 519
127 524
127 548
127 552
127 554
127 586
127 594
127 613
127 620
127 652
127 655
127 665
127 669
127 675
127 681
127 689
127 691
127 707
127 711
127 713
127 728
127 729
127 739
127 510
127 755
127 757
127 788
127 792
127 802
127 817
127 822
127 848
127 860
127 869
127 872
127 894
127 895
127 913
127 919
127 920
127 932
127 936
127 951
127 958
127 965
128 129
128 132
128 133
128 135
128 136
128 137
128 139
128 140
128 142
128 143
128 145
128 147
128 148
128 149
128 150
128 151
128 152
128 155
128 157
128 158
128 159
128 160
128 161
128 162
128 163
128 164
128 165
128 166
128 167
128 168
128 170
128 171
128 172
128 173
128 176
128 177
128 178
128 180
128 181
128 182
128 183
128 184
128 185
128 186
128 187
128 188
128 189
128 190
128 191
128 192
128 194
128 195
128 199
128 201
128 203
128 204
128 205
128 206
128 208
128 212
128 213
128 214
128 215
128 216
128 218
128 219
128 221
128 222
128 224
128 225
128 227
128 229
128 231
128 232
128 233
128 234
128 235
128 236
128 237
128 238
128 240
128 241
128 242
128 243
128 245
128 246
128 247
128 249
128 264
128 275
128 277
128 283
128 295
128 303
128 308
128 313
128 337
128 344
128 355
128 372
128 390
128 397
128 400
128 401
128 406
128 412
128 415
128 416
128 427
128 445
128 448
128 457
128 470
128 472
128 473
128 479
128 519
128 535
128 555
128 556
128 588
128 590
128 596
128 606
128 627
128 641
128 643
128 653
128 678
128 681
128 692
128 707
128 711
128 745
128 504
128 756
128 762
128 766
128 784
128 787
128 790
128 797
128 802
128 833
128 834
128 842
128 844
128 846
128 849
128 850
128 857
128 862
128 884
128 897
128 899
128 904
128 910
128 918
128 922
128 930
128 931
128 953
128 962
128 968
128 987
128 998
129 130
129 131
129 133
129 135
129 136
129 137
129 138
129 139
129 141
129 143
129 144
129 145
129 146
129 147
129 148
129 150
129 152
129 153
129 154
129 156
129 158
129 159
129 161
129 164
129 167
129 168
129 170
129 171
129 172
129 175
129 176
129 178
129 179
129 180
129 181
129 182
129 183
129 184
129 186
129 188
129 190
129 191
129 192
129 194
129 196
129 197
129 198
129 199
129 200
129 201
129 202
129 203
129 204
129 205
129 206
129 209
129 210
129 211
129 212
129 213
129 214
129 216
129 218
129 219
129 221
129 222
129 224
129 225
129 226
129 227
129 228
129 231
129 232
129 234
129 235
129 236
129 237
129 239
129 240
129 241
129 245
129 246
129 247
129 249
129 257
129 284
129 299
129 306
129 319
129 327
129 354
129 367
129 390
129 396
129 420
129 440
129 459
129 465
129 476
129 478
129 493
129 497
129 520
129 522
129 523
129 525
129 527
129 546
129 547
129 555
129 578
129 580
129 591
129 596
129 605
129 616
129 630
129 659
129 662
129 677
129 678
129 679
129 689
129 702
129 717
129 739
129 500
129 507
129 511
129 765
129 777
129 778
129 802
129 842
129 851
129 856
129 861
129 869
129 881
129 942
129 946
129 974
129 981
130 131
130 133
130 134
130 136
130 138
130 139
130 140
130 141
130 142
130 144
130 145
130 146
130 147
130 148
130 150
130 151
130 152
130 153
130 154
130 156
130 157
130 158
130 159
130 160
130 161
130 162
130 163
130 166
130 169
130 170
130 171
130 172
130 173
130 175
130 176
130 177
130 178
130 179
130 181
130 182
130 183
130 184
130 185
130 186
130 187
130 188
130 190
130 191
130 193
130 198
130 199
130 200
130 201
130 202
130 204
130 205
130 207
130 208
130 209
130 211
130 212
130 214
130 215
130 216
130 217
130 219
130 220
130 221
130 222
130 228
130 229
130 231
130 232
130 233
130 235
130 236
130 237
130 238
130 239
130 240
130 241
130 243
130 245
130 246
130 247
130 248
130 258
130 262
130 278
130 279
130 281
130 291
130 305
130 323
130 335
130 361
130 381
130 389
130 406
130 419
130 426
130 445
130 454
130 468
130 481
130 490
130 546
130 552
130 574
130 593
130 603
130 613
130 636
130 648
130 655
130 660
130 673
130 683
130 684
130 687
130 702
130 715
130 720
130 721
130 723
130 733
130 737
130 741
130 742
130 501
130 504
130 509
130 751
130 756
130 760
130 769
130 772
130 798
130 844
130 867
130 874
130 885
130 899
130 907
130 955
130 982
131 133
131 134
131 135
131 136
131 137
131 138
131 142
131 143
131 147
131 150
131 151
131 153
131 154
131 156
131 157
131 158
131 159
131 161
131 162
131 164
131 165
131 167
131 168
131 169
131 171
131 172
131 173
131 174
131 176
131 177
131 178
131 179
131 181
131 183
131 184
131 186
131 188
131 189
131 190
131 191
131 193
131 194
131 195
131 196
131 197
131 198
131 199
131 200
131 201
131 202
131 207
131 208
131 209
131 210
131 211
131 212
131 213
131 214
131 215
131 216
131 217
131 218
131 219
131 220
131 221
131 222
131 223
131 224
131 226
131 227
131 228
131 229
131 230
131 231
131 232
131 233
131 234
131 235
131 237
131 238
131 239
131 240
131 241
131 243
131 245
131 247
131 248
131 249
131 266
131 271
131 278
131 294
131 313
131 330
131 340
131 350
131 355
131 357
131 361
131 365
131 396
131 418
131 419
131 445
131 469
131 471
131 481
131 482
131 498
131 536
131 543
131 546
131 547
131 584
131 599
131 658
131 668
131 679
131 684
131 690
131 695
131 704
131 744
131 749
131 501
131 504
131 769
131 818
131 837
131 856
131 860
131 877
131 886
131 888
131 890
131 891
131 922
131 945
131 948
131 968
131 969
131 994
131 995
132 135
132 136
132 137
132 138
132 139
132 140
132 141
132 142
132 144
132 145
132 147
132 148
132 149
132 150
132 151
132 152
132 154
132 156
132 157
132 158
132 159
132 160
132 161
132 162
132 163
132 165
132 166
132 167
132 168
132 169
132 170
132 171
132 172
132 173
132 174
132 175
132 176
132 177
132 178
132 181
132 182
132 184
132 185
132 187
132 188
132 189
132 190
132 192
132 193
132 194
132 195
132 197
132 198
132 199
132 200
132 201
132 202
132 203
132 204
132 209
132 210
132 211
132 212
132 215
132 217
132 218
132 219
132 220
132 221
132 222
132 225
132 227
132 228
132 229
132 230
132 231
132 232
132 233
132 235
132 236
132 237
132 238
132 239
132 240
132 241
132 243
132 244
132 245
132 246
132 247
132 248
132 249
132 250
132 253
132 267
132 274
132 284
132 297
132 304
132 316
132 325
132 328
132 337
132 341
132 345
132 350
132 351
132 375
132 383
132 389
132 418
132 436
132 437
132 470
132 484
132 493
132 497
132 537
132 538
132 559
132 560
132 566
132 584
132 586
132 594
132 599
132 602
132 615
132 638
132 647
132 665
132 684
132 689
132 696
132 697
132 698
132 701
132 705
132 716
132 722
132 725
132 730
132 732
132 737
132 740
132 508
132 751
132 777
132 787
132 803
132 816
132 822
132 872
132 882
132 890
132 895
132 896
132 898
132 929
132 930
132 943
132 955
132 979
132 982
132 985
132 994
132 996
133 134
133 137
133 138
133 139
133 140
133 141
133 142
133 143
133 145
133 146
133 148
133 149
133 150
133 153
133 154
133 155
133 156
133 157
133 158
133 159
133 160
133 161
133 162
133 163
133 164
133 165
133 167
133 168
133 169
133 170
133 171
133 172
133 173
133 176
133 178
133 179
133 180
133 181
133 182
133 183
133 184
133 187
133 188
133 190
133 191
133 192
133 193
133 194
133 195
133 196
133 197
133 200
133 201
133 206
133 207
133 208
133 209
133 210
133 211
133 212
133 214
133 216
133 217
133 218
133 219
133 220
133 221
133 222
133 223
133 224
133 225
133 226
133 227
133 229
133 230
133 232
133 233
133 234
133 237
133 239
133 240
133 241
133 242
133 243
133 244
133 246
133 247
133 248
133 251
133 260
133 261
133 264
133 272
133 274
133 285
133 286
133 296
133 306
133 318
133 323
133 350
133 364
133 365
133 386
133 397
133 399
133 413
133 423
133 426
133 447
133 448
133 467
133 472
133 478
133 488
133 527
133 581
133 583
133 584
133 585
133 609
133 643
133 658
133 661
133 672
133 684
133 694
133 706
133 720
133 723
133 727
133 731
133 734
133 505
133 506
133 507
133 508
133 752
133 755
133 765
133 771
133 784
133 803
133 804
133 810
133 821
133 826
133 847
133 855
133 877
133 879
133 886
133 888
133 906
133 917
133 919
133 922
133 927
133 938
133 970
133 988
134 137
134 139
134 140
134 141
134 144
134 145
134 146
134 147
134 150
134 151
134 153
134 154
134 155
134 157
134 158
134 162
134 163
134 164
134 165
134 167
134 168
134 170
134 173
134 175
134 176
134 178
134 179
134 180
134 182
134 183
134 184
134 185
134 186
134 187
134 188
134 190
134 191
134 192
134 194
134 195
134 196
134 197
134 198
134 200
134 201
134 202
134 203
134 204
134 205
134 206
134 207
134 208
134 209
134 210
134 213
134 214
134 215
134 217
134 218
134 219
134 221
134 222
134 226
134 228
134 229
134 231
134 233
134 237
134 238
134 239
134 240
134 245
134 246
134 247
134 248
134 249
134 252
134 281
134 286
134 289
134 305
134 319
134 324
134 326
134 342
134 346
134 347
134 359
134 364
134 375
134 378
134 412
134 448
134 458
134 497
134 519
134 546
134 558
134 564
134 574
134 575
134 576
134 605
134 610
134 612
134 613
134 617
134 627
134 635
134 636
134 645
134 646
134 665
134 673
134 692
134 705
134 714
134 737
134 738
134 743
134 749
134 500
134 751
134 754
134 755
134 779
134 786
134 787
134 806
134 817
134 820
134 825
134 854
134 858
134 859
134 864
134 865
134 925
134 927
134 939
134 940
134 945
134 964
134 979
134 980
134 997
135 136
135 137
135 140
135 141
135 142
135 143
135 145
135 146
135 148
135 149
135 150
135 151
135 153
135 154
135 155
135 156
135 158
135 159
135 160
135 162
135 164
135 167
135 168
135 170
135 173
135 174
135 175
135 176
135 178
135 180
135 181
135 182
135 183
135 184
135 185
135 186
135 188
135 189
135 190
135 193
135 194
135 197
135 199
135 201
135 202
135 203
135 205
135 206
135 207
135 208
135 209
135 210
135 213
135 214
135 215
135 216
135 217
135 220
135 221
135 222
135 223
135 225
135 226
135 227
135 228
135 230
135 231
135 232
135 233
135 234
135 235
135 236
135 237
135 240
135 241
135 243
135 246
135 247
135 248
135 266
135 269
135 310
135 318
135 322
135 333
135 334
135 337
135 349
135 351
135 359
135 377
135 378
135 379
135 388
135 400
135 401
135 404
135 417
135 436
135 440
135 442
135 448
135 462
135 479
135 492
135 513
135 541
135 548
135 561
135 569
135 581
135 612
135 614
135 623
135 631
135 652
135 679
135 688
135 705
135 715
135 726
135 727
135 743
135 747
135 768
135 776
135 787
135 794
135 801
135 821
135 825
135 841
135 899
135 938
135 961
135 976
135 979
135 999
136 137
136 138
136 141
136 142
136 143
136 144
136 145
136 146
136 148
136 150
136 151
136 152
136 153
136 155
136 156
136 157
136 158
136 159
136 160
136 161
136 162
136 163
136 166
136 167
136 171
136 172
136 173
136 174
136 175
136 176
136 177
136 179
136 180
136 182
136 183
136 184
136 185
136 186
136 187
136 190
136 192
136 193
136 194
136 197
136 198
136 199
136 200
136 201
136 202
136 203
136 204
136 205
136 206
136 208
136 209
136 212
136 216
136 221
136 222
136 225
136 226
136 227
136 228
136 230
136 231
136 232
136 234
136 235
136 238
136 239
136 240
136 241
136 245
136 246
136 247
136 249
136 250
136 261
136 269
136 286
136 303
136 336
136 350
136 353
136 354
136 361
136 376
136 384
136 405
136 415
136 432
136 445
136 446
136 452
136 454
136 459
136 461
136 465
136 466
136 478
136 483
136 484
136 494
136 498
136 513
136 516
136 524
136 540
136 556
136 590
136 596
136 608
136 634
136 644
136 648
136 671
136 685
136 686
136 691
136 701
136 707
136 713
136 719
136 727
136 732
136 747
136 749
136 502
136 507
136 508
136 763
136 766
136 775
136 784
136 787
136 789
136 802
136 809
136 826
136 833
136 840
136 883
136 884
136 889
136 919
136 921
136 933
136 941
136 974
136 980
136 990
136 999
137 138
137 139
137 140
137 141
137 143
137 145
137 148
137 149
137 151
137 153
137 155
137 156
137 160
137 161
137 162
137 163
137 164
137 165
137 166
137 167
137 169
137 170
137 171
137 172
137 173
137 174
137 176
137 177
137 178
137 180
137 181
137 182
137 183
137 184
137 187
137 189
137 191
137 194
137 195
137 196
137 199
137 200
137 201
137 202
137 204
137 205
137 206
137 207
137 208
137 209
137 210
137 211
137 214
137 217
137 218
137 219
137 221
137 223
137 225
137 226
137 227
137 229
137 230
137 231
137 232
137 233
137 234
137 235
137 237
137 238
137 240
137 241
137 242
137 243
137 245
137 246
137 247
137 253
137 279
137 283
137 289
137 301
137 303
137 307
137 319
137 331
137 345
137 356
137 370
137 376
137 410
137 435
137 445
137 457
137 475
137 477
137 479
137 486
137 493
137 543
137 544
137 547
137 548
137 566
137 572
137 577
137 578
137 586
137 608
137 610
137 613
137 614
137 626
137 639
137 648
137 649
137 656
137 669
137 675
137 685
137 702
137 704
137 710
137 711
137 739
137 743
137 748
137 749
137 500
137 757
137 759
137 776
137 786
137 791
137 792
137 796
137 798
137 799
137 811
137 816
137 842
137 843
137 874
137 877
137 884
137 885
137 897
137 898
137 909
137 922
137 924
137 935
137 942
137 955
137 967
137 976
137 984
137 988
138 139
138 142
138 143
138 145
138 146
138 147
138 148
138 151
138 152
138 153
138 154
138 155
138 156
138 157
138 160
138 161
138 162
138 163
138 164
138 165
138 166
138 167
138 170
138 171
138 172
138 173
138 174
138 175
138 176
138 177
138 178
138 180
138 182
138 183
138 184
138 185
138 188
138 190
138 191
138 193
138 194
138 195
138 196
138 197
138 198
138 199
138 200
138 202
138 203
138 204
138 206
138 208
138 209
138 210
138 211
138 212
138 214
138 216
138 217
138 218
138 219
138 220
138 221
138 222
138 223
138 224
138 226
138 227
138 229
138 230
138 234
138 235
138 236
138 237
138 238
138 239
138 240
138 243
138 244
138 245
138 249
138 253
138 266
138 268
138 271
138 278
138 286
138 293
138 297
138 300
138 320
138 324
138 334
138 335
138 338
138 343
138 346
138 355
138 374
138 379
138 390
138 420
138 440
138 447
138 481
138 484
138 496
138 514
138 515
138 516
138 522
138 540
138 548
138 588
138 594
138 596
138 603
138 624
138 643
138 654
138 665
138 667
138 681
138 688
138 690
138 701
138 712
138 505
138 759
138 763
138 764
138 772
138 783
138 796
138 804
138 807
138 822
138 824
138 831
138 833
138 836
138 855
138 858
138 875
138 883
138 893
138 894
138 907
138 910
138 915
138 935
138 937
138 940
138 943
138 955
138 964
138 976
138 981
138 986
139 140
139 142
139 144
139 145
139 147
139 148
139 151
139 154
139 156
139 157
139 158
139 159
139 160
139 161
139 165
139 166
139 168
139 170
139 172
139 173
139 175
139 176
139 177
139 178
139 179
139 180
139 181
139 182
139 183
139 184
139 185
139 186
139 188
139 191
139 192
139 193
139 194
139 196
139 197
139 198
139 199
139 202
139 203
139 204
139 206
139 209
139 211
139 212
139 213
139 215
139 216
139 217
139 219
139 220
139 221
139 222
139 224
139 225
139 226
139 227
139 229
139 230
139 231
139 232
139 233
139 234
139 235
139 236
139 237
139 240
139 243
139 244
139 245
139 246
139 248
139 271
139 278
139 282
139 284
139 291
139 304
139 306
139 336
139 350
139 359
139 374
139 386
139 389
139 395
139 415
139 419
139 443
139 445
139 455
139 466
139 483
139 494
139 499
139 521
139 522
139 524
139 530
139 539
139 541
139 562
139 565
139 585
139 587
139 590
139 597
139 600
139 616
139 618
139 621
139 624
139 626
139 628
139 639
139 679
139 687
139 702
139 742
139 746
139 511
139 752
139 755
139 759
139 777
139 799
139 811
139 821
139 832
139 834
139 835
139 847
139 849
139 865
139 866
139 883
139 884
139 903
139 917
139 920
139 931
139 945
139 955
139 964
139 967
139 968
139 971
139 978
139 979
139 982
139 984
139 987
139 991
140 141
140 142
140 144
140 145
140 146
140 149
140 150
140 151
140 152
140 153
140 154
140 156
140 157
140 159
140 163
140 164
140 165
140 166
140 167
140 170
140 171
140 172
140 175
140 176
140 179
140 183
140 184
140 186
140 187
140 189
140 190
140 191
140 193
140 199
140 200
140 201
140 202
140 205
140 207
140 208
140 209
140 210
140 216
140 217
140 218
140 219
140 220
140 221
140 222
140 224
140 225
140 226
140 227
140 228
140 231
140 232
140 233
140 234
140 235
140 236
140 237
140 240
140 242
140 243
140 244
140 246
140 247
140 249
140 253
140 257
140 261
140 277
140 297
140 303
140 312
140 316
140 323
140 324
140 325
140 329
140 338
140 340
140 347
140 354
140 365
140 368
140 389
140 400
140 402
140 406
140 430
140 439
140 445
140 451
140 463
140 493
140 539
140 545
140 552
140 590
140 593
140 598
140 606
140 615
140 634
140 638
140 664
140 666
140 686
140 725
140 753
140 754
140 773
140 823
140 826
140 841
140 845
140 851
140 872
140 886
140 891
140 896
140 921
140 926
140 927
140 931
140 938
140 984
140 985
140 987
141 143
141 145
141 148
141 149
141 150
141 153
141 154
141 155
141 156
141 157
141 158
141 160
141 161
141 162
141 163
141 164
141 165
141 166
141 167
141 168
141 172
141 173
141 174
141 175
141 177
141 178
141 181
141 182
141 184
141 185
141 186
141 189
141 190
141 191
141 192
141 193
141 194
141 198
141 199
141 200
141 202
141 204
141 205
141 207
141 208
141 210
141 211
141 213
141 215
141 216
141 217
141 218
141 220
141 222
141 223
141 224
141 225
141 227
141 228
141 229
141 231
141 233
141 234
141 235
141 236
141 237
141 238
141 239
141 242
141 243
141 244
141 245
141 246
141 247
141 249
141 257
141 258
141 272
141 286
141 291
141 302
141 304
141 316
141 320
141 341
141 342
141 357
141 363
141 372
141 388
141 408
141 409
141 410
141 417
141 427
141 432
141 458
141 478
141 479
141 484
141 493
141 499
141 517
141 524
141 546
141 554
141 559
141 560
141 572
141 573
141 585
141 586
141 599
141 601
141 606
141 607
141 628
141 640
141 647
141 650
141 658
141 664
141 676
141 697
141 701
141 706
141 709
141 719
141 726
141 731
141 736
141 744
141 758
141 783
141 786
141 793
141 798
141 800
141 815
141 825
141 830
141 848
141 873
141 883
141 891
141 895
141 904
141 935
141 938
141 948
141 950
141 958
141 963
141 999
142 143
142 144
142 146
142 148
142 150
142 151
142 152
142 153
142 154
142 155
142 156
142 157
142 158
142 160
142 161
142 162
142 164
142 166
142 167
142 169
142 171
142 172
142 174
142 175
142 178
142 179
142 180
142 182
142 183
142 185
142 186
142 187
142 188
142 191
142 192
142 193
142 194
142 198
142 202
142 204
142 205
142 206
142 208
142 212
142 213
142 214
142 215
142 218
142 219
142 220
142 221
142 223
142 225
142 227
142 228
142 229
142 231
142 234
142 235
142 236
142 238
142 239
142 240
142 241
142 243
142 248
142 249
142 251
142 253
142 259
142 262
142 264
142 270
142 276
142 283
142 289
142 291
142 296
142 297
142 300
142 324
142 333
142 348
142 359
142 366
142 395
142 399
142 408
142 410
142 411
142 428
142 439
142 445
142 470
142 484
142 498
142 499
142 512
142 522
142 525
142 540
142 544
142 559
142 560
142 561
142 568
142 598
142 602
142 607
142 632
142 636
142 667
142 676
142 679
142 683
142 684
142 685
142 698
142 702
142 714
142 501
142 509
142 751
142 753
142 758
142 761
142 780
142 782
142 792
142 823
142 824
142 830
142 853
142 887
142 893
142 906
142 921
142 953
142 961
142 976
142 979
142 983
142 994
143 144
143 145
143 146
143 147
143 148
143 149
143 150
143 152
143 154
143 155
143 156
143 157
143 158
143 159
143 160
143 161
143 162
143 163
143 164
143 165
143 166
143 167
143 168
143 170
143 171
143 173
143 174
143 177
143 178
143 179
143 180
143 182
143 183
143 185
143 188
143 189
143 190
143 192
143 193
143 194
143 195
143 196
143 197
143 198
143 199
143 202
143 204
143 205
143 206
143 207
143 210
143 212
143 213
143 214
143 216
143 217
143 218
143 220
143 221
143 222
143 223
143 224
143 225
143 226
143 227
143 229
143 230
143 231
143 232
143 233
143 234
143 235
143 236
143 237
143 238
143 239
143 240
143 241
143 242
143 243
143 244
143 246
143 247
143 269
143 282
143 288
143 292
143 336
143 343
143 359
143 381
143 386
143 392
143 399
143 408
143 416
143 420
143 459
143 466
143 470
143 485
143 494
143 516
143 518
143 536
143 542
143 549
143 559
143 563
143 587
143 592
143 600
143 601
143 603
143 608
143 614
143 622
143 669
143 673
143 689
143 703
143 706
143 714
143 718
143 733
143 747
143 750
143 769
143 774
143 779
143 785
143 787
143 794
143 804
143 820
143 838
143 847
143 855
143 858
143 862
143 884
143 896
143 921
143 948
143 959
143 961
143 968
143 970
143 972
143 973
143 986
143 999
144 145
144 146
144 148
144 149
144 151
144 152
144 153
144 154
144 155
144 156
144 157
144 158
144 159
144 160
144 164
144 166
144 167
144 168
144 169
144 172
144 173
144 174
144 175
144 178
144 179
144 180
144 181
144 183
144 184
144 191
144 192
144 193
144 195
144 196
144 198
144 199
144 200
144 201
144 202
144 204
144 205
144 206
144 207
144 208
144 209
144 210
144 214
144 216
144 217
144 218
144 219
144 220
144 221
144 222
144 223
144 224
144 225
144 227
144 228
144 229
144 230
144 232
144 233
144 236
144 237
144 238
144 239
144 240
144 241
144 242
144 243
144 245
144 246
144 247
144 248
144 249
144 253
144 272
144 288
144 297
144 308
144 316
144 321
144 331
144 339
144 348
144 351
144 369
144 374
144 386
144 412
144 415
144 417
144 419
144 423
144 438
144 441
144 449
144 487
144 490
144 527
144 542
144 567
144 568
144 584
144 609
144 620
144 624
144 628
144 631
144 634
144 653
144 673
144 695
144 696
144 704
144 705
144 722
144 730
144 743
144 749
144 501
144 504
144 507
144 750
144 766
144 770
144 782
144 787
144 821
144 831
144 832
144 845
144 855
144 876
144 877
144 884
144 900
144 901
144 908
144 911
144 920
144 932
144 936
144 940
144 944
144 946
144 947
144 949
144 959
144 971
144 979
144 993
144 996
145 147
145 148
145 150
145 151
145 152
145 153
145 154
145 155
145 159
145 160
145 162
145 164
145 165
145 166
145 167
145 168
145 169
145 171
145 172
145 174
145 175
145 178
145 179
145 180
145 182
145 183
145 184
145 185
145 187
145 188
145 189
145 190
145 191
145 192
145 194
145 195
145 196
145 198
145 199
145 200
145 201
145 203
145 205
145 206
145 211
145 212
145 214
145 215
145 216
145 217
145 218
145 220
145 222
145 223
145 224
145 225
145 226
145 229
145 230
145 231
145 232
145 233
145 236
145 238
145 240
145 241
145 244
145 245
145 246
145 248
145 252
145 259
145 263
145 275
145 279
145 289
145 292
145 303
145 307
145 321
145 332
145 341
145 362
145 369
145 372
145 414
145 428
145 429
145 484
145 486
145 488
145 492
145 496
145 519
145 532
145 533
145 534
145 537
145 546
145 558
145 559
145 560
145 587
145 610
145 619
145 625
145 630
145 639
145 653
145 658
145 696
145 702
145 707
145 709
145 722
145 728
145 508
145 758
145 760
145 780
145 787
145 793
145 796
145 814
145 826
145 828
145 836
145 842
145 843
145 849
145 865
145 868
145 879
145 883
145 918
145 923
145 936
145 956
146 147
146 148
146 150
146 152
146 153
146 154
146 156
146 157
146 158
146 159
146 160
146 161
146 162
146 165
146 167
146 168
146 169
146 171
146 172
146 173
146 174
146 176
146 178
146 180
146 181
146 183
146 184
146 185
146 186
146 187
146 188
146 190
146 191
146 192
146 193
146 194
146 195
146 196
146 197
146 198
146 199
146 200
146 201
146 205
146 206
146 207
146 208
146 210
146 211
146 212
146 213
146 214
146 217
146 220
146 224
146 226
146 229
146 230
146 232
146 233
146 234
146 235
146 237
146 238
146 240
146 242
146 244
146 245
146 257
146 261
146 270
146 289
146 315
146 326
146 327
146 328
146 330
146 334
146 357
146 358
146 365
146 390
146 397
146 402
146 405
146 420
146 429
146 439
146 454
146 459
146 460
146 472
146 489
146 520
146 524
146 532
146 535
146 537
146 546
146 547
146 591
146 598
146 627
146 631
146 632
146 634
146 641
146 646
146 649
146 653
146 666
146 667
146 670
146 687
146 694
146 711
146 737
146 503
146 507
146 751
146 763
146 768
146 777
146 798
146 800
146 808
146 815
146 818
146 828
146 834
146 836
146 869
146 880
146 884
146 890
146 900
146 920
146 923
146 928
146 930
146 945
146 951
146 954
146 955
146 958
147 149
147 150
147 152
147 154
147 156
147 159
147 160
147 161
147 162
147 163
147 164
147 166
147 168
147 170
147 171
147 172
147 173
147 176
147 177
147 178
147 179
147 180
147 181
147 182
147 184
147 186
147 187
147 189
147 192
147 193
147 195
147 197
147 198
147 199
147 201
147 202
147 203
147 204
147 206
147 207
147 208
147 210
147 211
147 212
147 213
147 214
147 215
147 216
147 217
147 218
147 219
147 220
147 221
147 222
147 223
147 224
147 225
147 226
147 227
147 228
147 230
147 231
147 233
147 234
147 236
147 237
147 238
147 239
147 241
147 243
147 244
147 245
147 246
147 247
147 248
147 264
147 278
147 287
147 289
147 295
147 308
147 352
147 368
147 372
147 377
147 381
147 385
147 390
147 391
147 425
147 440
147 450
147 461
147 465
147 469
147 491
147 540
147 541
147 547
147 562
147 565
147 567
147 592
147 598
147 602
147 609
147 625
147 626
147 629
147 635
147 651
147 654
147 702
147 713
147 718
147 754
147 757
147 762
147 782
147 793
147 803
147 819
147 830
147 834
147 836
147 846
147 850
147 858
147 860
147 864
147 879
147 896
147 906
147 918
147 925
147 927
147 930
147 950
147 951
147 954
147 975
147 983
148 149
148 150
148 151
148 153
148 154
148 155
148 156
148 158
148 159
148 161
148 163
148 165
148 166
148 167
148 168
148 169
148 170
148 172
148 173
148 174
148 175
148 178
148 182
148 183
148 184
148 188
148 189
148 190
148 191
148 193
148 194
148 195
148 196
148 197
148 198
148 199
148 200
148 201
148 202
148 203
148 204
148 205
148 206
148 207
148 210
148 211
148 212
148 213
148 216
148 217
148 218
148 219
148 220
148 223
148 225
148 226
148 227
148 228
148 229
148 230
148 231
148 232
148 233
148 235
148 236
148 237
148 239
148 240
148 241
148 242
148 243
148 244
148 245
148 246
148 248
148 257
148 261
148 264
148 284
148 288
148 289
148 300
148 308
148 331
148 336
148 365
148 368
148 371
148 385
148 395
148 402
148 408
148 416
148 442
148 446
148 449
148 460
148 472
148 474
148 486
148 492
148 523
148 525
148 532
148 535
148 548
148 569
148 593
148 605
148 614
148 620
148 624
148 640
148 644
148 653
148 656
148 672
148 686
148 690
148 695
148 697
148 715
148 722
148 726
148 732
148 738
148 748
148 500
148 504
148 753
148 767
148 782
148 788
148 797
148 799
148 801
148 806
148 826
148 850
148 859
148 871
148 886
148 893
148 899
148 925
148 926
148 940
148 941
148 943
148 958
148 960
148 964
148 968
148 992
149 150
149 151
149 152
149 153
149 154
149 156
149 157
149 158
149 161
149 162
149 163
149 165
149 166
149 167
149 168
149 171
149 172
149 174
149 175
149 176
149 177
149 178
149 179
149 180
149 181
149 182
149 183
149 184
149 185
149 187
149 189
149 191
149 192
149 193
149 194
149 195
149 200
149 201
149 204
149 205
149 206
149 207
149 208
149 209
149 210
149 213
149 215
149 218
149 220
149 221
149 222
149 223
149 224
149 226
149 229
149 231
149 234
149 235
149 236
149 239
149 240
149 243
149 244
149 245
149 246
149 248
149 249
149 267
149 277
149 280
149 285
149 292
149 299
149 301
149 302
149 303
149 328
149 349
149 355
149 363
149 372
149 378
149 392
149 396
149 405
149 415
149 424
149 435
149 442
149 443
149 444
149 448
149 451
149 461
149 463
149 468
149 472
149 476
149 482
149 484
149 486
149 487
149 493
149 499
149 520
149 524
149 530
149 563
149 580
149 596
149 603
149 612
149 617
149 631
149 643
149 644
149 652
149 659
149 668
149 686
149 693
149 698
149 739
149 507
149 508
149 770
149 780
149 782
149 788
149 791
149 792
149 803
149 821
149 822
149 837
149 846
149 859
149 863
149 879
149 899
149 923
149 941
149 946
149 951
149 952
149 961
149 967
149 971
149 979
149 991
149 995
150 151
150 152
150 154
150 155
150 156
150 158
150 159
150 160
150 161
150 162
150 164
150 166
150 167
150 168
150 169
150 170
150 171
150 172
150 174
150 175
150 176
150 180
150 181
150 182
150 183
150 184
150 185
150 187
150 188
150 189
150 190
150 191
150 193
150 194
150 196
150 197
150 198
150 199
150 202
150 203
150 204
150 208
150 209
150 210
150 211
150 213
150 215
150 216
150 217
150 218
150 219
150 221
150 222
150 223
150 225
150 226
150 232
150 234
150 235
150 237
150 238
150 239
150 240
150 241
150 242
150 244
150 245
150 246
150 247
150 249
150 262
150 265
150 281
150 283
150 285
150 288
150 299
150 306
150 309
150 318
150 327
150 331
150 345
150 351
150 353
150 364
150 375
150 378
150 379
150 380
150 384
150 390
150 413
150 423
150 434
150 443
150 451
150 467
150 468
150 474
150 479
150 482
150 485
150 486
150 489
150 492
150 512
150 519
150 545
150 556
150 590
150 596
150 605
150 611
150 628
150 635
150 649
150 654
150 669
150 674
150 685
150 690
150 705
150 708
150 736
150 742
150 510
150 511
150 753
150 764
150 775
150 784
150 792
150 811
150 815
150 823
150 824
150 825
150 857
150 867
150 872
150 894
150 895
150 915
150 918
150 930
150 932
150 941
150 952
150 954
150 966
150 975
150 977
150 991
151 154
151 155
151 157
151 158
151 160
151 161
151 163
151 165
151 166
151 167
151 168
151 169
151 170
151 172
151 174
151 177
151 179
151 182
151 183
151 184
151 185
151 186
151 187
151 190
151 191
151 192
151 193
151 195
151 198
151 203
151 204
151 205
151 206
151 207
151 209
151 210
151 212
151 215
151 217
151 219
151 220
151 221
151 222
151 223
151 224
151 226
151 227
151 228
151 229
151 230
151 231
151 232
151 233
151 234
151 235
151 236
151 237
151 239
151 240
151 242
151 243
151 245
151 246
151 247
151 248
151 252
151 292
151 313
151 316
151 340
151 345
151 379
151 389
151 395
151 406
151 420
151 452
151 459
151 465
151 466
151 474
151 528
151 536
151 537
151 560
151 569
151 580
151 585
151 599
151 602
151 608
151 611
151 625
151 626
151 643
151 651
151 656
151 658
151 667
151 669
151 693
151 701
151 703
151 705
151 708
151 726
151 727
151 729
151 738
151 744
151 763
151 764
151 788
151 798
151 803
151 809
151 821
151 855
151 865
151 867
151 889
151 920
151 924
151 928
151 972
151 986
151 987
152 153
152 155
152 156
152 158
152 161
152 162
152 163
152 164
152 165
152 167
152 169
152 170
152 172
152 173
152 175
152 176
152 178
152 179
152 181
152 182
152 183
152 184
152 185
152 188
152 190
152 191
152 192
152 193
152 194
152 195
152 197
152 198
152 199
152 200
152 201
152 202
152 203
152 205
152 206
152 207
152 208
152 209
152 210
152 212
152 214
152 215
152 218
152 219
152 220
152 221
152 222
152 223
152 224
152 225
152 227
152 229
152 230
152 231
152 232
152 233
152 234
152 235
152 236
152 237
152 238
152 239
152 241
152 243
152 248
152 293
152 312
152 313
152 314
152 315
152 319
152 325
152 331
152 332
152 350
152 353
152 359
152 368
152 370
152 379
152 394
152 412
152 451
152 456
152 471
152 474
152 481
152 482
152 492
152 521
152 527
152 537
152 569
152 593
152 597
152 622
152 640
152 642
152 709
152 721
152 743
152 744
152 746
152 751
152 765
152 775
152 795
152 806
152 823
152 828
152 851
152 853
152 862
152 878
152 880
152 882
152 885
152 899
152 904
152 905
152 930
152 934
152 941
152 945
152 946
152 958
152 960
152 994
153 155
153 156
153 157
153 158
153 159
153 160
153 161
153 162
153 163
153 168
153 170
153 172
153 174
153 175
153 176
153 177
153 178
153 179
153 181
153 182
153 184
153 185
153 186
153 187
153 189
153 192
153 194
153 195
153 197
153 199
153 200
153 201
153 202
153 205
153 207
153 208
153 209
153 210
153 211
153 212
153 213
153 215
153 216
153 219
153 220
153 221
153 222
153 223
153 224
153 225
153 228
153 232
153 233
153 234
153 236
153 237
153 239
153 241
153 243
153 244
153 247
153 248
153 249
153 251
153 317
153 322
153 328
153 332
153 343
153 347
153 358
153 361
153 363
153 365
153 371
153 378
153 411
153 424
153 426
153 442
153 456
153 465
153 469
153 528
153 534
153 537
153 557
153 563
153 575
153 586
153 602
153 604
153 610
153 611
153 620
153 646
153 647
153 650
153 670
153 678
153 679
153 714
153 723
153 726
153 731
153 736
153 747
153 752
153 764
153 775
153 779
153 781
153 789
153 796
153 797
153 818
153 820
153 822
153 824
153 827
153 830
153 832
153 839
153 862
153 876
153 879
153 881
153 896
153 899
153 901
153 905
153 921
153 932
153 935
153 943
153 950
153 960
153 962
153 970
153 997
153 999
154 155
154 156
154 158
154 160
154 162
154 163
154 164
154 167
154 168
154 169
154 170
154 171
154 174
154 175
154 177
154 178
154 179
154 182
154 184
154 185
154 187
154 188
154 189
154 191
154 192
154 194
154 196
154 197
154 198
154 199
154 202
154 203
154 204
154 206
154 207
154 208
154 209
154 210
154 212
154 213
154 216
154 217
154 218
154 219
154 220
154 221
154 222
154 223
154 226
154 229
154 230
154 231
154 232
154 233
154 234
154 237
154 238
154 239
154 240
154 241
154 242
154 244
154 245
154 247
154 248
154 249
154 269
154 270
154 271
154 284
154 293
154 299
154 305
154 308
154 322
154 326
154 329
154 336
154 343
154 349
154 377
154 395
154 410
154 433
154 434
154 437
154 446
154 448
154 468
154 481
154 488
154 495
154 523
154 537
154 543
154 545
154 574
154 584
154 592
154 617
154 626
154 632
154 637
154 638
154 647
154 648
154 662
154 676
154 679
154 681
154 690
154 714
154 716
154 729
154 744
154 501
154 508
154 751
154 787
154 791
154 801
154 810
154 811
154 817
154 821
154 859
154 860
154 864
154 873
154 874
154 883
154 888
154 898
154 900
154 903
154 922
154 925
154 938
154 951
154 973
154 977
155 156
155 157
155 158
155 159
155 160
155 161
155 163
155 164
155 165
155 166
155 167
155 168
155 169
155 170
155 171
155 172
155 174
155 175
155 176
155 177
155 180
155 182
155 183
155 186
155 188
155 189
155 190
155 191
155 194
155 195
155 197
155 198
155 199
155 200
155 206
155 209
155 213
155 215
155 216
155 218
155 219
155 220
155 222
155 223
155 225
155 226
155 227
155 228
155 230
155 232
155 234
155 236
155 239
155 240
155 242
155 243
155 244
155 245
155 246
155 247
155 248
155 249
155 274
155 307
155 318
155 347
155 388
155 411
155 423
155 443
155 454
155 457
155 460
155 515
155 522
155 528
155 532
155 545
155 556
155 570
155 595
155 596
155 597
155 604
155 608
155 616
155 628
155 630
155 631
155 647
155 652
155 653
155 685
155 705
155 718
155 754
155 758
155 799
155 802
155 815
155 821
155 828
155 835
155 850
155 856
155 859
155 888
155 938
155 964
155 968
155 986
155 987
155 994
156 158
156 159
156 160
156 162
156 163
156 164
156 165
156 167
156 169
156 170
156 171
156 172
156 177
156 178
156 179
156 180
156 181
156 182
156 183
156 186
156 187
156 188
156 189
156 190
156 191
156 194
156 196
156 197
156 198
156 200
156 201
156 202
156 205
156 206
156 207
156 208
156 209
156 212
156 213
156 214
156 215
156 216
156 218
156 219
156 220
156 221
156 222
156 223
156 224
156 227
156 228
156 229
156 230
156 231
156 234
156 236
156 237
156 238
156 239
156 240
156 241
156 243
156 244
156 245
156 247
156 248
156 249
156 252
156 287
156 288
156 292
156 293
156 294
156 302
156 309
156 310
156 323
156 331
156 334
156 348
156 360
156 367
156 381
156 390
156 396
156 398
156 403
156 436
156 441
156 463
156 485
156 492
156 493
156 520
156 530
156 532
156 539
156 566
156 587
156 594
156 601
156 606
156 609
156 615
156 621
156 647
156 656
156 678
156 733
156 747
156 501
156 753
156 768
156 770
156 790
156 805
156 809
156 814
156 833
156 857
156 880
156 885
156 888
156 894
156 896
156 897
156 903
156 905
156 925
156 934
156 991
156 993
156 994
157 158
157 160
157 161
157 162
157 163
157 164
157 165
157 166
157 169
157 170
157 172
157 173
157 174
157 175
157 176
157 177
157 179
157 180
157 182
157 184
157 187
157 188
157 189
157 190
157 191
157 192
157 193
157 196
157 197
157 198
157 199
157 201
157 202
157 203
157 204
157 206
157 207
157 208
157 209
157 210
157 211
157 214
157 215
157 216
157 217
157 219
157 220
157 221
157 222
157 223
157 224
157 225
157 226
157 228
157 229
157 231
157 232
157 233
157 234
157 235
157 236
157 239
157 241
157 242
157 243
157 245
157 247
157 248
157 249
157 253
157 279
157 294
157 316
157 317
157 327
157 347
157 351
157 356
157 361
157 365
157 375
157 401
157 425
157 426
157 430
157 446
157 456
157 468
157 471
157 477
157 495
157 516
157 534
157 546
157 561
157 564
157 565
157 569
157 602
157 617
157 630
157 635
157 643
157 645
157 651
157 696
157 699
157 710
157 712
157 502
157 511
157 752
157 762
157 771
157 817
157 824
157 825
157 833
157 841
157 843
157 846
157 866
157 886
157 891
157 915
157 935
157 942
157 957
157 964
157 965
157 966
157 975
157 983
157 986
158 159
158 160
158 161
158 162
158 163
158 164
158 165
158 167
158 168
158 169
158 170
158 171
158 173
158 174
158 176
158 179
158 180
158 181
158 182
158 183
158 184
158 187
158 190
158 191
158 192
158 193
158 194
158 195
158 196
158 197
158 198
158 199
158 201
158 202
158 203
158 204
158 205
158 206
158 207
158 208
158 209
158 210
158 213
158 214
158 215
158 217
158 218
158 219
158 220
158 221
158 223
158 224
158 225
158 226
158 227
158 232
158 233
158 234
158 235
158 239
158 240
158 241
158 242
158 243
158 244
158 248
158 251
158 278
158 295
158 301
158 306
158 309
158 315
158 319
158 334
158 337
158 351
158 357
158 365
158 374
158 382
158 384
158 416
158 421
158 423
158 425
158 432
158 433
158 435
158 437
158 439
158 442
158 444
158 483
158 498
158 513
158 518
158 523
158 524
158 579
158 586
158 590
158 597
158 602
158 617
158 641
158 661
158 673
158 691
158 699
158 709
158 721
158 731
158 511
158 760
158 761
158 777
158 792
158 794
158 797
158 805
158 817
158 831
158 845
158 864
158 865
158 868
158 872
158 881
158 898
158 901
158 912
158 926
158 933
158 937
158 964
158 966
158 968
158 979
158 982
158 991
158 994
159 163
159 166
159 167
159 168
159 171
159 172
159 174
159 176
159 177
159 178
159 180
159 181
159 184
159 185
159 187
159 188
159 190
159 191
159 192
159 193
159 194
159 195
159 196
159 197
159 198
159 203
159 204
159 206
159 207
159 208
159 209
159 211
159 213
159 214
159 216
159 217
159 219
159 221
159 222
159 223
159 226
159 227
159 228
159 230
159 231
159 233
159 234
159 235
159 238
159 239
159 240
159 242
159 244
159 245
159 247
159 248
159 249
159 253
159 254
159 260
159 266
159 278
159 282
159 287
159 324
159 346
159 362
159 376
159 380
159 386
159 402
159 407
159 411
159 419
159 465
159 475
159 485
159 492
159 494
159 513
159 522
159 530
159 540
159 548
159 555
159 570
159 589
159 615
159 659
159 660
159 667
159 670
159 725
159 736
159 765
159 780
159 801
159 818
159 841
159 852
159 858
159 874
159 891
159 914
159 917
159 918
159 930
159 944
159 955
159 971
159 983
160 161
160 162
160 163
160 165
160 166
160 167
160 168
160 169
160 170
160 171
160 172
160 173
160 174
160 175
160 176
160 177
160 178
160 179
160 181
160 182
160 184
160 185
160 186
160 187
160 188
160 189
160 190
160 191
160 192
160 193
160 194
160 197
160 198
160 200
160 203
160 204
160 205
160 206
160 207
160 208
160 210
160 211
160 212
160 214
160 215
160 219
160 220
160 222
160 223
160 226
160 227
160 228
160 229
160 230
160 231
160 232
160 233
160 234
160 236
160 238
160 240
160 241
160 244
160 248
160 249
160 252
160 263
160 275
160 299
160 310
160 325
160 327
160 349
160 351
160 358
160 386
160 394
160 402
160 404
160 411
160 416
160 417
160 420
160 422
160 428
160 433
160 436
160 438
160 465
160 483
160 484
160 485
160 496
160 513
160 515
160 516
160 523
160 530
160 535
160 536
160 548
160 577
160 586
160 589
160 592
160 593
160 595
160 604
160 605
160 609
160 635
160 646
160 647
160 655
160 664
160 667
160 685
160 697
160 707
160 712
160 716
160 739
160 775
160 783
160 784
160 793
160 798
160 805
160 816
160 828
160 831
160 840
160 851
160 855
160 861
160 882
160 884
160 886
160 893
160 898
160 904
160 921
160 924
160 926
160 927
160 934
160 935
160 936
160 949
160 980
160 983
161 162
161 163
161 164
161 166
161 167
161 168
161 170
161 172
161 174
161 175
161 176
161 177
161 179
161 180
161 183
161 185
161 186
161 187
161 190
161 191
161 193
161 194
161 195
161 196
161 200
161 201
161 202
161 205
161 207
161 208
161 209
161 210
161 213
161 214
161 216
161 217
161 218
161 219
161 220
161 221
161 223
161 224
161 225
161 226
161 227
161 228
161 229
161 230
161 231
161 233
161 234
161 235
161 237
161 238
161 239
161 240
161 242
161 243
161 244
161 246
161 247
161 248
161 249
161 254
161 287
161 294
161 297
161 313
161 317
161 359
161 368
161 378
161 385
161 392
161 397
161 402
161 415
161 420
161 424
161 441
161 452
161 455
161 463
161 479
161 488
161 494
161 513
161 528
161 531
161 533
161 535
161 537
161 538
161 549
161 560
161 563
161 576
161 579
161 589
161 605
161 608
161 625
161 662
161 678
161 680
161 686
161 688
161 700
161 704
161 705
161 711
161 721
161 500
161 504
161 506
161 510
161 761
161 764
161 775
161 790
161 793
161 803
161 831
161 835
161 844
161 848
161 853
161 854
161 858
161 873
161 880
161 893
161 900
161 907
161 922
161 946
161 957
161 971
161 974
161 976
161 977
161 980
161 994
161 996
162 164
162 165
162 167
162 168
162 169
162 170
162 173
162 175
162 176
162 177
162 178
162 179
162 180
162 181
162 182
162 184
162 185
162 186
162 187
162 188
162 189
162 191
162 192
162 193
162 195
162 196
162 197
162 198
162 199
162 204
162 205
162 207
162 208
162 209
162 210
162 211
162 213
162 214
162 215
162 216
162 218
162 219
162 220
162 221
162 222
162 223
162 225
162 227
162 228
162 229
162 231
162 232
162 233
162 234
162 235
162 237
162 238
162 239
162 240
162 241
162 242
162 243
162 244
162 245
162 247
162 248
162 253
162 254
162 258
162 281
162 284
162 295
162 303
162 306
162 316
162 320
162 321
162 333
162 335
162 337
162 343
162 344
162 355
162 359
162 364
162 365
162 371
162 400
162 421
162 428
162 429
162 432
162 454
162 475
162 478
162 486
162 514
162 521
162 524
162 531
162 563
162 585
162 590
162 606
162 607
162 608
162 615
162 628
162 650
162 653
162 662
162 663
162 665
162 667
162 672
162 674
162 692
162 695
162 700
162 702
162 707
162 711
162 723
162 724
162 500
162 770
162 779
162 782
162 784
162 803
162 806
162 807
162 812
162 820
162 822
162 832
162 835
162 836
162 839
162 841
162 843
162 848
162 850
162 852
162 866
162 867
162 875
162 879
162 887
162 899
162 922
162 924
162 926
162 930
162 944
162 950
162 951
162 954
162 957
162 964
162 965
162 993
163 164
163 165
163 166
163 167
163 168
163 169
163 170
163 171
163 172
163 173
163 175
163 177
163 178
163 179
163 180
163 181
163 182
163 183
163 184
163 186
163 188
163 189
163 190
163 191
163 193
163 194
163 195
163 199
163 201
163 202
163 205
163 207
163 208
163 209
163 210
163 211
163 212
163 213
163 214
163 215
163 217
163 218
163 219
163 222
163 223
163 224
163 225
163 226
163 227
163 228
163 229
163 230
163 232
163 233
163 234
163 235
163 236
163 239
163 240
163 241
163 242
163 243
163 244
163 245
163 246
163 247
163 248
163 249
163 250
163 264
163 266
163 291
163 299
163 311
163 320
163 321
163 326
163 353
163 362
163 364
163 365
163 410
163 415
163 431
163 434
163 435
163 437
163 452
163 460
163 464
163 481
163 488
163 495
163 518
163 521
163 534
163 536
163 547
163 549
163 554
163 559
163 560
163 568
163 579
163 589
163 591
163 594
163 601
163 602
163 630
163 635
163 636
163 647
163 649
163 650
163 658
163 683
163 687
163 709
163 712
163 724
163 738
163 745
163 502
163 785
163 789
163 790
163 822
163 825
163 836
163 839
163 856
163 859
163 880
163 882
163 898
163 901
163 920
163 921
163 949
163 974
164 165
164 170
164 174
164 175
164 176
164 177
164 178
164 180
164 181
164 182
164 183
164 186
164 187
164 188
164 189
164 190
164 192
164 193
164 194
164 195
164 196
164 198
164 199
164 201
164 202
164 204
164 206
164 207
164 208
164 209
164 210
164 211
164 212
164 215
164 216
164 218
164 219
164 220
164 221
164 222
164 226
164 227
164 228
164 229
164 230
164 231
164 233
164 234
164 235
164 237
164 238
164 239
164 240
164 241
164 243
164 244
164 245
164 247
164 248
164 249
164 254
164 268
164 273
164 276
164 278
164 288
164 292
164 294
164 297
164 303
164 317
164 322
164 324
164 343
164 346
164 354
164 365
164 376
164 378
164 389
164 397
164 404
164 405
164 425
164 441
164 447
164 449
164 465
164 483
164 496
164 512
164 519
164 529
164 535
164 539
164 555
164 575
164 576
164 589
164 594
164 601
164 609
164 615
164 623
164 634
164 642
164 643
164 646
164 680
164 685
164 696
164 700
164 701
164 707
164 712
164 716
164 717
164 733
164 734
164 741
164 501
164 507
164 768
164 777
164 790
164 798
164 808
164 810
164 817
164 830
164 837
164 844
164 848
164 853
164 861
164 867
164 868
164 878
164 885
164 889
164 896
164 899
164 909
164 913
164 921
164 943
164 945
164 969
164 970
164 975
164 987
165 166
165 169
165 170
165 171
165 172
165 173
165 174
165 175
165 176
165 177
165 178
165 179
165 181
165 182
165 183
165 185
165 186
165 188
165 189
165 191
165 192
165 193
165 195
165 198
165 200
165 201
165 204
165 205
165 207
165 208
165 209
165 211
165 212
165 214
165 215
165 216
165 218
165 219
165 220
165 221
165 222
165 223
165 224
165 226
165 227
165 229
165 230
165 231
165 234
165 235
165 236
165 237
165 238
165 239
165 240
165 241
165 243
165 245
165 248
165 250
165 252
165 271
165 294
165 315
165 322
165 326
165 329
165 333
165 337
165 338
165 348
165 349
165 350
165 364
165 373
165 376
165 377
165 378
165 383
165 419
165 423
165 434
165 435
165 443
165 446
165 449
165 453
165 462
165 485
165 486
165 516
165 529
165 550
165 554
165 564
165 577
165 583
165 592
165 599
165 600
165 609
165 611
165 618
165 625
165 634
165 640
165 665
165 666
165 686
165 690
165 701
165 732
165 736
165 741
165 746
165 500
165 503
165 763
165 765
165 793
165 803
165 807
165 808
165 811
165 816
165 822
165 832
165 869
165 871
165 872
165 876
165 879
165 895
165 915
165 922
165 929
165 938
165 945
165 954
165 955
165 956
165 962
165 974
166 168
166 169
166 170
166 171
166 173
166 174
166 175
166 176
166 178
166 179
166 180
166 185
166 187
166 188
166 190
166 191
166 193
166 197
166 198
166 200
166 202
166 203
166 204
166 205
166 206
166 207
166 208
166 209
166 210
166 213
166 215
166 217
166 219
166 222
166 224
166 226
166 228
166 229
166 230
166 232
166 233
166 234
166 236
166 237
166 238
166 239
166 241
166 242
166 246
166 249
166 252
166 272
166 277
166 294
166 300
166 313
166 316
166 320
166 337
166 338
166 353
166 360
166 364
166 366
166 369
166 371
166 387
166 401
166 407
166 409
166 432
166 439
166 452
166 462
166 489
166 495
166 516
166 529
166 537
166 545
166 555
166 568
166 572
166 579
166 588
166 615
166 626
166 634
166 639
166 645
166 658
166 686
166 697
166 720
166 725
166 730
166 731
166 741
166 763
166 777
166 778
166 779
166 790
166 795
166 796
166 798
166 799
166 812
166 835
166 838
166 869
166 877
166 886
166 888
166 889
166 904
166 915
166 917
166 930
166 940
166 948
166 962
166 963
166 966
166 975
166 979
166 980
166 986
166 989
166 990
166 994
167 169
167 170
167 172
167 173
167 174
167 175
167 179
167 181
167 184
167 186
167 188
167 190
167 191
167 192
167 193
167 194
167 195
167 197
167 198
167 199
167 200
167 201
167 202
167 203
167 205
167 210
167 212
167 215
167 216
167 218
167 219
167 220
167 223
167 224
167 227
167 229
167 230
167 231
167 234
167 235
167 236
167 238
167 239
167 240
167 241
167 242
167 245
167 246
167 247
167 248
167 249
167 263
167 269
167 276
167 277
167 291
167 304
167 358
167 360
167 371
167 386
167 402
167 403
167 410
167 418
167 434
167 438
167 440
167 485
167 486
167 492
167 495
167 496
167 538
167 546
167 563
167 569
167 571
167 586
167 595
167 596
167 601
167 622
167 623
167 629
167 634
167 640
167 647
167 721
167 725
167 735
167 507
167 762
167 766
167 774
167 786
167 797
167 804
167 813
167 821
167 847
167 851
167 857
167 866
167 876
167 897
167 902
167 904
167 915
167 920
167 929
167 955
167 968
167 983
167 985
167 996
168 172
168 173
168 174
168 175
168 177
168 179
168 180
168 182
168 183
168 186
168 187
168 189
168 190
168 194
168 195
168 198
168 199
168 201
168 202
168 203
168 204
168 206
168 207
168 210
168 211
168 212
168 213
168 214
168 215
168 216
168 217
168 218
168 220
168 221
168 222
168 225
168 226
168 228
168 230
168 231
168 232
168 233
168 235
168 237
168 238
168 239
168 240
168 241
168 242
168 243
168 244
168 245
168 246
168 248
168 249
168 256
168 278
168 280
168 287
168 291
168 296
168 319
168 338
168 341
168 351
168 358
168 375
168 381
168 382
168 394
168 406
168 411
168 423
168 433
168 437
168 444
168 446
168 452
168 467
168 473
168 475
168 481
168 498
168 513
168 517
168 532
168 535
168 540
168 541
168 550
168 551
168 553
168 554
168 555
168 563
168 566
168 569
168 572
168 574
168 597
168 598
168 601
168 627
168 636
168 645
168 648
168 651
168 653
168 662
168 671
168 685
168 700
168 706
168 721
168 727
168 741
168 742
168 511
168 762
168 766
168 773
168 789
168 791
168 797
168 799
168 805
168 811
168 813
168 827
168 828
168 845
168 846
168 875
168 882
168 893
168 894
168 906
168 907
168 941
168 958
168 980
168 984
169 171
169 172
169 173
169 175
169 178
169 182
169 183
169 184
169 185
169 186
169 187
169 188
169 189
169 190
169 191
169 192
169 193
169 194
169 195
169 196
169 197
169 198
169 200
169 201
169 202
169 203
169 204
169 205
169 207
169 209
169 210
169 211
169 212
169 213
169 214
169 217
169 220
169 221
169 222
169 223
169 224
169 225
169 226
169 227
169 231
169 232
169 233
169 235
169 236
169 238
169 239
169 240
169 241
169 242
169 243
169 244
169 245
169 246
169 247
169 248
169 253
169 258
169 270
169 278
169 280
169 295
169 310
169 319
169 333
169 335
169 347
169 378
169 386
169 389
169 390
169 408
169 411
169 425
169 440
169 442
169 454
169 483
169 485
169 497
169 499
169 514
169 534
169 538
169 543
169 552
169 587
169 601
169 610
169 613
169 626
169 633
169 667
169 679
169 688
169 701
169 702
169 716
169 729
169 735
169 746
169 767
169 776
169 790
169 792
169 795
169 799
169 814
169 830
169 832
169 851
169 878
169 880
169 888
169 891
169 897
169 904
169 906
169 924
169 949
169 956
169 958
169 963
169 964
169 966
169 970
169 982
170 171
170 172
170 173
170 174
170 176
170 177
170 178
170 179
170 181
170 183
170 184
170 185
170 187
170 188
170 189
170 191
170 192
170 193
170 195
170 196
170 197
170 199
170 202
170 203
170 204
170 205
170 206
170 207
170 208
170 209
170 210
170 212
170 213
170 215
170 218
170 219
170 220
170 221
170 222
170 223
170 224
170 225
170 226
170 227
170 228
170 229
170 230
170 231
170 232
170 235
170 236
170 239
170 242
170 243
170 245
170 246
170 247
170 249
170 256
170 262
170 267
170 275
170 276
170 290
170 295
170 310
170 311
170 343
170 344
170 371
170 372
170 395
170 404
170 407
170 415
170 416
170 417
170 424
170 434
170 445
170 470
170 473
170 479
170 490
170 495
170 496
170 497
170 518
170 540
170 548
170 565
170 566
170 571
170 573
170 577
170 579
170 584
170 586
170 587
170 605
170 650
170 686
170 690
170 708
170 746
170 510
170 751
170 752
170 757
170 779
170 781
170 788
170 795
170 808
170 811
170 835
170 846
170 870
170 877
170 888
170 926
170 927
170 931
170 940
170 964
170 983
170 987
170 991
170 995
171 172
171 173
171 175
171 176
171 177
171 178
171 179
171 180
171 181
171 182
171 183
171 184
171 189
171 190
171 191
171 192
171 195
171 196
171 198
171 199
171 200
171 201
171 202
171 203
171 204
171 205
171 207
171 208
171 210
171 211
171 212
171 213
171 215
171 216
171 217
171 220
171 221
171 222
171 223
171 224
171 225
171 227
171 228
171 230
171 231
171 232
171 233
171 235
171 236
171 237
171 238
171 239
171 240
171 242
171 243
171 244
171 246
171 248
171 249
171 265
171 267
171 277
171 280
171 302
171 362
171 374
171 383
171 415
171 418
171 421
171 424
171 427
171 430
171 447
171 456
171 520
171 555
171 560
171 569
171 578
171 587
171 618
171 619
171 624
171 626
171 642
171 645
171 656
171 659
171 700
171 713
171 714
171 715
171 720
171 731
171 735
171 739
171 508
171 758
171 767
171 791
171 792
171 796
171 797
171 808
171 813
171 822
171 829
171 842
171 849
171 850
171 861
171 865
171 866
171 874
171 881
171 899
171 902
171 904
171 912
171 922
171 925
171 933
171 937
171 938
171 958
171 984
171 989
171 990
171 992
171 997
172 176
172 177
172 178
172 179
172 180
172 181
172 183
172 184
172 186
172 187
172 188
172 189
172 191
172 192
172 193
172 196
172 197
172 198
172 199
172 200
172 201
172 203
172 204
172 205
172 207
172 208
172 211
172 212
172 214
172 215
172 216
172 217
172 219
172 220
172 221
172 223
172 225
172 226
172 227
172 228
172 230
172 232
172 233
172 234
172 235
172 236
172 237
172 238
172 239
172 240
172 241
172 242
172 243
172 245
172 247
172 248
172 249
172 255
172 264
172 303
172 325
172 338
172 342
172 358
172 360
172 365
172 366
172 370
172 372
172 392
172 404
172 429
172 465
172 474
172 481
172 487
172 498
172 517
172 526
172 528
172 533
172 550
172 558
172 559
172 560
172 566
172 568
172 571
172 586
172 588
172 596
172 598
172 610
172 628
172 651
172 664
172 667
172 675
172 676
172 700
172 702
172 706
172 707
172 709
172 711
172 712
172 715
172 743
172 502
172 752
172 776
172 786
172 789
172 855
172 857
172 858
172 863
172 926
172 943
172 951
172 953
172 956
172 959
172 971
172 988
172 995
172 997
172 998
173 174
173 175
173 176
173 177
173 179
173 180
173 181
173 182
173 183
173 184
173 186
173 187
173 188
173 189
173 191
173 193
173 196
173 197
173 198
173 199
173 201
173 202
173 203
173 204
173 208
173 210
173 211
173 212
173 213
173 215
173 216
173 217
173 218
173 219
173 221
173 222
173 226
173 228
173 229
173 231
173 232
173 233
173 234
173 238
173 239
173 240
173 244
173 245
173 246
173 249
173 256
173 257
173 259
173 278
173 303
173 313
173 315
173 316
173 329
173 331
173 334
173 340
173 351
173 354
173 356
173 397
173 422
173 448
173 449
173 453
173 456
173 461
173 471
173 488
173 492
173 528
173 543
173 549
173 576
173 581
173 583
173 590
173 604
173 621
173 630
173 632
173 647
173 652
173 661
173 665
173 667
173 680
173 683
173 703
173 707
173 734
173 737
173 743
173 746
173 505
173 509
173 838
173 839
173 854
173 860
173 867
173 870
173 879
173 882
173 894
173 896
173 907
173 913
173 916
173 940
173 943
173 949
173 955
173 958
173 960
173 965
173 972
173 976
173 981
173 997
174 175
174 176
174 177
174 178
174 180
174 181
174 182
174 183
174 184
174 185
174 187
174 188
174 189
174 190
174 191
174 192
174 193
174 194
174 195
174 196
174 197
174 198
174 199
174 200
174 201
174 202
174 203
174 204
174 205
174 206
174 208
174 209
174 210
174 211
174 212
174 213
174 214
174 215
174 217
174 218
174 219
174 220
174 222
174 223
174 224
174 226
174 227
174 228
174 229
174 231
174 234
174 236
174 237
174 239
174 241
174 243
174 246
174 248
174 277
174 288
174 289
174 323
174 332
174 340
174 354
174 365
174 366
174 370
174 373
174 380
174 404
174 412
174 415
174 425
174 428
174 454
174 460
174 463
174 469
174 487
174 490
174 496
174 517
174 529
174 558
174 560
174 561
174 564
174 569
174 573
174 580
174 585
174 587
174 591
174 593
174 594
174 605
174 607
174 620
174 637
174 642
174 643
174 652
174 654
174 660
174 662
174 665
174 670
174 677
174 678
174 702
174 705
174 708
174 709
174 721
174 725
174 728
174 730
174 744
174 747
174 500
174 508
174 764
174 779
174 785
174 802
174 808
174 809
174 816
174 851
174 855
174 863
174 873
174 874
174 877
174 884
174 887
174 899
174 906
174 910
174 920
174 931
174 983
175 178
175 179
175 181
175 183
175 185
175 186
175 187
175 188
175 189
175 190
175 191
175 194
175 197
175 198
175 199
175 200
175 201
175 203
175 204
175 206
175 207
175 209
175 211
175 212
175 213
175 214
175 215
175 216
175 217
175 218
175 219
175 220
175 221
175 222
175 223
175 224
175 225
175 228
175 229
175 230
175 233
175 235
175 236
175 237
175 240
175 241
175 243
175 244
175 245
175 246
175 248
175 249
175 264
175 266
175 283
175 284
175 285
175 310
175 313
175 330
175 337
175 339
175 343
175 362
175 364
175 366
175 372
175 393
175 395
175 404
175 413
175 424
175 454
175 465
175 493
175 496
175 497
175 521
175 545
175 547
175 558
175 568
175 570
175 572
175 591
175 604
175 607
175 611
175 622
175 635
175 639
175 664
175 691
175 696
175 700
175 705
175 727
175 732
175 735
175 745
175 500
175 752
175 755
175 764
175 780
175 781
175 802
175 822
175 839
175 840
175 850
175 863
175 882
175 891
175 903
175 917
175 920
175 923
175 979
175 992
175 993
176 177
176 178
176 180
176 181
176 184
176 186
176 187
176 190
176 192
176 193
176 194
176 195
176 196
176 197
176 198
176 199
176 200
176 201
176 202
176 203
176 204
176 205
176 206
176 207
176 212
176 213
176 214
176 215
176 216
176 218
176 221
176 222
176 223
176 224
176 225
176 227
176 228
176 230
176 231
176 232
176 233
176 234
176 235
176 236
176 237
176 238
176 239
176 240
176 242
176 244
176 246
176 247
176 248
176 266
176 269
176 274
176 288
176 293
176 307
176 321
176 322
176 325
176 335
176 338
176 355
176 369
176 378
176 396
176 397
176 403
176 410
176 423
176 452
176 453
176 454
176 455
176 457
176 464
176 473
176 486
176 491
176 496
176 515
176 523
176 534
176 537
176 551
176 562
176 575
176 587
176 588
176 593
176 607
176 609
176 612
176 618
176 622
176 636
176 675
176 681
176 699
176 700
176 703
176 725
176 735
176 736
176 737
176 743
176 507
176 509
176 753
176 756
176 761
176 775
176 787
176 793
176 797
176 806
176 823
176 826
176 840
176 848
176 906
176 907
176 925
176 929
176 936
176 943
176 969
176 998
177 179
177 180
177 181
177 182
177 185
177 186
177 188
177 190
177 191
177 192
177 193
177 194
177 195
177 197
177 198
177 199
177 200
177 201
177 203
177 205
177 208
177 211
177 212
177 213
177 214
177 215
177 219
177 220
177 224
177 225
177 226
177 227
177 228
177 229
177 230
177 232
177 233
177 235
177 236
177 238
177 239
177 240
177 241
177 242
177 243
177 248
177 249
177 264
177 267
177 270
177 273
177 311
177 326
177 361
177 370
177 383
177 406
177 412
177 417
177 419
177 424
177 454
177 465
177 520
177 536
177 571
177 603
177 606
177 611
177 614
177 629
177 645
177 650
177 652
177 671
177 673
177 677
177 680
177 690
177 701
177 702
177 703
177 705
177 707
177 719
177 726
177 736
177 747
177 748
177 504
177 761
177 768
177 770
177 777
177 780
177 793
177 798
177 803
177 817
177 822
177 831
177 838
177 852
177 854
177 857
177 862
177 865
177 870
177 886
177 893
177 897
177 904
177 906
177 912
177 927
177 931
177 940
177 946
177 953
177 964
177 984
177 992
177 998
178 179
178 180
178 181
178 184
178 185
178 187
178 188
178 189
178 190
178 191
178 192
178 195
178 196
178 198
178 199
178 201
178 203
178 204
178 205
178 208
178 209
178 211
178 214
178 215
178 216
178 218
178 219
178 220
178 221
178 223
178 225
178 226
178 227
178 229
178 230
178 231
178 232
178 235
178 236
178 238
178 239
178 242
178 244
178 246
178 247
178 248
178 249
178 252
178 253
178 256
178 269
178 273
178 275
178 279
178 290
178 325
178 336
178 342
178 343
178 351
178 368
178 395
178 424
178 438
178 451
178 457
178 471
178 493
178 519
178 520
178 534
178 548
178 554
178 566
178 592
178 598
178 608
178 609
178 616
178 626
178 634
178 642
178 643
178 646
178 653
178 655
178 659
178 665
178 672
178 676
178 678
178 692
178 700
178 716
178 720
178 746
178 501
178 509
178 752
178 753
178 775
178 776
178 787
178 790
178 804
178 836
178 839
178 844
178 846
178 851
178 865
178 871
178 878
178 881
178 891
178 912
178 917
178 952
178 953
178 966
178 967
178 976
178 980
178 981
178 982
178 999
179 180
179 181
179 182
179 183
179 184
179 185
179 186
179 187
179 188
179 189
179 190
179 192
179 193
179 194
179 195
179 196
179 197
179 198
179 199
179 200
179 201
179 203
179 205
179 206
179 207
179 209
179 210
179 212
179 213
179 214
179 215
179 216
179 218
179 220
179 221
179 223
179 224
179 225
179 227
179 228
179 229
179 230
179 231
179 232
179 234
179 235
179 236
179 237
179 238
179 239
179 240
179 241
179 243
179 244
179 245
179 246
179 247
179 248
179 269
179 289
179 290
179 292
179 336
179 352
179 365
179 374
179 378
179 385
179 398
179 399
179 408
179 412
179 419
179 434
179 446
179 459
179 469
179 479
179 519
179 524
179 526
179 530
179 542
179 545
179 550
179 553
179 555
179 558
179 569
179 578
179 582
179 586
179 596
179 604
179 606
179 607
179 615
179 616
179 619
179 626
179 636
179 644
179 655
179 658
179 664
179 697
179 717
179 724
179 726
179 730
179 500
179 750
179 753
179 757
179 785
179 794
179 812
179 816
179 825
179 830
179 847
179 871
179 899
179 908
179 916
179 917
179 920
179 926
179 935
179 943
179 947
179 951
179 958
179 964
179 990
179 995
180 181
180 182
180 183
180 184
180 185
180 186
180 187
180 188
180 189
180 193
180 194
180 196
180 197
180 200
180 205
180 206
180 208
180 209
180 210
180 211
180 212
180 213
180 214
180 216
180 218
180 219
180 220
180 222
180 223
180 224
180 225
180 226
180 227
180 228
180 230
180 232
180 234
180 235
180 237
180 238
180 241
180 243
180 244
180 246
180 247
180 249
180 280
180 299
180 308
180 311
180 314
180 316
180 319
180 332
180 351
180 357
180 363
180 379
180 386
180 401
180 406
180 416
180 418
180 421
180 425
180 431
180 444
180 456
180 462
180 465
180 486
180 514
180 517
180 523
180 553
180 561
180 573
180 579
180 584
180 586
180 587
180 601
180 602
180 618
180 635
180 654
180 659
180 672
180 674
180 687
180 691
180 705
180 727
180 734
180 735
180 740
180 743
180 755
180 761
180 774
180 783
180 784
180 790
180 796
180 811
180 821
180 825
180 838
180 842
180 860
180 873
180 882
180 910
180 924
180 942
180 943
180 947
180 954
180 963
180 985
180 991
180 994
181 182
181 183
181 187
181 189
181 190
181 191
181 192
181 194
181 196
181 197
181 198
181 200
181 201
181 202
181 203
181 204
181 205
181 208
181 209
181 212
181 213
181 214
181 215
181 216
181 218
181 219
181 221
181 222
181 223
181 224
181 226
181 227
181 228
181 229
181 230
181 231
181 232
181 233
181 234
181 235
181 236
181 237
181 238
181 239
181 241
181 242
181 243
181 244
181 245
181 246
181 248
181 249
181 275
181 284
181 287
181 298
181 299
181 309
181 313
181 321
181 327
181 328
181 329
181 344
181 347
181 356
181 365
181 372
181 380
181 399
181 401
181 407
181 421
181 435
181 445
181 458
181 463
181 465
181 472
181 475
181 490
181 567
181 593
181 621
181 637
181 646
181 647
181 652
181 653
181 678
181 687
181 690
181 704
181 724
181 732
181 733
181 736
181 745
181 749
181 765
181 771
181 780
181 789
181 804
181 810
181 847
181 861
181 871
181 879
181 892
181 901
181 917
181 923
181 931
181 950
181 959
181 963
181 974
182 183
182 184
182 186
182 187
182 188
182 189
182 190
182 191
182 193
182 194
182 195
182 198
182 199
182 203
182 204
182 205
182 206
182 207
182 208
182 210
182 211
182 212
182 214
182 215
182 217
182 220
182 222
182 224
182 225
182 226
182 227
182 228
182 229
182 231
182 233
182 234
182 236
182 238
182 239
182 242
182 243
182 245
182 247
182 248
182 249
182 255
182 260
182 261
182 275
182 285
182 288
182 290
182 299
182 306
182 312
182 323
182 340
182 343
182 345
182 347
182 359
182 361
182 384
182 398
182 401
182 408
182 412
182 420
182 431
182 435
182 451
182 453
182 461
182 469
182 482
182 488
182 493
182 499
182 512
182 538
182 572
182 576
182 591
182 608
182 619
182 629
182 630
182 634
182 640
182 662
182 666
182 668
182 671
182 714
182 767
182 786
182 787
182 791
182 793
182 800
182 804
182 814
182 817
182 820
182 855
182 860
182 866
182 873
182 881
182 885
182 889
182 907
182 911
182 924
182 927
182 928
182 932
182 933
182 959
182 972
183 187
183 194
183 195
183 197
183 198
183 199
183 200
183 201
183 202
183 206
183 207
183 209
183 211
183 212
183 213
183 214
183 215
183 216
183 217
183 218
183 219
183 221
183 222
183 223
183 224
183 225
183 226
183 227
183 229
183 230
183 231
183 232
183 233
183 234
183 235
183 236
183 237
183 238
183 239
183 242
183 243
183 245
183 246
183 247
183 248
183 249
183 258
183 264
183 269
183 279
183 282
183 283
183 294
183 301
183 309
183 314
183 337
183 338
183 342
183 345
183 359
183 370
183 386
183 388
183 394
183 396
183 402
183 403
183 410
183 413
183 425
183 446
183 450
183 451
183 463
183 468
183 481
183 496
183 514
183 517
183 541
183 543
183 558
183 581
183 599
183 605
183 635
183 637
183 644
183 670
183 673
183 675
183 679
183 692
183 693
183 699
183 735
183 747
183 503
183 507
183 756
183 763
183 771
183 786
183 790
183 797
183 810
183 812
183 813
183 824
183 825
183 827
183 832
183 841
183 845
183 852
183 856
183 862
183 867
183 875
183 894
183 913
183 922
183 924
183 934
183 938
183 941
183 952
183 966
183 967
184 185
184 186
184 187
184 189
184 196
184 197
184 199
184 200
184 202
184 203
184 204
184 205
184 206
184 207
184 208
184 209
184 210
184 211
184 212
184 213
184 214
184 215
184 217
184 220
184 221
184 222
184 223
184 224
184 225
184 226
184 227
184 228
184 229
184 230
184 231
184 232
184 233
184 234
184 235
184 237
184 238
184 239
184 240
184 245
184 246
184 247
184 248
184 254
184 258
184 276
184 298
184 302
184 306
184 313
184 317
184 320
184 324
184 333
184 334
184 340
184 350
184 357
184 374
184 383
184 395
184 421
184 454
184 460
184 471
184 472
184 473
184 482
184 483
184 530
184 537
184 552
184 554
184 566
184 568
184 582
184 595
184 616
184 626
184 629
184 656
184 664
184 669
184 676
184 684
184 690
184 695
184 720
184 740
184 511
184 761
184 768
184 787
184 790
184 793
184 795
184 803
184 812
184 814
184 815
184 823
184 825
184 833
184 839
184 841
184 845
184 847
184 869
184 879
184 881
184 891
184 896
184 940
184 941
184 948
184 950
184 968
184 969
185 188
185 189
185 190
185 192
185 193
185 194
185 195
185 196
185 197
185 198
185 200
185 201
185 202
185 203
185 207
185 208
185 211
185 213
185 214
185 215
185 218
185 219
185 220
185 221
185 224
185 226
185 227
185 228
185 229
185 230
185 231
185 233
185 234
185 235
185 236
185 239
185 241
185 243
185 244
185 246
185 247
185 249
185 254
185 273
185 284
185 292
185 310
185 312
185 318
185 337
185 340
185 342
185 360
185 367
185 373
185 378
185 384
185 394
185 399
185 412
185 413
185 419
185 424
185 433
185 438
185 450
185 454
185 465
185 466
185 469
185 471
185 487
185 491
185 538
185 556
185 561
185 568
185 581
185 586
185 587
185 593
185 623
185 645
185 668
185 695
185 706
185 715
185 723
185 725
185 734
185 745
185 500
185 508
185 751
185 762
185 810
185 845
185 850
185 853
185 858
185 882
185 893
185 900
185 901
185 902
185 917
185 923
185 927
185 929
185 931
185 944
185 954
185 962
185 979
185 996
186 187
186 189
186 190
186 192
186 193
186 195
186 196
186 197
186 198
186 199
186 200
186 203
186 204
186 205
186 206
186 207
186 211
186 212
186 213
186 214
186 215
186 217
186 219
186 221
186 222
186 223
186 225
186 226
186 227
186 228
186 230
186 232
186 233
186 234
186 235
186 236
186 237
186 238
186 239
186 244
186 246
186 247
186 248
186 268
186 271
186 286
186 288
186 304
186 311
186 321
186 330
186 337
186 344
186 364
186 367
186 369
186 382
186 386
186 388
186 401
186 413
186 464
186 467
186 480
186 483
186 493
186 518
186 523
186 525
186 528
186 543
186 548
186 550
186 561
186 567
186 571
186 584
186 591
186 596
186 620
186 621
186 623
186 626
186 630
186 636
186 641
186 644
186 645
186 652
186 658
186 660
186 671
186 686
186 716
186 769
186 772
186 778
186 783
186 796
186 820
186 825
186 828
186 834
186 839
186 840
186 849
186 854
186 869
186 898
186 904
186 915
186 921
186 927
186 958
187 188
187 189
187 190
187 191
187 192
187 193
187 194
187 195
187 196
187 197
187 199
187 201
187 202
187 203
187 204
187 205
187 206
187 208
187 210
187 211
187 212
187 215
187 220
187 221
187 222
187 224
187 226
187 228
187 234
187 235
187 236
187 237
187 238
187 239
187 240
187 241
187 243
187 244
187 246
187 247
187 248
187 249
187 273
187 287
187 289
187 309
187 313
187 325
187 328
187 336
187 337
187 344
187 350
187 357
187 375
187 378
187 385
187 387
187 390
187 402
187 410
187 425
187 438
187 439
187 443
187 449
187 452
187 471
187 473
187 494
187 496
187 497
187 518
187 529
187 544
187 557
187 572
187 585
187 587
187 604
187 607
187 609
187 668
187 686
187 687
187 695
187 706
187 714
187 730
187 734
187 739
187 742
187 745
187 750
187 753
187 757
187 765
187 775
187 801
187 803
187 805
187 820
187 821
187 826
187 853
187 872
187 874
187 886
187 890
187 897
187 918
187 926
187 942
187 978
187 988
187 991
188 190
188 191
188 192
188 193
188 200
188 201
188 202
188 203
188 205
188 207
188 209
188 210
188 211
188 212
188 214
188 215
188 216
188 217
188 218
188 219
188 220
188 221
188 223
188 225
188 228
188 229
188 230
188 231
188 233
188 235
188 237
188 240
188 241
188 242
188 244
188 245
188 246
188 248
188 254
188 270
188 279
188 284
188 286
188 287
188 295
188 296
188 303
188 305
188 307
188 311
188 312
188 313
188 327
188 331
188 332
188 333
188 335
188 346
188 347
188 350
188 369
188 374
188 380
188 383
188 387
188 394
188 415
188 426
188 430
188 489
188 494
188 518
188 527
188 534
188 545
188 567
188 569
188 588
188 589
188 605
188 621
188 624
188 631
188 654
188 657
188 674
188 683
188 698
188 712
188 746
188 749
188 755
188 762
188 788
188 799
188 805
188 807
188 810
188 816
188 819
188 821
188 830
188 837
188 838
188 852
188 855
188 871
188 883
188 893
188 918
188 928
188 939
188 941
188 947
188 963
188 985
189 191
189 192
189 195
189 196
189 197
189 198
189 199
189 200
189 201
189 202
189 203
189 205
189 208
189 209
189 210
189 211
189 213
189 214
189 215
189 218
189 220
189 224
189 225
189 226
189 227
189 228
189 229
189 231
189 236
189 237
189 241
189 243
189 244
189 245
189 246
189 247
189 248
189 252
189 253
189 257
189 270
189 271
189 289
189 299
189 302
189 332
189 353
189 354
189 363
189 372
189 379
189 389
189 396
189 397
189 405
189 406
189 408
189 414
189 418
189 422
189 444
189 453
189 456
189 467
189 476
189 479
189 491
189 492
189 527
189 528
189 529
189 535
189 536
189 538
189 539
189 581
189 583
189 590
189 599
189 603
189 625
189 628
189 635
189 647
189 651
189 665
189 674
189 685
189 687
189 695
189 702
189 725
189 745
189 758
189 763
189 791
189 795
189 801
189 804
189 811
189 820
189 833
189 834
189 860
189 861
189 874
189 914
189 916
189 922
189 923
189 932
189 933
189 941
189 946
189 962
189 969
189 971
190 191
190 194
190 195
190 196
190 197
190 198
190 201
190 202
190 203
190 204
190 205
190 206
190 207
190 208
190 209
190 211
190 212
190 213
190 216
190 217
190 218
190 219
190 220
190 222
190 224
190 225
190 227
190 229
190 230
190 233
190 234
190 238
190 240
190 243
190 244
190 245
190 246
190 247
190 248
190 250
190 256
190 261
190 297
190 309
190 316
190 321
190 328
190 332
190 340
190 359
190 361
190 363
190 371
190 390
190 401
190 415
190 440
190 445
190 446
190 452
190 463
190 475
190 484
190 486
190 517
190 526
190 548
190 554
190 556
190 557
190 559
190 561
190 562
190 563
190 564
190 565
190 585
190 596
190 597
190 604
190 606
190 614
190 639
190 647
190 695
190 704
190 713
190 718
190 731
190 732
190 734
190 506
190 750
190 751
190 765
190 773
190 780
190 812
190 821
190 839
190 874
190 877
190 881
190 883
190 892
190 940
190 945
190 957
190 962
190 964
190 974
190 976
190 995
190 997
191 192
191 193
191 195
191 197
191 199
191 203
191 205
191 207
191 208
191 209
191 211
191 212
191 213
191 214
191 217
191 218
191 221
191 222
191 223
191 225
191 226
191 232
191 233
191 234
191 235
191 236
191 238
191 240
191 241
191 242
191 244
191 245
191 246
191 248
191 249
191 256
191 265
191 267
191 277
191 285
191 287
191 305
191 310
191 314
191 322
191 359
191 363
191 385
191 389
191 393
191 426
191 428
191 437
191 463
191 476
191 480
191 482
191 490
191 514
191 528
191 530
191 532
191 541
191 547
191 563
191 571
191 572
191 583
191 594
191 602
191 612
191 618
191 624
191 628
191 632
191 634
191 649
191 651
191 661
191 670
191 671
191 704
191 708
191 709
191 714
191 718
191 721
191 505
191 750
191 753
191 768
191 779
191 788
191 793
191 795
191 803
191 831
191 832
191 842
191 843
191 848
191 850
191 852
191 857
191 861
191 870
191 877
191 879
191 894
191 897
191 903
191 904
191 910
191 911
191 923
191 936
191 944
191 946
191 948
191 979
191 995
191 997
192 193
192 195
192 196
192 197
192 198
192 200
192 201
192 202
192 203
192 205
192 207
192 208
192 210
192 211
192 212
192 214
192 215
192 217
192 218
192 220
192 221
192 222
192 223
192 224
192 225
192 226
192 227
192 228
192 230
192 231
192 232
192 234
192 235
192 236
192 237
192 239
192 241
192 243
192 244
192 245
192 246
192 248
192 249
192 263
192 283
192 286
192 290
192 292
192 296
192 306
192 314
192 315
192 327
192 379
192 393
192 398
192 411
192 416
192 421
192 425
192 434
192 440
192 455
192 470
192 488
192 489
192 492
192 493
192 518
192 522
192 524
192 534
192 539
192 566
192 574
192 579
192 604
192 609
192 612
192 617
192 618
192 622
192 627
192 642
192 657
192 662
192 669
192 676
192 687
192 692
192 717
192 740
192 745
192 500
192 501
192 771
192 774
192 777
192 780
192 781
192 784
192 822
192 842
192 861
192 870
192 873
192 880
192 881
192 884
192 896
192 910
192 915
192 932
192 954
192 956
192 962
192 982
192 987
192 990
193 194
193 195
193 196
193 197
193 198
193 199
193 200
193 201
193 202
193 206
193 208
193 209
193 210
193 213
193 214
193 216
193 217
193 219
193 220
193 223
193 224
193 225
193 226
193 227
193 228
193 230
193 231
193 232
193 233
193 234
193 235
193 236
193 237
193 239
193 240
193 241
193 242
193 244
193 245
193 246
193 248
193 249
193 251
193 255
193 265
193 267
193 281
193 282
193 315
193 326
193 341
193 362
193 372
193 375
193 377
193 380
193 381
193 387
193 399
193 410
193 420
193 429
193 440
193 474
193 512
193 516
193 518
193 532
193 535
193 538
193 561
193 581
193 584
193 588
193 594
193 595
193 596
193 635
193 652
193 655
193 662
193 673
193 677
193 686
193 714
193 716
193 717
193 502
193 503
193 509
193 760
193 767
193 783
193 788
193 794
193 797
193 798
193 801
193 848
193 849
193 855
193 878
193 891
193 892
193 906
193 912
193 915
193 957
193 969
193 984
194 195
194 196
194 198
194 199
194 200
194 201
194 202
194 203
194 204
194 205
194 206
194 208
194 209
194 211
194 212
194 213
194 214
194 216
194 218
194 219
194 222
194 224
194 225
194 226
194 227
194 229
194 230
194 232
194 233
194 234
194 235
194 236
194 240
194 242
194 243
194 245
194 248
194 249
194 267
194 270
194 274
194 275
194 321
194 322
194 340
194 341
194 373
194 382
194 389
194 392
194 404
194 424
194 440
194 441
194 447
194 449
194 450
194 456
194 464
194 481
194 482
194 488
194 493
194 495
194 519
194 543
194 550
194 563
194 579
194 581
194 597
194 611
194 619
194 646
194 647
194 654
194 662
194 667
194 670
194 671
194 683
194 702
194 703
194 716
194 720
194 728
194 747
194 500
194 507
194 750
194 752
194 759
194 772
194 790
194 800
194 811
194 812
194 813
194 822
194 825
194 858
194 862
194 873
194 879
194 912
194 916
194 917
194 923
194 933
194 935
194 938
194 944
194 955
194 957
194 959
194 987
195 196
195 197
195 198
195 200
195 204
195 205
195 206
195 207
195 208
195 211
195 212
195 214
195 215
195 219
195 222
195 223
195 224
195 226
195 227
195 228
195 229
195 233
195 235
195 236
195 237
195 239
195 240
195 241
195 244
195 245
195 247
195 248
195 249
195 259
195 267
195 299
195 304
195 315
195 326
195 336
195 343
195 346
195 352
195 355
195 359
195 369
195 371
195 387
195 389
195 403
195 414
195 440
195 441
195 449
195 465
195 468
195 482
195 484
195 491
195 519
195 556
195 565
195 572
195 592
195 597
195 616
195 623
195 626
195 633
195 669
195 673
195 678
195 684
195 695
195 704
195 721
195 725
195 506
195 760
195 771
195 786
195 792
195 796
195 799
195 810
195 816
195 822
195 851
195 858
195 863
195 864
195 867
195 872
195 876
195 898
195 911
195 918
195 925
195 928
195 939
195 942
195 947
195 950
195 971
195 983
195 992
196 197
196 198
196 199
196 201
196 202
196 203
196 204
196 206
196 207
196 208
196 209
196 210
196 211
196 212
196 215
196 217
196 219
196 220
196 221
196 222
196 223
196 225
196 226
196 228
196 229
196 230
196 231
196 232
196 233
196 234
196 235
196 236
196 237
196 239
196 240
196 241
196 242
196 244
196 245
196 247
196 248
196 249
196 279
196 305
196 306
196 315
196 333
196 349
196 362
196 365
196 374
196 378
196 403
196 422
196 426
196 427
196 430
196 444
196 446
196 466
196 470
196 483
196 485
196 493
196 496
196 518
196 531
196 534
196 544
196 552
196 553
196 568
196 570
196 586
196 593
196 613
196 616
196 618
196 619
196 628
196 637
196 650
196 663
196 685
196 693
196 695
196 709
196 710
196 718
196 729
196 746
196 749
196 511
196 765
196 770
196 775
196 789
196 797
196 829
196 831
196 840
196 850
196 852
196 853
196 862
196 868
196 878
196 880
196 892
196 903
196 906
196 911
196 920
196 927
196 930
196 939
196 949
196 954
196 964
196 969
196 986
197 198
197 200
197 201
197 202
197 203
197 205
197 206
197 207
197 209
197 210
197 211
197 212
197 214
197 215
197 216
197 217
197 218
197 219
197 221
197 222
197 224
197 225
197 226
197 228
197 229
197 231
197 232
197 233
197 235
197 236
197 237
197 238
197 239
197 241
197 242
197 243
197 245
197 246
197 247
197 248
197 249
197 253
197 254
197 312
197 325
197 329
197 346
197 350
197 375
197 381
197 394
197 397
197 403
197 405
197 409
197 423
197 426
197 427
197 433
197 436
197 438
197 442
197 445
197 466
197 485
197 494
197 513
197 522
197 525
197 526
197 547
197 552
197 578
197 588
197 596
197 610
197 614
197 633
197 639
197 650
197 655
197 689
197 694
197 705
197 710
197 720
197 722
197 735
197 746
197 503
197 751
197 764
197 767
197 787
197 789
197 795
197 797
197 814
197 824
197 825
197 832
197 844
197 849
197 856
197 865
197 877
197 879
197 885
197 899
197 914
197 925
197 926
197 930
197 933
197 949
197 953
197 977
197 993
197 997
198 199
198 200
198 202
198 204
198 205
198 206
198 208
198 210
198 211
198 212
198 213
198 214
198 215
198 216
198 217
198 218
198 220
198 221
198 222
198 225
198 229
198 230
198 232
198 233
198 234
198 235
198 236
198 237
198 239
198 240
198 242
198 246
198 247
198 249
198 265
198 268
198 273
198 319
198 360
198 362
198 373
198 379
198 384
198 386
198 397
198 402
198 403
198 434
198 455
198 495
198 533
198 542
198 554
198 562
198 574
198 589
198 593
198 614
198 622
198 652
198 658
198 672
198 682
198 694
198 711
198 712
198 715
198 716
198 726
198 738
198 739
198 742
198 748
198 508
198 763
198 771
198 773
198 774
198 776
198 794
198 801
198 809
198 821
198 829
198 831
198 834
198 842
198 845
198 860
198 865
198 868
198 889
198 892
198 917
198 921
198 923
198 929
198 931
198 942
198 948
198 952
198 959
198 960
198 962
198 966
198 987
198 992
198 995
198 999
199 201
199 203
199 204
199 205
199 206
199 207
199 208
199 209
199 210
199 211
199 218
199 221
199 224
199 225
199 226
199 227
199 228
199 229
199 230
199 231
199 233
199 234
199 235
199 236
199 237
199 238
199 241
199 242
199 243
199 245
199 246
199 248
199 249
199 260
199 264
199 299
199 300
199 306
199 309
199 313
199 315
199 326
199 327
199 331
199 342
199 347
199 351
199 355
199 357
199 362
199 394
199 411
199 433
199 447
199 473
199 482
199 491
199 548
199 564
199 574
199 588
199 610
199 619
199 621
199 633
199 655
199 668
199 690
199 693
199 698
199 731
199 503
199 507
199 753
199 765
199 772
199 784
199 797
199 799
199 815
199 823
199 829
199 838
199 841
199 852
199 863
199 870
199 876
199 878
199 888
199 895
199 909
199 921
199 940
199 960
199 967
199 972
199 985
199 997
200 201
200 202
200 203
200 204
200 205
200 206
200 207
200 214
200 215
200 216
200 217
200 219
200 220
200 221
200 222
200 223
200 224
200 225
200 226
200 227
200 228
200 229
200 230
200 231
200 232
200 233
200 235
200 236
200 237
200 238
200 239
200 241
200 243
200 244
200 245
200 246
200 247
200 249
200 253
200 290
200 309
200 314
200 332
200 333
200 345
200 354
200 362
200 371
200 384
200 391
200 410
200 414
200 418
200 424
200 426
200 435
200 453
200 461
200 464
200 469
200 471
200 474
200 487
200 488
200 492
200 497
200 499
200 515
200 530
200 535
200 539
200 564
200 581
200 587
200 589
200 603
200 606
200 613
200 626
200 627
200 631
200 635
200 655
200 663
200 682
200 690
200 697
200 719
200 730
200 735
200 736
200 502
200 504
200 753
200 754
200 774
200 796
200 797
200 804
200 812
200 824
200 838
200 864
200 873
200 876
200 880
200 909
200 911
200 915
200 929
200 930
200 942
200 953
200 954
200 961
200 962
200 964
201 202
201 203
201 208
201 210
201 211
201 212
201 213
201 214
201 215
201 216
201 218
201 219
201 220
201 221
201 223
201 224
201 225
201 226
201 227
201 228
201 230
201 232
201 234
201 235
201 236
201 237
201 238
201 239
201 240
201 241
201 242
201 243
201 245
201 246
201 248
201 249
201 258
201 260
201 279
201 293
201 318
201 320
201 323
201 333
201 334
201 344
201 348
201 350
201 353
201 362
201 369
201 371
201 378
201 401
201 437
201 438
201 443
201 445
201 457
201 458
201 464
201 467
201 479
201 556
201 561
201 565
201 578
201 585
201 586
201 600
201 601
201 661
201 677
201 680
201 681
201 684
201 689
201 707
201 713
201 743
201 502
201 504
201 509
201 752
201 754
201 764
201 787
201 795
201 799
201 809
201 810
201 811
201 821
201 829
201 845
201 854
201 855
201 868
201 872
201 895
201 908
201 913
201 920
201 960
202 203
202 206
202 208
202 210
202 211
202 214
202 216
202 218
202 219
202 221
202 222
202 223
202 226
202 227
202 229
202 230
202 231
202 232
202 233
202 234
202 235
202 236
202 237
202 238
202 239
202 242
202 244
202 245
202 246
202 247
202 248
202 251
202 264
202 295
202 305
202 307
202 311
202 317
202 328
202 331
202 351
202 371
202 386
202 394
202 413
202 426
202 430
202 431
202 432
202 442
202 465
202 481
202 512
202 523
202 526
202 559
202 563
202 577
202 586
202 597
202 599
202 604
202 610
202 611
202 618
202 619
202 633
202 635
202 646
202 663
202 672
202 673
202 679
202 689
202 695
202 699
202 720
202 727
202 733
202 759
202 780
202 790
202 795
202 799
202 811
202 822
202 834
202 844
202 857
202 859
202 864
202 875
202 878
202 884
202 886
202 896
202 928
202 930
202 947
202 956
202 960
202 962
202 969
202 975
202 989
202 996
202 998
203 204
203 205
203 206
203 208
203 209
203 210
203 212
203 213
203 215
203 217
203 218
203 220
203 221
203 222
203 224
203 225
203 226
203 227
203 229
203 230
203 231
203 232
203 235
203 236
203 237
203 239
203 240
203 244
203 245
203 247
203 248
203 253
203 268
203 270
203 280
203 282
203 285
203 292
203 303
203 312
203 319
203 360
203 371
203 378
203 384
203 396
203 397
203 404
203 414
203 419
203 420
203 422
203 426
203 434
203 441
203 447
203 448
203 468
203 485
203 493
203 524
203 528
203 622
203 633
203 649
203 655
203 661
203 670
203 677
203 684
203 702
203 706
203 708
203 726
203 727
203 728
203 758
203 764
203 771
203 773
203 777
203 778
203 783
203 819
203 824
203 857
203 858
203 861
203 865
203 875
203 889
203 944
203 981
204 206
204 207
204 208
204 210
204 212
204 214
204 215
204 216
204 217
204 219
204 220
204 222
204 223
204 224
204 228
204 229
204 230
204 233
204 234
204 235
204 237
204 238
204 241
204 242
204 243
204 244
204 245
204 246
204 248
204 249
204 253
204 263
204 279
204 289
204 290
204 299
204 318
204 326
204 330
204 349
204 358
204 372
204 375
204 383
204 397
204 410
204 416
204 421
204 426
204 429
204 440
204 451
204 452
204 454
204 456
204 459
204 492
204 493
204 496
204 498
204 522
204 548
204 549
204 555
204 557
204 566
204 569
204 570
204 586
204 590
204 598
204 599
204 608
204 629
204 642
204 653
204 654
204 680
204 686
204 692
204 700
204 702
204 706
204 726
204 729
204 734
204 502
204 504
204 509
204 511
204 779
204 783
204 796
204 800
204 820
204 825
204 854
204 878
204 885
204 899
204 927
204 944
204 949
204 959
204 963
204 982
204 983
205 206
205 208
205 210
205 214
205 215
205 217
205 218
205 219
205 220
205 221
205 222
205 223
205 224
205 225
205 226
205 227
205 228
205 229
205 231
205 233
205 235
205 236
205 237
205 238
205 239
205 240
205 241
205 242
205 243
205 244
205 245
205 246
205 247
205 248
205 249
205 250
205 252
205 291
205 293
205 300
205 304
205 339
205 359
205 371
205 373
205 412
205 415
205 419
205 425
205 438
205 453
205 463
205 478
205 512
205 516
205 525
205 536
205 539
205 553
205 559
205 563
205 572
205 578
205 581
205 586
205 592
205 597
205 610
205 621
205 626
205 654
205 673
205 676
205 690
205 704
205 714
205 721
205 732
205 734
205 503
205 510
205 750
205 765
205 772
205 774
205 779
205 790
205 803
205 818
205 819
205 829
205 859
205 865
205 878
205 892
205 907
205 909
205 927
205 930
205 934
205 944
205 950
205 978
205 981
205 984
205 986
205 987
205 993
205 995
205 998
206 207
206 208
206 211
206 212
206 213
206 214
206 216
206 217
206 218
206 219
206 223
206 225
206 226
206 227
206 229
206 231
206 232
206 234
206 235
206 237
206 239
206 240
206 241
206 242
206 244
206 245
206 246
206 247
206 248
206 249
206 251
206 253
206 258
206 262
206 267
206 301
206 316
206 317
206 320
206 340
206 347
206 349
206 352
206 353
206 355
206 360
206 362
206 371
206 378
206 381
206 389
206 394
206 413
206 442
206 443
206 468
206 470
206 482
206 488
206 495
206 525
206 534
206 549
206 556
206 561
206 563
206 587
206 592
206 602
206 603
206 609
206 619
206 657
206 662
206 668
206 692
206 696
206 701
206 704
206 705
206 707
206 709
206 710
206 722
206 731
206 737
206 742
206 510
206 750
206 773
206 777
206 788
206 793
206 801
206 820
206 847
206 857
206 884
206 919
206 925
206 929
206 947
206 960
207 208
207 209
207 211
207 212
207 216
207 217
207 218
207 219
207 221
207 222
207 223
207 224
207 225
207 226
207 227
207 229
207 230
207 234
207 235
207 236
207 237
207 238
207 239
207 241
207 242
207 244
207 245
207 247
207 248
207 249
207 259
207 267
207 273
207 282
207 285
207 290
207 298
207 302
207 305
207 308
207 313
207 329
207 330
207 331
207 350
207 361
207 366
207 367
207 387
207 400
207 410
207 413
207 421
207 424
207 432
207 446
207 454
207 465
207 483
207 541
207 549
207 552
207 559
207 563
207 567
207 580
207 582
207 583
207 607
207 633
207 634
207 635
207 643
207 661
207 674
207 677
207 689
207 692
207 705
207 718
207 720
207 726
207 743
207 510
207 511
207 753
207 764
207 777
207 781
207 802
207 804
207 816
207 819
207 824
207 826
207 830
207 838
207 847
207 851
207 852
207 853
207 871
207 881
207 893
207 895
207 904
207 935
207 955
207 958
207 964
207 981
207 997
208 210
208 211
208 213
208 214
208 215
208 216
208 217
208 221
208 222
208 223
208 224
208 226
208 227
208 228
208 229
208 230
208 233
208 234
208 236
208 238
208 241
208 244
208 245
208 246
208 249
208 255
208 258
208 265
208 276
208 299
208 300
208 313
208 325
208 326
208 341
208 351
208 358
208 364
208 373
208 376
208 383
208 385
208 387
208 404
208 407
208 410
208 413
208 425
208 436
208 440
208 444
208 450
208 456
208 466
208 473
208 478
208 486
208 494
208 496
208 518
208 527
208 530
208 532
208 533
208 540
208 556
208 593
208 621
208 626
208 663
208 671
208 708
208 714
208 721
208 723
208 724
208 728
208 729
208 737
208 741
208 745
208 500
208 511
208 760
208 770
208 778
208 779
208 795
208 800
208 811
208 817
208 827
208 828
208 834
208 852
208 879
208 886
208 888
208 899
208 904
208 909
208 917
208 926
208 937
208 955
208 957
208 959
208 963
208 968
208 979
208 987
208 993
209 211
209 212
209 215
209 216
209 218
209 219
209 220
209 221
209 223
209 225
209 226
209 229
209 231
209 232
209 233
209 234
209 235
209 236
209 238
209 239
209 241
209 243
209 244
209 245
209 246
209 248
209 249
209 252
209 253
209 255
209 259
209 276
209 287
209 307
209 312
209 330
209 331
209 342
209 351
209 353
209 357
209 361
209 369
209 370
209 379
209 380
209 385
209 392
209 395
209 402
209 405
209 412
209 420
209 424
209 427
209 452
209 467
209 473
209 478
209 490
209 495
209 496
209 512
209 513
209 516
209 518
209 527
209 563
209 567
209 580
209 582
209 586
209 649
209 660
209 665
209 686
209 689
209 699
209 717
209 721
209 733
209 738
209 742
209 745
209 749
209 752
209 761
209 772
209 780
209 795
209 798
209 823
209 843
209 869
209 884
209 887
209 891
209 898
209 908
209 923
209 926
209 929
209 946
209 958
209 961
209 976
209 979
209 991
209 994
210 212
210 213
210 214
210 215
210 216
210 217
210 219
210 220
210 222
210 223
210 224
210 225
210 226
210 227
210 228
210 229
210 230
210 232
210 233
210 234
210 236
210 237
210 238
210 241
210 243
210 244
210 245
210 246
210 247
210 248
210 249
210 252
210 256
210 282
210 286
210 297
210 305
210 319
210 324
210 325
210 354
210 359
210 367
210 374
210 380
210 399
210 403
210 410
210 413
210 423
210 425
210 437
210 438
210 439
210 441
210 445
210 451
210 455
210 461
210 466
210 468
210 471
210 550
210 551
210 562
210 568
210 599
210 601
210 609
210 628
210 632
210 635
210 664
210 665
210 668
210 676
210 683
210 701
210 713
210 720
210 732
210 742
210 743
210 744
210 745
210 502
210 755
210 758
210 770
210 777
210 781
210 795
210 804
210 811
210 827
210 831
210 841
210 851
210 863
210 895
210 897
210 898
210 902
210 903
210 914
210 915
210 925
210 932
210 936
210 948
210 958
210 959
210 996
210 999
211 212
211 213
211 214
211 216
211 217
211 219
211 220
211 221
211 222
211 223
211 225
211 227
211 229
211 232
211 233
211 234
211 237
211 239
211 240
211 241
211 242
211 243
211 245
211 246
211 247
211 249
211 258
211 264
211 269
211 305
211 339
211 342
211 359
211 361
211 365
211 370
211 379
211 390
211 401
211 412
211 423
211 437
211 443
211 446
211 476
211 480
211 488
211 493
211 496
211 497
211 513
211 533
211 539
211 573
211 578
211 580
211 584
211 616
211 620
211 629
211 642
211 650
211 655
211 659
211 666
211 668
211 670
211 690
211 694
211 712
211 502
211 505
211 511
211 750
211 754
211 759
211 762
211 765
211 783
211 786
211 794
211 795
211 803
211 814
211 816
211 855
211 885
211 886
211 917
211 932
211 970
211 987
212 213
212 214
212 216
212 217
212 219
212 220
212 222
212 227
212 230
212 231
212 232
212 234
212 235
212 237
212 238
212 239
212 240
212 241
212 242
212 244
212 245
212 246
212 247
212 248
212 249
212 288
212 295
212 357
212 370
212 371
212 378
212 385
212 402
212 420
212 437
212 439
212 441
212 453
212 454
212 458
212 459
212 468
212 472
212 492
212 513
212 521
212 536
212 539
212 547
212 553
212 558
212 574
212 581
212 588
212 599
212 607
212 611
212 622
212 633
212 642
212 653
212 663
212 669
212 705
212 706
212 709
212 722
212 723
212 731
212 748
212 507
212 509
212 759
212 778
212 784
212 785
212 807
212 830
212 832
212 837
212 852
212 868
212 874
212 875
212 897
212 898
212 899
212 908
212 922
212 942
212 945
212 948
212 969
212 982
212 998
213 214
213 215
213 216
213 217
213 218
213 219
213 223
213 224
213 225
213 227
213 229
213 230
213 232
213 233
213 234
213 235
213 236
213 237
213 239
213 240
213 244
213 246
213 247
213 248
213 249
213 254
213 261
213 263
213 264
213 275
213 283
213 289
213 307
213 318
213 335
213 350
213 351
213 367
213 368
213 379
213 380
213 388
213 392
213 396
213 403
213 418
213 419
213 422
213 442
213 445
213 448
213 454
213 461
213 490
213 494
213 516
213 537
213 567
213 595
213 606
213 619
213 624
213 635
213 649
213 661
213 666
213 676
213 682
213 687
213 688
213 700
213 708
213 720
213 741
213 745
213 505
213 756
213 767
213 799
213 810
213 812
213 821
213 827
213 835
213 841
213 844
213 847
213 848
213 852
213 857
213 860
213 882
213 899
213 905
213 921
213 922
213 926
213 935
213 946
213 949
213 958
213 962
213 977
213 981
213 983
213 989
214 216
214 217
214 218
214 220
214 221
214 222
214 224
214 226
214 229
214 234
214 235
214 236
214 237
214 238
214 239
214 241
214 244
214 245
214 247
214 248
214 249
214 289
214 293
214 299
214 304
214 317
214 325
214 333
214 338
214 342
214 359
214 366
214 367
214 376
214 377
214 378
214 383
214 390
214 403
214 412
214 414
214 415
214 420
214 427
214 431
214 439
214 442
214 444
214 447
214 455
214 458
214 475
214 478
214 488
214 497
214 516
214 519
214 534
214 550
214 581
214 586
214 597
214 619
214 645
214 667
214 676
214 697
214 703
214 711
214 713
214 718
214 729
214 735
214 503
214 509
214 510
214 755
214 787
214 789
214 800
214 824
214 832
214 849
214 853
214 875
214 887
214 898
214 906
214 907
214 913
214 921
214 926
214 944
214 954
214 956
214 958
214 969
214 981
214 982
214 988
215 217
215 218
215 219
215 220
215 221
215 222
215 223
215 224
215 226
215 227
215 228
215 229
215 230
215 231
215 232
215 234
215 235
215 236
215 237
215 239
215 241
215 242
215 243
215 244
215 245
215 246
215 247
215 249
215 251
215 265
215 266
215 295
215 313
215 316
215 326
215 327
215 328
215 338
215 357
215 367
215 373
215 377
215 379
215 386
215 397
215 441
215 442
215 445
215 448
215 452
215 469
215 473
215 478
215 490
215 498
215 514
215 528
215 529
215 547
215 572
215 576
215 584
215 585
215 593
215 617
215 624
215 626
215 630
215 640
215 644
215 652
215 653
215 669
215 698
215 711
215 716
215 779
215 784
215 789
215 797
215 802
215 827
215 831
215 873
215 877
215 885
215 886
215 887
215 893
215 898
215 913
215 920
215 942
215 948
215 953
215 955
215 960
215 972
215 973
215 974
215 982
215 991
216 218
216 220
216 221
216 222
216 223
216 224
216 226
216 227
216 228
216 229
216 230
216 231
216 233
216 236
216 237
216 238
216 241
216 242
216 244
216 248
216 249
216 258
216 259
216 268
216 272
216 273
216 290
216 300
216 313
216 317
216 320
216 336
216 345
216 346
216 368
216 374
216 391
216 392
216 400
216 409
216 421
216 436
216 438
216 469
216 480
216 485
216 487
216 496
216 497
216 523
216 528
216 539
216 557
216 579
216 592
216 596
216 602
216 615
216 629
216 634
216 635
216 647
216 654
216 658
216 665
216 671
216 675
216 684
216 693
216 696
216 700
216 707
216 714
216 722
216 734
216 738
216 745
216 758
216 759
216 783
216 787
216 832
216 851
216 874
216 885
216 892
216 893
216 900
216 909
216 924
216 925
216 933
216 944
216 960
216 962
216 995
217 219
217 220
217 221
217 222
217 223
217 224
217 225
217 226
217 227
217 228
217 229
217 230
217 233
217 234
217 235
217 236
217 238
217 239
217 241
217 242
217 243
217 244
217 248
217 262
217 301
217 306
217 322
217 341
217 342
217 345
217 373
217 377
217 386
217 414
217 421
217 423
217 424
217 427
217 429
217 457
217 469
217 470
217 492
217 523
217 535
217 559
217 564
217 569
217 587
217 613
217 617
217 619
217 622
217 627
217 662
217 673
217 677
217 697
217 706
217 716
217 720
217 727
217 504
217 505
217 506
217 752
217 754
217 759
217 768
217 776
217 784
217 786
217 792
217 794
217 796
217 809
217 835
217 845
217 846
217 873
217 877
217 886
217 888
217 891
217 903
217 908
217 910
217 925
217 930
217 939
217 949
217 952
217 955
217 980
217 991
217 999
218 219
218 220
218 221
218 222
218 223
218 225
218 227
218 228
218 230
218 232
218 233
218 234
218 235
218 236
218 238
218 239
218 240
218 241
218 243
218 245
218 246
218 248
218 258
218 263
218 266
218 268
218 284
218 285
218 288
218 291
218 292
218 297
218 302
218 312
218 330
218 331
218 333
218 336
218 341
218 347
218 353
218 361
218 369
218 396
218 406
218 413
218 419
218 422
218 430
218 431
218 435
218 436
218 446
218 449
218 450
218 461
218 465
218 482
218 484
218 492
218 512
218 513
218 514
218 519
218 525
218 526
218 534
218 540
218 550
218 552
218 575
218 592
218 599
218 614
218 621
218 635
218 637
218 659
218 666
218 670
218 681
218 682
218 704
218 707
218 710
218 711
218 722
218 726
218 742
218 744
218 748
218 775
218 805
218 821
218 849
218 853
218 872
218 883
218 892
218 898
218 903
218 904
218 907
218 913
218 918
218 923
218 924
218 926
218 938
218 951
218 969
218 991
218 997
219 220
219 222
219 223
219 224
219 226
219 227
219 228
219 229
219 231
219 232
219 234
219 235
219 236
219 237
219 238
219 240
219 241
219 242
219 243
219 244
219 245
219 246
219 247
219 248
219 249
219 271
219 291
219 305
219 308
219 310
219 325
219 345
219 352
219 368
219 370
219 379
219 397
219 411
219 414
219 416
219 428
219 438
219 445
219 449
219 452
219 453
219 460
219 477
219 482
219 492
219 496
219 526
219 529
219 541
219 552
219 559
219 560
219 563
219 564
219 566
219 574
219 577
219 588
219 589
219 601
219 621
219 623
219 639
219 646
219 674
219 690
219 698
219 703
219 704
219 724
219 727
219 507
219 750
219 767
219 789
219 800
219 802
219 803
219 811
219 820
219 825
219 828
219 831
219 833
219 855
219 885
219 898
219 903
219 905
219 909
219 913
219 918
219 939
219 959
219 960
219 963
219 975
219 985
220 221
220 222
220 225
220 226
220 227
220 228
220 230
220 232
220 233
220 234
220 236
220 237
220 238
220 239
220 240
220 241
220 242
220 243
220 244
220 245
220 246
220 247
220 249
220 256
220 265
220 289
220 297
220 298
220 308
220 314
220 332
220 347
220 357
220 359
220 363
220 374
220 381
220 416
220 417
220 425
220 474
220 478
220 481
220 487
220 489
220 517
220 520
220 522
220 531
220 533
220 546
220 561
220 565
220 624
220 629
220 630
220 633
220 634
220 649
220 653
220 662
220 687
220 696
220 713
220 716
220 720
220 727
220 729
220 740
220 762
220 773
220 777
220 781
220 785
220 792
220 805
220 823
220 828
220 837
220 852
220 861
220 886
220 903
220 906
220 918
220 937
220 941
220 945
220 949
220 952
220 969
220 980
220 985
220 989
221 222
221 223
221 224
221 226
221 227
221 229
221 230
221 231
221 234
221 235
221 236
221 237
221 238
221 240
221 242
221 243
221 244
221 246
221 248
221 256
221 257
221 260
221 270
221 289
221 291
221 298
221 305
221 315
221 317
221 327
221 328
221 333
221 345
221 346
221 355
221 359
221 361
221 368
221 377
221 381
221 392
221 400
221 418
221 425
221 447
221 491
221 492
221 493
221 494
221 498
221 513
221 517
221 519
221 532
221 537
221 541
221 542
221 544
221 567
221 587
221 603
221 613
221 620
221 650
221 653
221 656
221 668
221 678
221 687
221 692
221 695
221 697
221 698
221 709
221 714
221 732
221 749
221 781
221 793
221 807
221 813
221 837
221 849
221 854
221 873
221 877
221 878
221 882
221 884
221 887
221 896
221 901
221 904
221 920
221 923
221 924
221 932
221 934
221 972
221 995
222 223
222 224
222 229
222 230
222 233
222 234
222 237
222 238
222 239
222 240
222 242
222 243
222 244
222 245
222 247
222 249
222 277
222 283
222 284
222 291
222 300
222 312
222 313
222 323
222 358
222 362
222 368
222 373
222 384
222 428
222 490
222 491
222 497
222 531
222 542
222 546
222 556
222 558
222 572
222 575
222 577
222 578
222 579
222 584
222 636
222 646
222 653
222 658
222 666
222 668
222 686
222 699
222 706
222 738
222 748
222 504
222 505
222 506
222 750
222 772
222 790
222 793
222 796
222 805
222 806
222 808
222 811
222 817
222 822
222 829
222 847
222 852
222 854
222 860
222 900
222 908
222 922
222 924
222 946
222 948
222 959
222 984
222 992
222 997
223 225
223 226
223 227
223 228
223 229
223 232
223 233
223 235
223 236
223 237
223 238
223 239
223 240
223 241
223 242
223 246
223 247
223 248
223 249
223 251
223 260
223 265
223 268
223 281
223 288
223 313
223 328
223 335
223 338
223 344
223 353
223 369
223 379
223 384
223 393
223 404
223 405
223 419
223 421
223 429
223 432
223 441
223 455
223 456
223 462
223 464
223 482
223 484
223 488
223 489
223 521
223 532
223 533
223 542
223 549
223 555
223 582
223 585
223 591
223 593
223 598
223 601
223 613
223 616
223 622
223 653
223 655
223 659
223 666
223 667
223 669
223 671
223 672
223 727
223 732
223 735
223 505
223 510
223 761
223 769
223 788
223 790
223 792
223 806
223 811
223 872
223 881
223 893
223 898
223 906
223 913
223 924
223 932
223 935
223 951
223 975
223 994
223 998
224 226
224 227
224 228
224 230
224 231
224 232
224 233
224 235
224 236
224 240
224 242
224 245
224 246
224 249
224 256
224 277
224 278
224 289
224 306
224 313
224 328
224 330
224 337
224 349
224 361
224 372
224 390
224 395
224 441
224 442
224 495
224 576
224 580
224 624
224 638
224 640
224 650
224 672
224 675
224 715
224 724
224 726
224 737
224 748
224 503
224 508
224 509
224 759
224 773
224 809
224 825
224 827
224 838
224 848
224 849
224 858
224 866
224 880
224 881
224 897
224 898
224 924
224 946
224 969
224 978
224 993
225 226
225 228
225 229
225 230
225 232
225 234
225 235
225 237
225 239
225 240
225 241
225 242
225 244
225 245
225 247
225 248
225 249
225 253
225 256
225 291
225 299
225 300
225 306
225 324
225 349
225 359
225 365
225 373
225 374
225 383
225 423
225 429
225 432
225 443
225 464
225 470
225 478
225 490
225 491
225 540
225 549
225 555
225 564
225 569
225 571
225 574
225 578
225 596
225 613
225 630
225 644
225 683
225 692
225 696
225 702
225 704
225 706
225 708
225 716
225 718
225 721
225 735
225 738
225 749
225 755
225 761
225 764
225 776
225 795
225 800
225 816
225 826
225 828
225 867
225 869
225 874
225 875
225 880
225 885
225 897
225 903
225 917
225 927
225 937
225 948
225 950
225 954
225 962
225 986
225 995
226 229
226 231
226 232
226 234
226 235
226 236
226 237
226 238
226 240
226 241
226 242
226 243
226 244
226 245
226 248
226 255
226 263
226 279
226 287
226 294
226 304
226 312
226 324
226 327
226 331
226 342
226 347
226 357
226 378
226 399
226 404
226 410
226 411
226 424
226 427
226 432
226 441
226 442
226 456
226 462
226 479
226 486
226 494
226 524
226 528
226 531
226 533
226 534
226 553
226 582
226 584
226 590
226 612
226 614
226 629
226 635
226 639
226 640
226 643
226 656
226 660
226 680
226 692
226 703
226 722
226 735
226 740
226 507
226 754
226 755
226 771
226 795
226 796
226 807
226 824
226 827
226 846
226 865
226 876
226 891
226 903
226 907
226 911
226 913
226 918
226 921
226 927
226 931
226 936
226 945
226 946
226 954
226 960
226 961
226 976
226 993
226 997
227 228
227 229
227 230
227 231
227 232
227 235
227 236
227 241
227 242
227 243
227 244
227 245
227 246
227 247
227 248
227 251
227 265
227 270
227 295
227 310
227 323
227 331
227 341
227 342
227 367
227 369
227 374
227 375
227 378
227 380
227 388
227 398
227 403
227 407
227 409
227 424
227 427
227 429
227 460
227 463
227 464
227 475
227 521
227 540
227 544
227 547
227 575
227 610
227 626
227 634
227 635
227 652
227 656
227 674
227 678
227 689
227 694
227 696
227 702
227 706
227 720
227 734
227 502
227 754
227 755
227 764
227 812
227 820
227 844
227 860
227 864
227 867
227 872
227 883
227 914
227 926
227 927
227 934
227 980
227 981
227 983
228 229
228 230
228 232
228 235
228 236
228 237
228 239
228 241
228 242
228 244
228 246
228 247
228 248
228 249
228 267
228 279
228 282
228 290
228 300
228 306
228 318
228 329
228 335
228 341
228 354
228 355
228 367
228 387
228 391
228 393
228 415
228 435
228 440
228 454
228 456
228 484
228 485
228 494
228 513
228 523
228 528
228 535
228 544
228 550
228 552
228 556
228 569
228 572
228 575
228 587
228 589
228 595
228 596
228 598
228 600
228 608
228 609
228 624
228 650
228 663
228 669
228 748
228 506
228 511
228 774
228 783
228 802
228 807
228 808
228 813
228 819
228 833
228 835
228 839
228 859
228 860
228 865
228 881
228 882
228 883
228 900
228 901
228 904
228 920
228 922
228 923
228 936
228 948
228 960
228 969
228 978
228 983
228 986
228 991
228 999
229 231
229 233
229 234
229 235
229 239
229 240
229 241
229 242
229 243
229 244
229 245
229 246
229 248
229 249
229 258
229 268
229 271
229 273
229 283
229 284
229 296
229 297
229 303
229 309
229 315
229 316
229 334
229 350
229 354
229 359
229 360
229 367
229 373
229 376
229 387
229 395
229 400
229 406
229 409
229 412
229 413
229 421
229 422
229 436
229 442
229 450
229 465
229 470
229 477
229 491
229 499
229 520
229 522
229 536
229 564
229 571
229 587
229 607
229 608
229 617
229 619
229 637
229 663
229 666
229 667
229 683
229 699
229 718
229 729
229 734
229 740
229 748
229 506
229 753
229 762
229 767
229 768
229 778
229 785
229 789
229 840
229 843
229 847
229 862
229 882
229 887
229 893
229 896
229 900
229 901
229 903
229 905
229 970
229 975
229 984
229 986
230 231
230 232
230 236
230 237
230 238
230 239
230 241
230 242
230 243
230 244
230 245
230 249
230 259
230 294
230 301
230 307
230 314
230 316
230 317
230 318
230 321
230 324
230 328
230 340
230 341
230 345
230 353
230 372
230 381
230 382
230 384
230 387
230 388
230 391
230 395
230 434
230 442
230 456
230 473
230 474
230 483
230 514
230 520
230 523
230 527
230 543
230 550
230 577
230 585
230 590
230 608
230 609
230 610
230 612
230 628
230 632
230 656
230 663
230 664
230 681
230 699
230 710
230 711
230 721
230 728
230 757
230 763
230 789
230 791
230 803
230 826
230 832
230 853
230 856
230 866
230 867
230 868
230 871
230 874
230 880
230 886
230 897
230 901
230 910
230 912
230 919
230 936
230 954
230 961
230 967
230 971
230 997
231 232
231 234
231 235
231 239
231 240
231 241
231 242
231 243
231 244
231 245
231 246
231 247
231 248
231 249
231 252
231 259
231 270
231 280
231 320
231 325
231 329
231 332
231 341
231 362
231 370
231 381
231 387
231 389
231 390
231 391
231 399
231 412
231 417
231 423
231 427
231 433
231 435
231 441
231 445
231 446
231 450
231 462
231 469
231 473
231 476
231 480
231 483
231 493
231 496
231 513
231 519
231 523
231 524
231 526
231 557
231 561
231 584
231 597
231 622
231 634
231 635
231 651
231 652
231 666
231 676
231 684
231 719
231 723
231 728
231 743
231 747
231 748
231 502
231 750
231 753
231 759
231 769
231 795
231 796
231 801
231 806
231 822
231 825
231 826
231 834
231 839
231 840
231 847
231 850
231 880
231 886
231 902
231 904
231 906
231 921
231 924
231 925
231 928
231 930
231 931
231 934
231 959
231 988
231 996
232 235
232 236
232 237
232 238
232 240
232 241
232 242
232 247
232 248
232 257
232 262
232 281
232 288
232 290
232 291
232 324
232 332
232 336
232 372
232 396
232 412
232 442
232 447
232 455
232 481
232 513
232 526
232 527
232 531
232 536
232 552
232 557
232 565
232 586
232 587
232 589
232 595
232 597
232 599
232 601
232 616
232 623
232 630
232 631
232 641
232 646
232 649
232 652
232 657
232 668
232 671
232 677
232 680
232 691
232 698
232 704
232 731
232 735
232 502
232 505
232 782
232 784
232 803
232 817
232 824
232 826
232 836
232 842
232 853
232 855
232 878
232 882
232 887
232 905
232 906
232 914
232 933
232 963
232 979
232 989
232 995
233 234
233 235
233 237
233 238
233 240
233 241
233 242
233 244
233 245
233 248
233 249
233 251
233 273
233 282
233 296
233 304
233 338
233 339
233 346
233 347
233 348
233 363
233 369
233 371
233 374
233 395
233 396
233 400
233 417
233 441
233 449
233 456
233 513
233 528
233 531
233 535
233 576
233 583
233 589
233 591
233 617
233 625
233 627
233 634
233 646
233 650
233 662
233 666
233 669
233 686
233 691
233 704
233 718
233 728
233 733
233 735
233 760
233 766
233 771
233 781
233 803
233 824
233 838
233 841
233 846
233 853
233 856
233 857
233 871
233 873
233 881
233 899
233 905
233 913
233 914
233 915
233 917
233 931
233 978
233 984
233 996
234 236
234 237
234 238
234 239
234 240
234 241
234 242
234 243
234 244
234 245
234 246
234 247
234 248
234 263
234 265
234 269
234 275
234 277
234 284
234 291
234 324
234 330
234 334
234 341
234 342
234 351
234 352
234 359
234 379
234 387
234 403
234 412
234 423
234 432
234 433
234 441
234 451
234 452
234 458
234 466
234 480
234 481
234 484
234 496
234 498
234 516
234 521
234 531
234 550
234 552
234 560
234 561
234 562
234 632
234 649
234 651
234 655
234 665
234 668
234 672
234 685
234 690
234 693
234 696
234 723
234 726
234 736
234 739
234 506
234 766
234 769
234 772
234 775
234 777
234 788
234 800
234 804
234 807
234 817
234 825
234 841
234 843
234 861
234 897
234 904
234 916
234 920
234 922
234 927
234 930
234 935
234 955
234 962
234 970
234 999
235 237
235 240
235 241
235 242
235 246
235 247
235 248
235 249
235 259
235 262
235 267
235 269
235 276
235 280
235 290
235 333
235 364
235 375
235 377
235 380
235 385
235 388
235 394
235 429
235 435
235 446
235 457
235 465
235 480
235 487
235 499
235 518
235 544
235 553
235 562
235 571
235 576
235 611
235 616
235 622
235 635
235 664
235 676
235 685
235 692
235 706
235 715
235 728
235 730
235 732
235 743
235 509
235 751
235 758
235 785
235 829
235 880
235 893
235 894
235 909
235 930
235 942
235 966
235 970
235 991
235 992
235 996
236 237
236 239
236 240
236 241
236 242
236 243
236 244
236 245
236 246
236 247
236 248
236 249
236 259
236 267
236 286
236 293
236 311
236 312
236 352
236 364
236 374
236 377
236 380
236 381
236 393
236 407
236 416
236 457
236 461
236 470
236 474
236 495
236 513
236 549
236 560
236 562
236 565
236 584
236 593
236 619
236 620
236 632
236 659
236 663
236 665
236 668
236 670
236 677
236 688
236 690
236 694
236 710
236 731
236 736
236 747
236 749
236 508
236 751
236 756
236 770
236 786
236 791
236 792
236 793
236 796
236 809
236 810
236 838
236 851
236 865
236 867
236 875
236 877
236 882
236 888
236 890
236 891
236 910
236 917
236 918
236 923
236 926
236 947
236 950
236 974
236 984
236 999
237 238
237 239
237 240
237 241
237 242
237 243
237 244
237 245
237 246
237 247
237 248
237 249
237 256
237 266
237 276
237 284
237 298
237 310
237 314
237 322
237 327
237 357
237 388
237 390
237 401
237 413
237 414
237 420
237 439
237 444
237 480
237 482
237 488
237 492
237 493
237 522
237 523
237 528
237 530
237 540
237 544
237 545
237 548
237 564
237 565
237 583
237 585
237 594
237 600
237 613
237 619
237 646
237 654
237 659
237 669
237 682
237 689
237 694
237 696
237 728
237 729
237 732
237 740
237 753
237 762
237 779
237 781
237 788
237 795
237 806
237 808
237 809
237 814
237 823
237 843
237 850
237 866
237 907
237 908
237 919
237 923
237 935
237 967
237 975
237 976
237 993
237 995
238 239
238 241
238 242
238 243
238 244
238 246
238 248
238 249
238 253
238 258
238 270
238 284
238 292
238 303
238 307
238 309
238 311
238 312
238 313
238 328
238 333
238 348
238 363
238 375
238 394
238 412
238 422
238 425
238 426
238 449
238 480
238 483
238 497
238 515
238 546
238 572
238 604
238 623
238 624
238 625
238 632
238 677
238 686
238 691
238 692
238 714
238 717
238 724
238 728
238 733
238 756
238 769
238 773
238 793
238 794
238 797
238 812
238 822
238 825
238 839
238 846
238 871
238 874
238 883
238 886
238 899
238 907
238 909
238 922
238 929
238 931
238 948
238 949
238 976
238 977
238 980
238 982
238 984
238 989
238 990
238 997
238 999
239 240
239 242
239 244
239 245
239 246
239 247
239 248
239 249
239 273
239 276
239 288
239 293
239 310
239 323
239 328
239 331
239 336
239 340
239 349
239 363
239 368
239 371
239 374
239 387
239 402
239 403
239 407
239 446
239 450
239 452
239 456
239 458
239 464
239 467
239 474
239 492
239 518
239 531
239 557
239 585
239 586
239 590
239 598
239 602
239 606
239 609
239 612
239 613
239 630
239 664
239 670
239 685
239 689
239 698
239 726
239 739
239 509
239 751
239 753
239 757
239 759
239 765
239 772
239 773
239 775
239 803
239 815
239 845
239 861
239 864
239 878
239 889
239 892
239 893
239 900
239 907
239 948
239 951
239 952
239 958
239 960
239 964
239 975
239 990
240 242
240 243
240 244
240 246
240 247
240 248
240 249
240 253
240 265
240 269
240 279
240 282
240 311
240 317
240 318
240 333
240 340
240 381
240 387
240 388
240 390
240 391
240 392
240 393
240 415
240 417
240 431
240 436
240 448
240 453
240 457
240 463
240 473
240 495
240 536
240 567
240 569
240 573
240 588
240 622
240 633
240 636
240 651
240 661
240 668
240 676
240 687
240 697
240 737
240 745
240 746
240 506
240 764
240 771
240 781
240 810
240 818
240 827
240 833
240 841
240 843
240 849
240 862
240 870
240 873
240 876
240 877
240 883
240 885
240 901
240 902
240 916
240 923
240 925
240 928
240 939
240 962
240 967
240 970
240 974
240 982
240 983
240 984
240 990
241 242
241 246
241 247
241 248
241 249
241 259
241 272
241 281
241 282
241 292
241 306
241 324
241 334
241 343
241 363
241 372
241 379
241 388
241 391
241 409
241 412
241 414
241 424
241 431
241 434
241 440
241 452
241 465
241 497
241 527
241 548
241 555
241 566
241 591
241 600
241 606
241 627
241 631
241 632
241 640
241 644
241 670
241 673
241 679
241 700
241 701
241 721
241 746
241 500
241 757
241 764
241 765
241 780
241 784
241 788
241 790
241 807
241 812
241 814
241 816
241 828
241 842
241 855
241 867
241 877
241 885
241 890
241 902
241 905
241 911
241 926
241 932
241 934
241 974
242 243
242 244
242 245
242 246
242 247
242 249
242 274
242 280
242 287
242 290
242 311
242 312
242 317
242 340
242 351
242 358
242 359
242 391
242 404
242 414
242 415
242 439
242 441
242 444
242 452
242 454
242 465
242 467
242 480
242 517
242 521
242 523
242 536
242 539
242 544
242 557
242 589
242 611
242 613
242 614
242 658
242 671
242 675
242 682
242 683
242 694
242 715
242 719
242 726
242 733
242 508
242 761
242 784
242 792
242 799
242 802
242 817
242 830
242 877
242 890
242 895
242 918
242 942
242 947
242 962
242 970
242 979
242 988
242 996
243 244
243 245
243 246
243 247
243 248
243 252
243 268
243 281
243 282
243 286
243 293
243 298
243 303
243 306
243 309
243 321
243 322
243 335
243 339
243 341
243 344
243 365
243 380
243 383
243 391
243 421
243 426
243 433
243 442
243 479
243 495
243 527
243 535
243 546
243 579
243 584
243 596
243 598
243 601
243 613
243 651
243 658
243 662
243 694
243 699
243 703
243 723
243 726
243 740
243 504
243 756
243 757
243 766
243 770
243 776
243 789
243 798
243 801
243 807
243 808
243 811
243 812
243 813
243 820
243 840
243 852
243 859
243 861
243 887
243 909
243 918
243 927
243 946
243 949
243 962
243 975
243 986
243 994
243 996
244 245
244 246
244 248
244 251
244 267
244 281
244 290
244 301
244 319
244 321
244 323
244 327
244 385
244 388
244 401
244 405
244 417
244 430
244 433
244 446
244 449
244 457
244 477
244 487
244 535
244 539
244 540
244 546
244 551
244 557
244 560
244 562
244 567
244 590
244 593
244 595
244 598
244 633
244 638
244 642
244 663
244 665
244 667
244 675
244 679
244 680
244 686
244 690
244 692
244 697
244 704
244 712
244 714
244 717
244 728
244 733
244 734
244 739
244 742
244 505
244 758
244 761
244 778
244 781
244 784
244 793
244 809
244 810
244 828
244 832
244 838
244 847
244 848
244 849
244 855
244 856
244 857
244 865
244 869
244 871
244 897
244 902
244 929
244 957
244 960
244 969
244 971
244 972
244 986
244 994
245 246
245 248
245 249
245 250
245 261
245 272
245 296
245 312
245 314
245 323
245 341
245 365
245 371
245 372
245 374
245 384
245 409
245 454
245 458
245 471
245 491
245 492
245 521
245 525
245 527
245 546
245 555
245 560
245 567
245 573
245 577
245 582
245 584
245 586
245 588
245 594
245 596
245 628
245 654
245 657
245 663
245 666
245 670
245 678
245 680
245 696
245 699
245 706
245 713
245 720
245 724
245 732
245 739
245 766
245 772
245 782
245 788
245 803
245 814
245 815
245 819
245 820
245 825
245 828
245 840
245 871
245 873
245 883
245 891
245 893
245 896
245 898
245 909
245 910
245 920
245 921
245 934
245 938
245 949
245 958
245 966
245 977
245 980
245 981
245 982
245 984
246 247
246 248
246 249
246 252
246 271
246 278
246 326
246 335
246 341
246 346
246 353
246 366
246 368
246 369
246 373
246 381
246 389
246 407
246 423
246 435
246 439
246 456
246 461
246 468
246 469
246 472
246 486
246 495
246 532
246 587
246 591
246 611
246 612
246 619
246 622
246 627
246 651
246 655
246 657
246 673
246 676
246 677
246 685
246 702
246 708
246 712
246 715
246 725
246 727
246 737
246 505
246 753
246 754
246 793
246 800
246 804
246 808
246 813
246 816
246 832
246 842
246 851
246 856
246 859
246 862
246 864
246 881
246 885
246 896
246 907
246 916
246 926
246 930
246 931
246 932
246 946
246 957
246 959
246 962
246 969
246 982
247 248
247 249
247 263
247 277
247 295
247 304
247 312
247 313
247 322
247 334
247 336
247 347
247 354
247 361
247 381
247 386
247 398
247 408
247 409
247 414
247 422
247 434
247 438
247 439
247 451
247 456
247 472
247 497
247 529
247 531
247 532
247 538
247 539
247 542
247 546
247 556
247 558
247 567
247 569
247 575
247 577
247 578
247 587
247 608
247 632
247 633
247 639
247 700
247 714
247 749
247 505
247 509
247 761
247 768
247 794
247 802
247 805
247 809
247 816
247 817
247 820
247 822
247 838
247 839
247 857
247 862
247 866
247 873
247 883
247 903
247 905
247 909
247 964
247 968
247 983
247 989
247 995
248 249
248 256
248 267
248 269
248 287
248 289
248 293
248 295
248 304
248 317
248 319
248 320
248 372
248 376
248 390
248 395
248 397
248 402
248 417
248 433
248 449
248 458
248 459
248 463
248 478
248 513
248 514
248 523
248 530
248 533
248 570
248 577
248 592
248 595
248 610
248 616
248 621
248 632
248 641
248 645
248 650
248 657
248 703
248 707
248 717
248 724
248 509
248 760
248 766
248 779
248 808
248 815
248 817
248 826
248 832
248 834
248 835
248 839
248 843
248 883
248 885
248 916
248 927
248 938
249 250
249 258
249 298
249 312
249 343
249 358
249 362
249 377
249 393
249 398
249 401
249 405
249 407
249 430
249 470
249 479
249 492
249 494
249 541
249 543
249 572
249 577
249 583
249 613
249 618
249 634
249 663
249 667
249 670
249 672
249 682
249 683
249 693
249 701
249 713
249 716
249 722
249 725
249 728
249 730
249 743
249 502
249 511
249 763
249 765
249 773
249 780
249 784
249 786
249 791
249 796
249 801
249 820
249 821
249 824
249 830
249 843
249 859
249 864
249 890
249 895
249 901
249 922
249 925
249 928
249 937
249 950
249 953
249 969
249 989
249 995
249 996
250 252
250 253
250 256
250 258
250 259
250 261
250 265
250 266
250 267
250 268
250 269
250 270
250 272
250 273
250 274
250 275
250 276
250 277
250 278
250 279
250 281
250 282
250 283
250 285
250 286
250 287
250 288
250 289
250 291
250 296
250 297
250 299
250 303
250 305
250 306
250 307
250 308
250 311
250 313
250 314
250 319
250 322
250 324
250 326
250 327
250 328
250 329
250 330
250 331
250 332
250 333
250 335
250 336
250 337
250 338
250 339
250 340
250 341
250 342
250 344
250 345
250 346
250 349
250 350
250 354
250 355
250 356
250 357
250 358
250 359
250 361
250 363
250 365
250 366
250 368
250 369
250 371
250 373
250 376
250 377
250 378
250 379
250 380
250 381
250 383
250 385
250 387
250 388
250 389
250 390
250 392
250 393
250 394
250 395
250 399
250 400
250 403
250 404
250 405
250 408
250 409
250 413
250 414
250 417
250 418
250 419
250 420
250 421
250 423
250 425
250 426
250 427
250 428
250 429
250 430
250 433
250 434
250 435
250 436
250 438
250 440
250 442
250 443
250 446
250 447
250 450
250 451
250 452
250 453
250 454
250 456
250 457
250 458
250 459
250 460
250 461
250 462
250 463
250 464
250 467
250 468
250 469
250 471
250 472
250 473
250 474
250 475
250 476
250 477
250 478
250 479
250 480
250 481
250 482
250 483
250 485
250 486
250 487
250 488
250 490
250 491
250 492
250 493
250 494
250 495
250 496
250 497
250 498
250 499
250 517
250 521
250 528
250 530
250 535
250 537
250 546
250 573
250 583
250 584
250 603
250 629
250 636
250 641
250 646
250 649
250 659
250 698
250 706
250 712
250 727
250 733
250 735
250 740
250 744
250 745
250 748
250 503
250 504
250 772
250 779
250 780
250 802
250 812
250 818
250 832
250 839
250 843
250 870
250 887
250 905
250 911
250 936
250 938
250 940
250 944
250 950
250 954
250 956
250 959
250 962
250 969
250 971
250 980
251 252
251 253
251 256
251 257
251 258
251 260
251 261
251 262
251 266
251 267
251 268
251 269
251 270
251 271
251 272
251 274
251 275
251 277
251 280
251 282
251 284
251 286
251 287
251 288
251 289
251 291
251 292
251 293
251 294
251 295
251 296
251 297
251 298
251 299
251 302
251 303
251 304
251 305
251 306
251 309
251 310
251 313
251 317
251 318
251 320
251 321
251 322
251 323
251 326
251 327
251 328
251 329
251 330
251 331
251 334
251 335
251 336
251 338
251 339
251 340
251 344
251 345
251 346
251 348
251 350
251 351
251 352
251 353
251 354
251 355
251 357
251 358
251 361
251 363
251 365
251 366
251 367
251 368
251 369
251 370
251 371
251 372
251 373
251 376
251 378
251 379
251 380
251 382
251 383
251 384
251 385
251 386
251 387
251 388
251 390
251 391
251 393
251 394
251 395
251 396
251 397
251 398
251 399
251 400
251 401
251 402
251 403
251 405
251 406
251 407
251 408
251 409
251 410
251 411
251 413
251 414
251 415
251 416
251 417
251 419
251 420
251 422
251 423
251 424
251 425
251 426
251 427
251 429
251 431
251 432
251 433
251 434
251 435
251 437
251 438
251 439
251 440
251 441
251 442
251 443
251 444
251 445
251 446
251 448
251 449
251 451
251 452
251 453
251 454
251 455
251 456
251 459
251 460
251 461
251 462
251 465
251 466
251 467
251 468
251 469
251 470
251 472
251 473
251 474
251 476
251 477
251 478
251 479
251 480
251 481
251 482
251 484
251 488
251 490
251 491
251 492
251 493
251 494
251 495
251 497
251 499
251 526
251 551
251 556
251 560
251 561
251 563
251 578
251 579
251 581
251 598
251 601
251 619
251 626
251 633
251 634
251 666
251 677
251 682
251 697
251 700
251 701
251 709
251 717
251 718
251 739
251 745
251 501
251 756
251 760
251 781
251 793
251 811
251 812
251 815
251 818
251 823
251 827
251 848
251 884
251 888
251 906
251 913
251 922
251 931
251 945
251 946
251 967
251 970
252 253
252 254
252 255
252 258
252 259
252 260
252 261
252 262
252 264
252 266
252 268
252 269
252 270
252 271
252 272
252 273
252 274
252 275
252 276
252 277
252 279
252 280
252 281
252 283
252 289
252 291
252 293
252 296
252 297
252 298
252 299
252 301
252 306
252 307
252 308
252 309
252 311
252 313
252 314
252 317
252 318
252 319
252 320
252 321
252 322
252 323
252 324
252 325
252 326
252 327
252 328
252 329
252 330
252 331
252 332
252 333
252 334
252 335
252 336
252 337
252 339
252 340
252 341
252 342
252 345
252 346
252 347
252 348
252 351
252 352
252 353
252 354
252 355
252 356
252 358
252 360
252 361
252 362
252 363
252 364
252 367
252 368
252 369
252 370
252 371
252 372
252 373
252 374
252 376
252 377
252 378
252 379
252 380
252 381
252 382
252 383
252 384
252 386
252 387
252 388
252 389
252 391
252 392
252 393
252 394
252 395
252 396
252 398
252 399
252 400
252 401
252 402
252 403
252 404
252 405
252 409
252 410
252 411
252 412
252 414
252 415
252 416
252 417
252 418
252 419
252 420
252 422
252 423
252 425
252 426
252 427
252 429
252 432
252 433
252 435
252 436
252 437
252 438
252 441
252 443
252 444
252 447
252 448
252 449
252 450
252 451
252 452
252 453
252 455
252 457
252 458
252 459
252 460
252 461
252 463
252 464
252 465
252 467
252 468
252 469
252 470
252 471
252 473
252 475
252 476
252 477
252 479
252 480
252 481
252 482
252 485
252 486
252 489
252 490
252 491
252 492
252 493
252 494
252 495
252 496
252 498
252 499
252 515
252 525
252 536
252 538
252 560
252 605
252 628
252 629
252 634
252 643
252 661
252 662
252 665
252 681
252 698
252 704
252 725
252 735
252 748
252 754
252 758
252 772
252 774
252 807
252 816
252 836
252 845
252 859
252 864
252 881
252 905
252 906
252 909
252 919
252 922
252 926
252 939
252 942
252 947
252 954
252 966
252 979
253 254
253 255
253 256
253 257
253 259
253 260
253 261
253 262
253 263
253 264
253 265
253 268
253 269
253 270
253 271
253 273
253 274
253 276
253 279
253 280
253 281
253 282
253 283
253 284
253 286
253 287
253 288
253 289
253 291
253 293
253 294
253 295
253 297
253 298
253 299
253 300
253 301
253 302
253 303
253 304
253 305
253 308
253 309
253 311
253 312
253 316
253 317
253 321
253 323
253 324
253 325
253 326
253 327
253 328
253 331
253 332
253 333
253 334
253 335
253 336
253 337
253 338
253 339
253 340
253 343
253 346
253 347
253 348
253 349
253 351
253 353
253 355
253 358
253 359
253 363
253 364
253 365
253 366
253 367
253 368
253 369
253 371
253 372
253 374
253 376
253 377
253 378
253 379
253 380
253 381
253 382
253 383
253 384
253 385
253 386
253 387
253 388
253 389
253 390
253 391
253 392
253 393
253 394
253 396
253 398
253 399
253 400
253 402
253 403
253 405
253 406
253 409
253 410
253 412
253 413
253 414
253 416
253 417
253 419
253 420
253 421
253 426
253 431
253 433
253 434
253 436
253 437
253 439
253 441
253 442
253 443
253 445
253 446
253 447
253 448
253 449
253 451
253 452
253 453
253 454
253 455
253 457
253 458
253 459
253 460
253 461
253 462
253 463
253 466
253 467
253 469
253 470
253 471
253 473
253 474
253 475
253 476
253 478
253 480
253 481
253 482
253 483
253 486
253 487
253 488
253 489
253 490
253 491
253 494
253 495
253 499
253 518
253 532
253 551
253 564
253 565
253 583
253 588
253 595
253 598
253 599
253 608
253 619
253 633
253 645
253 655
253 656
253 664
253 665
253 668
253 669
253 672
253 694
253 702
253 713
253 721
253 727
253 729
253 730
253 731
253 741
253 505
253 751
253 762
253 763
253 776
253 785
253 787
253 792
253 801
253 814
253 824
253 846
253 867
253 892
253 916
253 938
253 950
253 957
253 962
253 966
253 967
253 973
253 984
254 255
254 256
254 258
254 260
254 263
254 264
254 265
254 266
254 269
254 270
254 272
254 273
254 274
254 275
254 276
254 277
254 278
254 282
254 283
254 284
254 285
254 287
254 288
254 289
254 290
254 291
254 292
254 293
254 295
254 296
254 297
254 299
254 300
254 301
254 304
254 306
254 311
254 312
254 313
254 315
254 317
254 318
254 319
254 321
254 322
254 324
254 326
254 327
254 328
254 329
254 330
254 332
254 333
254 334
254 335
254 336
254 337
254 338
254 339
254 340
254 342
254 343
254 344
254 345
254 347
254 348
254 351
254 355
254 356
254 357
254 358
254 360
254 361
254 363
254 369
254 371
254 374
254 376
254 377
254 378
254 380
254 381
254 382
254 383
254 384
254 385
254 387
254 388
254 389
254 390
254 392
254 393
254 394
254 395
254 396
254 398
254 399
254 401
254 403
254 404
254 405
254 407
254 408
254 409
254 410
254 411
254 412
254 413
254 416
254 417
254 418
254 420
254 424
254 425
254 426
254 427
254 428
254 429
254 431
254 433
254 435
254 436
254 437
254 438
254 439
254 440
254 441
254 442
254 443
254 444
254 446
254 448
254 449
254 450
254 451
254 454
254 455
254 456
254 457
254 458
254 459
254 460
254 462
254 464
254 465
254 466
254 468
254 471
254 473
254 474
254 475
254 480
254 481
254 482
254 484
254 485
254 486
254 487
254 488
254 489
254 490
254 491
254 492
254 493
254 494
254 495
254 496
254 497
254 498
254 499
254 524
254 527
254 529
254 551
254 556
254 576
254 599
254 603
254 616
254 619
254 620
254 627
254 635
254 639
254 646
254 653
254 665
254 667
254 674
254 687
254 689
254 734
254 744
254 745
254 510
254 755
254 765
254 779
254 817
254 819
254 822
254 825
254 826
254 833
254 834
254 855
254 861
254 862
254 867
254 883
254 885
254 894
254 904
254 924
254 933
254 943
254 984
254 985
254 997
255 258
255 260
255 261
255 262
255 263
255 265
255 266
255 268
255 269
255 270
255 271
255 273
255 274
255 276
255 278
255 280
255 281
255 282
255 283
255 284
255 285
255 286
255 287
255 290
255 291
255 292
255 295
255 296
255 297
255 299
255 301
255 303
255 304
255 305
255 306
255 308
255 311
255 314
255 315
255 316
255 317
255 318
255 320
255 321
255 323
255 324
255 325
255 326
255 328
255 329
255 331
255 332
255 334
255 335
255 336
255 338
255 341
255 345
255 348
255 350
255 353
255 354
255 356
255 357
255 358
255 359
255 360
255 361
255 362
255 363
255 364
255 365
255 366
255 367
255 368
255 369
255 371
255 372
255 374
255 375
255 377
255 378
255 379
255 380
255 381
255 387
255 388
255 392
255 393
255 394
255 396
255 397
255 399
255 400
255 401
255 402
255 403
255 404
255 405
255 406
255 408
255 409
255 410
255 411
255 412
255 413
255 414
255 415
255 416
255 418
255 419
255 421
255 423
255 424
255 425
255 426
255 427
255 428
255 431
255 433
255 434
255 435
255 440
255 441
255 442
255 443
255 444
255 445
255 446
255 447
255 448
255 449
255 450
255 451
255 452
255 453
255 454
255 455
255 456
255 457
255 458
255 459
255 460
255 461
255 462
255 463
255 465
255 467
255 470
255 471
255 472
255 474
255 475
255 476
255 477
255 478
255 479
255 481
255 482
255 484
255 485
255 486
255 487
255 488
255 490
255 491
255 492
255 493
255 495
255 496
255 497
255 498
255 499
255 512
255 522
255 527
255 529
255 530
255 566
255 584
255 601
255 603
255 624
255 626
255 666
255 667
255 670
255 672
255 684
255 689
255 696
255 701
255 706
255 718
255 727
255 737
255 740
255 741
255 744
255 746
255 503
255 510
255 511
255 750
255 780
255 784
255 788
255 797
255 801
255 803
255 806
255 815
255 857
255 870
255 879
255 888
255 891
255 904
255 914
255 934
255 940
255 965
255 972
255 987
256 257
256 258
256 261
256 262
256 263
256 264
256 265
256 268
256 269
256 270
256 271
256 272
256 273
256 275
256 276
256 278
256 279
256 280
256 282
256 284
256 285
256 286
256 287
256 288
256 290
256 292
256 294
256 295
256 296
256 297
256 298
256 299
256 300
256 301
256 305
256 309
256 311
256 313
256 314
256 315
256 316
256 317
256 318
256 319
256 320
256 321
256 322
256 323
256 324
256 326
256 327
256 328
256 330
256 331
256 332
256 333
256 335
256 336
256 338
256 339
256 340
256 341
256 342
256 344
256 346
256 347
256 348
256 350
256 353
256 354
256 355
256 357
256 360
256 361
256 364
256 365
256 366
256 367
256 368
256 369
256 370
256 371
256 372
256 373
256 374
256 375
256 377
256 380
256 381
256 382
256 383
256 384
256 385
256 387
256 388
256 391
256 393
256 395
256 398
256 399
256 400
256 402
256 403
256 405
256 406
256 407
256 409
256 410
256 411
256 414
256 415
256 417
256 418
256 421
256 422
256 425
256 426
256 427
256 430
256 431
256 432
256 433
256 434
256 435
256 436
256 438
256 440
256 442
256 443
256 444
256 446
256 447
256 449
256 450
256 451
256 452
256 453
256 454
256 455
256 456
256 457
256 458
256 459
256 460
256 463
256 464
256 465
256 466
256 467
256 469
256 470
256 471
256 472
256 473
256 474
256 475
256 478
256 479
256 480
256 481
256 482
256 483
256 484
256 485
256 487
256 488
256 489
256 490
256 491
256 492
256 494
256 495
256 496
256 497
256 499
256 524
256 526
256 529
256 532
256 540
256 547
256 558
256 564
256 572
256 577
256 588
256 598
256 601
256 611
256 614
256 616
256 628
256 630
256 637
256 643
256 651
256 667
256 670
256 694
256 702
256 713
256 721
256 723
256 737
256 738
256 742
256 744
256 510
256 757
256 770
256 772
256 775
256 789
256 800
256 801
256 814
256 821
256 851
256 856
256 861
256 865
256 874
256 897
256 916
256 943
256 954
256 963
256 973
256 994
256 996
256 997
257 258
257 259
257 261
257 262
257 263
257 265
257 266
257 267
257 268
257 269
257 270
257 272
257 275
257 276
257 278
257 280
257 283
257 284
257 285
257 286
257 288
257 289
257 290
257 291
257 292
257 293
257 294
257 295
257 296
257 297
257 298
257 301
257 303
257 304
257 305
257 306
257 307
257 308
257 309
257 310
257 311
257 312
257 313
257 315
257 317
257 320
257 321
257 322
257 325
257 326
257 328
257 329
257 335
257 336
257 337
257 338
257 339
257 340
257 341
257 343
257 345
257 347
257 348
257 349
257 350
257 351
257 353
257 354
257 356
257 357
257 358
257 359
257 360
257 363
257 364
257 365
257 368
257 369
257 370
257 371
257 373
257 375
257 376
257 377
257 378
257 379
257 380
257 382
257 384
257 385
257 386
257 387
257 389
257 392
257 393
257 394
257 395
257 396
257 397
257 398
257 399
257 400
257 401
257 403
257 405
257 406
257 408
257 415
257 416
257 417
257 419
257 422
257 423
257 425
257 428
257 429
257 430
257 432
257 433
257 434
257 435
257 436
257 437
257 438
257 439
257 440
257 441
257 442
257 443
257 445
257 446
257 447
257 448
257 449
257 451
257 452
257 454
257 455
257 457
257 458
257 459
257 460
257 462
257 463
257 465
257 467
257 468
257 469
257 470
257 471
257 472
257 474
257 475
257 478
257 479
257 481
257 482
257 483
257 484
257 486
257 487
257 490
257 492
257 493
257 494
257 497
257 498
257 512
257 514
257 527
257 529
257 531
257 535
257 537
257 552
257 566
257 568
257 583
257 589
257 595
257 597
257 621
257 625
257 632
257 635
257 636
257 640
257 648
257 653
257 656
257 670
257 678
257 688
257 701
257 712
257 716
257 719
257 724
257 736
257 739
257 509
257 511
257 759
257 765
257 770
257 791
257 796
257 804
257 820
257 833
257 839
257 843
257 848
257 864
257 885
257 909
257 914
257 916
257 917
257 923
257 932
257 937
257 947
257 948
257 954
257 961
257 969
257 972
257 981
257 988
257 995
257 997
258 259
258 260
258 261
258 262
258 263
258 266
258 267
258 268
258 269
258 270
258 271
258 273
258 274
258 275
258 276
258 277
258 280
258 281
258 282
258 284
258 285
258 286
258 288
258 289
258 290
258 292
258 294
258 295
258 296
258 298
258 302
258 303
258 305
258 309
258 310
258 311
258 313
258 314
258 316
258 317
258 318
258 320
258 321
258 322
258 323
258 324
258 325
258 326
258 327
258 329
258 330
258 331
258 332
258 333
258 335
258 336
258 337
258 339
258 340
258 342
258 343
258 347
258 349
258 350
258 351
258 352
258 353
258 355
258 357
258 359
258 360
258 363
258 364
258 365
258 366
258 367
258 368
258 369
258 370
258 371
258 373
258 375
258 377
258 378
258 379
258 380
258 382
258 383
258 384
258 386
258 387
258 389
258 391
258 393
258 394
258 395
258 396
258 399
258 400
258 401
258 402
258 403
258 404
258 407
258 408
258 409
258 410
258 411
258 412
258 413
258 414
258 415
258 416
258 418
258 422
258 423
258 424
258 425
258 426
258 427
258 429
258 431
258 433
258 434
258 436
258 437
258 438
258 439
258 440
258 441
258 442
258 443
258 444
258 447
258 448
258 449
258 450
258 451
258 453
258 454
258 455
258 456
258 457
258 458
258 459
258 460
258 461
258 462
258 463
258 464
258 465
258 466
258 467
258 468
258 471
258 472
258 474
258 475
258 477
258 479
258 480
258 481
258 482
258 483
258 485
258 486
258 488
258 489
258 491
258 492
258 493
258 494
258 496
258 497
258 499
258 518
258 520
258 553
258 557
258 562
258 565
258 588
258 589
258 594
258 597
258 599
258 624
258 630
258 637
258 640
258 665
258 669
258 680
258 704
258 717
258 720
258 728
258 739
258 741
258 747
258 501
258 502
258 507
258 510
258 784
258 789
258 797
258 808
258 811
258 812
258 838
258 841
258 842
258 843
258 848
258 854
258 858
258 861
258 869
258 883
258 886
258 901
258 907
258 912
258 923
258 930
258 934
258 935
258 948
258 959
258 960
258 972
258 979
258 983
258 986
258 987
258 995
259 260
259 261
259 262
259 264
259 265
259 266
259 267
259 268
259 269
259 270
259 274
259 276
259 279
259 280
259 282
259 283
259 284
259 285
259 286
259 287
259 290
259 292
259 293
259 294
259 296
259 297
259 299
259 300
259 302
259 304
259 305
259 306
259 307
259 308
259 309
259 310
259 311
259 312
259 313
259 314
259 315
259 316
259 318
259 320
259 321
259 322
259 326
259 328
259 329
259 330
259 331
259 333
259 334
259 337
259 339
259 340
259 341
259 342
259 343
259 344
259 346
259 347
259 348
259 349
259 350
259 351
259 352
259 353
259 354
259 355
259 356
259 358
259 359
259 360
259 364
259 365
259 366
259 368
259 369
259 370
259 372
259 373
259 378
259 380
259 381
259 384
259 385
259 386
259 387
259 388
259 390
259 391
259 393
259 394
259 396
259 397
259 398
259 399
259 400
259 401
259 402
259 403
259 404
259 406
259 407
259 408
259 409
259 410
259 411
259 412
259 414
259 415
259 416
259 417
259 418
259 419
259 420
259 421
259 422
259 423
259 424
259 425
259 426
259 427
259 430
259 432
259 433
259 435
259 436
259 437
259 438
259 444
259 445
259 447
259 448
259 450
259 452
259 456
259 457
259 459
259 461
259 463
259 466
259 467
259 469
259 470
259 471
259 472
259 473
259 474
259 475
259 478
259 479
259 482
259 483
259 484
259 486
259 487
259 489
259 492
259 493
259 494
259 495
259 499
259 520
259 522
259 525
259 529
259 566
259 572
259 576
259 577
259 584
259 597
259 598
259 608
259 611
259 615
259 617
259 634
259 641
259 642
259 654
259 657
259 661
259 667
259 688
259 689
259 695
259 696
259 699
259 710
259 711
259 503
259 510
259 768
259 780
259 782
259 788
259 790
259 804
259 814
259 823
259 833
259 844
259 850
259 857
259 860
259 862
259 863
259 872
259 882
259 891
259 893
259 900
259 909
259 913
259 926
259 936
259 942
259 945
259 950
259 982
259 987
259 988
259 989
260 263
260 264
260 265
260 266
260 268
260 270
260 272
260 273
260 275
260 276
260 278
260 279
260 282
260 283
260 284
260 286
260 288
260 289
260 290
260 292
260 293
260 294
260 295
260 298
260 302
260 303
260 304
260 305
260 306
260 307
260 309
260 310
260 311
260 312
260 313
260 314
260 315
260 316
260 317
260 318
260 319
260 320
260 321
260 323
260 324
260 325
260 326
260 327
260 328
260 330
260 333
260 334
260 336
260 338
260 339
260 340
260 342
260 343
260 344
260 346
260 348
260 349
260 350
260 351
260 352
260 354
260 357
260 360
260 361
260 362
260 363
260 364
260 365
260 366
260 367
260 368
260 370
260 371
260 372
260 374
260 375
260 377
260 378
260 379
260 380
260 381
260 382
260 383
260 384
260 386
260 387
260 388
260 389
260 390
260 391
260 393
260 394
260 395
260 396
260 399
260 400
260 401
260 402
260 403
260 405
260 406
260 409
260 410
260 411
260 412
260 413
260 414
260 415
260 416
260 417
260 418
260 419
260 420
260 421
260 422
260 423
260 424
260 425
260 426
260 427
260 429
260 430
260 431
260 432
260 434
260 435
260 436
260 437
260 442
260 443
260 444
260 447
260 449
260 451
260 452
260 455
260 456
260 458
260 459
260 460
260 462
260 464
260 466
260 467
260 469
260 470
260 471
260 472
260 473
260 476
260 478
260 482
260 483
260 484
260 485
260 486
260 488
260 489
260 491
260 493
260 494
260 496
260 497
260 498
260 530
260 538
260 546
260 598
260 608
260 609
260 619
260 629
260 644
260 649
260 662
260 663
260 687
260 690
260 694
260 718
260 731
260 735
260 743
260 509
260 768
260 770
260 775
260 778
260 793
260 811
260 826
260 829
260 835
260 847
260 871
260 875
260 878
260 880
260 885
260 897
260 930
260 959
260 965
260 969
260 973
260 978
260 981
260 994
261 262
261 263
261 264
261 265
261 266
261 267
261 269
261 270
261 271
261 272
261 273
261 274
261 275
261 277
261 278
261 279
261 280
261 281
261 288
261 289
261 290
261 291
261 292
261 293
261 295
261 296
261 297
261 298
261 299
261 300
261 302
261 303
261 304
261 305
261 307
261 308
261 309
261 310
261 312
261 315
261 316
261 317
261 318
261 321
261 322
261 324
261 325
261 326
261 328
261 331
261 332
261 333
261 335
261 336
261 337
261 343
261 347
261 348
261 349
261 350
261 351
261 352
261 353
261 354
261 356
261 357
261 359
261 360
261 361
261 366
261 367
261 368
261 369
261 370
261 372
261 375
261 378
261 379
261 384
261 386
261 387
261 388
261 389
261 391
261 392
261 393
261 396
261 399
261 400
261 402
261 403
261 406
261 409
261 412
261 413
261 414
261 415
261 418
261 419
261 420
261 422
261 423
261 424
261 425
261 427
261 428
261 430
261 432
261 433
261 434
261 435
261 436
261 437
261 438
261 439
261 440
261 442
261 443
261 444
261 445
261 448
261 449
261 453
261 454
261 457
261 458
261 462
261 463
261 464
261 467
261 468
261 469
261 471
261 476
261 478
261 479
261 481
261 484
261 485
261 486
261 488
261 490
261 492
261 494
261 496
261 497
261 513
261 526
261 546
261 547
261 549
261 551
261 554
261 567
261 574
261 575
261 614
261 616
261 620
261 629
261 635
261 639
261 647
261 649
261 657
261 663
261 673
261 695
261 701
261 702
261 707
261 708
261 711
261 712
261 722
261 726
261 728
261 732
261 750
261 751
261 755
261 756
261 764
261 780
261 818
261 821
261 824
261 837
261 853
261 860
261 871
261 872
261 909
261 926
261 932
261 939
261 940
261 945
261 956
261 967
262 263
262 265
262 267
262 269
262 270
262 271
262 272
262 274
262 275
262 276
262 278
262 280
262 282
262 284
262 285
262 286
262 287
262 288
262 289
262 290
262 291
262 292
262 293
262 294
262 295
262 296
262 297
262 298
262 299
262 300
262 301
262 302
262 307
262 308
262 309
262 310
262 311
262 312
262 313
262 314
262 316
262 317
262 318
262 319
262 320
262 321
262 322
262 323
262 324
262 325
262 327
262 328
262 332
262 333
262 335
262 336
262 338
262 342
262 343
262 346
262 347
262 348
262 350
262 351
262 352
262 355
262 356
262 357
262 358
262 359
262 360
262 361
262 362
262 366
262 368
262 370
262 371
262 372
262 373
262 374
262 377
262 378
262 379
262 380
262 383
262 384
262 386
262 387
262 389
262 391
262 395
262 396
262 397
262 399
262 400
262 403
262 406
262 407
262 408
262 409
262 410
262 411
262 413
262 414
262 415
262 416
262 417
262 418
262 419
262 421
262 422
262 423
262 424
262 425
262 430
262 434
262 438
262 440
262 441
262 443
262 444
262 447
262 448
262 450
262 451
262 452
262 453
262 454
262 455
262 456
262 457
262 458
262 462
262 463
262 464
262 466
262 467
262 468
262 469
262 470
262 474
262 478
262 479
262 480
262 481
262 483
262 487
262 488
262 489
262 493
262 494
262 495
262 496
262 498
262 499
262 526
262 527
262 530
262 541
262 564
262 572
262 574
262 576
262 584
262 592
262 593
262 619
262 622
262 625
262 630
262 647
262 651
262 710
262 750
262 767
262 793
262 803
262 804
262 815
262 817
262 825
262 835
262 842
262 890
262 896
262 898
262 920
262 922
262 928
262 937
262 945
262 955
262 964
262 968
262 970
262 976
262 980
263 266
263 267
263 268
263 269
263 270
263 271
263 272
263 273
263 275
263 276
263 278
263 279
263 281
263 282
263 283
263 285
263 286
263 287
263 288
263 289
263 291
263 292
263 293
263 295
263 297
263 298
263 299
263 302
263 303
263 305
263 306
263 307
263 308
263 309
263 311
263 312
263 313
263 314
263 315
263 316
263 317
263 318
263 320
263 322
263 324
263 325
263 326
263 328
263 330
263 331
263 332
263 334
263 335
263 336
263 338
263 340
263 341
263 342
263 343
263 344
263 347
263 349
263 350
263 351
263 353
263 354
263 355
263 356
263 357
263 358
263 359
263 360
263 361
263 362
263 363
263 365
263 366
263 367
263 368
263 369
263 370
263 371
263 373
263 374
263 375
263 376
263 378
263 379
263 380
263 381
263 383
263 384
263 386
263 388
263 389
263 390
263 391
263 392
263 393
263 395
263 396
263 398
263 400
263 401
263 402
263 405
263 406
263 408
263 409
263 410
263 411
263 412
263 413
263 415
263 416
263 419
263 420
263 421
263 423
263 424
263 425
263 426
263 427
263 428
263 429
263 430
263 431
263 432
263 435
263 436
263 437
263 438
263 439
263 440
263 441
263 444
263 445
263 446
263 447
263 449
263 451
263 452
263 453
263 455
263 456
263 457
263 458
263 459
263 461
263 462
263 464
263 465
263 469
263 470
263 471
263 472
263 473
263 474
263 475
263 477
263 478
263 479
263 481
263 482
263 483
263 484
263 485
263 486
263 487
263 488
263 489
263 490
263 491
263 492
263 496
263 497
263 498
263 499
263 512
263 514
263 517
263 523
263 529
263 553
263 570
263 575
263 591
263 608
263 617
263 619
263 631
263 635
263 649
263 652
263 654
263 661
263 662
263 663
263 664
263 704
263 707
263 727
263 746
263 501
263 756
263 780
263 781
263 782
263 784
263 790
263 797
263 804
263 805
263 823
263 843
263 847
263 852
263 854
263 860
263 886
263 888
263 921
263 935
263 963
263 997
263 999
264 265
264 266
264 272
264 274
264 276
264 277
264 278
264 281
264 283
264 284
264 286
264 287
264 288
264 290
264 292
264 293
264 294
264 295
264 296
264 297
264 302
264 304
264 305
264 308
264 309
264 310
264 311
264 312
264 313
264 315
264 316
264 317
264 318
264 319
264 320
264 321
264 322
264 323
264 326
264 327
264 329
264 330
264 331
264 332
264 333
264 334
264 335
264 336
264 337
264 340
264 341
264 344
264 346
264 347
264 351
264 352
264 355
264 358
264 360
264 361
264 365
264 366
264 367
264 368
264 370
264 372
264 373
264 376
264 377
264 379
264 380
264 381
264 382
264 383
264 384
264 386
264 387
264 388
264 389
264 391
264 392
264 393
264 394
264 396
264 397
264 398
264 399
264 400
264 401
264 402
264 403
264 404
264 405
264 408
264 409
264 410
264 411
264 412
264 413
264 414
264 415
264 416
264 418
264 419
264 422
264 423
264 424
264 425
264 426
264 428
264 429
264 430
264 431
264 433
264 434
264 436
264 437
264 438
264 439
264 440
264 441
264 442
264 445
264 447
264 448
264 449
264 450
264 451
264 452
264 453
264 454
264 455
264 457
264 458
264 459
264 460
264 462
264 463
264 464
264 466
264 467
264 469
264 471
264 472
264 473
264 474
264 475
264 476
264 477
264 479
264 480
264 481
264 482
264 483
264 484
264 485
264 486
264 488
264 489
264 490
264 491
264 492
264 495
264 496
264 497
264 498
264 499
264 514
264 527
264 536
264 539
264 542
264 554
264 557
264 560
264 564
264 574
264 579
264 592
264 598
264 605
264 608
264 642
264 655
264 670
264 676
264 697
264 709
264 719
264 723
264 743
264 744
264 500
264 763
264 764
264 766
264 767
264 769
264 786
264 794
264 799
264 829
264 843
264 860
264 862
264 875
264 890
264 892
264 912
264 914
264 920
264 921
264 932
264 939
264 943
264 949
264 951
264 952
264 971
264 972
264 975
264 990
264 994
265 266
265 268
265 269
265 270
265 271
265 272
265 273
265 274
265 276
265 277
265 278
265 279
265 281
265 282
265 284
265 285
265 287
265 288
265 290
265 291
265 293
265 294
265 295
265 298
265 299
265 300
265 302
265 303
265 308
265 309
265 312
265 314
265 315
265 316
265 317
265 318
265 319
265 320
265 322
265 323
265 324
265 325
265 326
265 327
265 328
265 330
265 331
265 332
265 333
265 336
265 337
265 339
265 340
265 341
265 345
265 346
265 347
265 349
265 350
265 353
265 354
265 355
265 356
265 357
265 359
265 360
265 361
265 362
265 363
265 364
265 366
265 367
265 369
265 370
265 372
265 373
265 374
265 376
265 377
265 378
265 380
265 381
265 382
265 383
265 385
265 386
265 387
265 388
265 389
265 390
265 391
265 393
265 394
265 395
265 396
265 397
265 399
265 401
265 402
265 403
265 404
265 405
265 407
265 408
265 409
265 410
265 411
265 412
265 414
265 415
265 416
265 418
265 419
265 420
265 421
265 422
265 423
265 424
265 428
265 429
265 430
265 431
265 432
265 433
265 434
265 435
265 436
265 438
265 442
265 443
265 444
265 445
265 446
265 449
265 450
265 453
265 455
265 456
265 458
265 459
265 461
265 462
265 464
265 466
265 467
265 468
265 469
265 470
265 471
265 478
265 479
265 481
265 484
265 486
265 487
265 488
265 489
265 490
265 491
265 492
265 494
265 496
265 497
265 498
265 499
265 513
265 516
265 523
265 524
265 529
265 552
265 553
265 556
265 564
265 566
265 580
265 589
265 590
265 606
265 613
265 633
265 641
265 644
265 648
265 652
265 672
265 674
265 675
265 676
265 689
265 690
265 700
265 709
265 717
265 718
265 719
265 723
265 729
265 760
265 769
265 783
265 792
265 824
265 827
265 829
265 840
265 865
265 880
265 886
265 890
265 895
265 898
265 910
265 912
265 916
265 917
265 925
265 932
265 938
265 940
265 954
265 967
265 969
265 986
266 267
266 268
266 269
266 270
266 274
266 275
266 276
266 277
266 278
266 279
266 281
266 286
266 287
266 288
266 289
266 290
266 291
266 292
266 293
266 294
266 297
266 299
266 300
266 301
266 302
266 309
266 312
266 314
266 315
266 316
266 318
266 320
266 321
266 322
266 323
266 324
266 325
266 327
266 328
266 331
266 332
266 334
266 335
266 336
266 340
266 342
266 343
266 344
266 346
266 348
266 349
266 350
266 354
266 355
266 356
266 358
266 359
266 360
266 362
266 363
266 364
266 365
266 366
266 367
266 369
266 371
266 372
266 374
266 375
266 378
266 379
266 381
266 383
266 384
266 386
266 387
266 388
266 389
266 390
266 391
266 392
266 397
266 398
266 403
266 404
266 405
266 407
266 408
266 409
266 410
266 411
266 412
266 415
266 416
266 417
266 418
266 421
266 422
266 423
266 426
266 428
266 431
266 432
266 433
266 434
266 435
266 439
266 440
266 442
266 444
266 445
266 446
266 447
266 448
266 452
266 453
266 455
266 456
266 457
266 458
266 461
266 462
266 463
266 465
266 467
266 468
266 469
266 472
266 473
266 475
266 476
266 477
266 478
266 479
266 480
266 481
266 483
266 484
266 485
266 486
266 487
266 488
266 489
266 490
266 491
266 495
266 498
266 499
266 522
266 530
266 576
266 586
266 606
266 610
266 621
266 637
266 642
266 661
266 676
266 682
266 685
266 699
266 718
266 720
266 724
266 725
266 727
266 728
266 731
266 747
266 505
266 507
266 757
266 764
266 785
266 798
266 803
266 807
266 808
266 831
266 836
266 840
266 844
266 847
266 848
266 858
266 859
266 868
266 875
266 892
266 894
266 901
266 914
266 925
266 926
266 932
266 938
266 946
266 955
266 957
266 964
266 966
266 977
266 985
266 989
266 992
267 268
267 269
267 271
267 273
267 274
267 276
267 277
267 278
267 281
267 282
267 283
267 284
267 285
267 286
267 287
267 288
267 289
267 290
267 292
267 293
267 294
267 295
267 296
267 297
267 298
267 299
267 302
267 303
267 304
267 305
267 308
267 309
267 310
267 311
267 312
267 313
267 314
267 316
267 317
267 318
267 319
267 320
267 321
267 322
267 323
267 325
267 326
267 327
267 328
267 329
267 331
267 332
267 333
267 334
267 335
267 336
267 338
267 339
267 342
267 343
267 345
267 346
267 347
267 348
267 351
267 352
267 357
267 359
267 360
267 361
267 363
267 365
267 366
267 367
267 368
267 369
267 370
267 371
267 372
267 374
267 375
267 377
267 378
267 379
267 380
267 381
267 383
267 385
267 386
267 388
267 389
267 391
267 392
267 393
267 394
267 395
267 398
267 399
267 400
267 402
267 403
267 404
267 408
267 409
267 410
267 411
267 412
267 414
267 415
267 416
267 417
267 418
267 420
267 422
267 423
267 424
267 425
267 426
267 427
267 428
267 430
267 431
267 433
267 435
267 436
267 438
267 439
267 441
267 443
267 445
267 446
267 448
267 450
267 451
267 454
267 456
267 457
267 458
267 462
267 463
267 464
267 465
267 466
267 467
267 468
267 471
267 472
267 475
267 477
267 478
267 479
267 480
267 481
267 482
267 483
267 485
267 487
267 488
267 491
267 492
267 496
267 497
267 498
267 499
267 513
267 518
267 521
267 525
267 532
267 536
267 551
267 552
267 558
267 579
267 583
267 593
267 595
267 601
267 623
267 625
267 642
267 669
267 681
267 691
267 707
267 711
267 717
267 503
267 762
267 777
267 805
267 839
267 846
267 847
267 862
267 864
267 870
267 902
267 903
267 910
267 917
267 935
267 973
267 986
267 987
267 988
268 271
268 272
268 274
268 275
268 276
268 277
268 278
268 279
268 281
268 282
268 283
268 284
268 286
268 287
268 288
268 289
268 290
268 292
268 294
268 295
268 296
268 298
268 299
268 301
268 302
268 303
268 305
268 308
268 309
268 311
268 312
268 313
268 314
268 315
268 316
268 318
268 319
268 320
268 321
268 322
268 323
268 325
268 326
268 327
268 329
268 331
268 333
268 335
268 337
268 338
268 339
268 340
268 341
268 342
268 344
268 345
268 346
268 347
268 348
268 349
268 353
268 354
268 355
268 356
268 357
268 358
268 360
268 362
268 363
268 364
268 365
268 366
268 369
268 370
268 371
268 374
268 375
268 376
268 377
268 380
268 381
268 382
268 383
268 384
268 385
268 392
268 393
268 394
268 395
268 396
268 397
268 398
268 399
268 401
268 402
268 403
268 404
268 405
268 406
268 407
268 408
268 409
268 410
268 411
268 412
268 414
268 416
268 418
268 419
268 423
268 424
268 425
268 427
268 428
268 429
268 431
268 434
268 435
268 436
268 438
268 441
268 442
268 443
268 444
268 449
268 451
268 452
268 453
268 454
268 456
268 457
268 459
268 460
268 461
268 462
268 466
268 468
268 470
268 471
268 472
268 474
268 475
268 476
268 477
268 479
268 480
268 481
268 482
268 485
268 486
268 487
268 488
268 490
268 491
268 492
268 493
268 494
268 495
268 499
268 521
268 536
268 558
268 571
268 573
268 577
268 588
268 589
268 590
268 595
268 598
268 601
268 609
268 616
268 619
268 634
268 646
268 648
268 650
268 659
268 668
268 696
268 698
268 700
268 705
268 706
268 720
268 737
268 744
268 508
268 755
268 757
268 771
268 790
268 798
268 804
268 811
268 835
268 841
268 848
268 851
268 852
268 879
268 891
268 903
268 908
268 939
268 943
268 944
268 960
268 967
268 971
268 973
268 983
268 992
268 993
269 270
269 272
269 273
269 274
269 275
269 276
269 278
269 279
269 280
269 281
269 282
269 283
269 284
269 286
269 287
269 288
269 291
269 293
269 294
269 296
269 298
269 299
269 301
269 302
269 303
269 305
269 306
269 307
269 308
269 309
269 310
269 311
269 312
269 314
269 316
269 318
269 320
269 322
269 324
269 325
269 326
269 327
269 328
269 330
269 331
269 332
269 333
269 334
269 335
269 337
269 338
269 339
269 340
269 341
269 342
269 343
269 344
269 345
269 346
269 347
269 349
269 350
269 351
269 352
269 353
269 356
269 360
269 362
269 364
269 365
269 366
269 367
269 368
269 371
269 372
269 373
269 374
269 375
269 377
269 378
269 379
269 380
269 381
269 382
269 384
269 385
269 386
269 388
269 390
269 392
269 394
269 395
269 397
269 399
269 401
269 403
269 404
269 405
269 406
269 407
269 408
269 409
269 410
269 413
269 414
269 416
269 417
269 418
269 419
269 420
269 421
269 422
269 423
269 424
269 426
269 427
269 428
269 429
269 431
269 434
269 435
269 436
269 437
269 438
269 439
269 440
269 441
269 442
269 444
269 445
269 447
269 448
269 449
269 450
269 451
269 452
269 453
269 454
269 456
269 457
269 458
269 459
269 460
269 461
269 462
269 463
269 466
269 467
269 468
269 471
269 476
269 477
269 480
269 481
269 482
269 483
269 484
269 486
269 489
269 490
269 491
269 492
269 493
269 494
269 496
269 497
269 499
269 517
269 523
269 529
269 538
269 542
269 552
269 557
269 580
269 588
269 597
269 609
269 610
269 627
269 631
269 632
269 634
269 645
269 649
269 676
269 689
269 691
269 696
269 702
269 712
269 723
269 502
269 503
269 504
269 509
269 511
269 754
269 763
269 767
269 771
269 775
269 779
269 785
269 791
269 802
269 813
269 815
269 818
269 827
269 830
269 840
269 849
269 885
269 933
269 934
269 936
269 951
269 965
269 977
269 980
270 271
270 272
270 273
270 275
270 276
270 278
270 280
270 281
270 282
270 283
270 284
270 286
270 287
270 288
270 290
270 292
270 293
270 294
270 296
270 299
270 300
270 301
270 302
270 304
270 305
270 306
270 309
270 311
270 312
270 315
270 316
270 317
270 318
270 319
270 320
270 322
270 324
270 325
270 326
270 330
270 331
270 332
270 333
270 335
270 336
270 337
270 338
270 340
270 341
270 344
270 345
270 349
270 350
270 351
270 352
270 357
270 358
270 361
270 362
270 363
270 364
270 369
270 370
270 372
270 375
270 378
270 381
270 382
270 383
270 384
270 385
270 388
270 389
270 390
270 391
270 392
270 393
270 395
270 396
270 397
270 398
270 399
270 401
270 402
270 403
270 404
270 405
270 406
270 407
270 409
270 410
270 411
270 412
270 413
270 416
270 417
270 418
270 420
270 421
270 422
270 423
270 424
270 425
270 426
270 430
270 432
270 433
270 438
270 442
270 444
270 445
270 446
270 447
270 448
270 449
270 452
270 453
270 454
270 455
270 456
270 458
270 460
270 461
270 462
270 463
270 464
270 465
270 468
270 469
270 470
270 471
270 472
270 473
270 474
270 475
270 476
270 477
270 478
270 479
270 480
270 483
270 484
270 485
270 488
270 489
270 490
270 491
270 493
270 494
270 495
270 496
270 497
270 499
270 520
270 530
270 537
270 538
270 545
270 566
270 576
270 582
270 588
270 594
270 596
270 600
270 606
270 631
270 637
270 638
270 644
270 699
270 707
270 729
270 734
270 738
270 506
270 760
270 761
270 766
270 769
270 777
270 778
270 783
270 796
270 809
270 811
270 815
270 843
270 844
270 858
270 872
270 888
270 892
270 894
270 907
270 913
270 915
270 932
270 939
270 950
270 958
270 965
270 975
270 986
270 988
270 994
270 998
271 273
271 274
271 275
271 276
271 278
271 279
271 281
271 282
271 283
271 284
271 285
271 286
271 287
271 290
271 294
271 295
271 296
271 298
271 299
271 300
271 301
271 302
271 303
271 304
271 306
271 307
271 308
271 309
271 310
271 311
271 312
271 313
271 315
271 317
271 318
271 319
271 320
271 321
271 322
271 323
271 324
271 325
271 326
271 327
271 328
271 330
271 331
271 333
271 334
271 335
271 336
271 337
271 339
271 341
271 346
271 348
271 352
271 353
271 354
271 355
271 357
271 358
271 360
271 363
271 364
271 365
271 367
271 369
271 371
271 373
271 374
271 375
271 376
271 378
271 380
271 382
271 383
271 384
271 386
271 387
271 388
271 392
271 393
271 394
271 395
271 396
271 398
271 399
271 401
271 402
271 403
271 404
271 407
271 409
271 411
271 412
271 413
271 414
271 415
271 416
271 418
271 419
271 420
271 421
271 422
271 424
271 426
271 427
271 428
271 429
271 430
271 432
271 433
271 434
271 435
271 436
271 437
271 438
271 439
271 440
271 441
271 442
271 443
271 445
271 448
271 450
271 451
271 453
271 455
271 456
271 459
271 460
271 462
271 463
271 466
271 468
271 470
271 471
271 472
271 473
271 474
271 475
271 476
271 477
271 478
271 479
271 480
271 481
271 482
271 483
271 484
271 486
271 487
271 490
271 492
271 493
271 495
271 496
271 497
271 498
271 527
271 537
271 539
271 550
271 556
271 562
271 580
271 581
271 596
271 604
271 626
271 627
271 631
271 635
271 639
271 648
271 673
271 680
271 688
271 689
271 698
271 721
271 728
271 738
271 746
271 749
271 757
271 761
271 767
271 776
271 777
271 779
271 781
271 789
271 799
271 803
271 813
271 826
271 834
271 839
271 850
271 858
271 868
271 880
271 890
271 893
271 900
271 924
271 934
271 948
271 951
271 952
271 957
271 966
271 980
271 989
271 992
272 274
272 276
272 277
272 278
272 279
272 280
272 282
272 283
272 286
272 287
272 288
272 289
272 291
272 292
272 295
272 296
272 297
272 299
272 300
272 301
272 302
272 303
272 304
272 305
272 307
272 308
272 309
272 311
272 312
272 313
272 315
272 316
272 319
272 320
272 321
272 323
272 324
272 326
272 327
272 328
272 329
272 332
272 333
272 335
272 338
272 343
272 344
272 345
272 347
272 348
272 350
272 351
272 354
272 356
272 357
272 358
272 359
272 360
272 361
272 362
272 364
272 365
272 366
272 367
272 368
272 369
272 370
272 372
272 373
272 374
272 377
272 378
272 380
272 381
272 383
272 384
272 385
272 386
272 388
272 389
272 390
272 391
272 393
272 394
272 396
272 397
272 399
272 400
272 402
272 403
272 405
272 407
272 408
272 409
272 410
272 411
272 412
272 413
272 414
272 417
272 418
272 420
272 422
272 424
272 425
272 426
272 427
272 428
272 431
272 432
272 433
272 434
272 435
272 437
272 438
272 440
272 443
272 444
272 446
272 448
272 449
272 450
272 451
272 452
272 454
272 455
272 456
272 458
272 459
272 460
272 461
272 462
272 464
272 465
272 466
272 467
272 469
272 471
272 472
272 473
272 474
272 475
272 477
272 478
272 479
272 480
272 481
272 483
272 484
272 485
272 486
272 487
272 488
272 489
272 490
272 491
272 492
272 493
272 495
272 496
272 497
272 499
272 512
272 532
272 534
272 574
272 576
272 583
272 609
272 619
272 621
272 623
272 633
272 634
272 646
272 648
272 659
272 661
272 662
272 663
272 674
272 691
272 695
272 703
272 716
272 742
272 744
272 745
272 503
272 506
272 511
272 753
272 754
272 758
272 766
272 785
272 786
272 788
272 792
272 812
272 821
272 823
272 824
272 886
272 889
272 891
272 949
272 955
272 977
272 980
272 988
272 993
273 274
273 276
273 277
273 278
273 279
273 280
273 282
273 283
273 284
273 285
273 286
273 287
273 288
273 289
273 290
273 291
273 292
273 293
273 295
273 296
273 297
273 300
273 302
273 304
273 305
273 307
273 308
273 309
273 310
273 311
273 312
273 313
273 314
273 315
273 316
273 317
273 318
273 319
273 321
273 322
273 324
273 325
273 326
273 328
273 329
273 330
273 331
273 332
273 333
273 334
273 335
273 337
273 341
273 342
273 344
273 345
273 346
273 347
273 349
273 350
273 351
273 352
273 354
273 356
273 358
273 360
273 361
273 363
273 365
273 367
273 369
273 370
273 371
273 373
273 374
273 375
273 377
273 380
273 381
273 384
273 385
273 386
273 387
273 388
273 389
273 390
273 391
273 393
273 394
273 396
273 397
273 398
273 399
273 401
273 402
273 403
273 404
273 407
273 408
273 409
273 410
273 411
273 413
273 415
273 416
273 417
273 419
273 422
273 423
273 424
273 425
273 426
273 427
273 432
273 433
273 434
273 437
273 438
273 439
273 441
273 442
273 443
273 444
273 445
273 447
273 448
273 449
273 451
273 452
273 461
273 462
273 463
273 464
273 465
273 466
273 467
273 468
273 469
273 471
273 472
273 474
273 475
273 476
273 478
273 479
273 480
273 481
273 482
273 483
273 484
273 485
273 486
273 488
273 489
273 491
273 492
273 493
273 494
273 496
273 498
273 537
273 566
273 567
273 569
273 575
273 588
273 593
273 601
273 602
273 603
273 604
273 610
273 635
273 642
273 676
273 680
273 683
273 688
273 697
273 713
273 716
273 721
273 733
273 746
273 507
273 752
273 757
273 769
273 775
273 790
273 809
273 812
273 816
273 823
273 833
273 851
273 854
273 869
273 892
273 898
273 900
273 904
273 906
273 908
273 909
273 918
273 930
273 942
273 976
273 984
273 989
273 996
273 997
274 275
274 276
274 279
274 280
274 281
274 286
274 290
274 294
274 295
274 296
274 299
274 300
274 301
274 302
274 303
274 305
274 306
274 308
274 309
274 312
274 313
274 314
274 315
274 316
274 317
274 318
274 319
274 320
274 321
274 322
274 323
274 324
274 325
274 327
274 328
274 329
274 330
274 332
274 338
274 339
274 340
274 342
274 343
274 345
274 346
274 347
274 348
274 352
274 353
274 354
274 356
274 357
274 358
274 359
274 360
274 361
274 363
274 364
274 365
274 366
274 368
274 369
274 370
274 373
274 374
274 376
274 377
274 378
274 380
274 381
274 382
274 383
274 384
274 385
274 386
274 389
274 390
274 391
274 392
274 393
274 395
274 396
274 398
274 399
274 400
274 402
274 404
274 405
274 406
274 407
274 408
274 409
274 413
274 414
274 415
274 416
274 417
274 418
274 419
274 420
274 421
274 422
274 423
274 425
274 426
274 427
274 429
274 430
274 432
274 434
274 435
274 436
274 437
274 439
274 440
274 442
274 443
274 444
274 445
274 446
274 447
274 448
274 450
274 451
274 452
274 457
274 458
274 459
274 460
274 461
274 462
274 463
274 464
274 465
274 466
274 468
274 469
274 471
274 472
274 473
274 474
274 475
274 477
274 478
274 479
274 480
274 482
274 483
274 485
274 487
274 490
274 491
274 492
274 495
274 496
274 497
274 498
274 525
274 543
274 567
274 574
274 578
274 591
274 614
274 638
274 639
274 648
274 650
274 653
274 660
274 661
274 667
274 668
274 669
274 693
274 709
274 712
274 728
274 732
274 734
274 738
274 739
274 744
274 745
274 505
274 752
274 754
274 780
274 805
274 817
274 818
274 827
274 830
274 854
274 860
274 861
274 862
274 868
274 869
274 871
274 878
274 904
274 910
274 921
274 943
274 946
274 955
274 960
274 995
275 276
275 277
275 278
275 279
275 280
275 281
275 282
275 283
275 284
275 285
275 286
275 287
275 288
275 289
275 291
275 292
275 293
275 294
275 295
275 296
275 297
275 298
275 302
275 303
275 304
275 306
275 307
275 309
275 311
275 312
275 313
275 314
275 317
275 318
275 319
275 320
275 321
275 322
275 324
275 325
275 327
275 328
275 330
275 331
275 332
275 333
275 335
275 336
275 337
275 339
275 340
275 342
275 343
275 345
275 347
275 348
275 349
275 350
275 351
275 352
275 353
275 354
275 355
275 356
275 357
275 358
275 359
275 361
275 362
275 363
275 365
275 366
275 367
275 368
275 369
275 370
275 372
275 374
275 375
275 378
275 379
275 380
275 382
275 383
275 384
275 385
275 387
275 390
275 391
275 393
275 395
275 396
275 399
275 401
275 402
275 403
275 404
275 406
275 408
275 409
275 410
275 411
275 414
275 415
275 417
275 418
275 419
275 420
275 421
275 422
275 423
275 425
275 426
275 428
275 431
275 432
275 433
275 434
275 435
275 436
275 438
275 440
275 441
275 444
275 445
275 446
275 448
275 449
275 450
275 451
275 452
275 453
275 454
275 456
275 457
275 458
275 460
275 461
275 462
275 464
275 465
275 466
275 468
275 470
275 471
275 473
275 474
275 475
275 476
275 477
275 478
275 479
275 480
275 481
275 482
275 483
275 484
275 487
275 488
275 491
275 493
275 495
275 533
275 538
275 539
275 542
275 556
275 564
275 584
275 588
275 598
275 624
275 628
275 647
275 649
275 660
275 668
275 695
275 696
275 701
275 710
275 720
275 739
275 745
275 787
275 798
275 799
275 803
275 806
275 823
275 829
275 830
275 835
275 846
275 870
275 878
275 885
275 900
275 904
275 921
275 925
275 930
275 932
275 935
275 936
275 937
275 951
275 958
275 964
275 979
275 989
275 995
275 996
275 997
276 278
276 280
276 281
276 282
276 283
276 284
276 285
276 286
276 288
276 289
276 290
276 291
276 292
276 295
276 296
276 297
276 299
276 300
276 301
276 303
276 305
276 307
276 308
276 309
276 313
276 316
276 317
276 320
276 321
276 323
276 327
276 328
276 329
276 331
276 332
276 334
276 335
276 336
276 337
276 338
276 339
276 340
276 342
276 344
276 345
276 346
276 349
276 350
276 351
276 352
276 353
276 354
276 355
276 357
276 358
276 359
276 360
276 361
276 362
276 365
276 366
276 367
276 368
276 371
276 372
276 373
276 374
276 377
276 378
276 380
276 383
276 384
276 385
276 386
276 387
276 389
276 393
276 394
276 395
276 396
276 397
276 399
276 400
276 402
276 403
276 404
276 405
276 406
276 407
276 409
276 411
276 413
276 414
276 418
276 419
276 420
276 421
276 423
276 424
276 425
276 426
276 427
276 429
276 430
276 431
276 433
276 434
276 435
276 437
276 439
276 440
276 441
276 443
276 446
276 447
276 448
276 449
276 450
276 451
276 453
276 454
276 456
276 457
276 459
276 460
276 461
276 462
276 464
276 467
276 469
276 472
276 473
276 474
276 475
276 476
276 477
276 478
276 480
276 481
276 482
276 483
276 484
276 486
276 488
276 490
276 491
276 493
276 494
276 495
276 496
276 497
276 498
276 499
276 512
276 520
276 528
276 531
276 551
276 576
276 610
276 614
276 637
276 643
276 650
276 656
276 669
276 673
276 675
276 683
276 689
276 707
276 714
276 716
276 502
276 750
276 752
276 759
276 773
276 774
276 783
276 785
276 795
276 803
276 811
276 824
276 830
276 834
276 857
276 871
276 883
276 900
276 901
276 908
276 930
276 932
276 955
276 959
276 976
276 984
276 996
277 278
277 279
277 280
277 281
277 282
277 283
277 284
277 285
277 286
277 287
277 290
277 291
277 293
277 295
277 296
277 298
277 299
277 300
277 302
277 303
277 305
277 306
277 307
277 308
277 309
277 310
277 311
277 312
277 314
277 316
277 317
277 318
277 319
277 320
277 321
277 323
277 324
277 325
277 326
277 328
277 331
277 332
277 334
277 335
277 336
277 337
277 338
277 339
277 340
277 341
277 344
277 345
277 347
277 349
277 351
277 353
277 354
277 355
277 360
277 362
277 363
277 364
277 365
277 366
277 367
277 368
277 369
277 370
277 372
277 373
277 374
277 375
277 377
277 378
277 379
277 380
277 382
277 383
277 386
277 390
277 391
277 392
277 393
277 394
277 397
277 401
277 402
277 403
277 405
277 406
277 407
277 408
277 409
277 411
277 412
277 413
277 415
277 416
277 417
277 418
277 419
277 421
277 422
277 423
277 424
277 425
277 427
277 428
277 429
277 431
277 433
277 434
277 437
277 439
277 441
277 442
277 443
277 447
277 448
277 449
277 450
277 451
277 452
277 454
277 456
277 458
277 459
277 460
277 461
277 462
277 465
277 466
277 468
277 469
277 471
277 472
277 473
277 475
277 476
277 477
277 478
277 480
277 481
277 483
277 484
277 485
277 488
277 490
277 491
277 492
277 493
277 494
277 497
277 498
277 499
277 524
277 529
277 543
277 552
277 569
277 575
277 584
277 586
277 595
277 599
277 608
277 609
277 611
277 665
277 668
277 670
277 674
277 675
277 676
277 678
277 688
277 691
277 693
277 720
277 741
277 742
277 502
277 775
277 786
277 791
277 803
277 810
277 811
277 823
277 859
277 869
277 870
277 887
277 892
277 905
277 917
277 920
277 922
277 941
277 945
277 948
277 954
277 958
277 960
277 962
277 969
277 982
277 986
278 279
278 280
278 281
278 283
278 285
278 289
278 290
278 291
278 292
278 293
278 296
278 297
278 298
278 299
278 301
278 303
278 304
278 305
278 306
278 307
278 308
278 309
278 310
278 311
278 312
278 313
278 314
278 315
278 316
278 317
278 318
278 321
278 322
278 323
278 324
278 327
278 328
278 330
278 331
278 334
278 336
278 337
278 338
278 339
278 340
278 341
278 342
278 346
278 347
278 348
278 349
278 350
278 352
278 357
278 358
278 360
278 361
278 362
278 365
278 366
278 368
278 370
278 371
278 372
278 373
278 374
278 375
278 376
278 377
278 378
278 380
278 383
278 385
278 387
278 393
278 394
278 395
278 397
278 398
278 399
278 400
278 401
278 402
278 403
278 404
278 406
278 408
278 411
278 412
278 413
278 414
278 415
278 418
278 420
278 421
278 422
278 423
278 424
278 425
278 426
278 427
278 429
278 430
278 431
278 434
278 435
278 437
278 438
278 439
278 440
278 442
278 443
278 444
278 445
278 447
278 448
278 449
278 451
278 452
278 453
278 454
278 456
278 460
278 461
278 462
278 464
278 467
278 468
278 469
278 470
278 471
278 472
278 475
278 476
278 477
278 478
278 480
278 482
278 483
278 484
278 485
278 486
278 487
278 489
278 490
278 491
278 492
278 493
278 494
278 495
278 498
278 512
278 519
278 521
278 538
278 550
278 551
278 559
278 566
278 589
278 593
278 604
278 627
278 653
278 691
278 695
278 711
278 720
278 731
278 734
278 744
278 504
278 505
278 752
278 758
278 764
278 768
278 786
278 791
278 798
278 824
278 843
278 859
278 868
278 874
278 878
278 884
278 886
278 904
278 911
278 919
278 925
278 927
278 934
278 954
278 969
278 971
278 985
278 986
278 999
279 282
279 284
279 286
279 288
279 289
279 291
279 292
279 293
279 296
279 297
279 298
279 299
279 300
279 301
279 302
279 303
279 305
279 306
279 307
279 310
279 311
279 312
279 313
279 316
279 317
279 318
279 319
279 322
279 323
279 324
279 325
279 327
279 328
279 329
279 334
279 335
279 336
279 338
279 339
279 340
279 341
279 342
279 345
279 346
279 349
279 352
279 353
279 357
279 358
279 359
279 360
279 361
279 362
279 363
279 364
279 365
279 366
279 367
279 370
279 373
279 377
279 378
279 379
279 380
279 381
279 382
279 383
279 384
279 385
279 386
279 390
279 391
279 394
279 396
279 398
279 400
279 401
279 402
279 403
279 405
279 406
279 407
279 408
279 409
279 412
279 413
279 414
279 415
279 416
279 417
279 418
279 422
279 423
279 424
279 425
279 426
279 427
279 429
279 430
279 431
279 432
279 433
279 434
279 435
279 436
279 438
279 444
279 446
279 447
279 449
279 452
279 454
279 455
279 457
279 458
279 460
279 461
279 462
279 464
279 465
279 466
279 467
279 468
279 472
279 473
279 475
279 478
279 479
279 482
279 483
279 484
279 486
279 487
279 489
279 490
279 492
279 493
279 494
279 495
279 496
279 497
279 498
279 499
279 514
279 546
279 552
279 569
279 575
279 588
279 592
279 594
279 598
279 603
279 607
279 614
279 629
279 672
279 674
279 676
279 677
279 685
279 689
279 691
279 699
279 702
279 704
279 706
279 715
279 727
279 504
279 763
279 769
279 780
279 782
279 783
279 788
279 789
279 791
279 799
279 801
279 802
279 817
279 818
279 820
279 828
279 850
279 857
279 864
279 866
279 875
279 889
279 891
279 898
279 907
279 919
279 923
279 937
279 940
279 969
279 981
279 986
279 996
279 999
280 282
280 283
280 285
280 286
280 288
280 289
280 290
280 293
280 294
280 295
280 296
280 297
280 298
280 301
280 302
280 303
280 304
280 305
280 307
280 308
280 310
280 312
280 313
280 314
280 316
280 317
280 318
280 319
280 324
280 327
280 328
280 329
280 330
280 331
280 332
280 333
280 335
280 336
280 337
280 338
280 339
280 340
280 341
280 342
280 343
280 344
280 345
280 346
280 347
280 348
280 350
280 351
280 352
280 353
280 354
280 355
280 357
280 358
280 359
280 360
280 362
280 364
280 365
280 366
280 369
280 370
280 372
280 373
280 374
280 375
280 376
280 377
280 378
280 379
280 381
280 383
280 384
280 385
280 386
280 387
280 388
280 389
280 390
280 391
280 392
280 393
280 394
280 395
280 397
280 398
280 399
280 400
280 403
280 404
280 405
280 406
280 407
280 408
280 409
280 411
280 412
280 413
280 414
280 415
280 417
280 418
280 420
280 422
280 423
280 424
280 425
280 426
280 427
280 430
280 431
280 432
280 433
280 434
280 435
280 436
280 439
280 440
280 442
280 443
280 444
280 445
280 446
280 447
280 448
280 449
280 451
280 452
280 454
280 456
280 457
280 460
280 462
280 463
280 464
280 466
280 468
280 469
280 470
280 471
280 472
280 473
280 474
280 477
280 478
280 479
280 481
280 482
280 485
280 487
280 488
280 490
280 491
280 492
280 493
280 496
280 497
280 498
280 499
280 521
280 523
280 528
280 538
280 540
280 569
280 570
280 571
280 577
280 596
280 620
280 629
280 632
280 633
280 639
280 641
280 649
280 654
280 670
280 674
280 679
280 689
280 698
280 700
280 726
280 780
280 800
280 802
280 806
280 816
280 861
280 870
280 902
280 908
280 924
280 939
280 941
280 957
280 960
280 968
280 970
281 282
281 283
281 284
281 285
281 287
281 288
281 290
281 291
281 292
281 294
281 295
281 296
281 297
281 298
281 300
281 301
281 302
281 303
281 305
281 306
281 307
281 308
281 309
281 310
281 311
281 312
281 313
281 315
281 316
281 317
281 318
281 319
281 320
281 321
281 322
281 323
281 324
281 325
281 327
281 328
281 331
281 332
281 333
281 335
281 336
281 337
281 338
281 339
281 341
281 342
281 343
281 344
281 346
281 349
281 350
281 351
281 352
281 353
281 354
281 355
281 356
281 359
281 360
281 361
281 363
281 364
281 366
281 367
281 368
281 372
281 373
281 374
281 375
281 377
281 379
281 380
281 381
281 383
281 384
281 388
281 389
281 393
281 394
281 395
281 396
281 397
281 398
281 399
281 401
281 402
281 404
281 405
281 406
281 407
281 408
281 410
281 411
281 412
281 413
281 415
281 416
281 417
281 418
281 421
281 423
281 424
281 426
281 427
281 428
281 429
281 430
281 432
281 433
281 435
281 436
281 437
281 439
281 441
281 442
281 443
281 444
281 445
281 446
281 447
281 448
281 454
281 455
281 457
281 458
281 459
281 460
281 463
281 464
281 465
281 466
281 467
281 469
281 470
281 471
281 472
281 474
281 475
281 478
281 480
281 481
281 482
281 484
281 485
281 486
281 487
281 488
281 489
281 490
281 491
281 492
281 493
281 494
281 495
281 496
281 498
281 499
281 526
281 528
281 553
281 560
281 564
281 577
281 582
281 600
281 604
281 609
281 611
281 612
281 619
281 623
281 625
281 626
281 632
281 634
281 645
281 660
281 667
281 668
281 672
281 683
281 709
281 711
281 712
281 730
281 742
281 503
281 504
281 754
281 768
281 771
281 781
281 794
281 819
281 827
281 844
281 849
281 857
281 878
281 895
281 917
281 922
281 960
281 964
281 972
281 999
282 283
282 284
282 288
282 289
282 291
282 292
282 293
282 295
282 296
282 298
282 299
282 301
282 302
282 303
282 304
282 306
282 307
282 308
282 310
282 312
282 314
282 315
282 317
282 318
282 321
282 324
282 325
282 326
282 327
282 328
282 329
282 330
282 331
282 333
282 335
282 336
282 337
282 339
282 340
282 341
282 343
282 344
282 345
282 347
282 348
282 350
282 352
282 353
282 354
282 356
282 360
282 362
282 363
282 364
282 365
282 366
282 369
282 370
282 371
282 372
282 373
282 374
282 376
282 377
282 378
282 379
282 381
282 382
282 383
282 385
282 386
282 388
282 389
282 390
282 391
282 394
282 395
282 396
282 397
282 398
282 399
282 401
282 402
282 403
282 405
282 407
282 409
282 410
282 411
282 412
282 413
282 414
282 416
282 418
282 419
282 420
282 422
282 423
282 424
282 425
282 427
282 428
282 429
282 430
282 431
282 433
282 434
282 436
282 439
282 440
282 441
282 444
282 445
282 446
282 448
282 449
282 450
282 454
282 455
282 456
282 457
282 459
282 460
282 462
282 464
282 465
282 468
282 471
282 475
282 477
282 479
282 480
282 483
282 484
282 486
282 487
282 488
282 490
282 492
282 493
282 494
282 495
282 499
282 514
282 518
282 520
282 527
282 535
282 541
282 549
282 555
282 556
282 558
282 573
282 577
282 578
282 585
282 591
282 597
282 599
282 637
282 659
282 669
282 674
282 677
282 686
282 689
282 693
282 706
282 712
282 718
282 735
282 773
282 775
282 789
282 792
282 798
282 804
282 813
282 818
282 821
282 831
282 840
282 845
282 861
282 867
282 872
282 889
282 898
282 908
282 919
282 920
282 936
282 941
282 944
282 955
282 960
282 963
282 968
282 975
282 977
282 981
282 993
282 996
283 284
283 285
283 286
283 287
283 288
283 289
283 290
283 291
283 292
283 293
283 294
283 295
283 296
283 298
283 299
283 300
283 301
283 302
283 303
283 304
283 305
283 306
283 307
283 308
283 309
283 310
283 311
283 312
283 313
283 314
283 316
283 317
283 318
283 319
283 320
283 321
283 323
283 324
283 325
283 326
283 328
283 331
283 332
283 333
283 335
283 337
283 338
283 339
283 340
283 341
283 342
283 344
283 346
283 347
283 349
283 350
283 351
283 352
283 353
283 354
283 355
283 356
283 357
283 358
283 359
283 360
283 361
283 365
283 366
283 367
283 368
283 369
283 370
283 371
283 372
283 373
283 374
283 376
283 378
283 379
283 380
283 382
283 383
283 384
283 385
283 386
283 387
283 388
283 391
283 392
283 393
283 394
283 395
283 396
283 397
283 399
283 400
283 401
283 402
283 403
283 405
283 406
283 407
283 408
283 412
283 413
283 414
283 415
283 416
283 418
283 420
283 423
283 424
283 425
283 426
283 427
283 428
283 430
283 432
283 433
283 434
283 436
283 438
283 439
283 440
283 442
283 444
283 445
283 446
283 447
283 448
283 450
283 451
283 452
283 453
283 454
283 455
283 456
283 457
283 458
283 459
283 462
283 463
283 464
283 466
283 468
283 469
283 470
283 471
283 472
283 475
283 476
283 478
283 481
283 482
283 483
283 484
283 486
283 487
283 488
283 489
283 490
283 492
283 493
283 494
283 495
283 496
283 497
283 498
283 499
283 516
283 521
283 522
283 527
283 536
283 547
283 558
283 575
283 585
283 602
283 606
283 607
283 615
283 619
283 621
283 646
283 657
283 658
283 662
283 668
283 674
283 681
283 711
283 713
283 721
283 723
283 743
283 752
283 757
283 759
283 761
283 775
283 798
283 801
283 812
283 815
283 836
283 838
283 842
283 844
283 850
283 861
283 867
283 873
283 879
283 885
283 887
283 919
283 933
283 934
283 940
283 943
283 956
283 960
283 967
283 969
283 974
283 975
283 978
283 999
284 285
284 286
284 288
284 291
284 292
284 293
284 294
284 295
284 296
284 297
284 298
284 299
284 300
284 301
284 302
284 303
284 304
284 305
284 306
284 307
284 308
284 310
284 313
284 314
284 315
284 317
284 319
284 321
284 323
284 324
284 326
284 327
284 328
284 330
284 331
284 332
284 334
284 336
284 337
284 339
284 340
284 343
284 344
284 345
284 347
284 351
284 354
284 355
284 356
284 357
284 359
284 360
284 364
284 365
284 366
284 367
284 369
284 371
284 372
284 374
284 375
284 376
284 377
284 378
284 379
284 380
284 381
284 383
284 384
284 385
284 386
284 387
284 388
284 391
284 392
284 393
284 394
284 395
284 396
284 397
284 398
284 399
284 401
284 402
284 404
284 407
284 408
284 410
284 411
284 413
284 414
284 415
284 416
284 419
284 420
284 421
284 422
284 423
284 424
284 425
284 426
284 427
284 429
284 430
284 431
284 435
284 437
284 439
284 440
284 441
284 442
284 443
284 444
284 445
284 448
284 449
284 450
284 452
284 453
284 454
284 455
284 456
284 459
284 461
284 462
284 466
284 467
284 468
284 469
284 470
284 473
284 474
284 475
284 476
284 477
284 478
284 479
284 481
284 483
284 484
284 486
284 487
284 488
284 489
284 490
284 491
284 493
284 494
284 495
284 496
284 497
284 513
284 520
284 521
284 526
284 541
284 542
284 567
284 568
284 580
284 581
284 583
284 587
284 590
284 595
284 603
284 612
284 616
284 630
284 649
284 652
284 669
284 698
284 700
284 703
284 705
284 710
284 720
284 739
284 744
284 501
284 752
284 755
284 758
284 765
284 775
284 781
284 783
284 790
284 792
284 804
284 806
284 808
284 811
284 814
284 820
284 823
284 826
284 870
284 876
284 899
284 902
284 926
284 950
284 951
284 964
284 972
284 973
284 992
285 288
285 290
285 296
285 297
285 298
285 299
285 301
285 302
285 305
285 307
285 308
285 309
285 310
285 311
285 312
285 313
285 315
285 316
285 318
285 319
285 320
285 321
285 322
285 323
285 324
285 325
285 326
285 327
285 328
285 329
285 330
285 331
285 333
285 334
285 335
285 337
285 338
285 339
285 340
285 342
285 343
285 346
285 348
285 351
285 353
285 354
285 356
285 358
285 359
285 360
285 361
285 362
285 364
285 367
285 369
285 370
285 372
285 375
285 376
285 377
285 378
285 379
285 381
285 382
285 383
285 384
285 385
285 386
285 387
285 388
285 389
285 390
285 391
285 392
285 393
285 394
285 396
285 397
285 398
285 399
285 400
285 401
285 402
285 405
285 406
285 410
285 411
285 412
285 413
285 414
285 415
285 416
285 417
285 418
285 420
285 421
285 422
285 423
285 424
285 425
285 426
285 427
285 428
285 429
285 430
285 435
285 436
285 438
285 439
285 440
285 441
285 446
285 447
285 448
285 450
285 451
285 452
285 454
285 455
285 456
285 457
285 459
285 460
285 461
285 462
285 463
285 464
285 466
285 467
285 468
285 469
285 470
285 471
285 472
285 473
285 476
285 478
285 479
285 480
285 481
285 482
285 483
285 484
285 486
285 488
285 489
285 493
285 494
285 496
285 497
285 498
285 515
285 518
285 550
285 556
285 559
285 623
285 634
285 648
285 658
285 672
285 684
285 690
285 702
285 703
285 707
285 726
285 738
285 739
285 746
285 503
285 506
285 755
285 756
285 758
285 774
285 781
285 833
285 835
285 842
285 877
285 880
285 890
285 892
285 895
285 909
285 916
285 918
285 924
285 929
285 936
285 944
285 957
285 988
285 993
286 287
286 289
286 291
286 293
286 295
286 296
286 298
286 299
286 300
286 301
286 306
286 307
286 308
286 309
286 310
286 311
286 312
286 313
286 314
286 315
286 317
286 319
286 320
286 321
286 322
286 323
286 324
286 328
286 329
286 332
286 333
286 335
286 336
286 337
286 338
286 339
286 340
286 341
286 342
286 343
286 344
286 345
286 347
286 350
286 353
286 354
286 355
286 356
286 357
286 359
286 361
286 364
286 365
286 366
286 367
286 368
286 369
286 370
286 371
286 372
286 373
286 374
286 375
286 376
286 377
286 380
286 381
286 384
286 385
286 387
286 388
286 390
286 391
286 392
286 393
286 394
286 395
286 397
286 398
286 399
286 401
286 404
286 405
286 407
286 408
286 409
286 410
286 411
286 412
286 414
286 415
286 416
286 417
286 418
286 419
286 422
286 425
286 426
286 427
286 429
286 430
286 431
286 432
286 433
286 434
286 435
286 436
286 437
286 438
286 440
286 441
286 442
286 445
286 446
286 451
286 452
286 453
286 454
286 455
286 456
286 457
286 465
286 466
286 467
286 469
286 470
286 471
286 472
286 475
286 476
286 477
286 479
286 481
286 483
286 485
286 486
286 487
286 489
286 490
286 492
286 493
286 494
286 498
286 523
286 530
286 539
286 540
286 550
286 553
286 594
286 604
286 624
286 637
286 639
286 651
286 663
286 668
286 680
286 693
286 706
286 716
286 734
286 749
286 511
286 768
286 775
286 789
286 792
286 796
286 813
286 847
286 865
286 875
286 887
286 918
286 920
286 934
286 936
286 940
286 944
286 952
286 966
286 968
286 972
286 999
287 288
287 289
287 290
287 291
287 292
287 293
287 295
287 297
287 298
287 299
287 300
287 301
287 303
287 304
287 305
287 306
287 308
287 309
287 311
287 312
287 313
287 314
287 315
287 316
287 317
287 318
287 321
287 322
287 325
287 326
287 327
287 329
287 330
287 331
287 332
287 334
287 335
287 336
287 338
287 339
287 340
287 341
287 342
287 344
287 347
287 348
287 349
287 351
287 352
287 354
287 356
287 357
287 359
287 360
287 361
287 362
287 364
287 365
287 366
287 367
287 369
287 370
287 371
287 372
287 373
287 375
287 376
287 377
287 379
287 380
287 382
287 383
287 384
287 385
287 386
287 387
287 388
287 390
287 391
287 393
287 394
287 395
287 396
287 397
287 398
287 400
287 401
287 402
287 403
287 404
287 405
287 406
287 407
287 408
287 409
287 410
287 413
287 414
287 415
287 416
287 417
287 419
287 420
287 421
287 422
287 423
287 426
287 427
287 429
287 430
287 432
287 435
287 436
287 437
287 438
287 439
287 440
287 445
287 446
287 447
287 448
287 449
287 450
287 452
287 454
287 457
287 459
287 461
287 462
287 464
287 465
287 467
287 470
287 471
287 472
287 473
287 474
287 476
287 479
287 480
287 481
287 482
287 483
287 484
287 486
287 487
287 488
287 489
287 490
287 491
287 492
287 493
287 494
287 495
287 497
287 498
287 499
287 542
287 552
287 553
287 556
287 570
287 575
287 578
287 588
287 589
287 592
287 598
287 615
287 620
287 625
287 636
287 641
287 653
287 664
287 666
287 670
287 676
287 678
287 683
287 694
287 710
287 722
287 732
287 736
287 739
287 500
287 502
287 509
287 752
287 766
287 769
287 779
287 782
287 785
287 821
287 829
287 832
287 834
287 849
287 862
287 877
287 889
287 898
287 902
287 909
287 921
287 930
287 931
287 943
287 952
287 954
287 973
287 977
287 985
287 986
287 997
287 998
288 291
288 292
288 293
288 294
288 295
288 297
288 299
288 302
288 303
288 304
288 305
288 307
288 308
288 309
288 310
288 311
288 312
288 316
288 317
288 318
288 319
288 323
288 325
288 327
288 331
288 332
288 333
288 334
288 335
288 336
288 337
288 338
288 339
288 340
288 342
288 344
288 345
288 346
288 347
288 348
288 349
288 351
288 352
288 355
288 357
288 359
288 362
288 365
288 368
288 369
288 370
288 371
288 372
288 373
288 374
288 375
288 376
288 380
288 381
288 383
288 384
288 385
288 386
288 387
288 388
288 389
288 390
288 391
288 392
288 396
288 397
288 398
288 401
288 402
288 403
288 405
288 406
288 407
288 408
288 410
288 412
288 414
288 415
288 416
288 418
288 420
288 421
288 422
288 423
288 425
288 427
288 428
288 430
288 431
288 432
288 433
288 434
288 435
288 439
288 440
288 442
288 443
288 444
288 445
288 446
288 448
288 449
288 453
288 456
288 458
288 459
288 460
288 461
288 463
288 464
288 465
288 466
288 468
288 469
288 471
288 472
288 473
288 474
288 475
288 476
288 477
288 478
288 480
288 482
288 483
288 487
288 489
288 491
288 494
288 495
288 497
288 498
288 545
288 562
288 563
288 575
288 604
288 605
288 627
288 630
288 646
288 649
288 660
288 661
288 668
288 719
288 734
288 742
288 743
288 777
288 790
288 794
288 801
288 802
288 808
288 810
288 812
288 815
288 822
288 842
288 846
288 868
288 873
288 874
288 887
288 896
288 907
288 909
288 922
288 942
288 943
288 952
288 959
288 972
288 977
288 986
289 290
289 291
289 292
289 293
289 294
289 295
289 297
289 298
289 299
289 301
289 303
289 305
289 306
289 307
289 308
289 309
289 311
289 312
289 313
289 314
289 318
289 319
289 320
289 322
289 327
289 328
289 330
289 332
289 333
289 334
289 335
289 336
289 338
289 339
289 341
289 342
289 343
289 344
289 346
289 348
289 349
289 350
289 351
289 353
289 354
289 355
289 356
289 358
289 361
289 362
289 363
289 365
289 366
289 368
289 371
289 372
289 373
289 375
289 378
289 380
289 381
289 382
289 383
289 385
289 388
289 389
289 390
289 391
289 392
289 395
289 396
289 397
289 399
289 401
289 402
289 403
289 404
289 405
289 406
289 407
289 408
289 409
289 410
289 411
289 412
289 413
289 414
289 416
289 417
289 418
289 419
289 420
289 421
289 422
289 425
289 426
289 427
289 429
289 431
289 432
289 433
289 434
289 436
289 439
289 440
289 441
289 442
289 444
289 445
289 446
289 447
289 448
289 449
289 452
289 454
289 455
289 456
289 458
289 459
289 460
289 461
289 462
289 463
289 464
289 468
289 469
289 470
289 471
289 472
289 475
289 476
289 477
289 478
289 479
289 480
289 481
289 482
289 484
289 486
289 488
289 489
289 490
289 491
289 493
289 494
289 495
289 499
289 515
289 518
289 525
289 533
289 545
289 570
289 580
289 584
289 594
289 600
289 603
289 609
289 610
289 611
289 612
289 613
289 621
289 627
289 630
289 636
289 646
289 649
289 660
289 679
289 683
289 697
289 703
289 715
289 718
289 719
289 724
289 728
289 732
289 505
289 757
289 764
289 767
289 774
289 778
289 780
289 791
289 795
289 798
289 809
289 826
289 827
289 830
289 856
289 876
289 878
289 897
289 901
289 906
289 924
289 937
289 944
289 949
289 958
289 960
289 961
290 291
290 293
290 294
290 295
290 296
290 297
290 298
290 299
290 300
290 302
290 306
290 310
290 311
290 313
290 314
290 315
290 319
290 320
290 321
290 322
290 323
290 324
290 325
290 326
290 327
290 329
290 330
290 331
290 332
290 333
290 334
290 336
290 337
290 339
290 340
290 341
290 342
290 343
290 345
290 346
290 347
290 348
290 349
290 351
290 352
290 353
290 354
290 356
290 359
290 360
290 362
290 363
290 364
290 366
290 371
290 372
290 373
290 374
290 375
290 376
290 378
290 381
290 382
290 383
290 384
290 385
290 386
290 387
290 388
290 392
290 394
290 395
290 396
290 400
290 401
290 403
290 404
290 405
290 406
290 407
290 408
290 409
290 412
290 415
290 416
290 417
290 420
290 421
290 422
290 423
290 424
290 425
290 428
290 429
290 430
290 431
290 435
290 436
290 438
290 440
290 441
290 442
290 443
290 444
290 446
290 447
290 448
290 449
290 450
290 451
290 452
290 453
290 454
290 455
290 456
290 457
290 459
290 461
290 464
290 465
290 466
290 469
290 470
290 471
290 472
290 473
290 477
290 479
290 481
290 482
290 483
290 484
290 486
290 487
290 489
290 490
290 491
290 492
290 493
290 494
290 495
290 496
290 498
290 523
290 525
290 529
290 532
290 542
290 548
290 553
290 565
290 576
290 586
290 589
290 590
290 602
290 604
290 628
290 650
290 651
290 652
290 666
290 677
290 678
290 700
290 708
290 716
290 717
290 719
290 726
290 728
290 745
290 500
290 753
290 756
290 767
290 775
290 782
290 816
290 826
290 830
290 833
290 841
290 862
290 877
290 878
290 881
290 882
290 890
290 893
290 894
290 920
290 925
290 949
290 969
290 982
290 992
291 292
291 295
291 296
291 297
291 299
291 300
291 301
291 303
291 306
291 307
291 309
291 311
291 312
291 313
291 314
291 315
291 316
291 320
291 321
291 323
291 324
291 325
291 326
291 327
291 328
291 330
291 333
291 334
291 335
291 336
291 337
291 338
291 341
291 342
291 343
291 344
291 345
291 346
291 347
291 348
291 350
291 352
291 353
291 354
291 356
291 357
291 358
291 359
291 361
291 362
291 365
291 366
291 367
291 368
291 369
291 370
291 371
291 372
291 374
291 376
291 377
291 379
291 381
291 383
291 385
291 386
291 387
291 388
291 389
291 391
291 393
291 394
291 396
291 398
291 399
291 400
291 402
291 403
291 404
291 405
291 407
291 408
291 409
291 411
291 412
291 414
291 416
291 417
291 418
291 420
291 421
291 422
291 424
291 425
291 427
291 428
291 429
291 430
291 432
291 435
291 438
291 440
291 441
291 445
291 446
291 448
291 449
291 451
291 453
291 454
291 457
291 458
291 459
291 460
291 462
291 464
291 465
291 466
291 468
291 471
291 472
291 473
291 474
291 476
291 477
291 478
291 479
291 480
291 481
291 483
291 484
291 485
291 486
291 487
291 488
291 489
291 490
291 492
291 493
291 494
291 495
291 496
291 498
291 499
291 517
291 534
291 545
291 548
291 560
291 574
291 579
291 593
291 598
291 599
291 607
291 613
291 615
291 623
291 678
291 683
291 688
291 694
291 696
291 706
291 726
291 730
291 735
291 504
291 754
291 763
291 771
291 797
291 798
291 799
291 806
291 818
291 819
291 824
291 827
291 839
291 847
291 859
291 886
291 896
291 904
291 922
291 930
291 947
291 959
291 964
291 973
291 995
291 996
292 298
292 299
292 301
292 302
292 303
292 304
292 305
292 306
292 307
292 308
292 310
292 311
292 312
292 313
292 315
292 316
292 319
292 320
292 321
292 322
292 324
292 325
292 326
292 327
292 329
292 330
292 332
292 333
292 334
292 335
292 336
292 337
292 338
292 339
292 340
292 344
292 345
292 346
292 347
292 349
292 350
292 351
292 354
292 356
292 357
292 358
292 359
292 360
292 363
292 364
292 365
292 366
292 370
292 371
292 372
292 373
292 377
292 378
292 379
292 380
292 381
292 383
292 384
292 388
292 389
292 391
292 392
292 394
292 395
292 396
292 397
292 400
292 401
292 402
292 404
292 405
292 406
292 407
292 408
292 409
292 410
292 412
292 413
292 415
292 416
292 417
292 419
292 421
292 422
292 423
292 424
292 426
292 428
292 430
292 433
292 437
292 438
292 440
292 441
292 442
292 446
292 452
292 453
292 454
292 455
292 456
292 459
292 461
292 462
292 467
292 468
292 469
292 470
292 471
292 473
292 475
292 476
292 477
292 482
292 484
292 485
292 486
292 487
292 488
292 489
292 491
292 492
292 493
292 494
292 497
292 498
292 499
292 512
292 534
292 540
292 551
292 552
292 554
292 573
292 575
292 603
292 613
292 618
292 621
292 625
292 643
292 652
292 660
292 667
292 699
292 701
292 702
292 711
292 714
292 731
292 737
292 747
292 500
292 506
292 509
292 760
292 776
292 778
292 784
292 800
292 843
292 865
292 901
292 911
292 921
292 955
292 967
292 970
292 971
292 974
292 989
292 998
293 294
293 295
293 296
293 297
293 298
293 299
293 300
293 302
293 305
293 306
293 308
293 309
293 310
293 311
293 312
293 314
293 315
293 317
293 318
293 319
293 320
293 321
293 324
293 326
293 327
293 329
293 330
293 332
293 333
293 334
293 335
293 336
293 337
293 339
293 340
293 341
293 342
293 345
293 346
293 349
293 350
293 351
293 352
293 353
293 356
293 357
293 358
293 359
293 360
293 364
293 365
293 366
293 367
293 369
293 371
293 372
293 374
293 375
293 376
293 377
293 378
293 380
293 381
293 382
293 383
293 384
293 386
293 387
293 388
293 389
293 390
293 391
293 392
293 397
293 398
293 399
293 400
293 401
293 402
293 403
293 404
293 405
293 406
293 407
293 409
293 410
293 411
293 412
293 413
293 414
293 415
293 419
293 420
293 422
293 423
293 424
293 425
293 426
293 427
293 428
293 432
293 434
293 435
293 436
293 437
293 438
293 440
293 441
293 442
293 443
293 444
293 446
293 448
293 449
293 450
293 451
293 452
293 453
293 454
293 456
293 458
293 459
293 460
293 461
293 464
293 466
293 468
293 471
293 472
293 473
293 474
293 475
293 476
293 477
293 479
293 481
293 482
293 483
293 484
293 485
293 486
293 487
293 489
293 493
293 498
293 499
293 514
293 541
293 563
293 582
293 607
293 615
293 617
293 619
293 628
293 641
293 643
293 646
293 669
293 673
293 688
293 702
293 711
293 501
293 508
293 760
293 763
293 766
293 774
293 792
293 796
293 812
293 817
293 837
293 869
293 886
293 896
293 899
293 911
293 912
293 919
293 930
293 939
293 942
293 947
293 956
293 964
293 965
293 974
293 985
293 995
294 295
294 296
294 297
294 298
294 299
294 300
294 303
294 304
294 305
294 306
294 309
294 310
294 311
294 312
294 313
294 314
294 315
294 316
294 317
294 318
294 319
294 320
294 321
294 324
294 326
294 328
294 330
294 331
294 332
294 333
294 334
294 335
294 336
294 338
294 339
294 341
294 342
294 343
294 344
294 345
294 346
294 347
294 349
294 351
294 352
294 353
294 354
294 355
294 356
294 357
294 359
294 360
294 361
294 362
294 363
294 364
294 365
294 366
294 367
294 368
294 369
294 370
294 371
294 372
294 374
294 376
294 377
294 380
294 384
294 385
294 386
294 387
294 388
294 389
294 390
294 391
294 392
294 393
294 394
294 397
294 400
294 401
294 402
294 403
294 404
294 405
294 406
294 408
294 413
294 414
294 416
294 417
294 418
294 419
294 423
294 424
294 426
294 427
294 428
294 430
294 432
294 434
294 437
294 438
294 439
294 441
294 443
294 444
294 445
294 446
294 448
294 451
294 453
294 454
294 455
294 456
294 459
294 460
294 462
294 463
294 464
294 465
294 467
294 469
294 470
294 471
294 472
294 477
294 479
294 480
294 483
294 484
294 487
294 488
294 489
294 493
294 494
294 497
294 498
294 499
294 514
294 534
294 536
294 543
294 550
294 557
294 564
294 578
294 581
294 584
294 599
294 612
294 617
294 639
294 641
294 671
294 675
294 678
294 682
294 685
294 706
294 708
294 732
294 744
294 759
294 773
294 778
294 779
294 783
294 787
294 827
294 828
294 855
294 862
294 863
294 870
294 871
294 873
294 881
294 913
294 920
294 936
294 941
294 945
294 960
294 976
294 979
294 995
295 296
295 297
295 298
295 299
295 300
295 301
295 303
295 304
295 305
295 307
295 309
295 311
295 312
295 313
295 315
295 316
295 317
295 318
295 319
295 321
295 322
295 323
295 324
295 325
295 326
295 327
295 328
295 330
295 334
295 336
295 337
295 339
295 340
295 344
295 345
295 347
295 349
295 351
295 352
295 353
295 354
295 355
295 356
295 357
295 359
295 360
295 361
295 365
295 367
295 370
295 371
295 372
295 373
295 374
295 375
295 376
295 379
295 380
295 381
295 383
295 384
295 385
295 387
295 390
295 391
295 392
295 393
295 396
295 397
295 399
295 401
295 402
295 403
295 406
295 407
295 408
295 410
295 411
295 414
295 415
295 417
295 418
295 421
295 422
295 423
295 424
295 425
295 426
295 428
295 429
295 430
295 431
295 432
295 434
295 435
295 436
295 437
295 438
295 439
295 440
295 441
295 443
295 444
295 445
295 446
295 447
295 448
295 449
295 451
295 453
295 455
295 456
295 457
295 458
295 459
295 460
295 461
295 463
295 464
295 465
295 466
295 467
295 469
295 470
295 472
295 473
295 474
295 475
295 476
295 477
295 478
295 481
295 482
295 483
295 484
295 486
295 488
295 489
295 490
295 491
295 493
295 497
295 498
295 499
295 527
295 528
295 536
295 549
295 551
295 553
295 558
295 565
295 575
295 576
295 590
295 623
295 645
295 649
295 653
295 656
295 660
295 662
295 669
295 671
295 696
295 698
295 706
295 708
295 726
295 728
295 733
295 504
295 507
295 766
295 778
295 796
295 811
295 815
295 826
295 829
295 841
295 845
295 862
295 905
295 909
295 923
295 930
295 952
295 958
295 976
295 980
295 986
295 987
295 990
296 297
296 298
296 300
296 301
296 303
296 305
296 306
296 310
296 312
296 313
296 315
296 316
296 317
296 318
296 319
296 320
296 323
296 324
296 328
296 329
296 332
296 333
296 334
296 336
296 337
296 341
296 342
296 344
296 345
296 346
296 347
296 348
296 349
296 350
296 351
296 352
296 353
296 354
296 355
296 356
296 357
296 358
296 361
296 362
296 363
296 364
296 365
296 366
296 367
296 369
296 370
296 371
296 372
296 374
296 375
296 377
296 378
296 379
296 380
296 381
296 383
296 384
296 385
296 386
296 388
296 390
296 391
296 392
296 393
296 394
296 395
296 396
296 397
296 398
296 401
296 402
296 403
296 404
296 405
296 407
296 410
296 411
296 412
296 413
296 414
296 415
296 417
296 418
296 419
296 420
296 421
296 422
296 425
296 426
296 427
296 428
296 429
296 430
296 432
296 435
296 436
296 437
296 438
296 439
296 440
296 442
296 444
296 445
296 446
296 447
296 449
296 450
296 451
296 452
296 454
296 455
296 457
296 458
296 460
296 461
296 462
296 463
296 464
296 467
296 468
296 470
296 472
296 473
296 474
296 477
296 478
296 479
296 480
296 481
296 482
296 483
296 484
296 485
296 489
296 492
296 494
296 495
296 496
296 497
296 498
296 499
296 519
296 533
296 534
296 548
296 557
296 560
296 596
296 600
296 601
296 603
296 608
296 623
296 624
296 630
296 675
296 678
296 705
296 710
296 719
296 720
296 728
296 730
296 735
296 737
296 747
296 749
296 757
296 760
296 761
296 768
296 769
296 771
296 781
296 812
296 830
296 833
296 848
296 877
296 908
296 917
296 923
296 938
296 943
296 946
296 954
296 959
296 978
296 985
296 997
296 999
297 298
297 299
297 300
297 301
297 304
297 305
297 306
297 307
297 309
297 310
297 311
297 315
297 316
297 317
297 318
297 320
297 321
297 322
297 323
297 325
297 327
297 328
297 330
297 331
297 332
297 333
297 334
297 335
297 337
297 338
297 339
297 341
297 345
297 347
297 350
297 352
297 353
297 354
297 356
297 357
297 358
297 359
297 362
297 366
297 368
297 369
297 370
297 372
297 373
297 375
297 377
297 378
297 380
297 382
297 383
297 384
297 387
297 388
297 390
297 391
297 393
297 394
297 395
297 396
297 397
297 399
297 400
297 401
297 402
297 403
297 404
297 405
297 406
297 407
297 409
297 411
297 412
297 416
297 419
297 421
297 422
297 423
297 424
297 425
297 426
297 428
297 429
297 430
297 431
297 433
297 434
297 435
297 436
297 438
297 442
297 443
297 445
297 446
297 447
297 448
297 449
297 451
297 453
297 454
297 455
297 456
297 458
297 459
297 460
297 462
297 463
297 464
297 467
297 468
297 469
297 470
297 471
297 472
297 473
297 474
297 475
297 476
297 479
297 480
297 481
297 483
297 484
297 485
297 486
297 487
297 488
297 489
297 490
297 491
297 493
297 494
297 496
297 497
297 499
297 513
297 514
297 525
297 532
297 535
297 559
297 588
297 620
297 638
297 639
297 649
297 660
297 670
297 672
297 674
297 675
297 677
297 684
297 702
297 713
297 727
297 737
297 739
297 501
297 754
297 760
297 781
297 784
297 790
297 796
297 801
297 808
297 812
297 829
297 838
297 841
297 845
297 857
297 877
297 878
297 881
297 883
297 892
297 900
297 922
297 958
297 960
297 967
297 974
297 987
297 993
297 998
298 299
298 300
298 302
298 303
298 304
298 305
298 309
298 310
298 311
298 312
298 313
298 315
298 317
298 318
298 319
298 321
298 322
298 323
298 324
298 326
298 327
298 329
298 331
298 332
298 333
298 337
298 338
298 339
298 340
298 342
298 344
298 345
298 347
298 348
298 349
298 350
298 351
298 352
298 355
298 356
298 358
298 360
298 362
298 364
298 365
298 367
298 368
298 369
298 371
298 372
298 373
298 376
298 377
298 378
298 379
298 380
298 384
298 385
298 388
298 390
298 391
298 392
298 393
298 394
298 395
298 397
298 398
298 400
298 401
298 402
298 404
298 405
298 406
298 407
298 412
298 414
298 415
298 417
298 418
298 419
298 420
298 421
298 422
298 423
298 424
298 426
298 428
298 429
298 430
298 431
298 432
298 433
298 434
298 435
298 436
298 437
298 438
298 440
298 441
298 442
298 443
298 444
298 445
298 446
298 448
298 449
298 451
298 452
298 453
298 459
298 461
298 462
298 463
298 467
298 468
298 469
298 470
298 471
298 472
298 473
298 474
298 476
298 478
298 479
298 480
298 481
298 484
298 485
298 486
298 487
298 490
298 491
298 492
298 493
298 494
298 495
298 496
298 497
298 498
298 499
298 550
298 551
298 567
298 568
298 571
298 583
298 588
298 593
298 595
298 613
298 626
298 629
298 633
298 636
298 653
298 675
298 678
298 686
298 697
298 707
298 710
298 712
298 511
298 758
298 763
298 774
298 784
298 788
298 791
298 807
298 823
298 841
298 842
298 851
298 862
298 868
298 884
298 891
298 914
298 942
298 953
298 955
298 964
298 975
298 984
298 990
299 300
299 301
299 302
299 307
299 308
299 309
299 312
299 313
299 314
299 315
299 316
299 317
299 318
299 319
299 321
299 322
299 323
299 324
299 325
299 327
299 329
299 330
299 331
299 332
299 334
299 335
299 336
299 338
299 340
299 342
299 344
299 345
299 346
299 347
299 348
299 355
299 356
299 357
299 358
299 359
299 362
299 363
299 364
299 367
299 368
299 370
299 373
299 374
299 375
299 376
299 377
299 378
299 379
299 380
299 381
299 382
299 383
299 384
299 385
299 388
299 391
299 392
299 393
299 394
299 395
299 396
299 397
299 399
299 400
299 401
299 402
299 403
299 404
299 405
299 406
299 407
299 408
299 409
299 410
299 413
299 414
299 415
299 417
299 419
299 420
299 421
299 422
299 425
299 427
299 428
299 430
299 431
299 432
299 434
299 435
299 436
299 438
299 439
299 440
299 441
299 444
299 446
299 450
299 451
299 452
299 453
299 454
299 455
299 456
299 457
299 458
299 460
299 461
299 462
299 463
299 464
299 467
299 469
299 470
299 472
299 475
299 476
299 478
299 479
299 480
299 481
299 483
299 486
299 487
299 489
299 490
299 491
299 494
299 496
299 497
299 498
299 518
299 524
299 529
299 537
299 552
299 557
299 575
299 584
299 617
299 624
299 647
299 660
299 666
299 671
299 677
299 680
299 712
299 725
299 728
299 729
299 732
299 737
299 740
299 742
299 501
299 756
299 766
299 795
299 804
299 824
299 827
299 837
299 848
299 863
299 879
299 880
299 895
299 907
299 909
299 937
299 976
299 977
299 990
299 999
300 301
300 302
300 304
300 305
300 308
300 309
300 310
300 311
300 313
300 314
300 315
300 316
300 317
300 318
300 320
300 322
300 325
300 326
300 327
300 328
300 329
300 330
300 332
300 334
300 337
300 338
300 339
300 341
300 342
300 343
300 345
300 346
300 347
300 349
300 351
300 352
300 353
300 354
300 355
300 356
300 357
300 360
300 362
300 364
300 365
300 367
300 368
300 369
300 370
300 371
300 373
300 374
300 375
300 376
300 377
300 379
300 380
300 381
300 382
300 385
300 386
300 388
300 390
300 392
300 393
300 394
300 395
300 396
300 397
300 398
300 399
300 401
300 402
300 403
300 404
300 407
300 409
300 410
300 411
300 412
300 413
300 414
300 415
300 416
300 418
300 420
300 421
300 422
300 424
300 425
300 426
300 428
300 429
300 431
300 432
300 433
300 434
300 435
300 436
300 438
300 439
300 440
300 441
300 442
300 444
300 446
300 448
300 449
300 450
300 451
300 452
300 453
300 454
300 455
300 456
300 457
300 458
300 459
300 461
300 462
300 463
300 464
300 465
300 468
300 469
300 470
300 471
300 473
300 474
300 476
300 477
300 478
300 479
300 483
300 486
300 487
300 488
300 489
300 490
300 492
300 493
300 494
300 495
300 496
300 497
300 498
300 499
300 524
300 530
300 537
300 542
300 547
300 548
300 553
300 560
300 561
300 566
300 582
300 593
300 599
300 600
300 638
300 644
300 651
300 652
300 663
300 667
300 678
300 688
300 711
300 715
300 721
300 725
300 743
300 503
300 758
300 763
300 776
300 787
300 790
300 792
300 799
300 805
300 807
300 809
300 812
300 843
300 847
300 877
300 882
300 900
300 902
300 912
300 915
300 928
300 941
300 950
300 951
300 961
300 978
300 989
300 991
301 302
301 303
301 305
301 306
301 307
301 311
301 313
301 316
301 318
301 319
301 320
301 323
301 324
301 325
301 327
301 328
301 329
301 330
301 331
301 332
301 333
301 335
301 337
301 338
301 339
301 340
301 341
301 342
301 343
301 345
301 346
301 348
301 349
301 350
301 352
301 354
301 355
301 357
301 361
301 363
301 364
301 365
301 366
301 367
301 368
301 371
301 372
301 377
301 378
301 379
301 381
301 386
301 387
301 388
301 389
301 390
301 391
301 392
301 393
301 395
301 396
301 397
301 399
301 400
301 402
301 405
301 406
301 407
301 409
301 410
301 413
301 414
301 415
301 416
301 417
301 419
301 420
301 423
301 424
301 427
301 428
301 430
301 431
301 432
301 433
301 435
301 436
301 437
301 439
301 440
301 441
301 443
301 444
301 445
301 446
301 448
301 450
301 452
301 454
301 455
301 457
301 458
301 459
301 462
301 464
301 465
301 466
301 467
301 468
301 469
301 470
301 472
301 473
301 475
301 476
301 477
301 478
301 481
301 482
301 483
301 485
301 486
301 488
301 489
301 491
301 493
301 494
301 497
301 498
301 499
301 514
301 525
301 532
301 533
301 554
301 555
301 561
301 568
301 574
301 577
301 584
301 585
301 588
301 601
301 605
301 627
301 630
301 660
301 668
301 672
301 676
301 693
301 709
301 718
301 736
301 742
301 744
301 745
301 749
301 763
301 769
301 778
301 789
301 796
301 820
301 833
301 836
301 838
301 865
301 878
301 881
301 886
301 907
301 951
301 956
302 304
302 305
302 308
302 309
302 311
302 313
302 314
302 317
302 318
302 325
302 327
302 328
302 329
302 330
302 331
302 332
302 333
302 334
302 337
302 338
302 340
302 342
302 343
302 344
302 346
302 348
302 349
302 352
302 353
302 354
302 356
302 357
302 358
302 359
302 360
302 362
302 363
302 364
302 365
302 368
302 369
302 370
302 373
302 374
302 375
302 376
302 379
302 380
302 381
302 383
302 384
302 386
302 387
302 390
302 391
302 392
302 394
302 395
302 398
302 399
302 401
302 402
302 403
302 405
302 406
302 408
302 409
302 410
302 412
302 413
302 415
302 417
302 418
302 419
302 420
302 422
302 423
302 424
302 425
302 427
302 428
302 429
302 430
302 432
302 433
302 435
302 436
302 437
302 438
302 440
302 441
302 442
302 443
302 444
302 445
302 447
302 448
302 449
302 450
302 451
302 453
302 455
302 456
302 457
302 458
302 459
302 460
302 462
302 463
302 466
302 467
302 468
302 469
302 471
302 472
302 473
302 475
302 476
302 478
302 480
302 481
302 482
302 483
302 484
302 486
302 487
302 488
302 489
302 491
302 492
302 493
302 494
302 495
302 497
302 499
302 538
302 541
302 557
302 571
302 579
302 580
302 582
302 592
302 598
302 602
302 609
302 615
302 616
302 619
302 625
302 635
302 638
302 642
302 653
302 662
302 674
302 681
302 684
302 711
302 715
302 719
302 734
302 737
302 747
302 502
302 509
302 752
302 761
302 781
302 785
302 791
302 806
302 816
302 825
302 834
302 837
302 843
302 849
302 865
302 870
302 874
302 877
302 882
302 894
302 900
302 911
302 928
302 938
302 947
302 960
302 968
302 972
302 974
302 975
302 977
302 980
302 982
302 986
302 991
302 993
302 995
303 305
303 306
303 307
303 310
303 311
303 312
303 313
303 314
303 316
303 319
303 321
303 322
303 323
303 324
303 325
303 327
303 328
303 329
303 330
303 334
303 337
303 338
303 339
303 340
303 341
303 342
303 343
303 345
303 347
303 348
303 349
303 350
303 352
303 353
303 354
303 355
303 356
303 357
303 358
303 359
303 360
303 361
303 364
303 365
303 367
303 369
303 370
303 374
303 375
303 378
303 379
303 380
303 382
303 383
303 384
303 386
303 388
303 389
303 390
303 392
303 393
303 395
303 397
303 399
303 400
303 401
303 402
303 403
303 405
303 406
303 407
303 408
303 409
303 410
303 411
303 412
303 413
303 414
303 415
303 417
303 418
303 420
303 422
303 423
303 424
303 425
303 426
303 427
303 429
303 430
303 431
303 432
303 433
303 435
303 437
303 438
303 439
303 440
303 441
303 442
303 444
303 445
303 446
303 447
303 448
303 453
303 456
303 457
303 458
303 460
303 461
303 462
303 464
303 465
303 466
303 467
303 468
303 469
303 470
303 471
303 472
303 473
303 474
303 475
303 476
303 477
303 479
303 480
303 481
303 482
303 483
303 486
303 487
303 488
303 489
303 492
303 493
303 494
303 495
303 496
303 497
303 499
303 551
303 556
303 570
303 574
303 576
303 585
303 587
303 593
303 597
303 624
303 633
303 634
303 639
303 660
303 668
303 670
303 671
303 687
303 690
303 706
303 712
303 726
303 729
303 508
303 752
303 796
303 826
303 839
303 857
303 872
303 884
303 894
303 898
303 902
303 903
303 907
303 917
303 918
303 923
303 935
303 943
303 945
303 962
303 971
303 989
303 996
303 997
304 306
304 307
304 308
304 309
304 310
304 312
304 313
304 314
304 315
304 316
304 317
304 318
304 319
304 320
304 321
304 322
304 323
304 324
304 325
304 328
304 330
304 333
304 335
304 336
304 337
304 338
304 339
304 340
304 341
304 342
304 345
304 348
304 350
304 351
304 352
304 353
304 355
304 356
304 357
304 358
304 359
304 361
304 362
304 363
304 366
304 367
304 368
304 369
304 370
304 372
304 373
304 375
304 376
304 378
304 379
304 380
304 382
304 383
304 384
304 386
304 387
304 389
304 390
304 391
304 392
304 393
304 394
304 395
304 396
304 397
304 399
304 400
304 401
304 402
304 403
304 404
304 405
304 408
304 409
304 410
304 413
304 414
304 417
304 419
304 420
304 424
304 426
304 427
304 429
304 430
304 431
304 433
304 434
304 435
304 436
304 437
304 439
304 440
304 441
304 442
304 445
304 446
304 447
304 448
304 449
304 450
304 452
304 454
304 455
304 457
304 460
304 461
304 462
304 463
304 464
304 465
304 467
304 468
304 469
304 470
304 472
304 473
304 475
304 476
304 477
304 479
304 481
304 483
304 484
304 485
304 487
304 489
304 490
304 491
304 492
304 493
304 494
304 495
304 497
304 498
304 499
304 512
304 516
304 525
304 530
304 535
304 542
304 546
304 558
304 574
304 578
304 579
304 599
304 605
304 622
304 650
304 685
304 687
304 688
304 697
304 709
304 719
304 726
304 728
304 729
304 741
304 742
304 749
304 752
304 757
304 765
304 779
304 781
304 786
304 788
304 797
304 798
304 803
304 817
304 826
304 829
304 831
304 835
304 839
304 842
304 848
304 856
304 867
304 879
304 892
304 902
304 910
304 913
304 921
304 936
304 962
304 972
304 973
304 980
304 995
305 306
305 309
305 310
305 311
305 312
305 314
305 315
305 316
305 317
305 318
305 321
305 322
305 323
305 324
305 325
305 326
305 327
305 328
305 329
305 330
305 331
305 333
305 337
305 339
305 341
305 342
305 344
305 346
305 347
305 349
305 350
305 351
305 352
305 354
305 355
305 356
305 357
305 359
305 360
305 362
305 363
305 365
305 367
305 368
305 369
305 370
305 371
305 372
305 374
305 376
305 378
305 379
305 381
305 384
305 385
305 386
305 387
305 388
305 389
305 391
305 392
305 393
305 394
305 395
305 396
305 400
305 401
305 402
305 403
305 407
305 409
305 415
305 416
305 417
305 420
305 421
305 422
305 423
305 424
305 425
305 426
305 427
305 428
305 429
305 430
305 431
305 433
305 435
305 437
305 438
305 439
305 440
305 441
305 443
305 444
305 445
305 446
305 447
305 448
305 450
305 451
305 454
305 457
305 458
305 459
305 461
305 464
305 466
305 467
305 468
305 469
305 470
305 473
305 474
305 475
305 476
305 480
305 482
305 483
305 484
305 486
305 487
305 488
305 489
305 492
305 494
305 495
305 497
305 499
305 514
305 524
305 526
305 528
305 535
305 538
305 539
305 551
305 557
305 598
305 599
305 601
305 615
305 617
305 635
305 652
305 661
305 677
305 679
305 696
305 723
305 729
305 737
305 502
305 773
305 776
305 779
305 788
305 790
305 798
305 806
305 807
305 815
305 842
305 856
305 861
305 866
305 879
305 880
305 884
305 910
305 918
305 933
305 944
305 952
305 967
305 981
305 985
305 987
305 995
306 307
306 311
306 312
306 313
306 314
306 316
306 317
306 319
306 320
306 321
306 322
306 323
306 324
306 325
306 326
306 327
306 330
306 331
306 332
306 333
306 335
306 336
306 337
306 340
306 341
306 342
306 345
306 347
306 348
306 349
306 353
306 354
306 355
306 356
306 357
306 359
306 360
306 361
306 362
306 363
306 364
306 366
306 367
306 368
306 369
306 370
306 371
306 372
306 373
306 374
306 375
306 376
306 378
306 382
306 383
306 384
306 386
306 387
306 390
306 391
306 392
306 393
306 394
306 396
306 398
306 402
306 403
306 405
306 406
306 407
306 408
306 409
306 410
306 411
306 412
306 413
306 414
306 418
306 419
306 420
306 421
306 422
306 423
306 424
306 425
306 427
306 429
306 431
306 433
306 434
306 435
306 437
306 440
306 441
306 442
306 444
306 447
306 448
306 449
306 450
306 452
306 454
306 455
306 456
306 457
306 458
306 459
306 461
306 462
306 463
306 466
306 467
306 468
306 469
306 470
306 471
306 473
306 475
306 476
306 477
306 478
306 479
306 484
306 485
306 486
306 487
306 489
306 490
306 492
306 494
306 495
306 496
306 516
306 521
306 541
306 549
306 552
306 554
306 562
306 574
306 581
306 583
306 589
306 594
306 596
306 602
306 610
306 623
306 638
306 641
306 650
306 658
306 663
306 664
306 692
306 708
306 717
306 504
306 507
306 750
306 753
306 799
306 808
306 822
306 840
306 859
306 860
306 864
306 868
306 885
306 922
306 964
306 971
306 992
307 308
307 310
307 311
307 314
307 316
307 317
307 318
307 319
307 321
307 324
307 325
307 326
307 327
307 328
307 329
307 330
307 331
307 332
307 333
307 334
307 336
307 337
307 338
307 339
307 340
307 341
307 342
307 343
307 345
307 346
307 348
307 350
307 351
307 354
307 357
307 358
307 359
307 361
307 365
307 366
307 368
307 369
307 370
307 371
307 372
307 375
307 376
307 377
307 378
307 379
307 381
307 382
307 383
307 384
307 385
307 386
307 387
307 389
307 390
307 391
307 392
307 393
307 394
307 396
307 397
307 398
307 399
307 400
307 401
307 402
307 404
307 405
307 406
307 407
307 408
307 410
307 411
307 413
307 414
307 415
307 416
307 417
307 418
307 419
307 420
307 421
307 424
307 425
307 428
307 430
307 431
307 432
307 433
307 434
307 435
307 436
307 437
307 438
307 439
307 440
307 441
307 443
307 444
307 446
307 447
307 448
307 449
307 451
307 453
307 454
307 455
307 456
307 457
307 458
307 460
307 463
307 464
307 467
307 468
307 469
307 471
307 472
307 473
307 474
307 476
307 477
307 478
307 479
307 480
307 481
307 482
307 486
307 487
307 488
307 490
307 491
307 492
307 493
307 494
307 495
307 497
307 498
307 499
307 519
307 535
307 549
307 555
307 558
307 560
307 563
307 568
307 576
307 605
307 608
307 612
307 635
307 638
307 639
307 645
307 651
307 653
307 660
307 668
307 681
307 701
307 707
307 718
307 732
307 747
307 749
307 506
307 509
307 781
307 787
307 793
307 820
307 823
307 834
307 838
307 852
307 856
307 866
307 867
307 874
307 884
307 900
307 905
307 924
307 937
307 941
307 947
307 950
307 957
307 958
307 966
307 968
307 984
307 988
307 998
308 311
308 312
308 314
308 316
308 317
308 318
308 319
308 320
308 321
308 322
308 323
308 325
308 327
308 328
308 330
308 331
308 333
308 335
308 336
308 337
308 339
308 341
308 344
308 346
308 347
308 348
308 349
308 350
308 351
308 352
308 353
308 354
308 355
308 356
308 357
308 358
308 360
308 363
308 364
308 365
308 369
308 373
308 374
308 375
308 376
308 377
308 378
308 379
308 380
308 381
308 383
308 384
308 385
308 386
308 388
308 392
308 394
308 396
308 397
308 398
308 399
308 400
308 401
308 402
308 404
308 406
308 407
308 410
308 412
308 413
308 415
308 418
308 419
308 420
308 421
308 423
308 424
308 426
308 428
308 429
308 430
308 431
308 433
308 435
308 436
308 437
308 438
308 440
308 442
308 443
308 446
308 447
308 448
308 449
308 450
308 451
308 452
308 453
308 456
308 457
308 458
308 460
308 462
308 464
308 465
308 466
308 467
308 470
308 471
308 472
308 473
308 475
308 476
308 477
308 478
308 479
308 481
308 482
308 483
308 484
308 485
308 486
308 487
308 489
308 490
308 491
308 493
308 496
308 497
308 498
308 513
308 543
308 547
308 569
308 573
308 574
308 577
308 578
308 591
308 601
308 611
308 614
308 618
308 632
308 636
308 637
308 644
308 653
308 667
308 693
308 714
308 717
308 720
308 737
308 738
308 509
308 759
308 764
308 765
308 770
308 793
308 794
308 800
308 808
308 809
308 820
308 825
308 829
308 832
308 834
308 874
308 881
308 884
308 892
308 898
308 899
308 903
308 913
308 919
308 921
308 938
308 954
308 959
308 972
308 973
308 993
309 310
309 311
309 312
309 313
309 314
309 316
309 317
309 319
309 320
309 321
309 323
309 324
309 325
309 327
309 328
309 329
309 331
309 332
309 333
309 335
309 336
309 337
309 339
309 342
309 343
309 344
309 345
309 346
309 347
309 349
309 350
309 351
309 352
309 353
309 355
309 356
309 357
309 358
309 360
309 361
309 362
309 363
309 365
309 367
309 368
309 369
309 370
309 373
309 374
309 375
309 377
309 379
309 380
309 381
309 382
309 383
309 384
309 385
309 386
309 388
309 389
309 390
309 391
309 393
309 394
309 396
309 397
309 398
309 401
309 403
309 404
309 405
309 406
309 407
309 408
309 410
309 411
309 412
309 413
309 417
309 418
309 419
309 421
309 424
309 426
309 427
309 428
309 430
309 431
309 433
309 434
309 435
309 436
309 438
309 441
309 443
309 444
309 445
309 446
309 447
309 448
309 449
309 451
309 453
309 454
309 455
309 458
309 459
309 460
309 461
309 463
309 464
309 465
309 466
309 467
309 468
309 470
309 471
309 475
309 476
309 477
309 478
309 479
309 482
309 485
309 486
309 487
309 492
309 494
309 496
309 497
309 498
309 523
309 525
309 529
309 561
309 567
309 579
309 582
309 593
309 600
309 604
309 610
309 619
309 626
309 627
309 639
309 647
309 651
309 654
309 658
309 666
309 677
309 707
309 718
309 729
309 736
309 741
309 777
309 787
309 795
309 804
309 829
309 890
309 929
309 938
309 987
309 992
310 311
310 312
310 314
310 315
310 316
310 317
310 318
310 319
310 320
310 321
310 322
310 323
310 325
310 327
310 328
310 329
310 330
310 332
310 333
310 334
310 335
310 336
310 337
310 338
310 339
310 340
310 341
310 342
310 343
310 345
310 346
310 348
310 350
310 351
310 352
310 354
310 355
310 358
310 361
310 362
310 364
310 369
310 372
310 373
310 374
310 376
310 377
310 378
310 380
310 381
310 382
310 383
310 384
310 385
310 386
310 387
310 388
310 389
310 390
310 392
310 394
310 396
310 397
310 398
310 399
310 400
310 404
310 405
310 406
310 407
310 408
310 410
310 411
310 414
310 416
310 417
310 419
310 421
310 422
310 423
310 425
310 428
310 429
310 430
310 431
310 432
310 433
310 434
310 435
310 437
310 438
310 439
310 441
310 442
310 444
310 445
310 447
310 449
310 451
310 452
310 454
310 456
310 457
310 458
310 459
310 462
310 463
310 464
310 466
310 469
310 470
310 471
310 475
310 476
310 477
310 478
310 481
310 483
310 484
310 485
310 486
310 491
310 492
310 493
310 494
310 496
310 497
310 498
310 522
310 533
310 549
310 560
310 567
310 572
310 579
310 591
310 597
310 601
310 607
310 609
310 614
310 616
310 628
310 645
310 676
310 688
310 691
310 695
310 700
310 717
310 732
310 733
310 736
310 740
310 510
310 511
310 752
310 759
310 782
310 788
310 801
310 804
310 817
310 823
310 839
310 849
310 850
310 869
310 871
310 907
310 918
310 921
310 933
310 949
310 975
310 981
310 991
310 997
311 312
311 313
311 314
311 315
311 316
311 317
311 318
311 320
311 322
311 324
311 326
311 328
311 329
311 330
311 332
311 333
311 334
311 335
311 336
311 337
311 339
311 343
311 344
311 348
311 349
311 351
311 355
311 356
311 357
311 359
311 361
311 362
311 363
311 364
311 365
311 366
311 367
311 368
311 369
311 370
311 371
311 372
311 373
311 378
311 379
311 381
311 383
311 384
311 385
311 386
311 387
311 390
311 391
311 392
311 393
311 394
311 395
311 396
311 398
311 399
311 400
311 401
311 402
311 404
311 405
311 406
311 408
311 409
311 410
311 412
311 413
311 414
311 415
311 416
311 417
311 420
311 421
311 423
311 424
311 427
311 430
311 433
311 434
311 435
311 436
311 438
311 439
311 440
311 442
311 443
311 444
311 446
311 447
311 448
311 451
311 453
311 454
311 455
311 457
311 458
311 459
311 460
311 461
311 465
311 466
311 467
311 469
311 473
311 474
311 476
311 477
311 478
311 479
311 480
311 481
311 482
311 483
311 484
311 485
311 487
311 490
311 492
311 493
311 494
311 496
311 497
311 498
311 499
311 545
311 546
311 547
311 548
311 550
311 557
311 563
311 570
311 576
311 578
311 579
311 586
311 590
311 591
311 600
311 602
311 609
311 613
311 626
311 632
311 634
311 640
311 646
311 650
311 690
311 700
311 705
311 711
311 722
311 752
311 767
311 773
311 775
311 792
311 804
311 808
311 817
311 820
311 853
311 864
311 865
311 882
311 887
311 892
311 894
311 900
311 902
311 904
311 916
311 917
311 948
311 949
311 965
311 974
311 986
312 313
312 315
312 317
312 318
312 321
312 323
312 324
312 325
312 327
312 328
312 329
312 330
312 331
312 333
312 334
312 335
312 336
312 337
312 338
312 340
312 342
312 344
312 345
312 346
312 347
312 348
312 349
312 351
312 352
312 355
312 356
312 357
312 361
312 362
312 364
312 367
312 370
312 372
312 373
312 375
312 377
312 378
312 379
312 381
312 383
312 384
312 385
312 386
312 387
312 389
312 390
312 391
312 392
312 394
312 396
312 398
312 399
312 400
312 401
312 402
312 403
312 405
312 406
312 408
312 409
312 412
312 413
312 414
312 415
312 417
312 421
312 422
312 424
312 425
312 428
312 430
312 431
312 432
312 433
312 434
312 440
312 441
312 442
312 443
312 444
312 446
312 449
312 450
312 451
312 452
312 455
312 457
312 458
312 459
312 461
312 463
312 464
312 465
312 466
312 467
312 468
312 469
312 470
312 471
312 472
312 473
312 474
312 476
312 477
312 478
312 480
312 484
312 486
312 487
312 488
312 489
312 490
312 491
312 492
312 493
312 495
312 497
312 498
312 527
312 553
312 575
312 576
312 589
312 593
312 603
312 620
312 633
312 644
312 669
312 674
312 681
312 700
312 705
312 710
312 720
312 730
312 731
312 744
312 503
312 505
312 510
312 751
312 753
312 754
312 767
312 800
312 802
312 807
312 814
312 818
312 827
312 831
312 846
312 847
312 864
312 868
312 873
312 883
312 900
312 905
312 907
312 912
312 928
312 937
312 948
312 955
312 959
312 964
312 985
312 989
313 314
313 315
313 317
313 319
313 320
313 322
313 323
313 324
313 325
313 330
313 331
313 332
313 334
313 337
313 338
313 339
313 340
313 341
313 342
313 344
313 347
313 349
313 351
313 352
313 353
313 355
313 356
313 357
313 358
313 359
313 361
313 363
313 365
313 366
313 367
313 368
313 369
313 376
313 379
313 381
313 382
313 383
313 384
313 385
313 386
313 388
313 389
313 390
313 391
313 392
313 393
313 400
313 404
313 406
313 408
313 409
313 410
313 411
313 415
313 416
313 418
313 420
313 422
313 423
313 424
313 425
313 429
313 430
313 431
313 432
313 433
313 435
313 436
313 437
313 439
313 440
313 441
313 442
313 443
313 444
313 445
313 446
313 447
313 449
313 450
313 451
313 452
313 453
313 455
313 457
313 458
313 459
313 460
313 461
313 463
313 466
313 468
313 469
313 472
313 473
313 476
313 477
313 478
313 480
313 481
313 482
313 483
313 487
313 488
313 490
313 491
313 493
313 494
313 495
313 496
313 498
313 499
313 512
313 513
313 516
313 538
313 541
313 549
313 557
313 559
313 568
313 569
313 601
313 609
313 643
313 644
313 648
313 666
313 669
313 671
313 673
313 683
313 685
313 687
313 705
313 711
313 718
313 723
313 730
313 749
313 510
313 754
313 778
313 786
313 800
313 805
313 806
313 840
313 863
313 870
313 878
313 879
313 887
313 889
313 890
313 893
313 901
313 927
313 962
313 973
313 974
313 982
313 997
314 316
314 317
314 318
314 319
314 321
314 322
314 324
314 325
314 327
314 329
314 330
314 332
314 333
314 334
314 335
314 337
314 338
314 340
314 342
314 345
314 347
314 348
314 349
314 350
314 351
314 352
314 353
314 354
314 355
314 356
314 358
314 359
314 360
314 361
314 362
314 363
314 364
314 365
314 366
314 367
314 368
314 369
314 371
314 372
314 373
314 374
314 376
314 378
314 380
314 381
314 382
314 383
314 384
314 385
314 386
314 388
314 390
314 391
314 393
314 394
314 396
314 397
314 398
314 399
314 401
314 402
314 403
314 406
314 407
314 408
314 409
314 410
314 412
314 414
314 415
314 416
314 417
314 418
314 420
314 425
314 426
314 429
314 430
314 434
314 435
314 436
314 437
314 439
314 440
314 441
314 442
314 443
314 445
314 447
314 449
314 450
314 451
314 452
314 453
314 454
314 455
314 457
314 458
314 460
314 461
314 462
314 463
314 464
314 465
314 467
314 468
314 469
314 470
314 473
314 474
314 475
314 477
314 479
314 480
314 482
314 483
314 484
314 485
314 486
314 487
314 488
314 489
314 490
314 492
314 493
314 494
314 495
314 496
314 497
314 498
314 499
314 517
314 527
314 532
314 539
314 545
314 557
314 562
314 570
314 573
314 584
314 589
314 601
314 605
314 615
314 621
314 638
314 646
314 647
314 655
314 660
314 667
314 668
314 679
314 680
314 681
314 714
314 718
314 728
314 733
314 740
314 745
314 747
314 509
314 754
314 777
314 781
314 795
314 796
314 800
314 804
314 812
314 813
314 817
314 828
314 831
314 855
314 856
314 859
314 873
314 884
314 891
314 896
314 901
314 907
314 911
314 926
314 928
314 929
314 931
314 932
314 934
314 952
314 953
314 963
314 964
314 971
314 974
314 979
314 993
314 997
314 999
315 316
315 319
315 321
315 322
315 327
315 330
315 334
315 335
315 336
315 337
315 338
315 340
315 341
315 342
315 343
315 344
315 346
315 350
315 352
315 353
315 354
315 355
315 356
315 358
315 359
315 361
315 363
315 364
315 365
315 366
315 367
315 368
315 371
315 372
315 373
315 374
315 375
315 377
315 378
315 380
315 381
315 383
315 384
315 385
315 386
315 388
315 389
315 390
315 392
315 393
315 394
315 395
315 396
315 397
315 398
315 399
315 400
315 401
315 402
315 403
315 404
315 405
315 407
315 408
315 410
315 411
315 412
315 414
315 415
315 416
315 418
315 419
315 420
315 422
315 425
315 429
315 431
315 432
315 435
315 440
315 441
315 442
315 444
315 446
315 447
315 449
315 450
315 452
315 453
315 454
315 456
315 457
315 458
315 459
315 460
315 463
315 464
315 465
315 466
315 468
315 469
315 470
315 475
315 477
315 478
315 480
315 482
315 484
315 485
315 490
315 492
315 493
315 494
315 495
315 496
315 498
315 519
315 521
315 525
315 527
315 534
315 535
315 550
315 566
315 570
315 577
315 592
315 594
315 596
315 621
315 632
315 635
315 651
315 655
315 676
315 677
315 691
315 692
315 700
315 712
315 713
315 714
315 727
315 733
315 738
315 503
315 770
315 773
315 785
315 786
315 791
315 808
315 813
315 824
315 832
315 853
315 857
315 868
315 871
315 879
315 882
315 888
315 899
315 920
315 922
315 939
315 956
315 962
315 967
315 982
315 993
316 317
316 318
316 319
316 320
316 321
316 322
316 323
316 324
316 325
316 326
316 327
316 328
316 329
316 330
316 331
316 332
316 333
316 335
316 336
316 337
316 338
316 341
316 342
316 343
316 344
316 345
316 347
316 348
316 350
316 351
316 352
316 353
316 354
316 355
316 356
316 358
316 360
316 361
316 362
316 363
316 364
316 366
316 367
316 368
316 369
316 370
316 372
316 376
316 380
316 381
316 382
316 385
316 386
316 387
316 388
316 389
316 390
316 391
316 393
316 394
316 395
316 396
316 397
316 402
316 403
316 404
316 405
316 406
316 407
316 408
316 409
316 410
316 411
316 412
316 414
316 415
316 416
316 417
316 418
316 419
316 421
316 422
316 423
316 427
316 428
316 429
316 430
316 431
316 434
316 437
316 438
316 439
316 441
316 442
316 443
316 445
316 446
316 447
316 450
316 451
316 452
316 453
316 454
316 457
316 458
316 460
316 463
316 465
316 466
316 468
316 469
316 470
316 471
316 473
316 474
316 475
316 477
316 479
316 480
316 481
316 482
316 483
316 484
316 485
316 486
316 487
316 488
316 490
316 492
316 494
316 495
316 497
316 499
316 522
316 526
316 538
316 544
316 546
316 584
316 620
316 621
316 627
316 671
316 683
316 690
316 718
316 723
316 724
316 733
316 741
316 745
316 502
316 751
316 760
316 802
316 812
316 814
316 815
316 838
316 840
316 841
316 871
316 884
316 890
316 897
316 904
316 913
316 921
316 925
316 934
316 941
316 945
316 952
316 959
316 968
317 318
317 319
317 320
317 321
317 322
317 323
317 325
317 326
317 328
317 329
317 330
317 331
317 332
317 333
317 335
317 336
317 337
317 339
317 341
317 343
317 344
317 345
317 346
317 348
317 349
317 350
317 352
317 353
317 354
317 355
317 356
317 357
317 358
317 359
317 360
317 361
317 362
317 363
317 364
317 366
317 368
317 370
317 372
317 373
317 374
317 375
317 376
317 377
317 379
317 380
317 381
317 382
317 383
317 384
317 385
317 386
317 387
317 388
317 389
317 390
317 392
317 393
317 394
317 396
317 399
317 402
317 403
317 405
317 406
317 409
317 410
317 412
317 413
317 415
317 416
317 418
317 420
317 421
317 422
317 424
317 425
317 426
317 428
317 429
317 431
317 434
317 436
317 437
317 438
317 439
317 441
317 442
317 446
317 451
317 452
317 453
317 454
317 455
317 457
317 458
317 459
317 460
317 461
317 462
317 463
317 464
317 465
317 467
317 468
317 469
317 470
317 471
317 472
317 476
317 477
317 478
317 479
317 480
317 481
317 482
317 483
317 484
317 485
317 486
317 487
317 488
317 489
317 491
317 492
317 497
317 498
317 499
317 519
317 525
317 529
317 547
317 558
317 563
317 568
317 570
317 571
317 574
317 593
317 597
317 598
317 610
317 627
317 629
317 635
317 637
317 638
317 644
317 646
317 647
317 671
317 687
317 688
317 691
317 704
317 738
317 504
317 511
317 783
317 803
317 806
317 810
317 816
317 824
317 825
317 830
317 837
317 838
317 857
317 858
317 868
317 875
317 879
317 896
317 912
317 914
317 936
317 969
317 979
317 984
318 319
318 320
318 321
318 322
318 323
318 324
318 325
318 326
318 327
318 329
318 330
318 331
318 332
318 333
318 334
318 335
318 336
318 340
318 341
318 346
318 347
318 348
318 350
318 351
318 352
318 353
318 354
318 355
318 356
318 358
318 360
318 361
318 362
318 364
318 365
318 366
318 367
318 370
318 371
318 372
318 373
318 374
318 375
318 377
318 380
318 383
318 384
318 385
318 386
318 387
318 388
318 389
318 390
318 394
318 395
318 396
318 398
318 399
318 400
318 401
318 402
318 403
318 404
318 405
318 406
318 408
318 409
318 410
318 411
318 412
318 413
318 415
318 416
318 417
318 418
318 419
318 420
318 421
318 422
318 423
318 424
318 425
318 426
318 427
318 428
318 429
318 430
318 431
318 432
318 433
318 434
318 436
318 437
318 438
318 439
318 440
318 441
318 442
318 443
318 444
318 445
318 447
318 448
318 450
318 451
318 452
318 455
318 456
318 457
318 458
318 459
318 460
318 461
318 462
318 465
318 468
318 469
318 471
318 472
318 474
318 477
318 478
318 480
318 482
318 483
318 485
318 486
318 487
318 489
318 490
318 491
318 492
318 493
318 498
318 499
318 517
318 518
318 523
318 527
318 528
318 535
318 547
318 558
318 569
318 576
318 587
318 588
318 609
318 646
318 649
318 652
318 665
318 678
318 680
318 681
318 683
318 720
318 721
318 738
318 744
318 745
318 746
318 748
318 506
318 765
318 776
318 800
318 809
318 817
318 821
318 825
318 826
318 851
318 852
318 872
318 877
318 885
318 887
318 889
318 892
318 906
318 911
318 919
318 924
318 928
318 935
318 938
318 945
318 948
318 951
318 965
318 973
318 982
318 986
318 988
318 991
318 994
318 998
319 320
319 322
319 323
319 324
319 325
319 326
319 327
319 328
319 330
319 331
319 334
319 335
319 338
319 342
319 343
319 344
319 345
319 347
319 348
319 349
319 350
319 354
319 355
319 356
319 357
319 358
319 359
319 361
319 362
319 363
319 364
319 365
319 366
319 367
319 368
319 369
319 370
319 371
319 372
319 374
319 375
319 377
319 379
319 380
319 382
319 385
319 387
319 388
319 389
319 390
319 391
319 392
319 394
319 395
319 396
319 398
319 399
319 402
319 403
319 404
319 405
319 407
319 409
319 410
319 411
319 413
319 414
319 415
319 417
319 418
319 419
319 420
319 421
319 422
319 424
319 426
319 427
319 428
319 429
319 430
319 431
319 432
319 433
319 435
319 436
319 437
319 438
319 440
319 441
319 442
319 444
319 446
319 447
319 448
319 449
319 450
319 451
319 455
319 456
319 458
319 459
319 460
319 461
319 462
319 463
319 464
319 467
319 468
319 470
319 471
319 473
319 474
319 475
319 476
319 477
319 478
319 479
319 480
319 482
319 483
319 484
319 486
319 487
319 488
319 493
319 495
319 496
319 497
319 499
319 518
319 524
319 533
319 538
319 564
319 589
319 598
319 599
319 606
319 621
319 629
319 643
319 645
319 647
319 648
319 663
319 676
319 692
319 697
319 726
319 731
319 743
319 501
319 754
319 760
319 799
319 801
319 819
319 832
319 838
319 862
319 868
319 882
319 885
319 893
319 898
319 921
319 925
319 927
319 964
319 969
319 977
319 994
319 995
320 321
320 322
320 323
320 324
320 326
320 328
320 329
320 331
320 332
320 333
320 334
320 335
320 336
320 337
320 338
320 340
320 341
320 342
320 343
320 344
320 347
320 348
320 349
320 350
320 351
320 352
320 353
320 354
320 356
320 357
320 360
320 362
320 363
320 364
320 365
320 366
320 367
320 368
320 369
320 371
320 372
320 373
320 374
320 375
320 376
320 377
320 378
320 380
320 381
320 382
320 383
320 386
320 387
320 389
320 391
320 392
320 393
320 394
320 395
320 399
320 402
320 403
320 404
320 405
320 406
320 407
320 408
320 409
320 410
320 411
320 412
320 414
320 415
320 418
320 420
320 422
320 424
320 425
320 427
320 430
320 431
320 434
320 435
320 436
320 437
320 439
320 441
320 442
320 443
320 445
320 447
320 449
320 450
320 451
320 452
320 454
320 456
320 457
320 458
320 460
320 461
320 462
320 463
320 464
320 470
320 471
320 473
320 474
320 477
320 479
320 480
320 482
320 483
320 485
320 486
320 487
320 491
320 493
320 494
320 495
320 498
320 499
320 516
320 524
320 546
320 547
320 558
320 562
320 581
320 586
320 597
320 601
320 607
320 621
320 622
320 638
320 650
320 653
320 656
320 660
320 663
320 667
320 677
320 690
320 691
320 701
320 709
320 722
320 731
320 734
320 744
320 747
320 761
320 774
320 778
320 801
320 804
320 816
320 822
320 860
320 868
320 871
320 875
320 877
320 896
320 905
320 909
320 917
320 922
320 928
320 940
320 946
320 954
320 967
320 968
320 986
320 988
321 322
321 323
321 325
321 326
321 327
321 328
321 329
321 330
321 331
321 332
321 333
321 334
321 336
321 339
321 340
321 341
321 342
321 343
321 344
321 345
321 346
321 347
321 348
321 349
321 351
321 352
321 354
321 355
321 356
321 357
321 358
321 359
321 360
321 362
321 363
321 365
321 366
321 367
321 368
321 369
321 370
321 371
321 373
321 374
321 376
321 378
321 379
321 381
321 383
321 384
321 385
321 386
321 387
321 388
321 389
321 392
321 394
321 395
321 397
321 398
321 399
321 400
321 401
321 402
321 403
321 404
321 405
321 406
321 409
321 410
321 411
321 413
321 414
321 415
321 418
321 419
321 420
321 421
321 423
321 424
321 425
321 426
321 427
321 428
321 429
321 430
321 431
321 432
321 433
321 434
321 435
321 436
321 437
321 438
321 440
321 441
321 446
321 447
321 448
321 449
321 451
321 452
321 453
321 454
321 455
321 456
321 457
321 459
321 462
321 463
321 464
321 465
321 467
321 469
321 470
321 471
321 472
321 474
321 475
321 476
321 478
321 479
321 480
321 482
321 483
321 484
321 486
321 488
321 489
321 491
321 493
321 494
321 495
321 497
321 519
321 546
321 550
321 579
321 593
321 596
321 605
321 619
321 633
321 634
321 636
321 638
321 644
321 673
321 674
321 676
321 693
321 707
321 717
321 720
321 725
321 730
321 734
321 752
321 774
321 792
321 796
321 799
321 831
321 844
321 850
321 852
321 874
321 893
321 916
321 930
321 934
321 939
321 950
321 959
321 967
321 975
321 982
322 325
322 327
322 328
322 330
322 331
322 332
322 333
322 334
322 335
322 336
322 337
322 340
322 341
322 343
322 344
322 346
322 347
322 348
322 349
322 350
322 352
322 353
322 354
322 355
322 356
322 357
322 359
322 361
322 362
322 364
322 367
322 368
322 369
322 370
322 371
322 372
322 373
322 376
322 379
322 380
322 381
322 382
322 384
322 386
322 389
322 390
322 391
322 392
322 393
322 394
322 395
322 396
322 397
322 398
322 399
322 400
322 403
322 404
322 405
322 408
322 410
322 411
322 412
322 415
322 416
322 417
322 420
322 421
322 424
322 425
322 427
322 428
322 429
322 431
322 432
322 433
322 437
322 438
322 439
322 440
322 443
322 444
322 447
322 448
322 449
322 450
322 451
322 452
322 453
322 454
322 455
322 456
322 458
322 460
322 462
322 463
322 465
322 466
322 467
322 468
322 469
322 470
322 471
322 472
322 473
322 474
322 475
322 476
322 477
322 478
322 481
322 482
322 483
322 484
322 485
322 486
322 487
322 488
322 489
322 490
322 492
322 494
322 495
322 496
322 497
322 498
322 499
322 515
322 525
322 529
322 561
322 566
322 582
322 585
322 597
322 612
322 621
322 625
322 626
322 629
322 644
322 651
322 653
322 656
322 661
322 672
322 676
322 686
322 711
322 716
322 717
322 724
322 502
322 505
322 756
322 770
322 781
322 782
322 786
322 791
322 797
322 800
322 801
322 811
322 823
322 825
322 830
322 848
322 866
322 878
322 889
322 893
322 922
322 925
322 939
322 948
322 949
322 959
322 984
322 991
322 993
322 996
323 324
323 325
323 326
323 328
323 331
323 333
323 336
323 337
323 338
323 339
323 340
323 341
323 343
323 345
323 346
323 347
323 349
323 350
323 351
323 352
323 353
323 354
323 356
323 357
323 359
323 360
323 361
323 364
323 366
323 367
323 368
323 369
323 373
323 376
323 377
323 378
323 379
323 380
323 382
323 384
323 386
323 387
323 388
323 389
323 390
323 391
323 393
323 394
323 395
323 396
323 397
323 399
323 400
323 401
323 402
323 403
323 404
323 406
323 408
323 409
323 410
323 411
323 412
323 413
323 414
323 415
323 416
323 417
323 418
323 420
323 421
323 424
323 425
323 426
323 427
323 428
323 429
323 430
323 432
323 433
323 438
323 440
323 443
323 444
323 445
323 447
323 449
323 450
323 453
323 454
323 455
323 456
323 457
323 458
323 461
323 462
323 463
323 464
323 465
323 466
323 467
323 468
323 470
323 471
323 472
323 474
323 475
323 477
323 478
323 479
323 480
323 481
323 482
323 484
323 485
323 486
323 488
323 490
323 491
323 492
323 493
323 495
323 497
323 499
323 516
323 538
323 560
323 563
323 578
323 585
323 598
323 613
323 614
323 618
323 627
323 652
323 654
323 670
323 674
323 676
323 679
323 684
323 690
323 700
323 701
323 705
323 716
323 717
323 722
323 730
323 740
323 743
323 748
323 504
323 506
323 759
323 763
323 767
323 772
323 776
323 779
323 800
323 810
323 820
323 825
323 826
323 836
323 841
323 843
323 859
323 861
323 863
323 866
323 869
323 903
323 911
323 914
323 919
323 924
323 927
323 933
323 989
323 999
324 326
324 327
324 328
324 330
324 331
324 332
324 334
324 335
324 337
324 338
324 339
324 341
324 342
324 343
324 344
324 346
324 347
324 348
324 349
324 351
324 352
324 353
324 354
324 356
324 357
324 359
324 360
324 362
324 363
324 364
324 365
324 366
324 367
324 368
324 369
324 370
324 371
324 373
324 374
324 375
324 376
324 377
324 378
324 379
324 380
324 381
324 382
324 384
324 386
324 387
324 388
324 390
324 391
324 392
324 393
324 395
324 396
324 397
324 398
324 400
324 402
324 404
324 405
324 406
324 407
324 408
324 412
324 414
324 415
324 416
324 418
324 419
324 420
324 421
324 422
324 423
324 424
324 425
324 427
324 428
324 431
324 433
324 435
324 436
324 440
324 442
324 443
324 446
324 447
324 448
324 449
324 450
324 451
324 452
324 453
324 454
324 455
324 456
324 457
324 460
324 461
324 462
324 463
324 464
324 465
324 466
324 467
324 469
324 470
324 471
324 472
324 473
324 474
324 475
324 476
324 477
324 478
324 480
324 482
324 483
324 484
324 486
324 487
324 488
324 489
324 491
324 492
324 493
324 494
324 495
324 496
324 497
324 553
324 554
324 579
324 604
324 626
324 637
324 671
324 688
324 699
324 705
324 711
324 715
324 745
324 780
324 787
324 788
324 797
324 844
324 849
324 852
324 860
324 892
324 897
324 900
324 916
324 920
324 927
324 930
324 978
324 981
324 998
324 999
325 326
325 327
325 328
325 330
325 331
325 334
325 335
325 337
325 338
325 340
325 342
325 343
325 345
325 347
325 348
325 349
325 351
325 352
325 353
325 354
325 355
325 356
325 357
325 358
325 360
325 363
325 364
325 366
325 367
325 368
325 369
325 372
325 373
325 375
325 378
325 380
325 382
325 383
325 384
325 385
325 386
325 387
325 388
325 389
325 390
325 391
325 392
325 394
325 395
325 396
325 398
325 401
325 402
325 403
325 404
325 406
325 407
325 408
325 409
325 411
325 412
325 413
325 414
325 417
325 418
325 419
325 422
325 424
325 425
325 426
325 427
325 428
325 429
325 432
325 433
325 440
325 442
325 443
325 444
325 445
325 446
325 447
325 448
325 449
325 451
325 452
325 453
325 454
325 455
325 457
325 459
325 463
325 464
325 465
325 466
325 468
325 469
325 470
325 471
325 472
325 473
325 474
325 475
325 476
325 479
325 480
325 483
325 485
325 486
325 487
325 488
325 491
325 493
325 494
325 495
325 496
325 513
325 556
325 562
325 566
325 573
325 580
325 582
325 588
325 594
325 624
325 625
325 637
325 646
325 659
325 664
325 666
325 674
325 677
325 683
325 710
325 716
325 719
325 728
325 742
325 502
325 507
325 760
325 781
325 801
325 815
325 820
325 822
325 831
325 842
325 843
325 858
325 869
325 881
325 889
325 903
325 920
325 921
325 931
325 944
325 946
325 957
325 971
325 975
325 981
325 995
325 998
326 327
326 329
326 330
326 331
326 332
326 333
326 334
326 335
326 336
326 337
326 338
326 339
326 340
326 342
326 343
326 344
326 345
326 347
326 348
326 349
326 350
326 351
326 352
326 353
326 354
326 355
326 357
326 359
326 361
326 364
326 365
326 367
326 368
326 370
326 372
326 373
326 374
326 375
326 376
326 377
326 378
326 379
326 380
326 381
326 382
326 383
326 384
326 386
326 387
326 390
326 391
326 392
326 393
326 394
326 395
326 396
326 398
326 400
326 402
326 404
326 406
326 408
326 409
326 413
326 416
326 418
326 419
326 420
326 421
326 422
326 424
326 425
326 427
326 428
326 429
326 431
326 436
326 437
326 440
326 441
326 442
326 443
326 444
326 445
326 446
326 448
326 450
326 451
326 452
326 453
326 454
326 457
326 458
326 459
326 460
326 461
326 462
326 465
326 466
326 471
326 474
326 475
326 476
326 479
326 480
326 481
326 482
326 483
326 484
326 486
326 487
326 489
326 490
326 491
326 493
326 495
326 496
326 498
326 499
326 516
326 534
326 553
326 556
326 560
326 564
326 588
326 594
326 595
326 612
326 620
326 621
326 623
326 626
326 630
326 632
326 657
326 661
326 664
326 681
326 685
326 708
326 732
326 736
326 742
326 743
326 500
326 751
326 764
326 775
326 784
326 790
326 791
326 794
326 798
326 806
326 812
326 820
326 854
326 869
326 875
326 878
326 917
326 922
326 924
326 926
326 927
326 930
326 955
327 328
327 329
327 330
327 331
327 332
327 333
327 335
327 336
327 338
327 340
327 341
327 342
327 343
327 345
327 346
327 347
327 348
327 349
327 352
327 354
327 355
327 356
327 358
327 359
327 360
327 361
327 362
327 363
327 364
327 365
327 366
327 367
327 368
327 369
327 370
327 371
327 372
327 373
327 374
327 376
327 378
327 379
327 380
327 381
327 382
327 384
327 386
327 387
327 389
327 390
327 391
327 393
327 394
327 396
327 401
327 403
327 405
327 406
327 407
327 409
327 410
327 411
327 414
327 416
327 417
327 418
327 419
327 421
327 422
327 424
327 425
327 426
327 427
327 428
327 432
327 434
327 435
327 436
327 437
327 438
327 439
327 440
327 442
327 443
327 445
327 446
327 447
327 448
327 449
327 450
327 451
327 452
327 453
327 457
327 459
327 461
327 462
327 465
327 466
327 467
327 469
327 470
327 471
327 473
327 476
327 477
327 480
327 483
327 484
327 485
327 488
327 489
327 490
327 491
327 492
327 493
327 495
327 497
327 498
327 499
327 515
327 517
327 532
327 544
327 563
327 572
327 586
327 600
327 602
327 605
327 627
327 634
327 637
327 647
327 669
327 673
327 674
327 688
327 704
327 719
327 721
327 730
327 732
327 740
327 508
327 509
327 750
327 753
327 774
327 776
327 800
327 801
327 802
327 826
327 830
327 841
327 853
327 876
327 886
327 890
327 909
327 928
327 935
327 943
327 951
327 997
328 329
328 331
328 333
328 334
328 335
328 336
328 337
328 340
328 342
328 345
328 346
328 347
328 348
328 349
328 350
328 351
328 352
328 353
328 355
328 356
328 358
328 359
328 360
328 362
328 363
328 365
328 366
328 368
328 370
328 373
328 374
328 375
328 376
328 377
328 378
328 380
328 381
328 382
328 383
328 384
328 385
328 386
328 389
328 391
328 392
328 393
328 395
328 396
328 397
328 398
328 399
328 400
328 402
328 404
328 405
328 407
328 408
328 409
328 410
328 412
328 413
328 415
328 417
328 418
328 420
328 423
328 424
328 426
328 427
328 428
328 429
328 430
328 431
328 433
328 434
328 435
328 438
328 439
328 440
328 441
328 442
328 444
328 445
328 446
328 447
328 448
328 449
328 450
328 453
328 454
328 455
328 456
328 457
328 458
328 462
328 463
328 464
328 466
328 468
328 469
328 472
328 473
328 474
328 475
328 477
328 478
328 479
328 480
328 481
328 482
328 484
328 485
328 488
328 489
328 490
328 492
328 493
328 495
328 496
328 498
328 516
328 520
328 523
328 528
328 534
328 537
328 575
328 594
328 596
328 597
328 609
328 615
328 627
328 629
328 637
328 640
328 662
328 694
328 702
328 705
328 711
328 717
328 726
328 732
328 736
328 742
328 743
328 753
328 758
328 759
328 763
328 784
328 787
328 797
328 831
328 832
328 852
328 854
328 855
328 859
328 863
328 873
328 884
328 889
328 914
328 917
328 931
328 940
328 950
328 951
328 954
328 955
328 988
328 993
328 996
329 335
329 336
329 338
329 339
329 340
329 341
329 342
329 343
329 346
329 349
329 350
329 351
329 352
329 353
329 354
329 355
329 356
329 357
329 358
329 359
329 360
329 361
329 362
329 365
329 368
329 369
329 370
329 371
329 372
329 373
329 374
329 375
329 376
329 378
329 380
329 381
329 382
329 383
329 384
329 385
329 386
329 387
329 388
329 389
329 390
329 392
329 394
329 396
329 397
329 400
329 401
329 402
329 403
329 404
329 405
329 407
329 409
329 410
329 412
329 413
329 415
329 416
329 417
329 418
329 419
329 420
329 421
329 422
329 425
329 426
329 428
329 429
329 432
329 433
329 434
329 435
329 437
329 438
329 439
329 440
329 441
329 445
329 446
329 450
329 451
329 452
329 453
329 454
329 455
329 456
329 458
329 459
329 461
329 462
329 463
329 464
329 465
329 466
329 469
329 470
329 472
329 475
329 476
329 477
329 478
329 480
329 481
329 482
329 484
329 485
329 486
329 487
329 488
329 489
329 490
329 491
329 492
329 493
329 494
329 495
329 497
329 498
329 499
329 514
329 527
329 556
329 557
329 569
329 571
329 587
329 594
329 600
329 602
329 613
329 618
329 619
329 627
329 628
329 630
329 645
329 653
329 657
329 665
329 673
329 676
329 678
329 683
329 705
329 706
329 708
329 712
329 717
329 719
329 735
329 738
329 502
329 754
329 767
329 777
329 780
329 785
329 787
329 806
329 807
329 809
329 828
329 830
329 840
329 844
329 866
329 879
329 892
329 926
329 937
329 945
329 948
329 961
329 963
329 965
329 973
329 975
329 993
329 998
330 331
330 333
330 334
330 335
330 336
330 337
330 339
330 340
330 342
330 343
330 344
330 345
330 347
330 349
330 351
330 352
330 354
330 356
330 357
330 358
330 359
330 360
330 362
330 363
330 364
330 365
330 367
330 368
330 369
330 370
330 373
330 374
330 375
330 376
330 378
330 379
330 380
330 382
330 383
330 384
330 385
330 386
330 387
330 388
330 389
330 390
330 392
330 394
330 395
330 396
330 397
330 398
330 399
330 400
330 401
330 402
330 404
330 406
330 407
330 408
330 410
330 411
330 413
330 416
330 417
330 418
330 420
330 421
330 422
330 424
330 427
330 429
330 430
330 434
330 435
330 436
330 438
330 439
330 442
330 446
330 447
330 448
330 451
330 452
330 453
330 454
330 457
330 458
330 459
330 460
330 461
330 462
330 464
330 466
330 467
330 468
330 469
330 470
330 471
330 472
330 474
330 475
330 476
330 477
330 480
330 482
330 488
330 489
330 490
330 492
330 496
330 497
330 498
330 499
330 512
330 539
330 545
330 547
330 554
330 555
330 556
330 558
330 559
330 577
330 578
330 597
330 610
330 620
330 623
330 625
330 630
330 632
330 648
330 649
330 650
330 654
330 664
330 670
330 675
330 685
330 691
330 707
330 723
330 740
330 502
330 760
330 764
330 769
330 775
330 783
330 835
330 838
330 839
330 848
330 856
330 859
330 870
330 877
330 879
330 903
330 909
330 931
330 947
330 948
330 953
330 955
330 970
330 982
330 993
330 997
331 332
331 333
331 334
331 336
331 339
331 341
331 342
331 343
331 345
331 347
331 348
331 349
331 350
331 351
331 353
331 355
331 356
331 358
331 360
331 361
331 362
331 363
331 364
331 367
331 368
331 370
331 371
331 373
331 375
331 377
331 379
331 380
331 381
331 382
331 384
331 385
331 386
331 387
331 388
331 392
331 393
331 395
331 396
331 398
331 399
331 400
331 401
331 402
331 403
331 404
331 406
331 408
331 412
331 413
331 414
331 416
331 417
331 418
331 420
331 421
331 422
331 425
331 426
331 428
331 429
331 430
331 431
331 432
331 433
331 434
331 435
331 436
331 437
331 440
331 441
331 442
331 443
331 444
331 445
331 446
331 450
331 451
331 452
331 454
331 456
331 458
331 460
331 461
331 462
331 463
331 464
331 465
331 466
331 467
331 468
331 470
331 471
331 472
331 474
331 475
331 477
331 478
331 480
331 481
331 484
331 485
331 486
331 487
331 489
331 491
331 494
331 495
331 496
331 497
331 498
331 499
331 525
331 528
331 533
331 546
331 559
331 567
331 571
331 584
331 588
331 591
331 599
331 601
331 603
331 610
331 613
331 619
331 631
331 638
331 643
331 655
331 656
331 670
331 671
331 709
331 712
331 719
331 722
331 728
331 739
331 768
331 769
331 780
331 787
331 811
331 814
331 817
331 818
331 824
331 828
331 836
331 848
331 850
331 859
331 860
331 881
331 908
331 944
331 958
331 969
331 988
331 993
332 333
332 335
332 336
332 337
332 338
332 339
332 340
332 341
332 342
332 343
332 344
332 346
332 348
332 350
332 352
332 353
332 355
332 356
332 357
332 358
332 359
332 360
332 361
332 363
332 364
332 366
332 367
332 368
332 370
332 371
332 372
332 374
332 375
332 377
332 378
332 379
332 380
332 381
332 382
332 384
332 386
332 387
332 388
332 389
332 393
332 396
332 397
332 398
332 400
332 401
332 403
332 404
332 406
332 407
332 409
332 410
332 411
332 413
332 415
332 416
332 417
332 418
332 419
332 420
332 421
332 422
332 423
332 424
332 425
332 426
332 427
332 428
332 429
332 430
332 431
332 433
332 434
332 435
332 436
332 440
332 441
332 442
332 443
332 445
332 447
332 448
332 449
332 450
332 451
332 452
332 453
332 454
332 456
332 457
332 458
332 459
332 460
332 461
332 462
332 463
332 464
332 466
332 467
332 468
332 469
332 470
332 471
332 472
332 473
332 474
332 475
332 476
332 477
332 480
332 481
332 482
332 483
332 486
332 487
332 488
332 489
332 490
332 494
332 496
332 497
332 498
332 499
332 518
332 528
332 540
332 542
332 557
332 561
332 571
332 581
332 599
332 600
332 603
332 607
332 636
332 646
332 648
332 659
332 660
332 683
332 686
332 691
332 699
332 700
332 704
332 710
332 720
332 502
332 503
332 508
332 767
332 768
332 809
332 818
332 826
332 846
332 882
332 887
332 892
332 898
332 907
332 911
332 915
332 916
332 919
332 922
332 936
332 951
332 954
332 962
332 986
332 987
332 988
333 334
333 336
333 337
333 338
333 339
333 340
333 341
333 342
333 343
333 345
333 346
333 348
333 349
333 352
333 353
333 355
333 356
333 357
333 358
333 361
333 364
333 368
333 370
333 372
333 373
333 375
333 377
333 379
333 380
333 381
333 384
333 385
333 386
333 388
333 389
333 390
333 392
333 393
333 394
333 395
333 396
333 397
333 398
333 399
333 400
333 402
333 403
333 404
333 405
333 408
333 410
333 411
333 413
333 415
333 416
333 418
333 419
333 420
333 421
333 423
333 425
333 426
333 427
333 429
333 430
333 431
333 432
333 433
333 434
333 435
333 438
333 439
333 440
333 441
333 443
333 444
333 445
333 446
333 447
333 448
333 449
333 450
333 451
333 452
333 453
333 454
333 455
333 456
333 457
333 458
333 459
333 460
333 461
333 462
333 463
333 464
333 465
333 468
333 469
333 470
333 471
333 473
333 474
333 475
333 476
333 478
333 479
333 482
333 485
333 486
333 487
333 488
333 489
333 490
333 492
333 493
333 494
333 495
333 496
333 498
333 499
333 517
333 528
333 538
333 563
333 572
333 580
333 586
333 589
333 615
333 622
333 630
333 632
333 635
333 655
333 661
333 679
333 682
333 683
333 685
333 695
333 697
333 728
333 732
333 760
333 762
333 767
333 783
333 785
333 795
333 810
333 825
333 833
333 836
333 842
333 850
333 862
333 868
333 872
333 879
333 887
333 908
333 918
333 933
333 935
333 967
333 969
333 985
333 991
333 997
334 336
334 337
334 339
334 341
334 342
334 343
334 344
334 345
334 346
334 347
334 348
334 351
334 352
334 353
334 356
334 357
334 359
334 360
334 363
334 364
334 365
334 366
334 367
334 368
334 369
334 371
334 372
334 373
334 374
334 375
334 377
334 378
334 380
334 382
334 385
334 388
334 389
334 390
334 393
334 395
334 396
334 398
334 399
334 400
334 401
334 403
334 404
334 405
334 406
334 407
334 408
334 409
334 410
334 413
334 414
334 415
334 416
334 417
334 418
334 419
334 420
334 421
334 422
334 424
334 425
334 428
334 429
334 430
334 431
334 433
334 434
334 436
334 437
334 439
334 440
334 441
334 442
334 443
334 445
334 446
334 448
334 450
334 451
334 453
334 454
334 455
334 456
334 458
334 462
334 463
334 464
334 465
334 468
334 469
334 471
334 472
334 473
334 474
334 475
334 477
334 479
334 480
334 481
334 482
334 483
334 485
334 486
334 487
334 488
334 491
334 493
334 495
334 497
334 499
334 521
334 539
334 569
334 570
334 597
334 605
334 624
334 659
334 673
334 677
334 679
334 682
334 685
334 695
334 705
334 713
334 718
334 727
334 733
334 736
334 741
334 501
334 752
334 755
334 772
334 783
334 801
334 802
334 813
334 815
334 816
334 818
334 834
334 837
334 865
334 874
334 880
334 881
334 889
334 909
334 910
334 951
334 952
334 996
335 336
335 338
335 339
335 340
335 341
335 342
335 344
335 346
335 347
335 348
335 349
335 351
335 352
335 353
335 354
335 355
335 357
335 358
335 359
335 360
335 361
335 363
335 364
335 366
335 367
335 368
335 369
335 371
335 372
335 373
335 374
335 376
335 377
335 380
335 381
335 384
335 385
335 386
335 387
335 388
335 389
335 390
335 391
335 392
335 393
335 394
335 395
335 396
335 397
335 399
335 400
335 403
335 404
335 405
335 407
335 408
335 410
335 411
335 414
335 416
335 417
335 418
335 419
335 420
335 421
335 423
335 426
335 427
335 428
335 429
335 431
335 432
335 434
335 435
335 437
335 439
335 440
335 441
335 443
335 444
335 447
335 448
335 450
335 451
335 452
335 453
335 457
335 458
335 459
335 460
335 461
335 462
335 464
335 465
335 466
335 467
335 468
335 470
335 472
335 473
335 474
335 475
335 476
335 477
335 478
335 484
335 485
335 486
335 487
335 489
335 490
335 491
335 494
335 496
335 497
335 499
335 516
335 534
335 543
335 552
335 565
335 566
335 572
335 573
335 601
335 604
335 626
335 655
335 656
335 662
335 682
335 704
335 726
335 734
335 747
335 501
335 503
335 509
335 750
335 752
335 754
335 771
335 772
335 796
335 822
335 872
335 888
335 890
335 902
335 920
335 922
335 926
335 929
335 930
335 938
335 941
335 942
335 947
335 948
335 960
335 964
335 989
335 993
335 996
335 999
336 338
336 339
336 340
336 341
336 342
336 343
336 346
336 347
336 348
336 349
336 350
336 351
336 354
336 355
336 356
336 357
336 358
336 359
336 361
336 362
336 363
336 364
336 365
336 366
336 367
336 370
336 371
336 372
336 374
336 377
336 378
336 380
336 382
336 383
336 386
336 388
336 390
336 391
336 392
336 393
336 394
336 395
336 396
336 397
336 399
336 400
336 402
336 405
336 406
336 408
336 409
336 410
336 411
336 412
336 414
336 415
336 416
336 417
336 419
336 420
336 421
336 422
336 423
336 424
336 425
336 426
336 427
336 428
336 430
336 431
336 433
336 435
336 437
336 438
336 439
336 440
336 441
336 443
336 445
336 446
336 447
336 448
336 449
336 451
336 455
336 456
336 459
336 460
336 461
336 462
336 463
336 464
336 467
336 468
336 469
336 470
336 472
336 473
336 475
336 476
336 477
336 479
336 481
336 482
336 483
336 484
336 485
336 486
336 487
336 488
336 489
336 490
336 491
336 494
336 495
336 496
336 497
336 498
336 499
336 517
336 526
336 536
336 549
336 553
336 563
336 570
336 575
336 592
336 600
336 602
336 612
336 615
336 623
336 637
336 642
336 659
336 662
336 670
336 684
336 702
336 709
336 715
336 501
336 510
336 768
336 806
336 828
336 845
336 848
336 861
336 870
336 932
336 941
336 943
336 965
336 968
336 969
336 975
336 996
337 338
337 339
337 340
337 341
337 342
337 343
337 345
337 349
337 350
337 351
337 353
337 354
337 357
337 358
337 359
337 360
337 361
337 362
337 364
337 365
337 367
337 369
337 371
337 372
337 373
337 374
337 375
337 376
337 377
337 378
337 379
337 380
337 381
337 382
337 383
337 386
337 387
337 388
337 389
337 392
337 393
337 396
337 398
337 399
337 400
337 401
337 403
337 404
337 405
337 407
337 408
337 409
337 410
337 411
337 412
337 413
337 414
337 415
337 419
337 421
337 422
337 423
337 427
337 428
337 429
337 431
337 432
337 433
337 434
337 435
337 436
337 437
337 438
337 440
337 441
337 442
337 443
337 444
337 445
337 446
337 448
337 449
337 450
337 451
337 455
337 456
337 457
337 460
337 461
337 462
337 464
337 465
337 466
337 467
337 468
337 470
337 471
337 473
337 474
337 475
337 478
337 480
337 481
337 483
337 485
337 487
337 489
337 494
337 495
337 497
337 498
337 522
337 524
337 525
337 530
337 542
337 557
337 568
337 581
337 587
337 593
337 601
337 617
337 620
337 650
337 656
337 660
337 664
337 671
337 679
337 686
337 714
337 737
337 748
337 762
337 771
337 796
337 797
337 800
337 802
337 809
337 830
337 835
337 859
337 886
337 906
337 923
337 954
337 963
337 964
337 986
338 339
338 342
338 345
338 346
338 347
338 348
338 349
338 350
338 351
338 352
338 353
338 355
338 358
338 359
338 361
338 362
338 363
338 364
338 365
338 366
338 368
338 369
338 370
338 371
338 373
338 375
338 377
338 380
338 381
338 384
338 386
338 387
338 388
338 392
338 394
338 395
338 396
338 397
338 398
338 399
338 400
338 401
338 402
338 405
338 406
338 411
338 416
338 418
338 419
338 420
338 421
338 422
338 423
338 424
338 426
338 427
338 428
338 429
338 431
338 433
338 436
338 439
338 440
338 441
338 442
338 443
338 444
338 445
338 446
338 448
338 449
338 450
338 452
338 453
338 454
338 455
338 456
338 457
338 460
338 461
338 464
338 467
338 468
338 470
338 471
338 472
338 474
338 476
338 479
338 480
338 481
338 482
338 485
338 487
338 488
338 489
338 490
338 492
338 493
338 498
338 499
338 512
338 532
338 538
338 539
338 558
338 568
338 572
338 577
338 586
338 591
338 610
338 627
338 634
338 663
338 665
338 672
338 675
338 680
338 694
338 702
338 735
338 742
338 505
338 755
338 757
338 761
338 765
338 777
338 794
338 806
338 814
338 838
338 849
338 851
338 868
338 895
338 897
338 903
338 915
338 921
338 929
338 931
338 945
338 982
338 990
339 340
339 341
339 343
339 344
339 347
339 350
339 351
339 352
339 353
339 354
339 355
339 356
339 359
339 360
339 362
339 364
339 366
339 367
339 369
339 372
339 373
339 374
339 376
339 377
339 378
339 379
339 382
339 385
339 386
339 387
339 389
339 390
339 391
339 392
339 393
339 395
339 396
339 400
339 401
339 402
339 404
339 405
339 406
339 408
339 410
339 412
339 414
339 415
339 416
339 417
339 418
339 419
339 420
339 421
339 422
339 424
339 425
339 426
339 427
339 428
339 429
339 432
339 433
339 434
339 435
339 436
339 439
339 441
339 442
339 443
339 444
339 445
339 446
339 447
339 450
339 451
339 454
339 455
339 456
339 458
339 459
339 463
339 464
339 465
339 466
339 468
339 469
339 471
339 472
339 473
339 474
339 475
339 476
339 477
339 483
339 484
339 486
339 487
339 488
339 489
339 490
339 491
339 493
339 494
339 496
339 497
339 498
339 499
339 516
339 519
339 528
339 539
339 551
339 552
339 558
339 612
339 640
339 644
339 652
339 657
339 672
339 683
339 686
339 704
339 706
339 710
339 720
339 736
339 511
339 756
339 758
339 773
339 780
339 788
339 791
339 803
339 821
339 822
339 832
339 833
339 838
339 842
339 862
339 880
339 881
339 888
339 903
339 906
339 911
339 924
339 925
339 952
339 961
339 962
339 963
339 984
339 997
340 341
340 343
340 344
340 347
340 348
340 350
340 351
340 352
340 353
340 354
340 355
340 356
340 358
340 360
340 362
340 363
340 364
340 367
340 368
340 370
340 371
340 372
340 373
340 374
340 376
340 378
340 379
340 380
340 381
340 382
340 383
340 384
340 386
340 387
340 391
340 392
340 394
340 395
340 396
340 397
340 398
340 399
340 400
340 401
340 402
340 403
340 405
340 406
340 408
340 409
340 411
340 413
340 416
340 417
340 418
340 419
340 421
340 422
340 423
340 424
340 425
340 426
340 427
340 430
340 431
340 433
340 435
340 436
340 437
340 438
340 439
340 445
340 446
340 447
340 449
340 450
340 451
340 453
340 455
340 456
340 457
340 459
340 460
340 461
340 463
340 464
340 465
340 466
340 467
340 469
340 470
340 471
340 472
340 475
340 476
340 477
340 478
340 480
340 481
340 483
340 484
340 485
340 488
340 490
340 491
340 492
340 494
340 495
340 496
340 497
340 498
340 499
340 520
340 522
340 550
340 551
340 552
340 554
340 560
340 569
340 573
340 575
340 596
340 618
340 626
340 634
340 643
340 657
340 674
340 687
340 688
340 689
340 695
340 702
340 703
340 705
340 720
340 722
340 502
340 506
340 761
340 771
340 780
340 784
340 803
340 813
340 816
340 822
340 825
340 869
340 885
340 908
340 910
340 914
340 924
340 928
340 931
340 976
340 993
341 342
341 343
341 344
341 346
341 347
341 348
341 350
341 351
341 353
341 354
341 356
341 357
341 359
341 360
341 361
341 363
341 365
341 368
341 370
341 373
341 374
341 375
341 376
341 377
341 378
341 379
341 380
341 381
341 383
341 384
341 385
341 386
341 387
341 388
341 389
341 390
341 391
341 392
341 396
341 397
341 399
341 400
341 405
341 407
341 408
341 410
341 411
341 412
341 414
341 415
341 416
341 417
341 418
341 419
341 420
341 421
341 422
341 423
341 424
341 425
341 427
341 429
341 430
341 431
341 432
341 433
341 434
341 436
341 437
341 439
341 440
341 441
341 443
341 444
341 445
341 446
341 447
341 448
341 449
341 450
341 451
341 452
341 453
341 455
341 456
341 457
341 459
341 460
341 461
341 462
341 465
341 468
341 471
341 472
341 474
341 475
341 477
341 479
341 481
341 482
341 483
341 484
341 485
341 486
341 487
341 488
341 489
341 490
341 491
341 493
341 497
341 499
341 525
341 529
341 533
341 540
341 558
341 567
341 584
341 595
341 602
341 623
341 625
341 626
341 630
341 636
341 668
341 669
341 692
341 697
341 703
341 713
341 715
341 725
341 502
341 504
341 750
341 752
341 753
341 754
341 761
341 769
341 773
341 784
341 796
341 800
341 827
341 828
341 829
341 839
341 846
341 857
341 858
341 860
341 863
341 870
341 874
341 884
341 885
341 898
341 904
341 905
341 908
341 909
341 913
341 937
341 944
341 947
341 957
341 966
341 972
341 981
341 989
341 990
342 343
342 344
342 345
342 346
342 347
342 348
342 350
342 351
342 352
342 355
342 356
342 357
342 358
342 360
342 362
342 363
342 364
342 365
342 366
342 369
342 371
342 372
342 373
342 375
342 376
342 378
342 379
342 380
342 381
342 382
342 383
342 386
342 387
342 388
342 390
342 391
342 393
342 394
342 395
342 396
342 398
342 399
342 400
342 402
342 403
342 405
342 406
342 407
342 408
342 409
342 410
342 414
342 415
342 416
342 418
342 421
342 422
342 424
342 425
342 426
342 427
342 428
342 430
342 431
342 434
342 435
342 436
342 440
342 441
342 442
342 443
342 444
342 446
342 447
342 448
342 450
342 451
342 453
342 456
342 457
342 459
342 460
342 461
342 462
342 463
342 464
342 465
342 466
342 467
342 468
342 469
342 471
342 472
342 474
342 475
342 477
342 479
342 480
342 481
342 482
342 485
342 486
342 487
342 488
342 490
342 491
342 492
342 494
342 495
342 496
342 497
342 498
342 499
342 514
342 519
342 544
342 545
342 557
342 563
342 571
342 573
342 577
342 599
342 600
342 614
342 627
342 635
342 673
342 695
342 710
342 711
342 729
342 753
342 758
342 774
342 786
342 790
342 793
342 805
342 806
342 814
342 857
342 865
342 979
342 984
342 988
342 994
342 996
343 344
343 347
343 349
343 350
343 351
343 352
343 353
343 354
343 357
343 358
343 359
343 360
343 361
343 362
343 363
343 365
343 366
343 367
343 368
343 369
343 372
343 373
343 375
343 377
343 378
343 380
343 381
343 382
343 383
343 385
343 386
343 388
343 390
343 391
343 392
343 393
343 394
343 395
343 397
343 398
343 399
343 400
343 401
343 402
343 403
343 405
343 407
343 408
343 409
343 411
343 412
343 414
343 415
343 417
343 418
343 419
343 420
343 421
343 423
343 424
343 426
343 427
343 429
343 430
343 432
343 434
343 437
343 439
343 441
343 442
343 444
343 446
343 447
343 449
343 450
343 452
343 455
343 458
343 459
343 460
343 462
343 463
343 465
343 466
343 467
343 468
343 469
343 471
343 473
343 474
343 476
343 477
343 478
343 481
343 482
343 483
343 484
343 485
343 488
343 489
343 491
343 494
343 495
343 496
343 498
343 499
343 520
343 532
343 544
343 560
343 566
343 586
343 589
343 612
343 641
343 648
343 650
343 654
343 656
343 684
343 691
343 701
343 708
343 709
343 710
343 711
343 719
343 735
343 500
343 505
343 750
343 763
343 785
343 793
343 806
343 811
343 843
343 845
343 855
343 864
343 895
343 906
343 911
343 933
343 934
343 936
343 940
343 976
343 979
343 982
343 983
343 984
343 990
343 995
344 345
344 346
344 350
344 351
344 353
344 354
344 358
344 359
344 360
344 361
344 362
344 364
344 366
344 370
344 372
344 373
344 374
344 375
344 376
344 377
344 378
344 379
344 380
344 381
344 382
344 383
344 384
344 386
344 388
344 389
344 390
344 392
344 393
344 395
344 396
344 398
344 399
344 400
344 401
344 402
344 403
344 406
344 407
344 408
344 409
344 411
344 412
344 413
344 414
344 415
344 416
344 417
344 418
344 419
344 420
344 421
344 422
344 423
344 424
344 425
344 426
344 427
344 429
344 430
344 431
344 432
344 433
344 434
344 435
344 436
344 437
344 438
344 439
344 440
344 442
344 443
344 444
344 446
344 447
344 448
344 449
344 450
344 451
344 452
344 453
344 454
344 456
344 457
344 458
344 459
344 460
344 462
344 463
344 464
344 466
344 468
344 469
344 470
344 471
344 472
344 474
344 475
344 476
344 477
344 478
344 479
344 480
344 481
344 482
344 483
344 485
344 486
344 487
344 488
344 489
344 490
344 492
344 493
344 495
344 496
344 497
344 498
344 499
344 514
344 522
344 524
344 530
344 539
344 560
344 579
344 580
344 582
344 588
344 591
344 602
344 603
344 609
344 613
344 615
344 620
344 635
344 640
344 647
344 664
344 673
344 675
344 682
344 690
344 692
344 709
344 710
344 715
344 721
344 735
344 740
344 744
344 500
344 776
344 786
344 795
344 812
344 831
344 835
344 837
344 839
344 848
344 849
344 877
344 892
344 899
344 904
344 932
344 943
344 969
344 970
344 979
344 986
344 990
344 993
345 346
345 347
345 349
345 351
345 352
345 353
345 354
345 355
345 356
345 357
345 358
345 359
345 360
345 362
345 363
345 364
345 366
345 367
345 368
345 369
345 370
345 371
345 372
345 373
345 374
345 375
345 376
345 377
345 378
345 379
345 380
345 381
345 382
345 383
345 384
345 386
345 388
345 389
345 391
345 392
345 393
345 396
345 397
345 399
345 401
345 402
345 406
345 407
345 408
345 409
345 410
345 411
345 412
345 413
345 414
345 416
345 417
345 419
345 420
345 423
345 424
345 425
345 426
345 427
345 428
345 429
345 430
345 432
345 435
345 436
345 437
345 438
345 439
345 440
345 445
345 446
345 449
345 450
345 452
345 453
345 455
345 456
345 460
345 462
345 466
345 467
345 469
345 470
345 471
345 473
345 475
345 477
345 478
345 479
345 481
345 482
345 484
345 485
345 486
345 487
345 488
345 489
345 491
345 493
345 494
345 495
345 496
345 497
345 524
345 534
345 542
345 552
345 560
345 574
345 581
345 590
345 593
345 594
345 600
345 605
345 626
345 642
345 653
345 662
345 671
345 682
345 701
345 708
345 716
345 727
345 742
345 506
345 509
345 761
345 771
345 792
345 811
345 827
345 846
345 870
345 885
345 921
345 948
345 949
345 951
345 961
345 962
345 983
345 988
345 990
346 348
346 349
346 350
346 351
346 354
346 355
346 356
346 357
346 360
346 361
346 363
346 364
346 365
346 366
346 373
346 374
346 377
346 380
346 382
346 384
346 385
346 386
346 388
346 389
346 390
346 392
346 393
346 394
346 395
346 396
346 399
346 400
346 402
346 403
346 404
346 406
346 411
346 413
346 414
346 418
346 420
346 421
346 422
346 423
346 425
346 427
346 428
346 429
346 431
346 433
346 436
346 438
346 441
346 444
346 445
346 447
346 448
346 450
346 451
346 453
346 455
346 456
346 458
346 460
346 461
346 463
346 465
346 468
346 469
346 473
346 474
346 475
346 476
346 477
346 478
346 479
346 482
346 483
346 484
346 486
346 487
346 489
346 490
346 491
346 492
346 493
346 495
346 496
346 498
346 512
346 518
346 527
346 553
346 554
346 556
346 567
346 571
346 573
346 580
346 585
346 588
346 592
346 595
346 601
346 603
346 606
346 618
346 625
346 631
346 636
346 638
346 639
346 655
346 675
346 683
346 694
346 707
346 747
346 508
346 765
346 791
346 801
346 807
346 815
346 816
346 817
346 821
346 822
346 842
346 849
346 855
346 856
346 858
346 883
346 893
346 903
346 906
346 910
346 912
346 944
346 945
346 965
346 969
346 976
346 998
347 348
347 349
347 350
347 351
347 352
347 353
347 354
347 356
347 357
347 358
347 361
347 362
347 363
347 364
347 367
347 371
347 372
347 373
347 374
347 375
347 376
347 377
347 378
347 379
347 381
347 382
347 384
347 385
347 387
347 388
347 389
347 391
347 392
347 393
347 394
347 395
347 396
347 398
347 401
347 402
347 404
347 405
347 407
347 409
347 410
347 411
347 412
347 414
347 415
347 417
347 418
347 420
347 423
347 425
347 427
347 428
347 429
347 432
347 434
347 436
347 438
347 439
347 440
347 442
347 444
347 446
347 447
347 448
347 449
347 450
347 451
347 452
347 453
347 455
347 457
347 458
347 459
347 460
347 461
347 462
347 463
347 464
347 465
347 468
347 469
347 470
347 471
347 473
347 474
347 475
347 480
347 484
347 486
347 487
347 491
347 492
347 493
347 494
347 495
347 496
347 498
347 518
347 549
347 552
347 557
347 560
347 561
347 574
347 589
347 592
347 598
347 603
347 614
347 626
347 639
347 645
347 665
347 669
347 676
347 682
347 683
347 686
347 693
347 694
347 695
347 714
347 737
347 741
347 502
347 504
347 753
347 779
347 781
347 793
347 801
347 808
347 813
347 817
347 819
347 820
347 826
347 832
347 836
347 838
347 846
347 858
347 872
347 875
347 878
347 879
347 886
347 894
347 903
347 920
347 930
347 935
347 937
347 944
347 949
347 965
347 989
347 996
348 349
348 350
348 353
348 355
348 357
348 359
348 360
348 361
348 362
348 363
348 364
348 367
348 368
348 370
348 372
348 373
348 374
348 375
348 378
348 379
348 380
348 381
348 382
348 383
348 384
348 385
348 386
348 388
348 389
348 390
348 391
348 392
348 393
348 394
348 395
348 399
348 400
348 402
348 403
348 404
348 405
348 406
348 408
348 409
348 410
348 414
348 415
348 417
348 418
348 421
348 422
348 423
348 424
348 425
348 426
348 428
348 429
348 430
348 431
348 432
348 434
348 435
348 436
348 437
348 438
348 439
348 440
348 441
348 442
348 443
348 444
348 448
348 449
348 450
348 451
348 453
348 454
348 455
348 458
348 460
348 461
348 463
348 466
348 468
348 469
348 472
348 473
348 474
348 475
348 476
348 477
348 479
348 480
348 482
348 483
348 484
348 486
348 488
348 492
348 493
348 495
348 496
348 499
348 515
348 517
348 522
348 523
348 524
348 527
348 529
348 539
348 543
348 544
348 554
348 558
348 560
348 562
348 567
348 571
348 591
348 593
348 595
348 622
348 629
348 658
348 690
348 704
348 710
348 731
348 734
348 742
348 743
348 510
348 763
348 764
348 768
348 775
348 789
348 828
348 845
348 850
348 857
348 875
348 890
348 924
348 927
348 932
348 940
348 942
348 963
348 967
348 974
348 988
348 996
349 352
349 353
349 354
349 355
349 356
349 357
349 360
349 362
349 363
349 364
349 365
349 367
349 369
349 370
349 371
349 372
349 373
349 376
349 378
349 379
349 380
349 382
349 384
349 385
349 387
349 388
349 390
349 391
349 392
349 393
349 394
349 395
349 396
349 398
349 401
349 403
349 405
349 406
349 407
349 409
349 410
349 412
349 414
349 415
349 417
349 418
349 419
349 420
349 421
349 422
349 423
349 424
349 425
349 426
349 427
349 428
349 430
349 432
349 433
349 434
349 435
349 436
349 438
349 439
349 440
349 441
349 442
349 444
349 445
349 446
349 447
349 448
349 449
349 450
349 453
349 454
349 455
349 456
349 457
349 459
349 460
349 461
349 462
349 463
349 464
349 465
349 466
349 467
349 468
349 469
349 471
349 472
349 474
349 475
349 476
349 479
349 480
349 481
349 482
349 484
349 486
349 487
349 488
349 489
349 490
349 492
349 493
349 495
349 496
349 497
349 499
349 515
349 544
349 546
349 569
349 584
349 603
349 633
349 637
349 656
349 660
349 665
349 668
349 671
349 674
349 677
349 690
349 691
349 709
349 726
349 727
349 732
349 744
349 501
349 758
349 759
349 771
349 774
349 776
349 778
349 787
349 799
349 857
349 864
349 877
349 886
349 894
349 909
349 911
349 919
349 922
349 924
349 936
349 942
349 950
349 966
349 978
349 988
350 351
350 352
350 353
350 354
350 355
350 357
350 358
350 359
350 360
350 361
350 363
350 364
350 366
350 367
350 369
350 372
350 373
350 374
350 375
350 376
350 377
350 379
350 384
350 385
350 386
350 387
350 388
350 389
350 391
350 394
350 395
350 396
350 397
350 398
350 400
350 401
350 402
350 403
350 404
350 407
350 408
350 409
350 410
350 412
350 413
350 415
350 418
350 421
350 422
350 423
350 426
350 427
350 428
350 429
350 431
350 432
350 433
350 434
350 436
350 437
350 438
350 439
350 441
350 442
350 444
350 445
350 446
350 447
350 448
350 449
350 450
350 451
350 453
350 456
350 458
350 459
350 460
350 461
350 462
350 465
350 466
350 467
350 468
350 469
350 470
350 471
350 472
350 473
350 474
350 475
350 477
350 478
350 480
350 482
350 484
350 489
350 490
350 491
350 492
350 494
350 495
350 496
350 498
350 499
350 515
350 521
350 536
350 560
350 569
350 584
350 595
350 605
350 608
350 611
350 653
350 655
350 660
350 667
350 677
350 729
350 500
350 756
350 760
350 773
350 793
350 801
350 804
350 821
350 836
350 837
350 839
350 855
350 902
350 915
350 916
350 965
350 976
351 352
351 353
351 354
351 360
351 361
351 363
351 364
351 365
351 366
351 367
351 368
351 370
351 371
351 373
351 375
351 376
351 377
351 378
351 379
351 380
351 381
351 382
351 383
351 384
351 385
351 387
351 388
351 389
351 390
351 393
351 394
351 395
351 396
351 397
351 399
351 400
351 401
351 405
351 406
351 408
351 409
351 410
351 411
351 412
351 413
351 414
351 415
351 416
351 418
351 419
351 420
351 421
351 422
351 423
351 424
351 425
351 426
351 427
351 428
351 429
351 430
351 431
351 432
351 433
351 435
351 436
351 437
351 438
351 439
351 440
351 441
351 442
351 444
351 445
351 446
351 447
351 448
351 451
351 452
351 453
351 455
351 456
351 460
351 461
351 463
351 464
351 465
351 466
351 467
351 468
351 470
351 473
351 474
351 475
351 476
351 477
351 479
351 481
351 482
351 483
351 484
351 485
351 487
351 488
351 489
351 490
351 491
351 492
351 493
351 495
351 496
351 497
351 498
351 499
351 517
351 518
351 523
351 526
351 533
351 578
351 602
351 606
351 625
351 626
351 627
351 634
351 648
351 661
351 665
351 669
351 683
351 697
351 707
351 722
351 732
351 736
351 747
351 500
351 752
351 755
351 768
351 775
351 776
351 792
351 795
351 807
351 817
351 825
351 837
351 851
351 861
351 869
351 884
351 889
351 938
351 947
351 952
351 953
351 956
351 971
351 973
351 982
351 988
352 353
352 355
352 356
352 357
352 358
352 359
352 360
352 361
352 363
352 365
352 366
352 368
352 369
352 370
352 371
352 374
352 375
352 377
352 378
352 380
352 382
352 383
352 385
352 387
352 388
352 390
352 391
352 392
352 393
352 395
352 396
352 397
352 398
352 399
352 400
352 401
352 404
352 405
352 406
352 407
352 408
352 409
352 410
352 412
352 413
352 414
352 415
352 416
352 417
352 419
352 420
352 424
352 425
352 427
352 429
352 430
352 431
352 433
352 435
352 436
352 438
352 439
352 440
352 441
352 442
352 443
352 446
352 447
352 449
352 450
352 452
352 453
352 454
352 455
352 458
352 459
352 461
352 464
352 467
352 469
352 470
352 472
352 474
352 475
352 476
352 478
352 480
352 481
352 482
352 487
352 490
352 492
352 493
352 494
352 495
352 497
352 498
352 519
352 525
352 529
352 546
352 553
352 555
352 558
352 563
352 577
352 602
352 607
352 608
352 611
352 614
352 637
352 660
352 667
352 670
352 673
352 675
352 682
352 684
352 697
352 701
352 710
352 717
352 722
352 726
352 729
352 734
352 502
352 511
352 752
352 753
352 766
352 767
352 783
352 789
352 808
352 868
352 873
352 886
352 910
352 920
352 939
352 959
352 977
352 983
352 990
353 354
353 355
353 356
353 359
353 361
353 362
353 363
353 367
353 368
353 369
353 370
353 372
353 375
353 376
353 377
353 378
353 380
353 381
353 382
353 384
353 389
353 390
353 398
353 399
353 400
353 401
353 402
353 403
353 404
353 406
353 408
353 410
353 412
353 413
353 414
353 415
353 417
353 418
353 419
353 420
353 422
353 423
353 424
353 425
353 426
353 428
353 429
353 431
353 432
353 433
353 434
353 436
353 437
353 438
353 440
353 441
353 442
353 443
353 448
353 450
353 451
353 452
353 453
353 454
353 457
353 458
353 459
353 460
353 462
353 463
353 464
353 466
353 469
353 470
353 471
353 472
353 474
353 475
353 476
353 477
353 478
353 479
353 481
353 482
353 483
353 485
353 486
353 487
353 488
353 490
353 491
353 492
353 494
353 495
353 496
353 498
353 499
353 513
353 514
353 515
353 516
353 522
353 524
353 525
353 534
353 535
353 559
353 562
353 575
353 589
353 606
353 631
353 640
353 641
353 647
353 651
353 657
353 661
353 687
353 693
353 694
353 701
353 703
353 708
353 729
353 730
353 735
353 736
353 740
353 748
353 501
353 779
353 789
353 791
353 823
353 826
353 827
353 832
353 836
353 837
353 846
353 854
353 866
353 895
353 905
353 921
353 927
353 930
353 933
353 954
353 962
354 355
354 356
354 357
354 358
354 359
354 360
354 361
354 366
354 367
354 368
354 369
354 371
354 372
354 373
354 374
354 375
354 376
354 377
354 379
354 380
354 381
354 383
354 384
354 385
354 386
354 387
354 388
354 389
354 390
354 391
354 392
354 393
354 396
354 397
354 398
354 401
354 403
354 404
354 407
354 408
354 409
354 410
354 412
354 413
354 414
354 415
354 416
354 417
354 419
354 420
354 421
354 424
354 426
354 428
354 429
354 430
354 431
354 432
354 433
354 435
354 441
354 442
354 443
354 444
354 446
354 447
354 448
354 449
354 450
354 451
354 452
354 453
354 454
354 455
354 456
354 461
354 462
354 463
354 464
354 466
354 468
354 469
354 470
354 471
354 472
354 473
354 474
354 475
354 476
354 477
354 479
354 481
354 482
354 484
354 485
354 486
354 487
354 488
354 492
354 493
354 494
354 495
354 496
354 497
354 499
354 513
354 526
354 527
354 531
354 544
354 552
354 555
354 556
354 575
354 577
354 578
354 582
354 597
354 600
354 621
354 631
354 676
354 685
354 689
354 694
354 698
354 703
354 743
354 506
354 760
354 761
354 762
354 765
354 783
354 797
354 808
354 820
354 822
354 831
354 838
354 846
354 856
354 868
354 869
354 873
354 875
354 876
354 889
354 897
354 903
354 904
354 916
354 923
354 952
354 961
354 974
354 986
355 356
355 357
355 358
355 359
355 360
355 361
355 362
355 363
355 364
355 366
355 367
355 368
355 370
355 371
355 372
355 375
355 376
355 377
355 379
355 380
355 381
355 382
355 383
355 384
355 385
355 387
355 388
355 390
355 391
355 392
355 393
355 394
355 395
355 396
355 397
355 399
355 400
355 401
355 402
355 403
355 404
355 405
355 406
355 407
355 409
355 411
355 412
355 413
355 415
355 417
355 418
355 421
355 423
355 425
355 426
355 427
355 428
355 429
355 431
355 433
355 434
355 435
355 436
355 439
355 440
355 442
355 443
355 445
355 446
355 447
355 450
355 452
355 453
355 454
355 456
355 457
355 458
355 461
355 462
355 463
355 465
355 467
355 469
355 472
355 473
355 474
355 476
355 478
355 481
355 482
355 483
355 484
355 487
355 488
355 489
355 490
355 491
355 493
355 494
355 495
355 497
355 498
355 499
355 515
355 516
355 534
355 537
355 548
355 550
355 569
355 580
355 581
355 585
355 601
355 604
355 605
355 609
355 612
355 613
355 656
355 674
355 679
355 685
355 689
355 701
355 718
355 723
355 746
355 500
355 501
355 503
355 765
355 775
355 781
355 811
355 818
355 823
355 835
355 861
355 880
355 899
355 901
355 915
355 921
355 925
355 933
355 948
355 954
355 966
355 972
355 998
356 357
356 359
356 360
356 361
356 363
356 364
356 365
356 366
356 368
356 369
356 370
356 371
356 372
356 373
356 375
356 376
356 377
356 378
356 379
356 381
356 382
356 383
356 384
356 386
356 387
356 388
356 389
356 390
356 391
356 393
356 395
356 397
356 398
356 399
356 402
356 403
356 404
356 405
356 408
356 410
356 411
356 412
356 416
356 417
356 419
356 420
356 421
356 427
356 428
356 429
356 430
356 431
356 433
356 434
356 435
356 436
356 438
356 439
356 440
356 443
356 444
356 445
356 446
356 447
356 450
356 454
356 456
356 457
356 461
356 462
356 463
356 465
356 466
356 467
356 468
356 469
356 470
356 472
356 473
356 475
356 476
356 477
356 478
356 480
356 481
356 482
356 483
356 484
356 485
356 486
356 487
356 488
356 490
356 492
356 494
356 496
356 497
356 535
356 542
356 560
356 574
356 575
356 588
356 597
356 612
356 629
356 637
356 643
356 647
356 650
356 662
356 665
356 680
356 691
356 699
356 703
356 709
356 719
356 723
356 741
356 502
356 503
356 760
356 770
356 793
356 812
356 818
356 819
356 838
356 841
356 845
356 847
356 850
356 862
356 895
356 897
356 906
356 908
356 918
356 930
356 948
356 950
356 959
356 969
356 971
356 986
356 995
357 359
357 360
357 361
357 362
357 363
357 364
357 365
357 368
357 369
357 371
357 372
357 375
357 376
357 377
357 380
357 384
357 385
357 387
357 388
357 389
357 390
357 391
357 393
357 394
357 396
357 397
357 398
357 399
357 400
357 401
357 403
357 405
357 406
357 407
357 408
357 409
357 411
357 412
357 413
357 414
357 415
357 416
357 417
357 418
357 419
357 422
357 423
357 426
357 427
357 428
357 429
357 430
357 431
357 432
357 433
357 435
357 437
357 438
357 440
357 441
357 442
357 443
357 445
357 446
357 447
357 448
357 449
357 451
357 452
357 453
357 454
357 457
357 458
357 459
357 460
357 463
357 464
357 465
357 467
357 468
357 469
357 470
357 471
357 472
357 473
357 476
357 477
357 478
357 479
357 481
357 482
357 484
357 485
357 486
357 487
357 488
357 491
357 492
357 493
357 495
357 496
357 497
357 498
357 499
357 516
357 521
357 524
357 530
357 537
357 546
357 547
357 550
357 580
357 584
357 590
357 603
357 608
357 629
357 632
357 644
357 648
357 652
357 654
357 662
357 687
357 688
357 700
357 711
357 712
357 738
357 751
357 756
357 790
357 806
357 808
357 811
357 823
357 849
357 854
357 858
357 871
357 886
357 894
357 912
357 958
357 980
357 983
357 989
358 360
358 364
358 365
358 367
358 368
358 369
358 370
358 371
358 372
358 373
358 374
358 375
358 376
358 377
358 378
358 380
358 382
358 383
358 384
358 385
358 386
358 387
358 388
358 389
358 390
358 391
358 392
358 394
358 395
358 396
358 397
358 398
358 399
358 400
358 401
358 403
358 404
358 405
358 406
358 407
358 409
358 413
358 414
358 415
358 418
358 419
358 421
358 422
358 423
358 424
358 425
358 426
358 427
358 428
358 430
358 431
358 432
358 433
358 434
358 436
358 438
358 439
358 441
358 443
358 444
358 445
358 446
358 448
358 451
358 452
358 453
358 454
358 455
358 457
358 458
358 459
358 460
358 462
358 463
358 465
358 466
358 467
358 470
358 471
358 472
358 474
358 475
358 477
358 478
358 479
358 481
358 484
358 485
358 487
358 489
358 491
358 492
358 493
358 494
358 495
358 498
358 499
358 518
358 529
358 530
358 531
358 538
358 549
358 550
358 557
358 567
358 572
358 586
358 596
358 598
358 602
358 603
358 611
358 621
358 630
358 659
358 665
358 689
358 694
358 702
358 705
358 719
358 722
358 740
358 506
358 775
358 786
358 803
358 816
358 830
358 853
358 863
358 870
358 900
358 905
358 909
358 913
358 919
358 941
358 945
358 961
358 962
358 969
358 987
358 994
358 995
359 360
359 362
359 363
359 364
359 365
359 366
359 368
359 369
359 371
359 373
359 374
359 379
359 380
359 381
359 382
359 383
359 384
359 385
359 386
359 388
359 389
359 391
359 392
359 395
359 398
359 399
359 401
359 402
359 403
359 404
359 405
359 407
359 408
359 409
359 410
359 413
359 414
359 415
359 416
359 417
359 418
359 419
359 421
359 424
359 429
359 430
359 431
359 434
359 436
359 438
359 440
359 442
359 443
359 444
359 446
359 447
359 448
359 449
359 450
359 451
359 453
359 455
359 456
359 457
359 458
359 459
359 460
359 462
359 463
359 464
359 465
359 467
359 469
359 471
359 473
359 474
359 475
359 476
359 478
359 479
359 480
359 481
359 483
359 484
359 485
359 486
359 487
359 488
359 489
359 490
359 491
359 493
359 494
359 495
359 496
359 497
359 498
359 499
359 513
359 528
359 530
359 557
359 562
359 577
359 581
359 585
359 589
359 592
359 601
359 607
359 608
359 616
359 645
359 659
359 663
359 666
359 680
359 689
359 695
359 706
359 715
359 717
359 723
359 725
359 727
359 509
359 750
359 753
359 760
359 791
359 804
359 805
359 816
359 817
359 832
359 839
359 867
359 872
359 898
359 924
359 930
359 934
359 943
359 956
359 966
359 980
359 988
359 991
359 992
360 361
360 365
360 366
360 367
360 368
360 369
360 370
360 371
360 372
360 373
360 375
360 376
360 377
360 379
360 380
360 381
360 382
360 383
360 384
360 385
360 386
360 387
360 388
360 390
360 393
360 395
360 396
360 398
360 399
360 400
360 402
360 404
360 405
360 406
360 407
360 409
360 410
360 414
360 415
360 416
360 418
360 419
360 420
360 421
360 422
360 423
360 424
360 425
360 426
360 427
360 429
360 430
360 431
360 432
360 433
360 436
360 438
360 442
360 443
360 444
360 445
360 446
360 449
360 451
360 452
360 453
360 455
360 456
360 457
360 458
360 459
360 461
360 463
360 465
360 466
360 467
360 468
360 470
360 471
360 472
360 474
360 475
360 476
360 477
360 479
360 480
360 481
360 483
360 484
360 485
360 486
360 487
360 488
360 489
360 490
360 491
360 492
360 493
360 494
360 495
360 496
360 497
360 499
360 515
360 555
360 557
360 585
360 588
360 592
360 594
360 603
360 624
360 629
360 640
360 648
360 661
360 688
360 712
360 737
360 501
360 507
360 511
360 750
360 763
360 764
360 778
360 790
360 793
360 819
360 822
360 829
360 830
360 833
360 843
360 848
360 849
360 852
360 853
360 862
360 866
360 901
360 920
360 921
360 934
360 941
360 968
360 971
360 972
360 991
360 994
361 362
361 363
361 365
361 366
361 368
361 370
361 371
361 372
361 373
361 374
361 376
361 378
361 381
361 383
361 384
361 386
361 387
361 388
361 389
361 390
361 391
361 393
361 395
361 396
361 398
361 400
361 401
361 402
361 403
361 404
361 406
361 407
361 408
361 409
361 410
361 411
361 412
361 413
361 414
361 417
361 418
361 419
361 420
361 421
361 423
361 424
361 425
361 427
361 428
361 429
361 430
361 431
361 433
361 434
361 435
361 437
361 442
361 444
361 446
361 448
361 449
361 452
361 453
361 454
361 457
361 458
361 461
361 462
361 464
361 466
361 467
361 470
361 471
361 472
361 473
361 475
361 477
361 479
361 480
361 481
361 482
361 483
361 484
361 486
361 487
361 488
361 489
361 490
361 491
361 492
361 495
361 497
361 498
361 554
361 556
361 559
361 561
361 586
361 613
361 615
361 618
361 628
361 634
361 637
361 640
361 649
361 655
361 659
361 680
361 688
361 692
361 702
361 716
361 717
361 718
361 737
361 739
361 511
361 751
361 768
361 776
361 780
361 785
361 786
361 802
361 812
361 813
361 815
361 835
361 849
361 870
361 876
361 889
361 891
361 897
361 928
361 936
361 941
361 942
361 971
361 977
361 986
361 996
362 364
362 365
362 366
362 367
362 369
362 370
362 371
362 374
362 375
362 376
362 379
362 380
362 381
362 382
362 383
362 384
362 387
362 388
362 389
362 390
362 391
362 395
362 396
362 397
362 398
362 399
362 400
362 402
362 403
362 407
362 408
362 409
362 410
362 411
362 412
362 413
362 414
362 415
362 416
362 417
362 418
362 419
362 420
362 421
362 422
362 425
362 426
362 427
362 428
362 429
362 433
362 434
362 436
362 437
362 438
362 439
362 440
362 441
362 442
362 443
362 444
362 445
362 446
362 447
362 448
362 451
362 452
362 454
362 455
362 457
362 458
362 462
362 463
362 464
362 465
362 467
362 468
362 469
362 473
362 474
362 476
362 480
362 481
362 483
362 484
362 486
362 487
362 490
362 491
362 492
362 493
362 494
362 495
362 496
362 497
362 499
362 527
362 542
362 548
362 553
362 566
362 579
362 595
362 596
362 618
362 619
362 633
362 645
362 676
362 678
362 690
362 695
362 707
362 708
362 717
362 721
362 730
362 740
362 503
362 504
362 753
362 754
362 780
362 787
362 802
362 803
362 815
362 833
362 853
362 854
362 861
362 862
362 883
362 894
362 905
362 916
362 924
362 929
362 933
362 934
362 935
362 944
362 947
362 952
362 957
362 958
362 980
362 982
362 994
362 997
363 364
363 365
363 366
363 367
363 368
363 370
363 371
363 372
363 375
363 376
363 377
363 378
363 379
363 382
363 383
363 384
363 386
363 387
363 389
363 391
363 393
363 396
363 397
363 398
363 399
363 402
363 404
363 406
363 407
363 408
363 410
363 411
363 413
363 414
363 415
363 416
363 417
363 418
363 419
363 422
363 423
363 424
363 426
363 427
363 428
363 430
363 431
363 432
363 433
363 435
363 436
363 441
363 443
363 444
363 445
363 447
363 448
363 449
363 450
363 451
363 453
363 454
363 455
363 456
363 457
363 458
363 459
363 460
363 461
363 462
363 464
363 467
363 468
363 469
363 471
363 472
363 473
363 475
363 477
363 478
363 479
363 482
363 484
363 486
363 489
363 491
363 494
363 495
363 496
363 497
363 524
363 546
363 551
363 554
363 559
363 560
363 568
363 580
363 583
363 588
363 589
363 590
363 595
363 608
363 609
363 616
363 636
363 668
363 671
363 685
363 731
363 760
363 761
363 779
363 782
363 789
363 802
363 805
363 810
363 894
363 905
363 907
363 932
363 933
363 945
363 958
363 965
363 966
363 981
364 365
364 366
364 367
364 368
364 369
364 370
364 371
364 372
364 374
364 375
364 376
364 378
364 379
364 380
364 381
364 384
364 385
364 387
364 390
364 391
364 392
364 393
364 395
364 397
364 398
364 399
364 400
364 405
364 406
364 407
364 408
364 409
364 411
364 412
364 414
364 417
364 418
364 419
364 420
364 422
364 423
364 424
364 425
364 428
364 429
364 430
364 431
364 432
364 433
364 434
364 435
364 436
364 437
364 438
364 440
364 442
364 444
364 445
364 446
364 447
364 448
364 449
364 450
364 451
364 452
364 453
364 454
364 456
364 457
364 458
364 459
364 461
364 462
364 463
364 466
364 468
364 469
364 471
364 472
364 473
364 475
364 476
364 477
364 478
364 479
364 481
364 482
364 483
364 484
364 485
364 486
364 487
364 489
364 490
364 491
364 492
364 493
364 494
364 495
364 496
364 497
364 499
364 530
364 532
364 546
364 547
364 581
364 594
364 602
364 621
364 629
364 645
364 648
364 656
364 657
364 673
364 678
364 687
364 698
364 702
364 709
364 714
364 726
364 731
364 738
364 739
364 500
364 503
364 508
364 770
364 774
364 777
364 779
364 783
364 791
364 794
364 805
364 816
364 833
364 845
364 859
364 877
364 881
364 882
364 886
364 887
364 892
364 898
364 903
364 904
364 924
364 927
364 974
364 989
365 366
365 367
365 369
365 371
365 372
365 373
365 374
365 378
365 379
365 380
365 383
365 385
365 386
365 387
365 389
365 390
365 391
365 392
365 395
365 396
365 397
365 398
365 399
365 400
365 401
365 402
365 403
365 405
365 406
365 407
365 408
365 409
365 410
365 411
365 414
365 415
365 416
365 417
365 420
365 421
365 422
365 423
365 424
365 425
365 427
365 430
365 431
365 433
365 434
365 437
365 439
365 440
365 441
365 442
365 443
365 444
365 446
365 447
365 451
365 452
365 453
365 454
365 455
365 457
365 458
365 459
365 462
365 463
365 464
365 465
365 466
365 467
365 468
365 469
365 470
365 473
365 474
365 475
365 476
365 478
365 479
365 480
365 481
365 482
365 484
365 485
365 487
365 488
365 490
365 492
365 493
365 495
365 496
365 497
365 498
365 528
365 536
365 550
365 552
365 561
365 570
365 580
365 596
365 604
365 622
365 633
365 635
365 648
365 669
365 672
365 687
365 697
365 706
365 739
365 742
365 758
365 775
365 780
365 790
365 810
365 823
365 824
365 828
365 835
365 846
365 855
365 859
365 860
365 875
365 889
365 914
365 918
365 939
365 961
365 979
365 991
365 994
365 996
366 367
366 369
366 371
366 372
366 373
366 375
366 376
366 377
366 379
366 380
366 381
366 383
366 384
366 385
366 389
366 390
366 392
366 393
366 394
366 396
366 397
366 398
366 399
366 400
366 403
366 404
366 406
366 407
366 408
366 409
366 410
366 411
366 412
366 415
366 416
366 417
366 418
366 420
366 422
366 423
366 424
366 426
366 427
366 428
366 429
366 430
366 433
366 434
366 435
366 439
366 440
366 441
366 444
366 445
366 446
366 447
366 449
366 450
366 451
366 452
366 453
366 455
366 457
366 458
366 459
366 460
366 461
366 462
366 465
366 466
366 468
366 469
366 474
366 475
366 477
366 479
366 482
366 483
366 484
366 486
366 488
366 489
366 490
366 491
366 492
366 493
366 494
366 498
366 499
366 522
366 534
366 539
366 553
366 558
366 564
366 588
366 590
366 602
366 608
366 609
366 617
366 618
366 624
366 625
366 629
366 641
366 651
366 658
366 662
366 664
366 667
366 681
366 686
366 702
366 725
366 735
366 743
366 504
366 763
366 772
366 776
366 786
366 790
366 798
366 829
366 830
366 877
366 889
366 893
366 897
366 913
366 914
366 920
366 928
366 937
366 946
366 955
366 975
366 977
366 984
366 989
367 370
367 371
367 372
367 375
367 376
367 377
367 379
367 380
367 381
367 382
367 385
367 386
367 388
367 389
367 390
367 391
367 392
367 394
367 396
367 398
367 399
367 400
367 402
367 405
367 406
367 409
367 410
367 411
367 412
367 413
367 414
367 415
367 418
367 419
367 422
367 424
367 425
367 426
367 427
367 428
367 429
367 430
367 432
367 435
367 437
367 438
367 439
367 440
367 441
367 442
367 443
367 444
367 445
367 446
367 447
367 448
367 449
367 451
367 452
367 454
367 455
367 456
367 457
367 459
367 461
367 462
367 464
367 468
367 470
367 477
367 478
367 480
367 481
367 483
367 484
367 485
367 487
367 488
367 489
367 490
367 491
367 492
367 494
367 497
367 498
367 499
367 538
367 553
367 556
367 557
367 558
367 563
367 570
367 576
367 593
367 603
367 619
367 624
367 632
367 635
367 644
367 645
367 652
367 656
367 657
367 660
367 661
367 667
367 676
367 694
367 710
367 723
367 724
367 746
367 747
367 749
367 750
367 761
367 762
367 764
367 780
367 781
367 783
367 785
367 800
367 805
367 811
367 821
367 822
367 829
367 835
367 836
367 848
367 856
367 900
367 907
367 908
367 909
367 928
367 949
367 953
367 967
367 969
367 980
367 981
367 987
367 994
367 996
367 999
368 369
368 371
368 372
368 374
368 376
368 378
368 381
368 382
368 386
368 387
368 388
368 389
368 390
368 391
368 393
368 394
368 396
368 397
368 398
368 399
368 402
368 403
368 404
368 405
368 408
368 409
368 410
368 412
368 414
368 415
368 416
368 417
368 418
368 419
368 420
368 421
368 423
368 426
368 427
368 428
368 429
368 430
368 431
368 432
368 433
368 434
368 435
368 439
368 440
368 442
368 443
368 446
368 447
368 448
368 450
368 451
368 452
368 453
368 454
368 455
368 456
368 457
368 460
368 461
368 462
368 463
368 465
368 466
368 467
368 471
368 473
368 475
368 477
368 478
368 479
368 480
368 481
368 482
368 483
368 484
368 489
368 490
368 491
368 492
368 493
368 494
368 496
368 497
368 498
368 499
368 516
368 527
368 528
368 530
368 543
368 556
368 561
368 635
368 643
368 663
368 686
368 711
368 713
368 733
368 500
368 506
368 508
368 764
368 766
368 798
368 804
368 808
368 809
368 812
368 821
368 823
368 829
368 856
368 859
368 861
368 868
368 874
368 879
368 887
368 895
368 898
368 914
368 917
368 918
368 919
368 925
368 929
368 959
368 963
368 985
368 989
369 370
369 371
369 373
369 376
369 377
369 380
369 381
369 382
369 383
369 384
369 385
369 387
369 388
369 392
369 393
369 394
369 395
369 396
369 397
369 400
369 401
369 402
369 404
369 405
369 406
369 407
369 408
369 411
369 412
369 414
369 415
369 418
369 420
369 422
369 423
369 424
369 425
369 426
369 427
369 428
369 432
369 433
369 436
369 437
369 438
369 439
369 440
369 442
369 444
369 445
369 446
369 449
369 450
369 451
369 454
369 456
369 457
369 459
369 460
369 461
369 462
369 463
369 465
369 466
369 467
369 468
369 469
369 470
369 471
369 473
369 475
369 476
369 477
369 478
369 479
369 482
369 483
369 485
369 486
369 487
369 488
369 489
369 492
369 496
369 497
369 498
369 517
369 518
369 526
369 532
369 536
369 545
369 565
369 570
369 574
369 588
369 614
369 629
369 638
369 639
369 654
369 665
369 672
369 675
369 683
369 690
369 693
369 696
369 703
369 705
369 727
369 735
369 737
369 746
369 750
369 767
369 775
369 777
369 782
369 784
369 789
369 829
369 876
369 878
369 879
369 896
369 907
369 910
369 923
369 932
369 933
369 945
369 949
369 955
369 976
369 989
369 999
370 371
370 373
370 375
370 376
370 377
370 378
370 379
370 380
370 381
370 382
370 384
370 385
370 386
370 387
370 389
370 393
370 394
370 396
370 398
370 399
370 400
370 401
370 402
370 403
370 405
370 406
370 410
370 413
370 415
370 416
370 417
370 418
370 419
370 420
370 422
370 423
370 426
370 427
370 429
370 430
370 431
370 432
370 433
370 434
370 435
370 436
370 437
370 438
370 439
370 441
370 443
370 444
370 445
370 450
370 451
370 452
370 454
370 455
370 457
370 458
370 459
370 461
370 466
370 467
370 468
370 469
370 472
370 473
370 475
370 476
370 477
370 478
370 479
370 480
370 481
370 483
370 484
370 485
370 487
370 489
370 490
370 492
370 493
370 494
370 495
370 496
370 497
370 499
370 517
370 520
370 524
370 542
370 545
370 547
370 569
370 596
370 602
370 607
370 645
370 658
370 665
370 691
370 696
370 705
370 707
370 739
370 749
370 508
370 752
370 764
370 829
370 830
370 837
370 844
370 867
370 881
370 901
370 905
370 917
370 933
370 939
371 372
371 374
371 375
371 376
371 377
371 378
371 380
371 383
371 384
371 385
371 386
371 388
371 390
371 392
371 393
371 394
371 395
371 396
371 397
371 398
371 399
371 401
371 403
371 406
371 407
371 410
371 411
371 412
371 413
371 415
371 417
371 418
371 420
371 421
371 423
371 424
371 426
371 427
371 428
371 429
371 430
371 431
371 432
371 434
371 435
371 437
371 440
371 441
371 442
371 443
371 444
371 445
371 446
371 447
371 450
371 451
371 454
371 455
371 456
371 457
371 458
371 459
371 460
371 461
371 462
371 463
371 464
371 465
371 466
371 467
371 468
371 469
371 471
371 472
371 473
371 474
371 476
371 477
371 478
371 479
371 481
371 482
371 483
371 484
371 485
371 486
371 488
371 490
371 491
371 492
371 493
371 494
371 497
371 498
371 499
371 556
371 573
371 604
371 627
371 635
371 645
371 649
371 652
371 657
371 658
371 661
371 675
371 683
371 698
371 726
371 501
371 757
371 765
371 772
371 790
371 802
371 816
371 858
371 864
371 867
371 879
371 897
371 912
371 950
371 974
371 975
371 978
372 373
372 374
372 375
372 376
372 377
372 379
372 380
372 381
372 382
372 383
372 384
372 385
372 386
372 387
372 388
372 390
372 392
372 393
372 394
372 395
372 396
372 398
372 399
372 400
372 401
372 402
372 403
372 405
372 407
372 409
372 410
372 411
372 412
372 413
372 414
372 416
372 417
372 418
372 421
372 423
372 424
372 425
372 426
372 427
372 428
372 429
372 430
372 431
372 432
372 433
372 435
372 436
372 437
372 438
372 439
372 440
372 441
372 442
372 444
372 445
372 446
372 448
372 449
372 452
372 453
372 455
372 457
372 458
372 459
372 460
372 461
372 462
372 465
372 466
372 467
372 468
372 469
372 471
372 473
372 474
372 475
372 476
372 477
372 480
372 484
372 485
372 486
372 488
372 489
372 490
372 491
372 493
372 494
372 495
372 496
372 497
372 534
372 563
372 577
372 580
372 587
372 593
372 608
372 638
372 659
372 661
372 672
372 682
372 688
372 689
372 704
372 707
372 710
372 728
372 748
372 506
372 508
372 755
372 761
372 776
372 778
372 782
372 787
372 814
372 829
372 847
372 860
372 878
372 880
372 886
372 901
372 910
372 924
372 928
372 947
372 960
372 961
372 999
373 374
373 375
373 378
373 379
373 380
373 383
373 384
373 385
373 386
373 387
373 388
373 390
373 391
373 392
373 393
373 394
373 399
373 400
373 401
373 402
373 403
373 404
373 406
373 407
373 408
373 409
373 410
373 413
373 415
373 417
373 421
373 423
373 424
373 425
373 426
373 427
373 428
373 429
373 430
373 431
373 432
373 433
373 434
373 435
373 437
373 438
373 440
373 441
373 443
373 444
373 445
373 446
373 447
373 448
373 449
373 450
373 453
373 454
373 455
373 456
373 457
373 458
373 459
373 460
373 461
373 463
373 465
373 466
373 467
373 468
373 469
373 470
373 472
373 473
373 474
373 475
373 477
373 478
373 480
373 481
373 484
373 485
373 486
373 487
373 488
373 491
373 493
373 495
373 496
373 497
373 498
373 499
373 538
373 540
373 575
373 582
373 584
373 588
373 590
373 594
373 603
373 604
373 616
373 620
373 652
373 663
373 666
373 669
373 682
373 703
373 708
373 718
373 735
373 756
373 757
373 759
373 760
373 763
373 767
373 773
373 776
373 788
373 791
373 792
373 793
373 812
373 822
373 828
373 832
373 883
373 887
373 889
373 890
373 915
373 918
373 920
373 935
373 943
373 971
373 979
373 984
374 375
374 377
374 379
374 380
374 381
374 383
374 384
374 386
374 387
374 388
374 391
374 393
374 394
374 395
374 396
374 397
374 398
374 399
374 400
374 401
374 402
374 403
374 406
374 407
374 408
374 410
374 411
374 412
374 413
374 417
374 418
374 419
374 420
374 425
374 426
374 427
374 430
374 431
374 433
374 434
374 436
374 437
374 438
374 439
374 440
374 441
374 443
374 444
374 445
374 446
374 448
374 449
374 450
374 451
374 453
374 454
374 456
374 457
374 458
374 459
374 460
374 462
374 463
374 464
374 466
374 467
374 468
374 469
374 471
374 472
374 473
374 474
374 476
374 477
374 478
374 479
374 480
374 482
374 484
374 485
374 487
374 488
374 489
374 494
374 497
374 498
374 499
374 515
374 517
374 528
374 530
374 541
374 558
374 564
374 579
374 588
374 596
374 603
374 613
374 619
374 620
374 625
374 627
374 640
374 643
374 677
374 685
374 690
374 713
374 721
374 723
374 734
374 742
374 747
374 508
374 755
374 788
374 796
374 810
374 813
374 815
374 820
374 825
374 840
374 857
374 860
374 868
374 878
374 883
374 893
374 932
374 934
374 937
374 956
374 958
374 970
374 972
375 376
375 377
375 379
375 380
375 382
375 385
375 386
375 387
375 389
375 390
375 391
375 392
375 393
375 394
375 395
375 396
375 397
375 398
375 402
375 403
375 404
375 405
375 406
375 407
375 410
375 411
375 412
375 415
375 416
375 418
375 419
375 421
375 422
375 423
375 425
375 426
375 428
375 432
375 433
375 434
375 435
375 436
375 437
375 438
375 439
375 441
375 443
375 444
375 445
375 446
375 447
375 449
375 450
375 453
375 455
375 456
375 460
375 461
375 462
375 463
375 464
375 466
375 467
375 469
375 473
375 474
375 475
375 477
375 478
375 479
375 480
375 481
375 483
375 484
375 489
375 490
375 491
375 493
375 494
375 495
375 496
375 499
375 526
375 536
375 568
375 575
375 578
375 588
375 592
375 601
375 602
375 608
375 610
375 621
375 647
375 650
375 651
375 655
375 672
375 684
375 693
375 694
375 702
375 704
375 729
375 735
375 738
375 504
375 509
375 754
375 759
375 766
375 781
375 827
375 828
375 831
375 848
375 884
375 904
375 917
375 918
375 922
375 926
375 933
375 953
375 955
375 961
375 971
375 997
376 377
376 378
376 379
376 381
376 382
376 383
376 384
376 386
376 388
376 389
376 390
376 394
376 395
376 398
376 399
376 400
376 401
376 402
376 403
376 404
376 405
376 406
376 407
376 409
376 411
376 415
376 417
376 418
376 419
376 420
376 422
376 423
376 424
376 425
376 426
376 427
376 429
376 430
376 431
376 433
376 434
376 435
376 436
376 437
376 438
376 439
376 442
376 443
376 444
376 445
376 446
376 447
376 448
376 449
376 451
376 453
376 454
376 456
376 457
376 458
376 459
376 460
376 462
376 463
376 464
376 466
376 467
376 468
376 471
376 472
376 474
376 475
376 477
376 478
376 479
376 482
376 483
376 484
376 485
376 488
376 489
376 490
376 491
376 493
376 496
376 497
376 498
376 499
376 524
376 526
376 528
376 536
376 542
376 544
376 552
376 554
376 612
376 624
376 634
376 647
376 660
376 671
376 695
376 696
376 703
376 712
376 719
376 735
376 502
376 506
376 507
376 768
376 776
376 791
376 798
376 801
376 814
376 816
376 825
376 826
376 833
376 836
376 846
376 850
376 857
376 859
376 864
376 872
376 896
376 901
376 911
376 945
376 951
376 954
376 957
376 960
376 961
376 979
376 982
376 999
377 378
377 380
377 382
377 383
377 384
377 385
377 386
377 387
377 388
377 389
377 390
377 393
377 395
377 397
377 399
377 403
377 404
377 405
377 407
377 409
377 410
377 411
377 413
377 415
377 417
377 418
377 420
377 421
377 422
377 423
377 424
377 425
377 426
377 429
377 430
377 431
377 437
377 439
377 440
377 441
377 442
377 443
377 444
377 445
377 446
377 451
377 452
377 453
377 454
377 455
377 456
377 457
377 461
377 462
377 463
377 464
377 465
377 466
377 467
377 468
377 470
377 471
377 473
377 474
377 475
377 477
377 479
377 482
377 483
377 484
377 485
377 486
377 488
377 491
377 492
377 493
377 495
377 496
377 497
377 498
377 499
377 512
377 525
377 526
377 545
377 561
377 569
377 581
377 593
377 616
377 620
377 646
377 654
377 661
377 666
377 680
377 699
377 715
377 736
377 743
377 505
377 755
377 767
377 785
377 788
377 795
377 797
377 814
377 826
377 843
377 857
377 876
377 892
377 898
377 903
377 904
377 932
377 955
377 972
377 978
377 981
377 984
377 998
378 379
378 380
378 382
378 384
378 385
378 386
378 389
378 390
378 391
378 392
378 394
378 396
378 397
378 398
378 399
378 401
378 402
378 404
378 405
378 406
378 407
378 408
378 409
378 412
378 413
378 414
378 416
378 418
378 419
378 420
378 421
378 422
378 425
378 426
378 428
378 429
378 431
378 435
378 436
378 437
378 438
378 439
378 440
378 441
378 442
378 445
378 446
378 447
378 448
378 449
378 450
378 452
378 453
378 454
378 455
378 456
378 457
378 458
378 459
378 460
378 462
378 463
378 466
378 467
378 468
378 469
378 473
378 474
378 475
378 477
378 478
378 480
378 481
378 482
378 483
378 484
378 485
378 486
378 487
378 489
378 490
378 491
378 492
378 493
378 494
378 497
378 545
378 548
378 568
378 575
378 576
378 580
378 584
378 585
378 594
378 601
378 612
378 630
378 641
378 661
378 663
378 675
378 680
378 699
378 707
378 711
378 714
378 716
378 745
378 761
378 763
378 771
378 772
378 787
378 790
378 794
378 813
378 816
378 832
378 838
378 840
378 847
378 886
378 895
378 900
378 916
378 922
378 927
378 929
378 948
378 956
378 972
378 984
378 993
378 997
379 382
379 384
379 387
379 388
379 389
379 390
379 391
379 392
379 393
379 394
379 395
379 396
379 398
379 399
379 401
379 405
379 407
379 408
379 409
379 411
379 412
379 414
379 415
379 417
379 419
379 421
379 423
379 424
379 425
379 426
379 427
379 429
379 430
379 431
379 432
379 434
379 436
379 437
379 439
379 441
379 443
379 444
379 445
379 447
379 448
379 452
379 453
379 454
379 455
379 456
379 461
379 463
379 464
379 466
379 467
379 468
379 469
379 470
379 473
379 474
379 475
379 478
379 479
379 481
379 482
379 485
379 486
379 487
379 488
379 494
379 496
379 497
379 515
379 519
379 554
379 565
379 567
379 568
379 571
379 579
379 584
379 609
379 631
379 666
379 691
379 693
379 705
379 706
379 747
379 778
379 789
379 790
379 807
379 814
379 815
379 822
379 829
379 850
379 864
379 873
379 887
379 893
379 906
379 911
379 939
379 959
379 965
379 968
379 981
379 993
379 995
380 381
380 383
380 385
380 386
380 387
380 388
380 392
380 393
380 394
380 396
380 399
380 401
380 402
380 403
380 404
380 405
380 407
380 408
380 409
380 410
380 412
380 413
380 414
380 415
380 419
380 420
380 421
380 422
380 423
380 426
380 428
380 430
380 432
380 433
380 434
380 436
380 437
380 438
380 440
380 441
380 443
380 444
380 445
380 446
380 447
380 449
380 452
380 453
380 455
380 456
380 457
380 458
380 459
380 460
380 461
380 462
380 464
380 467
380 469
380 471
380 472
380 473
380 476
380 478
380 482
380 485
380 487
380 488
380 491
380 492
380 493
380 495
380 497
380 498
380 499
380 513
380 541
380 550
380 556
380 564
380 585
380 588
380 596
380 606
380 613
380 619
380 627
380 631
380 634
380 636
380 654
380 656
380 659
380 663
380 667
380 682
380 687
380 692
380 699
380 708
380 718
380 734
380 507
380 753
380 759
380 771
380 776
380 777
380 786
380 787
380 793
380 794
380 821
380 826
380 838
380 848
380 870
380 888
380 909
380 946
380 947
380 954
380 960
380 965
380 971
380 980
380 984
380 992
381 382
381 384
381 385
381 386
381 387
381 389
381 390
381 391
381 392
381 393
381 395
381 396
381 399
381 400
381 401
381 402
381 403
381 404
381 406
381 409
381 410
381 412
381 413
381 414
381 415
381 416
381 417
381 420
381 421
381 422
381 423
381 424
381 425
381 426
381 427
381 428
381 429
381 431
381 432
381 433
381 434
381 436
381 439
381 440
381 442
381 445
381 448
381 449
381 450
381 451
381 453
381 454
381 455
381 456
381 458
381 460
381 461
381 462
381 463
381 464
381 465
381 467
381 469
381 471
381 472
381 473
381 474
381 475
381 476
381 480
381 482
381 483
381 485
381 486
381 487
381 488
381 489
381 490
381 493
381 494
381 496
381 497
381 499
381 521
381 522
381 529
381 538
381 547
381 549
381 587
381 589
381 600
381 603
381 605
381 606
381 609
381 611
381 621
381 650
381 679
381 688
381 704
381 709
381 765
381 780
381 789
381 791
381 806
381 866
381 879
381 881
381 891
381 909
381 910
381 915
381 922
381 928
381 936
381 947
381 957
381 959
381 962
381 966
381 979
381 996
382 383
382 385
382 386
382 388
382 389
382 390
382 391
382 393
382 394
382 395
382 396
382 398
382 399
382 400
382 403
382 404
382 405
382 406
382 408
382 409
382 410
382 411
382 412
382 413
382 414
382 415
382 416
382 417
382 418
382 419
382 420
382 421
382 422
382 423
382 426
382 428
382 429
382 430
382 431
382 434
382 436
382 441
382 443
382 444
382 445
382 446
382 447
382 448
382 449
382 450
382 451
382 452
382 453
382 454
382 455
382 456
382 457
382 458
382 459
382 460
382 461
382 462
382 463
382 464
382 465
382 467
382 468
382 469
382 470
382 471
382 472
382 473
382 475
382 476
382 478
382 479
382 480
382 481
382 484
382 485
382 487
382 488
382 489
382 490
382 491
382 492
382 493
382 494
382 495
382 496
382 497
382 499
382 524
382 536
382 539
382 561
382 567
382 573
382 574
382 580
382 581
382 591
382 594
382 601
382 617
382 634
382 643
382 646
382 671
382 684
382 702
382 712
382 733
382 736
382 504
382 510
382 753
382 756
382 759
382 760
382 766
382 786
382 800
382 806
382 829
382 839
382 855
382 876
382 889
382 895
382 907
382 923
382 933
382 935
382 937
382 966
382 967
382 969
382 977
382 981
382 996
383 384
383 385
383 386
383 387
383 388
383 393
383 394
383 395
383 396
383 397
383 398
383 399
383 400
383 401
383 403
383 406
383 407
383 408
383 409
383 410
383 411
383 412
383 416
383 417
383 418
383 419
383 420
383 421
383 422
383 424
383 425
383 426
383 428
383 429
383 430
383 431
383 432
383 435
383 436
383 437
383 438
383 439
383 440
383 441
383 443
383 444
383 445
383 446
383 447
383 448
383 449
383 450
383 451
383 452
383 454
383 455
383 456
383 460
383 461
383 462
383 465
383 466
383 467
383 469
383 473
383 474
383 475
383 476
383 478
383 479
383 480
383 481
383 482
383 483
383 484
383 485
383 486
383 487
383 488
383 489
383 490
383 491
383 494
383 496
383 498
383 514
383 516
383 522
383 524
383 529
383 533
383 555
383 562
383 564
383 568
383 579
383 597
383 617
383 623
383 625
383 637
383 640
383 650
383 651
383 653
383 661
383 662
383 672
383 676
383 679
383 681
383 682
383 692
383 695
383 697
383 698
383 716
383 718
383 731
383 734
383 744
383 505
383 761
383 769
383 771
383 772
383 777
383 781
383 785
383 787
383 800
383 802
383 813
383 816
383 851
383 861
383 866
383 875
383 879
383 885
383 887
383 891
383 900
383 913
383 926
383 930
383 934
383 940
383 941
383 947
383 954
383 965
383 970
383 976
383 988
383 991
384 385
384 387
384 388
384 395
384 396
384 397
384 401
384 403
384 404
384 406
384 407
384 408
384 409
384 411
384 412
384 413
384 416
384 417
384 420
384 421
384 422
384 424
384 425
384 426
384 427
384 430
384 435
384 439
384 440
384 441
384 442
384 445
384 447
384 448
384 449
384 450
384 452
384 455
384 458
384 459
384 461
384 462
384 463
384 465
384 467
384 469
384 472
384 473
384 477
384 480
384 481
384 482
384 483
384 484
384 485
384 486
384 487
384 489
384 490
384 491
384 492
384 493
384 494
384 495
384 496
384 499
384 514
384 526
384 532
384 537
384 538
384 543
384 547
384 554
384 562
384 579
384 585
384 587
384 604
384 624
384 655
384 656
384 676
384 687
384 697
384 716
384 728
384 732
384 506
384 508
384 752
384 753
384 754
384 755
384 758
384 764
384 771
384 776
384 777
384 780
384 787
384 816
384 826
384 829
384 837
384 841
384 846
384 850
384 852
384 856
384 861
384 865
384 866
384 886
384 910
384 930
384 941
384 943
384 972
384 973
384 979
384 982
384 984
384 987
384 994
384 998
385 389
385 390
385 391
385 392
385 393
385 394
385 395
385 396
385 397
385 400
385 401
385 405
385 406
385 407
385 408
385 409
385 410
385 411
385 412
385 415
385 416
385 417
385 418
385 419
385 421
385 423
385 424
385 428
385 430
385 432
385 433
385 434
385 436
385 437
385 438
385 439
385 440
385 444
385 446
385 447
385 448
385 451
385 452
385 453
385 454
385 455
385 456
385 457
385 458
385 459
385 461
385 464
385 465
385 467
385 468
385 474
385 475
385 476
385 477
385 478
385 479
385 480
385 481
385 482
385 483
385 485
385 487
385 488
385 489
385 490
385 491
385 492
385 493
385 494
385 495
385 497
385 528
385 534
385 538
385 545
385 552
385 556
385 557
385 581
385 618
385 627
385 629
385 638
385 643
385 654
385 679
385 692
385 695
385 704
385 712
385 714
385 733
385 735
385 737
385 748
385 502
385 508
385 509
385 754
385 757
385 762
385 764
385 780
385 782
385 789
385 802
385 803
385 805
385 810
385 813
385 819
385 826
385 835
385 837
385 855
385 866
385 868
385 884
385 888
385 920
385 941
385 946
385 967
385 974
385 982
385 983
385 986
385 991
385 997
386 387
386 388
386 389
386 390
386 391
386 392
386 393
386 394
386 396
386 397
386 398
386 400
386 401
386 402
386 403
386 404
386 406
386 407
386 408
386 412
386 413
386 415
386 418
386 419
386 420
386 423
386 424
386 426
386 427
386 429
386 430
386 431
386 433
386 434
386 435
386 437
386 438
386 440
386 441
386 447
386 448
386 449
386 450
386 451
386 452
386 453
386 455
386 456
386 458
386 462
386 463
386 465
386 467
386 469
386 470
386 472
386 473
386 475
386 476
386 477
386 478
386 479
386 480
386 482
386 485
386 486
386 487
386 488
386 490
386 493
386 494
386 496
386 497
386 498
386 499
386 519
386 534
386 550
386 563
386 569
386 577
386 598
386 603
386 614
386 618
386 621
386 642
386 652
386 653
386 657
386 673
386 674
386 686
386 694
386 699
386 709
386 713
386 720
386 728
386 743
386 744
386 500
386 760
386 765
386 768
386 773
386 787
386 803
386 812
386 831
386 840
386 848
386 876
386 892
386 895
386 902
386 906
386 921
386 923
386 927
386 932
386 942
386 948
386 978
386 979
386 983
386 986
386 998
387 389
387 390
387 391
387 392
387 393
387 394
387 396
387 397
387 398
387 399
387 400
387 401
387 402
387 404
387 405
387 407
387 409
387 410
387 412
387 413
387 414
387 415
387 417
387 419
387 422
387 425
387 427
387 428
387 431
387 432
387 433
387 434
387 435
387 436
387 437
387 438
387 440
387 443
387 444
387 445
387 446
387 447
387 448
387 449
387 451
387 452
387 453
387 454
387 455
387 456
387 457
387 459
387 460
387 463
387 464
387 466
387 469
387 470
387 471
387 476
387 477
387 481
387 483
387 484
387 486
387 489
387 490
387 491
387 492
387 494
387 496
387 498
387 499
387 517
387 520
387 528
387 555
387 556
387 572
387 576
387 586
387 588
387 590
387 593
387 598
387 605
387 614
387 617
387 675
387 688
387 689
387 690
387 718
387 720
387 721
387 729
387 747
387 504
387 755
387 756
387 765
387 781
387 806
387 811
387 818
387 830
387 843
387 845
387 867
387 868
387 881
387 883
387 909
387 914
387 940
387 948
387 959
387 960
387 963
387 978
387 997
387 998
388 389
388 390
388 391
388 392
388 393
388 394
388 395
388 396
388 397
388 400
388 401
388 402
388 403
388 404
388 405
388 406
388 407
388 409
388 410
388 412
388 413
388 415
388 416
388 417
388 418
388 419
388 420
388 421
388 422
388 425
388 426
388 428
388 429
388 430
388 431
388 432
388 433
388 434
388 435
388 437
388 438
388 440
388 441
388 443
388 444
388 446
388 447
388 448
388 450
388 451
388 452
388 455
388 457
388 458
388 462
388 463
388 464
388 466
388 467
388 468
388 469
388 472
388 473
388 474
388 475
388 476
388 477
388 478
388 479
388 480
388 481
388 482
388 483
388 486
388 487
388 488
388 489
388 490
388 492
388 493
388 494
388 495
388 496
388 497
388 498
388 499
388 516
388 517
388 560
388 568
388 571
388 580
388 582
388 586
388 590
388 623
388 632
388 633
388 651
388 678
388 682
388 683
388 690
388 705
388 707
388 709
388 712
388 723
388 729
388 506
388 507
388 511
388 751
388 753
388 779
388 794
388 798
388 813
388 823
388 835
388 845
388 856
388 868
388 878
388 929
388 963
388 971
388 973
388 974
388 976
388 978
388 997
389 390
389 391
389 394
389 395
389 396
389 397
389 398
389 401
389 402
389 403
389 404
389 406
389 407
389 409
389 410
389 411
389 413
389 414
389 416
389 417
389 418
389 419
389 420
389 421
389 422
389 423
389 425
389 427
389 428
389 429
389 430
389 431
389 432
389 433
389 435
389 436
389 437
389 438
389 441
389 442
389 443
389 446
389 447
389 449
389 450
389 451
389 452
389 454
389 457
389 458
389 459
389 460
389 461
389 462
389 463
389 464
389 465
389 467
389 469
389 471
389 472
389 473
389 475
389 476
389 478
389 479
389 480
389 481
389 482
389 484
389 485
389 487
389 489
389 490
389 491
389 493
389 496
389 539
389 542
389 547
389 554
389 565
389 580
389 589
389 623
389 626
389 642
389 654
389 690
389 692
389 707
389 715
389 509
389 780
389 794
389 800
389 803
389 804
389 806
389 809
389 820
389 825
389 843
389 855
389 884
389 889
389 912
389 913
389 919
389 921
389 939
389 973
389 988
389 999
390 391
390 392
390 393
390 394
390 395
390 397
390 400
390 404
390 405
390 406
390 409
390 410
390 413
390 414
390 415
390 416
390 417
390 418
390 420
390 422
390 423
390 424
390 425
390 426
390 427
390 428
390 429
390 430
390 431
390 432
390 433
390 434
390 435
390 436
390 442
390 444
390 445
390 446
390 447
390 448
390 450
390 451
390 453
390 454
390 455
390 456
390 458
390 459
390 460
390 461
390 462
390 463
390 464
390 466
390 467
390 468
390 469
390 471
390 473
390 474
390 475
390 476
390 477
390 478
390 479
390 480
390 481
390 482
390 483
390 484
390 486
390 487
390 488
390 489
390 490
390 492
390 493
390 494
390 495
390 496
390 497
390 499
390 524
390 530
390 533
390 544
390 557
390 562
390 576
390 578
390 583
390 586
390 591
390 606
390 614
390 619
390 628
390 629
390 636
390 647
390 656
390 663
390 666
390 667
390 672
390 688
390 692
390 701
390 713
390 720
390 734
390 737
390 511
390 753
390 767
390 777
390 783
390 790
390 797
390 800
390 805
390 808
390 816
390 823
390 824
390 830
390 832
390 851
390 857
390 858
390 874
390 882
390 883
390 885
390 890
390 895
390 913
390 919
390 925
390 939
390 989
390 993
391 393
391 395
391 397
391 399
391 400
391 401
391 402
391 403
391 404
391 405
391 406
391 407
391 408
391 409
391 410
391 411
391 412
391 416
391 417
391 418
391 419
391 420
391 421
391 422
391 424
391 425
391 427
391 428
391 429
391 430
391 431
391 432
391 433
391 434
391 436
391 439
391 440
391 441
391 442
391 443
391 445
391 446
391 447
391 448
391 449
391 450
391 452
391 453
391 454
391 455
391 457
391 458
391 459
391 460
391 461
391 462
391 463
391 464
391 465
391 466
391 467
391 468
391 469
391 470
391 471
391 475
391 476
391 477
391 478
391 479
391 482
391 483
391 484
391 487
391 490
391 491
391 494
391 495
391 498
391 499
391 535
391 568
391 581
391 597
391 599
391 600
391 628
391 652
391 655
391 660
391 674
391 681
391 691
391 704
391 742
391 764
391 769
391 785
391 786
391 789
391 797
391 804
391 818
391 824
391 833
391 840
391 846
391 852
391 872
391 878
391 882
391 896
391 914
391 917
391 918
391 941
391 954
391 955
391 976
391 978
391 985
392 395
392 398
392 399
392 401
392 402
392 404
392 405
392 406
392 408
392 410
392 411
392 412
392 413
392 414
392 415
392 416
392 417
392 418
392 420
392 422
392 423
392 424
392 425
392 426
392 430
392 431
392 433
392 434
392 435
392 436
392 438
392 439
392 440
392 441
392 445
392 447
392 448
392 449
392 452
392 454
392 456
392 458
392 459
392 460
392 462
392 463
392 464
392 469
392 470
392 471
392 472
392 474
392 475
392 479
392 480
392 482
392 483
392 484
392 485
392 488
392 490
392 491
392 492
392 494
392 496
392 497
392 498
392 499
392 520
392 539
392 555
392 597
392 600
392 610
392 614
392 621
392 633
392 647
392 651
392 663
392 668
392 672
392 676
392 686
392 689
392 691
392 746
392 747
392 505
392 506
392 754
392 773
392 779
392 817
392 824
392 833
392 841
392 848
392 850
392 857
392 872
392 877
392 879
392 886
392 889
392 892
392 904
392 905
392 914
392 928
392 940
392 945
392 950
392 953
392 978
392 991
393 394
393 395
393 396
393 398
393 399
393 400
393 404
393 406
393 409
393 412
393 414
393 416
393 417
393 418
393 419
393 420
393 422
393 423
393 424
393 425
393 426
393 427
393 430
393 431
393 432
393 433
393 434
393 435
393 437
393 438
393 440
393 441
393 443
393 444
393 446
393 448
393 449
393 451
393 453
393 454
393 455
393 456
393 457
393 458
393 459
393 461
393 463
393 464
393 465
393 466
393 467
393 468
393 469
393 470
393 471
393 474
393 475
393 477
393 478
393 480
393 482
393 483
393 485
393 487
393 488
393 490
393 493
393 494
393 495
393 496
393 498
393 499
393 516
393 532
393 543
393 556
393 557
393 577
393 578
393 593
393 621
393 624
393 627
393 629
393 633
393 649
393 659
393 660
393 662
393 671
393 675
393 723
393 729
393 733
393 739
393 740
393 500
393 505
393 508
393 750
393 759
393 764
393 786
393 800
393 802
393 803
393 822
393 823
393 832
393 844
393 845
393 850
393 867
393 873
393 874
393 887
393 907
393 911
393 919
393 941
393 942
393 953
393 973
393 975
393 986
393 993
394 395
394 396
394 397
394 399
394 400
394 401
394 402
394 403
394 405
394 406
394 407
394 411
394 412
394 413
394 417
394 418
394 419
394 420
394 421
394 423
394 424
394 425
394 427
394 428
394 429
394 434
394 435
394 437
394 439
394 440
394 441
394 442
394 443
394 444
394 445
394 448
394 449
394 452
394 453
394 454
394 455
394 457
394 458
394 459
394 461
394 463
394 464
394 465
394 467
394 468
394 469
394 470
394 472
394 473
394 474
394 477
394 478
394 479
394 481
394 482
394 484
394 485
394 486
394 487
394 488
394 491
394 492
394 493
394 494
394 496
394 513
394 522
394 528
394 555
394 559
394 568
394 581
394 615
394 623
394 630
394 642
394 661
394 663
394 669
394 674
394 690
394 699
394 702
394 725
394 737
394 769
394 770
394 776
394 778
394 805
394 808
394 818
394 820
394 823
394 834
394 854
394 858
394 863
394 876
394 889
394 910
394 916
394 925
394 931
394 942
394 945
394 952
394 964
395 396
395 397
395 398
395 399
395 400
395 403
395 406
395 407
395 411
395 412
395 414
395 418
395 419
395 420
395 421
395 425
395 426
395 427
395 428
395 429
395 430
395 431
395 432
395 433
395 434
395 435
395 436
395 437
395 438
395 439
395 442
395 444
395 447
395 448
395 449
395 452
395 453
395 457
395 459
395 460
395 462
395 463
395 464
395 465
395 466
395 467
395 468
395 470
395 471
395 473
395 474
395 475
395 477
395 479
395 482
395 483
395 485
395 486
395 487
395 489
395 490
395 492
395 493
395 494
395 495
395 498
395 513
395 521
395 523
395 534
395 536
395 548
395 554
395 556
395 562
395 586
395 596
395 603
395 608
395 612
395 619
395 636
395 639
395 645
395 671
395 687
395 697
395 698
395 702
395 710
395 711
395 718
395 723
395 503
395 508
395 511
395 753
395 763
395 780
395 790
395 809
395 821
395 830
395 858
395 865
395 882
395 889
395 896
395 910
395 922
395 932
395 933
395 939
395 943
395 952
396 398
396 399
396 401
396 402
396 403
396 405
396 406
396 407
396 408
396 409
396 410
396 411
396 412
396 413
396 414
396 415
396 418
396 419
396 420
396 423
396 424
396 425
396 426
396 427
396 430
396 431
396 433
396 435
396 436
396 438
396 440
396 441
396 443
396 444
396 445
396 446
396 447
396 450
396 452
396 454
396 456
396 458
396 460
396 462
396 463
396 464
396 469
396 470
396 471
396 473
396 474
396 475
396 476
396 477
396 478
396 479
396 480
396 481
396 482
396 484
396 485
396 487
396 490
396 491
396 493
396 494
396 495
396 497
396 498
396 499
396 516
396 531
396 536
396 546
396 551
396 555
396 579
396 580
396 582
396 596
396 603
396 612
396 618
396 624
396 626
396 632
396 636
396 641
396 655
396 661
396 674
396 704
396 732
396 740
396 742
396 501
396 505
396 510
396 511
396 790
396 801
396 810
396 818
396 829
396 834
396 842
396 843
396 852
396 855
396 857
396 860
396 867
396 873
396 894
396 895
396 900
396 947
396 959
396 977
396 984
396 990
397 398
397 399
397 401
397 402
397 403
397 404
397 405
397 406
397 407
397 409
397 410
397 411
397 412
397 413
397 415
397 416
397 417
397 418
397 421
397 422
397 423
397 424
397 425
397 426
397 429
397 430
397 431
397 432
397 433
397 436
397 438
397 440
397 441
397 444
397 445
397 446
397 447
397 448
397 449
397 450
397 451
397 452
397 453
397 454
397 455
397 457
397 458
397 459
397 460
397 462
397 463
397 464
397 465
397 466
397 467
397 468
397 470
397 471
397 472
397 473
397 474
397 476
397 477
397 478
397 479
397 480
397 481
397 482
397 483
397 484
397 487
397 488
397 490
397 491
397 493
397 494
397 496
397 498
397 499
397 515
397 532
397 534
397 547
397 569
397 575
397 598
397 603
397 607
397 624
397 626
397 632
397 655
397 670
397 672
397 673
397 684
397 687
397 699
397 704
397 742
397 502
397 506
397 507
397 509
397 760
397 762
397 764
397 773
397 778
397 784
397 785
397 792
397 800
397 810
397 826
397 848
397 856
397 860
397 866
397 874
397 888
397 917
397 919
397 933
397 942
397 943
397 947
397 971
397 992
398 399
398 400
398 401
398 403
398 405
398 408
398 409
398 410
398 411
398 413
398 414
398 415
398 417
398 420
398 423
398 424
398 425
398 426
398 428
398 430
398 431
398 432
398 434
398 435
398 436
398 438
398 440
398 441
398 442
398 443
398 444
398 446
398 447
398 448
398 449
398 450
398 451
398 453
398 454
398 455
398 456
398 457
398 459
398 460
398 461
398 463
398 465
398 466
398 467
398 469
398 470
398 473
398 474
398 476
398 478
398 479
398 480
398 481
398 482
398 483
398 484
398 485
398 486
398 487
398 488
398 489
398 492
398 494
398 496
398 498
398 499
398 535
398 541
398 561
398 562
398 564
398 579
398 582
398 592
398 595
398 632
398 646
398 649
398 655
398 668
398 671
398 675
398 690
398 694
398 701
398 702
398 712
398 713
398 714
398 717
398 728
398 733
398 736
398 741
398 745
398 506
398 751
398 752
398 754
398 756
398 760
398 779
398 806
398 807
398 819
398 824
398 839
398 841
398 861
398 865
398 882
398 886
398 887
398 894
398 897
398 908
398 921
398 923
398 927
398 929
398 938
398 949
398 952
398 959
398 967
398 968
398 969
398 972
398 979
398 980
398 985
398 987
398 988
398 990
398 993
399 400
399 401
399 404
399 405
399 407
399 408
399 409
399 411
399 414
399 416
399 418
399 421
399 423
399 424
399 426
399 427
399 429
399 430
399 431
399 432
399 433
399 434
399 436
399 437
399 440
399 442
399 443
399 444
399 446
399 448
399 449
399 450
399 451
399 452
399 453
399 454
399 456
399 457
399 459
399 460
399 461
399 462
399 463
399 464
399 465
399 469
399 470
399 471
399 472
399 473
399 476
399 477
399 478
399 480
399 481
399 482
399 483
399 484
399 485
399 486
399 487
399 488
399 491
399 493
399 494
399 497
399 498
399 499
399 516
399 528
399 539
399 548
399 557
399 593
399 611
399 615
399 638
399 642
399 644
399 666
399 689
399 697
399 698
399 705
399 718
399 733
399 735
399 742
399 503
399 507
399 508
399 763
399 773
399 787
399 806
399 815
399 836
399 842
399 846
399 868
399 869
399 883
399 886
399 908
399 909
399 914
399 918
399 920
399 932
399 969
400 401
400 403
400 404
400 405
400 406
400 407
400 408
400 409
400 410
400 412
400 413
400 414
400 415
400 416
400 418
400 419
400 420
400 421
400 422
400 423
400 424
400 426
400 427
400 428
400 429
400 432
400 433
400 435
400 437
400 439
400 443
400 444
400 446
400 447
400 448
400 449
400 450
400 452
400 454
400 455
400 456
400 457
400 458
400 460
400 463
400 464
400 465
400 466
400 467
400 468
400 470
400 471
400 473
400 474
400 475
400 476
400 477
400 478
400 480
400 481
400 482
400 483
400 484
400 485
400 486
400 487
400 488
400 489
400 492
400 493
400 495
400 497
400 498
400 499
400 514
400 516
400 519
400 526
400 555
400 573
400 582
400 596
400 601
400 616
400 621
400 630
400 654
400 657
400 658
400 703
400 733
400 738
400 747
400 509
400 750
400 767
400 771
400 774
400 779
400 783
400 797
400 810
400 817
400 833
400 835
400 836
400 847
400 855
400 859
400 862
400 867
400 870
400 883
400 884
400 892
400 894
400 895
400 899
400 900
400 927
400 931
400 932
400 935
400 939
400 962
400 986
400 989
400 992
400 993
400 997
401 403
401 404
401 405
401 406
401 407
401 409
401 411
401 413
401 414
401 415
401 417
401 418
401 419
401 420
401 422
401 423
401 424
401 426
401 427
401 428
401 430
401 431
401 432
401 434
401 436
401 437
401 440
401 443
401 444
401 445
401 446
401 447
401 448
401 449
401 452
401 453
401 454
401 455
401 458
401 459
401 460
401 461
401 462
401 464
401 465
401 468
401 469
401 470
401 471
401 472
401 473
401 474
401 477
401 478
401 479
401 481
401 482
401 483
401 485
401 486
401 488
401 489
401 490
401 491
401 492
401 493
401 494
401 497
401 498
401 524
401 529
401 540
401 547
401 583
401 589
401 591
401 613
401 614
401 622
401 634
401 637
401 645
401 648
401 666
401 680
401 716
401 717
401 718
401 721
401 726
401 735
401 743
401 748
401 756
401 758
401 762
401 778
401 780
401 789
401 802
401 805
401 806
401 808
401 841
401 842
401 855
401 862
401 865
401 882
401 884
401 896
401 902
401 905
401 906
401 907
401 918
401 923
401 924
401 954
402 403
402 404
402 405
402 407
402 409
402 411
402 412
402 414
402 415
402 417
402 418
402 419
402 422
402 423
402 424
402 430
402 434
402 435
402 437
402 439
402 441
402 442
402 443
402 444
402 445
402 448
402 450
402 451
402 452
402 453
402 454
402 455
402 456
402 458
402 460
402 464
402 466
402 467
402 468
402 469
402 471
402 472
402 475
402 476
402 477
402 478
402 481
402 482
402 483
402 484
402 487
402 490
402 493
402 494
402 496
402 497
402 499
402 523
402 525
402 533
402 540
402 551
402 556
402 569
402 582
402 605
402 613
402 616
402 643
402 652
402 670
402 694
402 709
402 720
402 741
402 749
402 504
402 764
402 766
402 776
402 779
402 780
402 783
402 797
402 801
402 806
402 808
402 817
402 828
402 837
402 838
402 847
402 861
402 891
402 892
402 937
402 938
402 951
402 959
402 981
402 990
402 999
403 404
403 405
403 406
403 407
403 408
403 409
403 410
403 411
403 412
403 414
403 415
403 416
403 417
403 418
403 420
403 421
403 423
403 424
403 425
403 426
403 429
403 430
403 431
403 432
403 434
403 435
403 436
403 437
403 438
403 440
403 441
403 442
403 443
403 444
403 445
403 446
403 447
403 448
403 449
403 454
403 456
403 457
403 458
403 459
403 460
403 461
403 462
403 463
403 464
403 465
403 466
403 467
403 469
403 470
403 471
403 472
403 473
403 474
403 475
403 476
403 478
403 479
403 480
403 481
403 483
403 484
403 485
403 487
403 489
403 490
403 491
403 492
403 493
403 494
403 495
403 496
403 497
403 498
403 499
403 529
403 530
403 533
403 540
403 541
403 542
403 545
403 548
403 557
403 560
403 572
403 574
403 580
403 589
403 609
403 622
403 650
403 680
403 682
403 702
403 705
403 724
403 734
403 739
403 756
403 768
403 788
403 792
403 795
403 807
403 816
403 817
403 853
403 855
403 871
403 882
403 886
403 912
403 925
403 926
403 943
403 950
403 975
403 983
403 995
404 405
404 406
404 407
404 408
404 409
404 412
404 413
404 414
404 415
404 416
404 418
404 420
404 421
404 423
404 424
404 428
404 429
404 430
404 431
404 432
404 433
404 434
404 435
404 436
404 438
404 439
404 440
404 441
404 443
404 444
404 446
404 447
404 450
404 451
404 453
404 454
404 455
404 456
404 457
404 459
404 460
404 463
404 465
404 466
404 468
404 470
404 471
404 474
404 475
404 476
404 477
404 478
404 479
404 480
404 481
404 482
404 483
404 485
404 486
404 487
404 488
404 489
404 491
404 492
404 494
404 497
404 498
404 499
404 513
404 529
404 547
404 551
404 555
404 577
404 589
404 597
404 601
404 607
404 609
404 635
404 641
404 642
404 644
404 665
404 666
404 673
404 680
404 681
404 704
404 730
404 731
404 744
404 757
404 762
404 771
404 780
404 781
404 787
404 788
404 804
404 809
404 831
404 846
404 873
404 877
404 881
404 887
404 892
404 901
404 919
404 925
404 930
404 932
404 947
404 956
404 993
405 406
405 409
405 410
405 412
405 413
405 415
405 416
405 417
405 418
405 419
405 422
405 423
405 424
405 425
405 427
405 428
405 429
405 430
405 431
405 432
405 433
405 435
405 436
405 439
405 440
405 441
405 444
405 445
405 446
405 447
405 448
405 451
405 452
405 453
405 454
405 458
405 459
405 460
405 462
405 463
405 464
405 465
405 466
405 468
405 470
405 471
405 472
405 473
405 474
405 476
405 477
405 478
405 479
405 481
405 483
405 484
405 486
405 489
405 490
405 491
405 492
405 493
405 496
405 497
405 534
405 555
405 564
405 567
405 577
405 598
405 612
405 617
405 624
405 644
405 648
405 663
405 672
405 687
405 710
405 714
405 719
405 720
405 726
405 741
405 756
405 765
405 784
405 805
405 811
405 820
405 824
405 831
405 840
405 875
405 881
405 885
405 887
405 897
405 918
405 922
405 923
405 938
405 945
405 952
405 969
405 976
405 977
405 978
405 980
405 982
406 407
406 408
406 409
406 410
406 412
406 413
406 414
406 415
406 417
406 418
406 419
406 420
406 421
406 422
406 423
406 424
406 425
406 426
406 427
406 428
406 430
406 431
406 432
406 434
406 436
406 438
406 439
406 440
406 443
406 444
406 446
406 447
406 448
406 449
406 450
406 451
406 458
406 462
406 463
406 464
406 466
406 467
406 468
406 470
406 471
406 472
406 473
406 474
406 475
406 476
406 478
406 480
406 482
406 484
406 485
406 486
406 487
406 488
406 490
406 491
406 492
406 495
406 496
406 497
406 498
406 499
406 512
406 517
406 540
406 541
406 543
406 544
406 548
406 553
406 559
406 606
406 617
406 625
406 626
406 627
406 628
406 635
406 644
406 646
406 651
406 658
406 667
406 673
406 676
406 705
406 721
406 743
406 758
406 759
406 760
406 772
406 774
406 778
406 780
406 787
406 803
406 812
406 822
406 847
406 849
406 852
406 883
406 902
406 907
406 923
406 933
406 966
406 969
406 990
406 999
407 409
407 411
407 414
407 415
407 417
407 418
407 419
407 421
407 422
407 423
407 424
407 426
407 427
407 428
407 429
407 430
407 431
407 432
407 433
407 434
407 435
407 436
407 437
407 438
407 439
407 440
407 442
407 443
407 444
407 447
407 450
407 451
407 453
407 455
407 456
407 457
407 460
407 462
407 463
407 465
407 466
407 467
407 468
407 469
407 470
407 471
407 472
407 473
407 474
407 475
407 476
407 478
407 479
407 480
407 481
407 482
407 483
407 484
407 485
407 488
407 489
407 490
407 491
407 493
407 495
407 496
407 498
407 499
407 516
407 520
407 535
407 539
407 559
407 568
407 583
407 606
407 611
407 626
407 634
407 643
407 650
407 656
407 668
407 673
407 679
407 680
407 682
407 692
407 693
407 705
407 718
407 729
407 500
407 752
407 753
407 768
407 781
407 805
407 807
407 809
407 814
407 822
407 825
407 831
407 840
407 841
407 844
407 853
407 854
407 867
407 875
407 881
407 885
407 886
407 891
407 907
407 921
407 932
407 959
407 964
407 971
407 988
408 409
408 412
408 413
408 417
408 418
408 420
408 421
408 422
408 423
408 424
408 425
408 427
408 428
408 430
408 434
408 435
408 436
408 437
408 440
408 441
408 443
408 444
408 446
408 448
408 449
408 451
408 452
408 453
408 455
408 456
408 457
408 458
408 459
408 462
408 464
408 465
408 466
408 467
408 471
408 472
408 474
408 475
408 477
408 478
408 479
408 480
408 481
408 482
408 483
408 484
408 485
408 486
408 487
408 488
408 489
408 490
408 491
408 492
408 493
408 494
408 495
408 497
408 499
408 519
408 522
408 529
408 532
408 537
408 540
408 543
408 547
408 559
408 562
408 565
408 567
408 572
408 577
408 578
408 586
408 622
408 630
408 633
408 637
408 638
408 666
408 669
408 682
408 683
408 708
408 722
408 501
408 506
408 751
408 768
408 772
408 796
408 821
408 822
408 823
408 828
408 835
408 837
408 840
408 842
408 843
408 878
408 892
408 900
408 904
408 908
408 919
408 935
408 938
408 940
408 947
408 948
408 971
408 987
408 988
408 993
408 997
409 410
409 412
409 413
409 414
409 416
409 417
409 420
409 421
409 423
409 424
409 426
409 427
409 428
409 429
409 431
409 432
409 433
409 434
409 435
409 437
409 440
409 441
409 442
409 444
409 447
409 448
409 449
409 450
409 451
409 452
409 453
409 454
409 455
409 456
409 458
409 459
409 461
409 464
409 465
409 467
409 468
409 471
409 473
409 474
409 475
409 476
409 478
409 479
409 480
409 481
409 482
409 486
409 488
409 490
409 491
409 492
409 493
409 494
409 498
409 499
409 514
409 516
409 534
409 543
409 564
409 573
409 587
409 598
409 606
409 615
409 625
409 637
409 639
409 654
409 665
409 687
409 702
409 715
409 720
409 725
409 726
409 727
409 737
409 742
409 505
409 750
409 756
409 757
409 762
409 767
409 782
409 794
409 797
409 808
409 826
409 828
409 829
409 832
409 840
409 844
409 847
409 897
409 900
409 902
409 910
409 923
409 946
409 964
409 980
409 985
409 993
410 412
410 413
410 414
410 416
410 418
410 419
410 420
410 421
410 422
410 423
410 424
410 426
410 427
410 428
410 429
410 430
410 432
410 433
410 436
410 437
410 440
410 441
410 442
410 447
410 448
410 449
410 451
410 453
410 454
410 455
410 456
410 458
410 464
410 465
410 468
410 470
410 473
410 476
410 477
410 478
410 479
410 480
410 481
410 483
410 484
410 485
410 486
410 487
410 488
410 489
410 490
410 492
410 493
410 494
410 495
410 499
410 515
410 534
410 537
410 542
410 550
410 568
410 573
410 585
410 592
410 594
410 618
410 623
410 631
410 653
410 682
410 684
410 687
410 692
410 694
410 697
410 699
410 701
410 708
410 710
410 719
410 720
410 503
410 767
410 768
410 769
410 771
410 782
410 784
410 805
410 813
410 815
410 819
410 820
410 825
410 837
410 849
410 854
410 862
410 865
410 872
410 881
410 886
410 893
410 943
410 944
410 963
410 972
410 974
410 980
411 412
411 414
411 417
411 419
411 420
411 421
411 423
411 424
411 425
411 426
411 427
411 428
411 429
411 431
411 432
411 433
411 434
411 435
411 436
411 437
411 438
411 439
411 440
411 441
411 442
411 443
411 444
411 445
411 446
411 448
411 449
411 451
411 453
411 454
411 455
411 461
411 462
411 464
411 465
411 467
411 469
411 470
411 471
411 472
411 474
411 476
411 478
411 479
411 482
411 483
411 484
411 485
411 488
411 489
411 490
411 491
411 492
411 494
411 495
411 496
411 497
411 498
411 499
411 512
411 514
411 522
411 537
411 550
411 553
411 554
411 557
411 562
411 563
411 568
411 569
411 577
411 579
411 602
411 604
411 612
411 642
411 649
411 653
411 692
411 695
411 718
411 719
411 725
411 753
411 759
411 767
411 768
411 769
411 775
411 779
411 788
411 799
411 800
411 803
411 815
411 826
411 833
411 837
411 841
411 843
411 848
411 857
411 882
411 890
411 894
411 901
411 915
411 918
411 938
411 961
411 970
411 984
411 998
412 413
412 414
412 415
412 416
412 417
412 418
412 419
412 420
412 422
412 426
412 427
412 428
412 429
412 431
412 434
412 435
412 436
412 437
412 439
412 441
412 443
412 444
412 445
412 446
412 447
412 448
412 450
412 452
412 454
412 455
412 456
412 457
412 458
412 464
412 465
412 466
412 467
412 468
412 469
412 470
412 471
412 472
412 473
412 474
412 475
412 476
412 479
412 480
412 481
412 483
412 484
412 485
412 486
412 487
412 488
412 490
412 491
412 492
412 493
412 495
412 496
412 497
412 498
412 499
412 512
412 524
412 550
412 552
412 554
412 555
412 595
412 602
412 620
412 625
412 629
412 630
412 645
412 660
412 671
412 673
412 678
412 690
412 732
412 738
412 743
412 510
412 763
412 764
412 785
412 791
412 799
412 801
412 831
412 842
412 846
412 853
412 857
412 858
412 864
412 869
412 881
412 891
412 905
412 927
412 928
412 929
412 932
412 982
412 991
412 998
413 414
413 420
413 421
413 424
413 425
413 427
413 428
413 431
413 432
413 434
413 436
413 437
413 438
413 439
413 440
413 441
413 443
413 444
413 445
413 446
413 448
413 450
413 452
413 453
413 454
413 458
413 459
413 460
413 461
413 462
413 463
413 465
413 466
413 471
413 473
413 475
413 476
413 479
413 481
413 482
413 483
413 484
413 486
413 487
413 490
413 491
413 492
413 493
413 494
413 495
413 497
413 499
413 524
413 535
413 541
413 552
413 560
413 565
413 567
413 594
413 598
413 600
413 603
413 606
413 613
413 614
413 624
413 637
413 643
413 655
413 673
413 679
413 682
413 700
413 703
413 732
413 738
413 740
413 505
413 761
413 764
413 771
413 791
413 792
413 796
413 802
413 809
413 811
413 813
413 814
413 828
413 830
413 837
413 843
413 849
413 875
413 897
413 912
413 914
413 916
413 918
413 922
413 927
413 931
413 956
413 957
413 975
413 999
414 415
414 419
414 421
414 422
414 423
414 424
414 426
414 427
414 429
414 430
414 431
414 434
414 436
414 437
414 439
414 440
414 442
414 445
414 446
414 448
414 449
414 451
414 452
414 454
414 457
414 458
414 459
414 460
414 463
414 464
414 465
414 466
414 467
414 468
414 469
414 471
414 472
414 473
414 474
414 475
414 476
414 478
414 480
414 481
414 482
414 484
414 485
414 486
414 487
414 488
414 491
414 492
414 493
414 494
414 495
414 496
414 497
414 499
414 521
414 522
414 526
414 534
414 565
414 571
414 589
414 591
414 593
414 603
414 609
414 615
414 623
414 624
414 631
414 636
414 644
414 655
414 661
414 662
414 678
414 682
414 689
414 698
414 702
414 716
414 718
414 722
414 735
414 751
414 761
414 774
414 781
414 786
414 803
414 813
414 815
414 834
414 837
414 841
414 845
414 863
414 864
414 866
414 871
414 874
414 875
414 882
414 883
414 895
414 906
414 913
414 922
414 925
414 940
414 959
414 964
414 979
414 983
414 995
415 416
415 417
415 418
415 419
415 420
415 421
415 422
415 423
415 424
415 426
415 427
415 428
415 430
415 431
415 432
415 433
415 434
415 435
415 436
415 437
415 438
415 441
415 442
415 443
415 445
415 446
415 448
415 450
415 451
415 452
415 453
415 455
415 456
415 457
415 458
415 459
415 461
415 462
415 463
415 464
415 467
415 468
415 469
415 471
415 473
415 474
415 475
415 476
415 478
415 479
415 480
415 481
415 482
415 484
415 485
415 490
415 491
415 493
415 494
415 495
415 496
415 498
415 499
415 517
415 528
415 535
415 542
415 549
415 555
415 559
415 560
415 572
415 642
415 646
415 647
415 677
415 681
415 686
415 694
415 705
415 734
415 509
415 759
415 762
415 769
415 802
415 817
415 823
415 826
415 842
415 854
415 860
415 882
415 892
415 896
415 907
415 908
415 912
415 954
415 967
415 979
415 990
416 418
416 419
416 420
416 421
416 422
416 423
416 424
416 426
416 427
416 429
416 430
416 431
416 432
416 433
416 434
416 437
416 438
416 439
416 444
416 446
416 451
416 452
416 458
416 460
416 461
416 462
416 467
416 469
416 470
416 471
416 474
416 475
416 477
416 478
416 479
416 480
416 481
416 482
416 483
416 484
416 485
416 486
416 488
416 489
416 491
416 492
416 494
416 496
416 498
416 499
416 514
416 543
416 553
416 554
416 559
416 588
416 589
416 590
416 597
416 663
416 679
416 685
416 687
416 689
416 718
416 747
416 504
416 755
416 764
416 767
416 768
416 795
416 804
416 812
416 814
416 815
416 830
416 839
416 849
416 860
416 861
416 878
416 897
416 920
416 928
416 937
416 975
416 993
416 995
417 418
417 419
417 420
417 421
417 422
417 424
417 425
417 427
417 428
417 430
417 432
417 433
417 434
417 435
417 436
417 437
417 438
417 439
417 440
417 441
417 443
417 444
417 446
417 447
417 448
417 449
417 451
417 452
417 453
417 454
417 457
417 458
417 459
417 461
417 462
417 466
417 467
417 468
417 469
417 470
417 471
417 472
417 474
417 475
417 476
417 478
417 479
417 481
417 482
417 483
417 484
417 486
417 487
417 488
417 493
417 494
417 495
417 497
417 498
417 499
417 516
417 517
417 518
417 519
417 537
417 546
417 564
417 569
417 572
417 588
417 590
417 594
417 601
417 604
417 605
417 607
417 617
417 623
417 633
417 638
417 640
417 657
417 664
417 672
417 706
417 707
417 713
417 726
417 737
417 758
417 766
417 769
417 785
417 793
417 824
417 826
417 829
417 855
417 857
417 866
417 872
417 896
417 898
417 911
417 917
417 919
417 928
417 929
417 930
417 934
417 947
417 955
417 971
417 983
417 985
417 987
417 989
418 419
418 421
418 422
418 423
418 424
418 425
418 426
418 428
418 429
418 430
418 432
418 433
418 434
418 435
418 437
418 439
418 440
418 441
418 442
418 443
418 445
418 446
418 447
418 448
418 450
418 451
418 452
418 454
418 456
418 457
418 458
418 459
418 461
418 462
418 463
418 465
418 466
418 468
418 469
418 470
418 472
418 473
418 474
418 475
418 477
418 478
418 479
418 481
418 483
418 484
418 487
418 489
418 490
418 491
418 492
418 493
418 494
418 495
418 497
418 499
418 527
418 532
418 542
418 548
418 557
418 563
418 570
418 578
418 599
418 613
418 623
418 657
418 661
418 665
418 666
418 679
418 695
418 704
418 705
418 712
418 717
418 742
418 746
418 760
418 774
418 784
418 786
418 802
418 805
418 810
418 811
418 815
418 840
418 842
418 845
418 867
418 876
418 883
418 890
418 892
418 900
418 908
418 927
418 944
418 951
418 958
418 961
418 968
418 970
418 973
418 996
419 420
419 422
419 423
419 424
419 428
419 429
419 430
419 431
419 432
419 436
419 440
419 442
419 444
419 447
419 449
419 450
419 452
419 453
419 454
419 455
419 456
419 457
419 458
419 459
419 461
419 462
419 463
419 464
419 465
419 467
419 470
419 474
419 475
419 478
419 481
419 483
419 484
419 486
419 489
419 492
419 493
419 494
419 495
419 496
419 497
419 498
419 513
419 514
419 519
419 527
419 529
419 546
419 568
419 585
419 589
419 590
419 591
419 599
419 605
419 620
419 628
419 634
419 681
419 682
419 689
419 698
419 729
419 733
419 501
419 506
419 766
419 769
419 773
419 785
419 798
419 805
419 812
419 839
419 840
419 845
419 858
419 859
419 871
419 874
419 876
419 888
419 892
419 897
419 902
419 907
419 917
419 931
419 932
419 949
419 959
419 962
420 421
420 422
420 423
420 424
420 425
420 426
420 428
420 429
420 430
420 431
420 432
420 434
420 435
420 436
420 437
420 439
420 440
420 441
420 442
420 443
420 444
420 445
420 446
420 447
420 448
420 451
420 452
420 453
420 454
420 456
420 457
420 458
420 459
420 462
420 463
420 464
420 465
420 466
420 467
420 468
420 471
420 472
420 473
420 474
420 475
420 476
420 477
420 478
420 479
420 480
420 482
420 487
420 488
420 489
420 490
420 491
420 492
420 496
420 498
420 499
420 517
420 519
420 538
420 539
420 541
420 554
420 558
420 569
420 578
420 590
420 596
420 599
420 609
420 667
420 677
420 679
420 686
420 696
420 701
420 702
420 716
420 718
420 721
420 726
420 743
420 504
420 505
420 508
420 511
420 751
420 764
420 772
420 780
420 788
420 809
420 836
420 837
420 839
420 865
420 886
420 887
420 897
420 903
420 909
420 911
420 926
420 928
420 958
420 979
420 987
420 997
421 424
421 426
421 427
421 430
421 433
421 434
421 436
421 437
421 439
421 440
421 441
421 442
421 443
421 444
421 446
421 447
421 448
421 449
421 450
421 451
421 452
421 453
421 454
421 456
421 459
421 461
421 462
421 463
421 465
421 466
421 468
421 469
421 470
421 471
421 472
421 474
421 475
421 480
421 481
421 484
421 485
421 486
421 487
421 488
421 489
421 490
421 491
421 492
421 493
421 496
421 498
421 516
421 519
421 523
421 528
421 529
421 544
421 566
421 586
421 591
421 593
421 614
421 617
421 627
421 641
421 644
421 689
421 726
421 727
421 736
421 745
421 505
421 507
421 508
421 511
421 756
421 767
421 785
421 822
421 826
421 831
421 834
421 852
421 882
421 883
421 897
421 901
421 913
421 915
421 926
421 932
421 984
422 423
422 424
422 426
422 427
422 429
422 431
422 433
422 435
422 436
422 438
422 441
422 442
422 443
422 444
422 445
422 447
422 449
422 451
422 453
422 455
422 457
422 459
422 460
422 461
422 463
422 464
422 465
422 467
422 468
422 469
422 470
422 472
422 473
422 474
422 475
422 476
422 478
422 480
422 481
422 482
422 483
422 484
422 485
422 488
422 489
422 491
422 493
422 494
422 495
422 497
422 498
422 537
422 550
422 561
422 562
422 574
422 579
422 581
422 588
422 597
422 609
422 616
422 618
422 620
422 621
422 634
422 636
422 640
422 661
422 663
422 674
422 715
422 729
422 505
422 757
422 772
422 773
422 779
422 789
422 793
422 802
422 824
422 827
422 855
422 861
422 863
422 865
422 873
422 879
422 887
422 889
422 893
422 906
422 907
422 909
422 928
422 930
422 961
422 967
422 968
422 995
423 424
423 425
423 426
423 428
423 429
423 430
423 431
423 433
423 435
423 436
423 437
423 438
423 439
423 440
423 441
423 442
423 443
423 445
423 446
423 447
423 448
423 449
423 451
423 452
423 454
423 455
423 456
423 457
423 458
423 459
423 460
423 461
423 462
423 464
423 467
423 468
423 469
423 471
423 472
423 473
423 474
423 475
423 476
423 477
423 479
423 480
423 481
423 482
423 483
423 484
423 485
423 486
423 487
423 488
423 489
423 491
423 492
423 493
423 494
423 495
423 496
423 498
423 518
423 535
423 537
423 543
423 545
423 556
423 569
423 588
423 595
423 599
423 604
423 607
423 623
423 634
423 637
423 652
423 653
423 658
423 663
423 672
423 684
423 724
423 737
423 511
423 776
423 798
423 819
423 822
423 838
423 840
423 848
423 859
423 868
423 885
423 897
423 928
423 950
423 954
423 957
423 961
423 964
423 966
423 981
423 983
423 990
423 991
423 995
423 998
424 425
424 426
424 427
424 428
424 429
424 433
424 434
424 435
424 438
424 440
424 442
424 443
424 444
424 445
424 446
424 448
424 449
424 450
424 451
424 452
424 453
424 454
424 456
424 458
424 461
424 463
424 464
424 466
424 467
424 468
424 472
424 474
424 476
424 478
424 480
424 481
424 482
424 483
424 486
424 488
424 489
424 490
424 491
424 492
424 495
424 496
424 497
424 498
424 499
424 522
424 523
424 525
424 540
424 551
424 577
424 582
424 595
424 604
424 613
424 614
424 616
424 651
424 657
424 680
424 693
424 694
424 699
424 715
424 764
424 769
424 770
424 772
424 812
424 816
424 828
424 832
424 835
424 841
424 845
424 853
424 876
424 878
424 879
424 882
424 889
424 908
424 911
424 915
424 916
424 938
424 939
424 942
424 995
425 426
425 429
425 431
425 433
425 434
425 435
425 436
425 438
425 440
425 441
425 442
425 443
425 444
425 445
425 447
425 448
425 449
425 450
425 451
425 452
425 454
425 457
425 460
425 461
425 462
425 463
425 464
425 466
425 467
425 469
425 470
425 471
425 474
425 475
425 476
425 478
425 479
425 480
425 481
425 482
425 484
425 487
425 490
425 496
425 497
425 498
425 520
425 524
425 542
425 544
425 550
425 556
425 566
425 567
425 593
425 601
425 618
425 622
425 644
425 650
425 656
425 664
425 675
425 676
425 686
425 695
425 708
425 729
425 735
425 739
425 740
425 747
425 503
425 750
425 756
425 778
425 788
425 789
425 812
425 828
425 830
425 839
425 843
425 851
425 852
425 862
425 872
425 883
425 896
425 900
425 910
425 920
425 922
425 954
425 956
425 984
425 988
426 427
426 428
426 429
426 430
426 431
426 432
426 434
426 435
426 438
426 439
426 440
426 441
426 443
426 444
426 445
426 446
426 447
426 448
426 449
426 450
426 452
426 453
426 454
426 455
426 456
426 457
426 458
426 461
426 462
426 466
426 467
426 468
426 470
426 471
426 472
426 473
426 474
426 475
426 476
426 477
426 478
426 479
426 480
426 481
426 482
426 488
426 490
426 491
426 492
426 493
426 494
426 495
426 496
426 514
426 515
426 519
426 524
426 525
426 528
426 529
426 532
426 536
426 541
426 543
426 563
426 564
426 570
426 575
426 591
426 611
426 618
426 628
426 632
426 635
426 645
426 653
426 668
426 690
426 695
426 701
426 714
426 722
426 724
426 727
426 732
426 742
426 748
426 758
426 768
426 780
426 788
426 794
426 856
426 876
426 919
426 921
426 928
426 932
426 936
426 940
426 958
426 969
426 990
426 991
426 995
427 428
427 429
427 431
427 432
427 435
427 436
427 438
427 439
427 440
427 441
427 442
427 443
427 444
427 445
427 446
427 448
427 450
427 451
427 452
427 453
427 454
427 456
427 457
427 461
427 462
427 463
427 464
427 465
427 466
427 467
427 469
427 471
427 472
427 473
427 475
427 476
427 477
427 478
427 480
427 482
427 484
427 486
427 487
427 489
427 490
427 491
427 492
427 493
427 494
427 495
427 497
427 498
427 499
427 522
427 524
427 528
427 575
427 584
427 594
427 604
427 606
427 641
427 644
427 655
427 656
427 671
427 680
427 689
427 697
427 698
427 705
427 717
427 720
427 733
427 503
427 752
427 757
427 774
427 787
427 793
427 805
427 816
427 837
427 840
427 851
427 853
427 870
427 878
427 899
427 924
427 938
427 949
427 953
427 961
427 968
427 974
427 988
427 998
428 430
428 431
428 433
428 434
428 435
428 436
428 437
428 438
428 440
428 441
428 443
428 444
428 445
428 446
428 447
428 448
428 449
428 450
428 451
428 453
428 457
428 458
428 460
428 461
428 462
428 463
428 465
428 469
428 470
428 471
428 474
428 475
428 477
428 479
428 480
428 481
428 482
428 483
428 484
428 485
428 486
428 487
428 488
428 490
428 491
428 492
428 493
428 498
428 499
428 517
428 521
428 524
428 529
428 532
428 549
428 550
428 557
428 606
428 611
428 616
428 619
428 643
428 661
428 688
428 689
428 701
428 735
428 745
428 507
428 773
428 783
428 800
428 810
428 829
428 839
428 843
428 848
428 878
428 885
428 890
428 894
428 902
428 908
428 910
428 917
428 944
428 956
428 966
428 970
428 973
428 979
428 996
429 430
429 431
429 432
429 433
429 434
429 436
429 438
429 440
429 441
429 443
429 444
429 445
429 446
429 447
429 450
429 453
429 454
429 455
429 457
429 458
429 459
429 460
429 462
429 463
429 464
429 466
429 468
429 469
429 470
429 473
429 474
429 475
429 476
429 477
429 478
429 479
429 481
429 482
429 483
429 484
429 485
429 486
429 487
429 491
429 493
429 494
429 495
429 496
429 498
429 499
429 516
429 529
429 532
429 537
429 543
429 545
429 551
429 552
429 575
429 577
429 584
429 598
429 627
429 652
429 659
429 686
429 703
429 712
429 727
429 740
429 741
429 508
429 761
429 771
429 781
429 786
429 823
429 829
429 831
429 845
429 846
429 848
429 854
429 869
429 875
429 880
429 891
429 901
429 920
429 935
429 947
429 953
429 984
429 985
429 993
430 433
430 434
430 436
430 437
430 438
430 439
430 440
430 441
430 445
430 446
430 447
430 450
430 451
430 453
430 454
430 455
430 458
430 459
430 460
430 461
430 462
430 463
430 464
430 466
430 467
430 468
430 469
430 470
430 472
430 474
430 475
430 476
430 477
430 478
430 479
430 481
430 483
430 484
430 485
430 486
430 487
430 488
430 489
430 490
430 491
430 492
430 493
430 494
430 495
430 496
430 497
430 498
430 520
430 521
430 530
430 543
430 567
430 570
430 572
430 594
430 600
430 609
430 614
430 637
430 645
430 666
430 678
430 688
430 693
430 696
430 722
430 723
430 737
430 740
430 747
430 507
430 762
430 763
430 770
430 772
430 775
430 779
430 799
430 806
430 811
430 813
430 830
430 834
430 836
430 842
430 851
430 853
430 876
430 887
430 889
430 902
430 934
430 950
430 960
430 969
430 988
430 991
430 993
430 997
431 432
431 433
431 438
431 439
431 440
431 442
431 445
431 446
431 448
431 449
431 450
431 451
431 452
431 453
431 454
431 455
431 456
431 457
431 460
431 461
431 462
431 463
431 465
431 466
431 467
431 470
431 472
431 473
431 474
431 478
431 479
431 480
431 481
431 482
431 483
431 484
431 485
431 486
431 488
431 489
431 490
431 492
431 493
431 495
431 496
431 497
431 498
431 499
431 517
431 526
431 528
431 529
431 531
431 544
431 545
431 548
431 550
431 557
431 562
431 577
431 591
431 622
431 626
431 629
431 641
431 644
431 670
431 674
431 678
431 681
431 683
431 704
431 706
431 721
431 726
431 730
431 732
431 741
431 506
431 511
431 763
431 766
431 775
431 784
431 801
431 809
431 814
431 827
431 829
431 830
431 841
431 844
431 854
431 857
431 862
431 864
431 871
431 873
431 908
431 919
431 920
431 952
431 954
431 959
431 963
431 967
431 975
431 987
431 988
431 993
432 433
432 435
432 438
432 439
432 442
432 444
432 445
432 446
432 447
432 450
432 451
432 452
432 453
432 454
432 455
432 456
432 457
432 458
432 459
432 460
432 461
432 462
432 463
432 464
432 466
432 468
432 470
432 471
432 472
432 475
432 476
432 477
432 478
432 482
432 484
432 485
432 486
432 487
432 488
432 489
432 491
432 492
432 495
432 498
432 516
432 551
432 558
432 562
432 567
432 574
432 586
432 592
432 624
432 639
432 642
432 646
432 647
432 657
432 679
432 682
432 686
432 697
432 702
432 724
432 728
432 736
432 745
432 502
432 506
432 508
432 751
432 766
432 774
432 786
432 797
432 801
432 808
432 837
432 838
432 848
432 850
432 854
432 871
432 880
432 881
432 889
432 897
432 903
432 914
432 919
432 944
432 965
432 970
432 972
432 975
432 986
432 988
432 993
432 994
433 436
433 437
433 438
433 439
433 441
433 442
433 443
433 444
433 445
433 448
433 452
433 453
433 454
433 455
433 457
433 458
433 460
433 461
433 462
433 466
433 468
433 469
433 470
433 472
433 475
433 476
433 479
433 481
433 484
433 485
433 486
433 487
433 488
433 493
433 494
433 496
433 497
433 498
433 512
433 513
433 527
433 565
433 571
433 581
433 585
433 592
433 605
433 618
433 639
433 658
433 665
433 672
433 696
433 708
433 732
433 502
433 509
433 754
433 762
433 771
433 772
433 775
433 799
433 809
433 817
433 818
433 824
433 866
433 876
433 892
433 900
433 912
433 913
433 918
433 923
433 933
433 935
433 946
433 955
433 956
433 958
433 985
433 991
434 435
434 436
434 437
434 438
434 439
434 441
434 443
434 444
434 445
434 446
434 447
434 448
434 449
434 450
434 451
434 452
434 453
434 455
434 456
434 458
434 459
434 460
434 461
434 463
434 464
434 465
434 466
434 467
434 468
434 469
434 470
434 472
434 473
434 474
434 476
434 478
434 479
434 481
434 482
434 484
434 485
434 486
434 487
434 488
434 489
434 490
434 491
434 493
434 494
434 495
434 496
434 497
434 498
434 517
434 526
434 528
434 531
434 548
434 549
434 562
434 566
434 585
434 586
434 593
434 605
434 626
434 628
434 638
434 644
434 649
434 653
434 683
434 687
434 688
434 699
434 700
434 707
434 747
434 753
434 761
434 770
434 782
434 783
434 787
434 821
434 840
434 842
434 873
434 884
434 898
434 899
434 911
434 915
434 917
434 925
434 931
434 935
434 945
434 951
434 963
434 971
434 980
434 984
434 990
434 994
435 436
435 438
435 440
435 442
435 443
435 444
435 445
435 446
435 447
435 448
435 449
435 450
435 451
435 452
435 455
435 459
435 460
435 462
435 463
435 464
435 465
435 466
435 469
435 470
435 472
435 474
435 475
435 476
435 477
435 478
435 480
435 481
435 482
435 483
435 484
435 485
435 486
435 487
435 488
435 489
435 490
435 491
435 492
435 494
435 497
435 498
435 499
435 516
435 518
435 532
435 533
435 553
435 561
435 563
435 571
435 590
435 597
435 604
435 621
435 629
435 638
435 650
435 652
435 657
435 664
435 672
435 674
435 677
435 679
435 682
435 689
435 707
435 719
435 726
435 743
435 744
435 745
435 503
435 507
435 752
435 758
435 763
435 778
435 785
435 793
435 801
435 812
435 816
435 817
435 824
435 831
435 833
435 839
435 847
435 849
435 884
435 886
435 889
435 893
435 901
435 911
435 921
435 925
435 928
435 942
435 944
435 949
435 969
435 977
435 990
436 437
436 439
436 440
436 441
436 445
436 446
436 447
436 448
436 450
436 451
436 453
436 455
436 459
436 462
436 463
436 464
436 466
436 467
436 469
436 471
436 472
436 475
436 479
436 480
436 481
436 482
436 483
436 484
436 485
436 487
436 489
436 490
436 491
436 492
436 493
436 494
436 497
436 498
436 499
436 527
436 531
436 562
436 569
436 570
436 573
436 575
436 582
436 583
436 595
436 600
436 602
436 603
436 645
436 650
436 669
436 672
436 678
436 702
436 708
436 721
436 746
436 505
436 509
436 755
436 771
436 776
436 777
436 783
436 787
436 820
436 822
436 829
436 850
436 856
436 860
436 872
436 891
436 892
436 898
436 907
436 918
436 933
436 935
436 939
436 943
436 952
436 956
436 958
436 976
436 979
436 984
436 985
436 997
437 438
437 439
437 440
437 442
437 443
437 445
437 447
437 449
437 452
437 456
437 457
437 458
437 459
437 460
437 462
437 464
437 465
437 466
437 467
437 468
437 472
437 473
437 475
437 477
437 478
437 479
437 480
437 481
437 482
437 483
437 485
437 486
437 487
437 488
437 490
437 491
437 492
437 493
437 494
437 495
437 498
437 499
437 515
437 524
437 529
437 534
437 547
437 553
437 557
437 565
437 569
437 574
437 578
437 584
437 595
437 605
437 633
437 635
437 640
437 642
437 678
437 692
437 722
437 745
437 500
437 754
437 755
437 760
437 767
437 775
437 793
437 796
437 797
437 798
437 816
437 825
437 833
437 846
437 854
437 858
437 892
437 908
437 914
437 923
437 932
437 936
437 937
437 939
437 940
437 946
437 968
437 971
437 983
437 986
438 439
438 440
438 443
438 444
438 445
438 447
438 451
438 452
438 453
438 454
438 456
438 457
438 459
438 460
438 461
438 462
438 463
438 464
438 465
438 466
438 467
438 468
438 469
438 470
438 471
438 476
438 477
438 478
438 479
438 480
438 481
438 483
438 484
438 485
438 486
438 487
438 488
438 489
438 490
438 491
438 492
438 493
438 494
438 495
438 496
438 497
438 498
438 499
438 515
438 522
438 541
438 544
438 545
438 551
438 552
438 558
438 565
438 580
438 586
438 591
438 597
438 605
438 613
438 633
438 669
438 673
438 680
438 682
438 703
438 705
438 707
438 715
438 505
438 762
438 774
438 796
438 815
438 819
438 830
438 832
438 859
438 889
438 891
438 892
438 896
438 901
438 914
438 923
438 937
438 959
438 961
438 964
438 968
438 979
439 441
439 442
439 445
439 448
439 449
439 450
439 452
439 453
439 454
439 455
439 456
439 457
439 458
439 460
439 461
439 462
439 463
439 465
439 466
439 467
439 468
439 470
439 471
439 472
439 475
439 478
439 479
439 480
439 482
439 484
439 485
439 486
439 487
439 488
439 490
439 492
439 493
439 494
439 495
439 496
439 497
439 498
439 526
439 528
439 531
439 533
439 540
439 556
439 563
439 565
439 567
439 577
439 579
439 580
439 581
439 588
439 593
439 605
439 608
439 619
439 630
439 636
439 661
439 664
439 673
439 702
439 708
439 710
439 745
439 501
439 502
439 762
439 767
439 779
439 783
439 794
439 798
439 807
439 812
439 814
439 818
439 825
439 851
439 873
439 908
439 933
439 944
439 969
439 971
439 977
439 986
439 989
439 997
440 441
440 443
440 444
440 445
440 446
440 447
440 448
440 450
440 452
440 453
440 454
440 456
440 457
440 458
440 460
440 463
440 464
440 465
440 467
440 469
440 470
440 471
440 472
440 474
440 475
440 478
440 479
440 480
440 481
440 482
440 483
440 484
440 486
440 488
440 489
440 491
440 493
440 494
440 495
440 496
440 497
440 498
440 499
440 517
440 527
440 533
440 543
440 559
440 570
440 582
440 590
440 592
440 597
440 600
440 603
440 619
440 626
440 646
440 652
440 660
440 692
440 703
440 709
440 710
440 720
440 721
440 757
440 760
440 761
440 785
440 797
440 801
440 824
440 853
440 855
440 857
440 858
440 873
440 874
440 901
440 906
440 912
440 922
440 930
440 934
440 939
440 943
440 957
440 968
440 983
440 997
441 445
441 449
441 450
441 451
441 452
441 454
441 456
441 458
441 459
441 461
441 462
441 463
441 465
441 466
441 471
441 474
441 475
441 479
441 480
441 482
441 483
441 484
441 485
441 487
441 488
441 489
441 491
441 492
441 493
441 495
441 496
441 499
441 522
441 541
441 547
441 557
441 576
441 579
441 581
441 588
441 619
441 621
441 623
441 626
441 652
441 677
441 697
441 708
441 714
441 727
441 731
441 733
441 735
441 745
441 755
441 769
441 777
441 798
441 841
441 858
441 860
441 865
441 885
441 889
441 907
441 916
441 935
441 940
441 943
441 946
441 958
441 964
441 978
441 999
442 443
442 444
442 445
442 446
442 448
442 449
442 450
442 452
442 453
442 455
442 456
442 457
442 461
442 462
442 463
442 464
442 465
442 466
442 467
442 468
442 470
442 472
442 473
442 474
442 475
442 476
442 477
442 479
442 480
442 482
442 483
442 484
442 486
442 488
442 490
442 491
442 492
442 494
442 495
442 496
442 497
442 498
442 499
442 516
442 572
442 582
442 591
442 598
442 601
442 621
442 628
442 634
442 659
442 666
442 667
442 676
442 679
442 682
442 689
442 693
442 710
442 732
442 749
442 505
442 751
442 764
442 804
442 805
442 818
442 822
442 832
442 844
442 845
442 857
442 870
442 874
442 878
442 898
442 915
442 916
442 918
442 920
442 946
442 952
442 966
442 976
442 986
442 992
443 444
443 445
443 446
443 447
443 448
443 449
443 451
443 452
443 453
443 454
443 455
443 456
443 458
443 459
443 461
443 463
443 464
443 465
443 466
443 467
443 468
443 469
443 471
443 472
443 473
443 475
443 476
443 478
443 479
443 481
443 482
443 484
443 487
443 488
443 491
443 492
443 493
443 494
443 497
443 498
443 499
443 514
443 519
443 526
443 543
443 545
443 559
443 561
443 574
443 590
443 618
443 626
443 639
443 656
443 668
443 679
443 681
443 711
443 723
443 731
443 744
443 745
443 748
443 749
443 501
443 505
443 760
443 766
443 769
443 771
443 775
443 777
443 787
443 814
443 822
443 849
443 869
443 873
443 876
443 901
443 914
443 923
443 930
443 934
443 938
443 947
443 973
443 975
443 999
444 445
444 446
444 447
444 448
444 449
444 450
444 451
444 453
444 454
444 456
444 457
444 458
444 459
444 461
444 463
444 464
444 466
444 467
444 468
444 470
444 472
444 473
444 474
444 475
444 476
444 477
444 478
444 480
444 481
444 482
444 483
444 484
444 485
444 486
444 487
444 488
444 489
444 490
444 491
444 492
444 493
444 494
444 495
444 496
444 499
444 514
444 526
444 549
444 551
444 555
444 562
444 566
444 567
444 574
444 590
444 598
444 600
444 601
444 611
444 628
444 630
444 636
444 640
444 649
444 653
444 666
444 679
444 684
444 697
444 703
444 709
444 718
444 732
444 739
444 501
444 762
444 764
444 771
444 778
444 783
444 789
444 790
444 799
444 822
444 829
444 839
444 853
444 865
444 869
444 872
444 884
444 899
444 901
444 908
444 932
444 933
444 961
444 976
444 984
444 985
444 993
445 448
445 449
445 450
445 451
445 452
445 453
445 456
445 457
445 458
445 459
445 460
445 461
445 462
445 463
445 464
445 465
445 466
445 469
445 471
445 472
445 473
445 474
445 475
445 476
445 477
445 478
445 480
445 482
445 483
445 484
445 486
445 487
445 488
445 492
445 493
445 494
445 495
445 496
445 497
445 498
445 528
445 531
445 547
445 560
445 562
445 566
445 582
445 585
445 588
445 589
445 592
445 597
445 602
445 608
445 622
445 638
445 641
445 645
445 653
445 688
445 693
445 702
445 720
445 722
445 724
445 731
445 741
445 510
445 789
445 792
445 796
445 802
445 813
445 830
445 833
445 843
445 853
445 865
445 866
445 875
445 885
445 895
445 902
445 907
445 913
445 929
445 934
445 946
445 956
445 964
445 965
445 993
445 994
446 447
446 449
446 451
446 453
446 454
446 457
446 458
446 460
446 465
446 468
446 469
446 470
446 472
446 475
446 476
446 477
446 478
446 479
446 481
446 482
446 483
446 484
446 485
446 486
446 487
446 490
446 491
446 492
446 493
446 495
446 496
446 497
446 498
446 523
446 530
446 543
446 562
446 563
446 592
446 596
446 605
446 614
446 623
446 631
446 640
446 641
446 649
446 652
446 691
446 695
446 707
446 734
446 504
446 507
446 510
446 760
446 784
446 796
446 809
446 821
446 822
446 837
446 840
446 857
446 862
446 867
446 874
446 878
446 883
446 885
446 902
446 908
446 918
446 927
446 928
446 935
446 961
446 972
446 974
446 976
446 997
447 448
447 449
447 450
447 451
447 454
447 455
447 457
447 458
447 461
447 462
447 463
447 465
447 466
447 467
447 468
447 470
447 471
447 472
447 473
447 474
447 475
447 476
447 478
447 480
447 481
447 483
447 484
447 486
447 487
447 489
447 490
447 492
447 493
447 496
447 515
447 526
447 532
447 542
447 562
447 576
447 582
447 602
447 606
447 612
447 620
447 626
447 638
447 643
447 677
447 683
447 690
447 697
447 718
447 732
447 736
447 752
447 757
447 769
447 771
447 780
447 791
447 816
447 836
447 856
447 868
447 884
447 889
447 896
447 932
447 951
447 961
447 965
447 966
447 968
447 971
447 973
447 997
447 999
448 449
448 450
448 453
448 454
448 455
448 456
448 458
448 459
448 462
448 463
448 464
448 466
448 468
448 471
448 472
448 473
448 474
448 476
448 478
448 479
448 480
448 481
448 483
448 484
448 486
448 487
448 488
448 489
448 490
448 492
448 493
448 495
448 496
448 497
448 498
448 499
448 512
448 513
448 516
448 530
448 539
448 563
448 568
448 571
448 576
448 580
448 594
448 595
448 600
448 616
448 625
448 646
448 649
448 658
448 665
448 678
448 679
448 687
448 713
448 718
448 731
448 732
448 504
448 507
448 760
448 766
448 769
448 779
448 783
448 786
448 796
448 805
448 807
448 809
448 810
448 841
448 846
448 848
448 850
448 857
448 872
448 880
448 898
448 902
448 910
448 920
448 934
448 951
448 954
448 972
448 981
448 996
449 450
449 451
449 452
449 454
449 456
449 457
449 458
449 459
449 460
449 461
449 462
449 464
449 465
449 466
449 468
449 470
449 471
449 472
449 473
449 474
449 475
449 476
449 477
449 478
449 479
449 481
449 482
449 483
449 484
449 486
449 487
449 488
449 491
449 493
449 494
449 495
449 497
449 499
449 537
449 539
449 559
449 563
449 577
449 580
449 586
449 600
449 603
449 610
449 619
449 621
449 648
449 653
449 665
449 693
449 696
449 709
449 725
449 731
449 500
449 502
449 506
449 510
449 751
449 753
449 755
449 762
449 764
449 771
449 776
449 798
449 799
449 804
449 821
449 824
449 827
449 828
449 843
449 854
449 869
449 885
449 895
449 905
449 908
449 914
449 945
449 961
449 962
449 965
449 980
449 981
449 985
449 990
450 451
450 454
450 455
450 458
450 459
450 463
450 468
450 469
450 470
450 471
450 472
450 473
450 474
450 475
450 476
450 477
450 478
450 479
450 481
450 483
450 484
450 485
450 486
450 487
450 489
450 490
450 491
450 492
450 493
450 494
450 496
450 498
450 499
450 521
450 526
450 532
450 548
450 549
450 564
450 567
450 575
450 585
450 602
450 606
450 607
450 609
450 620
450 630
450 632
450 643
450 646
450 647
450 667
450 686
450 691
450 694
450 707
450 709
450 718
450 728
450 738
450 739
450 746
450 510
450 752
450 755
450 771
450 775
450 778
450 795
450 799
450 803
450 804
450 824
450 828
450 829
450 831
450 838
450 868
450 878
450 885
450 892
450 893
450 898
450 912
450 917
450 920
450 947
450 957
450 982
450 986
451 452
451 453
451 454
451 455
451 456
451 458
451 460
451 462
451 464
451 466
451 469
451 470
451 471
451 473
451 476
451 477
451 478
451 479
451 480
451 481
451 483
451 484
451 485
451 486
451 487
451 488
451 489
451 490
451 491
451 493
451 494
451 495
451 497
451 498
451 499
451 520
451 521
451 525
451 554
451 575
451 578
451 604
451 625
451 634
451 635
451 698
451 701
451 722
451 733
451 743
451 510
451 772
451 784
451 788
451 789
451 796
451 800
451 807
451 813
451 826
451 827
451 828
451 832
451 834
451 869
451 883
451 886
451 908
451 914
451 916
451 947
451 963
451 978
451 980
452 453
452 454
452 456
452 458
452 459
452 460
452 461
452 462
452 463
452 464
452 468
452 469
452 470
452 471
452 472
452 474
452 475
452 476
452 477
452 478
452 479
452 480
452 481
452 482
452 483
452 484
452 487
452 488
452 489
452 491
452 492
452 493
452 494
452 495
452 496
452 498
452 499
452 539
452 544
452 556
452 576
452 580
452 616
452 623
452 627
452 630
452 632
452 638
452 671
452 701
452 703
452 715
452 723
452 733
452 745
452 747
452 750
452 755
452 762
452 770
452 776
452 799
452 802
452 806
452 807
452 816
452 827
452 836
452 846
452 853
452 859
452 863
452 865
452 866
452 882
452 891
452 898
452 900
452 905
452 910
452 921
452 929
452 931
452 938
452 947
452 954
452 979
452 992
452 997
453 454
453 455
453 456
453 457
453 458
453 460
453 461
453 463
453 468
453 469
453 471
453 473
453 474
453 475
453 476
453 477
453 479
453 482
453 484
453 485
453 486
453 489
453 490
453 491
453 492
453 496
453 497
453 499
453 525
453 534
453 543
453 556
453 559
453 577
453 578
453 587
453 588
453 589
453 609
453 610
453 628
453 646
453 648
453 658
453 675
453 677
453 683
453 701
453 707
453 712
453 721
453 724
453 725
453 727
453 730
453 741
453 749
453 500
453 505
453 507
453 752
453 765
453 774
453 780
453 798
453 812
453 820
453 822
453 823
453 824
453 860
453 867
453 869
453 883
453 884
453 899
453 914
453 920
453 924
453 937
453 943
453 951
453 954
453 959
453 961
453 976
453 979
453 980
453 987
453 997
454 455
454 456
454 457
454 458
454 459
454 460
454 461
454 462
454 465
454 466
454 467
454 470
454 472
454 473
454 477
454 479
454 480
454 482
454 483
454 484
454 486
454 488
454 489
454 490
454 491
454 492
454 494
454 496
454 497
454 499
454 513
454 515
454 524
454 531
454 536
454 537
454 550
454 557
454 560
454 569
454 582
454 590
454 602
454 605
454 615
454 616
454 623
454 630
454 652
454 670
454 675
454 676
454 680
454 682
454 703
454 725
454 744
454 749
454 502
454 510
454 762
454 785
454 804
454 854
454 868
454 871
454 874
454 892
454 901
454 913
454 929
454 956
454 977
454 979
454 980
454 986
454 992
455 457
455 458
455 459
455 460
455 461
455 462
455 464
455 465
455 466
455 469
455 470
455 471
455 473
455 474
455 475
455 476
455 477
455 478
455 479
455 480
455 481
455 482
455 483
455 484
455 485
455 488
455 489
455 492
455 493
455 494
455 496
455 497
455 498
455 517
455 521
455 524
455 529
455 530
455 540
455 544
455 569
455 571
455 588
455 596
455 597
455 598
455 607
455 610
455 612
455 617
455 618
455 633
455 675
455 678
455 682
455 703
455 710
455 711
455 718
455 505
455 750
455 766
455 770
455 779
455 785
455 786
455 791
455 793
455 797
455 803
455 804
455 810
455 812
455 851
455 855
455 864
455 875
455 880
455 883
455 900
455 922
455 927
455 937
455 961
455 965
455 983
456 457
456 458
456 460
456 462
456 463
456 466
456 468
456 470
456 471
456 472
456 476
456 477
456 478
456 479
456 482
456 483
456 484
456 485
456 486
456 489
456 490
456 491
456 492
456 493
456 495
456 496
456 497
456 498
456 516
456 518
456 532
456 548
456 556
456 560
456 567
456 582
456 600
456 613
456 621
456 626
456 640
456 664
456 667
456 686
456 695
456 708
456 722
456 734
456 745
456 760
456 772
456 779
456 783
456 794
456 795
456 796
456 800
456 815
456 831
456 833
456 847
456 871
456 875
456 889
456 903
456 909
456 912
456 916
456 928
456 938
456 940
456 941
456 957
456 958
456 961
456 981
456 983
456 984
456 985
457 458
457 459
457 460
457 461
457 462
457 463
457 464
457 465
457 468
457 469
457 470
457 472
457 473
457 475
457 476
457 479
457 480
457 481
457 483
457 486
457 487
457 488
457 489
457 490
457 491
457 492
457 493
457 494
457 495
457 496
457 497
457 538
457 546
457 559
457 561
457 569
457 576
457 580
457 615
457 626
457 634
457 651
457 662
457 672
457 676
457 692
457 693
457 698
457 701
457 707
457 712
457 721
457 730
457 733
457 739
457 762
457 763
457 784
457 785
457 789
457 797
457 807
457 808
457 846
457 867
457 870
457 879
457 893
457 912
457 924
457 925
457 934
457 947
457 952
457 953
457 957
457 966
457 999
458 459
458 461
458 463
458 464
458 465
458 467
458 468
458 469
458 471
458 472
458 473
458 474
458 476
458 477
458 479
458 481
458 482
458 483
458 486
458 487
458 489
458 491
458 492
458 493
458 494
458 499
458 535
458 543
458 557
458 596
458 603
458 604
458 605
458 628
458 630
458 633
458 637
458 651
458 653
458 655
458 670
458 688
458 689
458 711
458 717
458 718
458 727
458 729
458 730
458 735
458 748
458 501
458 758
458 776
458 784
458 812
458 826
458 833
458 834
458 835
458 858
458 884
458 885
458 895
458 904
458 916
458 918
458 928
458 932
458 951
459 460
459 461
459 463
459 464
459 465
459 466
459 467
459 468
459 469
459 470
459 471
459 472
459 473
459 474
459 475
459 476
459 478
459 479
459 480
459 481
459 482
459 483
459 484
459 485
459 486
459 487
459 488
459 489
459 490
459 491
459 492
459 493
459 495
459 496
459 497
459 498
459 518
459 520
459 528
459 534
459 535
459 546
459 552
459 573
459 578
459 581
459 588
459 596
459 597
459 604
459 606
459 609
459 617
459 623
459 624
459 630
459 633
459 639
459 641
459 646
459 651
459 667
459 680
459 698
459 699
459 701
459 706
459 730
459 731
459 736
459 755
459 756
459 758
459 797
459 801
459 831
459 841
459 846
459 859
459 866
459 883
459 906
459 912
459 917
459 933
459 953
459 965
459 983
459 996
460 461
460 462
460 463
460 464
460 465
460 468
460 469
460 471
460 472
460 473
460 475
460 476
460 477
460 478
460 479
460 480
460 481
460 482
460 483
460 484
460 485
460 486
460 487
460 488
460 489
460 491
460 492
460 493
460 494
460 495
460 498
460 499
460 518
460 526
460 546
460 547
460 551
460 555
460 560
460 562
460 571
460 577
460 599
460 600
460 632
460 653
460 655
460 675
460 677
460 693
460 705
460 707
460 741
460 746
460 754
460 760
460 769
460 796
460 799
460 824
460 857
460 862
460 866
460 877
460 922
460 927
460 929
460 942
460 947
460 970
460 971
460 976
460 986
460 989
461 462
461 463
461 464
461 468
461 470
461 471
461 472
461 473
461 474
461 475
461 476
461 477
461 479
461 480
461 482
461 483
461 484
461 486
461 487
461 488
461 489
461 491
461 495
461 496
461 497
461 517
461 555
461 565
461 575
461 610
461 621
461 624
461 626
461 642
461 649
461 658
461 670
461 673
461 711
461 733
461 736
461 505
461 510
461 766
461 772
461 774
461 776
461 784
461 806
461 810
461 813
461 820
461 827
461 830
461 843
461 844
461 847
461 851
461 855
461 859
461 861
461 865
461 877
461 892
461 899
461 915
461 922
461 933
461 935
461 948
461 966
461 977
461 979
461 985
461 993
462 463
462 465
462 467
462 468
462 469
462 470
462 471
462 472
462 475
462 477
462 482
462 483
462 486
462 488
462 494
462 496
462 498
462 499
462 516
462 530
462 532
462 538
462 543
462 583
462 592
462 602
462 614
462 627
462 630
462 632
462 658
462 666
462 668
462 674
462 696
462 715
462 733
462 736
462 741
462 508
462 750
462 770
462 771
462 781
462 784
462 790
462 791
462 820
462 850
462 852
462 857
462 862
462 864
462 872
462 882
462 888
462 889
462 917
462 925
462 944
462 958
462 964
462 972
462 991
462 992
462 996
463 464
463 466
463 467
463 468
463 470
463 471
463 472
463 473
463 474
463 476
463 477
463 478
463 480
463 481
463 482
463 483
463 484
463 485
463 486
463 488
463 489
463 490
463 491
463 492
463 494
463 495
463 497
463 498
463 530
463 538
463 552
463 555
463 585
463 601
463 604
463 610
463 623
463 641
463 642
463 647
463 686
463 697
463 709
463 712
463 738
463 506
463 757
463 764
463 772
463 794
463 827
463 830
463 883
463 886
463 891
463 899
463 902
463 919
463 933
463 938
463 968
463 986
463 987
463 991
464 465
464 466
464 467
464 468
464 469
464 470
464 472
464 473
464 474
464 475
464 477
464 478
464 479
464 481
464 482
464 483
464 486
464 487
464 488
464 489
464 490
464 492
464 493
464 494
464 495
464 496
464 497
464 498
464 499
464 514
464 524
464 534
464 536
464 541
464 555
464 559
464 562
464 573
464 574
464 579
464 599
464 604
464 608
464 612
464 613
464 615
464 618
464 619
464 627
464 628
464 638
464 648
464 672
464 686
464 695
464 706
464 710
464 724
464 726
464 735
464 504
464 750
464 765
464 773
464 778
464 793
464 797
464 798
464 801
464 813
464 827
464 850
464 864
464 882
464 887
464 901
464 914
464 918
464 919
464 938
464 940
464 946
464 949
464 953
464 954
464 957
464 990
464 991
464 992
464 993
464 996
465 466
465 467
465 468
465 469
465 470
465 471
465 473
465 474
465 475
465 476
465 477
465 480
465 483
465 486
465 488
465 492
465 493
465 494
465 495
465 496
465 497
465 498
465 499
465 548
465 553
465 555
465 561
465 583
465 585
465 587
465 607
465 617
465 628
465 631
465 634
465 667
465 696
465 723
465 735
465 746
465 503
465 504
465 751
465 764
465 773
465 776
465 785
465 787
465 794
465 802
465 804
465 819
465 835
465 840
465 844
465 851
465 860
465 862
465 863
465 864
465 881
465 897
465 912
465 931
465 949
465 964
465 992
465 993
466 468
466 470
466 471
466 472
466 473
466 474
466 478
466 479
466 480
466 482
466 484
466 485
466 487
466 490
466 491
466 495
466 496
466 497
466 498
466 513
466 526
466 541
466 554
466 557
466 576
466 585
466 605
466 624
466 630
466 636
466 637
466 638
466 644
466 651
466 652
466 659
466 662
466 664
466 680
466 683
466 686
466 711
466 714
466 722
466 735
466 501
466 506
466 753
466 757
466 767
466 771
466 799
466 801
466 803
466 834
466 836
466 842
466 843
466 848
466 879
466 885
466 909
466 910
466 912
466 936
466 971
466 973
466 976
466 982
467 469
467 470
467 471
467 472
467 476
467 477
467 478
467 479
467 480
467 481
467 485
467 486
467 487
467 488
467 489
467 490
467 491
467 493
467 495
467 496
467 498
467 499
467 519
467 520
467 540
467 565
467 593
467 599
467 603
467 606
467 610
467 628
467 641
467 643
467 665
467 669
467 674
467 677
467 680
467 692
467 710
467 728
467 741
467 747
467 752
467 758
467 761
467 763
467 764
467 773
467 784
467 816
467 817
467 823
467 849
467 859
467 861
467 863
467 879
467 880
467 902
467 906
467 921
467 926
467 942
467 952
467 956
467 957
467 976
467 983
467 986
467 999
468 469
468 471
468 474
468 475
468 476
468 477
468 478
468 479
468 480
468 482
468 483
468 484
468 485
468 487
468 489
468 490
468 492
468 493
468 497
468 499
468 524
468 538
468 581
468 583
468 584
468 590
468 599
468 614
468 631
468 635
468 639
468 647
468 662
468 670
468 698
468 706
468 707
468 713
468 729
468 733
468 755
468 764
468 816
468 824
468 831
468 833
468 834
468 849
468 851
468 861
468 864
468 866
468 879
468 888
468 905
468 908
468 910
468 931
468 950
468 961
468 969
468 980
468 991
468 994
469 470
469 471
469 472
469 476
469 478
469 479
469 481
469 483
469 484
469 485
469 486
469 487
469 491
469 492
469 493
469 495
469 497
469 498
469 499
469 528
469 529
469 531
469 532
469 556
469 557
469 559
469 562
469 572
469 603
469 604
469 606
469 618
469 620
469 630
469 634
469 657
469 662
469 671
469 696
469 703
469 712
469 715
469 718
469 720
469 722
469 730
469 742
469 747
469 506
469 509
469 756
469 757
469 760
469 763
469 764
469 765
469 773
469 778
469 794
469 820
469 836
469 864
469 874
469 884
469 914
469 915
469 921
469 928
469 939
469 943
469 948
469 974
469 982
469 992
470 471
470 472
470 473
470 474
470 476
470 477
470 478
470 479
470 480
470 481
470 483
470 484
470 485
470 486
470 487
470 488
470 490
470 491
470 493
470 494
470 495
470 496
470 499
470 513
470 526
470 535
470 548
470 551
470 555
470 561
470 564
470 565
470 578
470 581
470 614
470 643
470 665
470 666
470 692
470 704
470 706
470 504
470 505
470 506
470 508
470 511
470 761
470 783
470 794
470 800
470 809
470 817
470 847
470 864
470 899
470 902
470 908
470 909
470 917
470 930
470 939
470 944
470 956
470 960
470 961
470 988
471 472
471 474
471 475
471 476
471 477
471 478
471 481
471 482
471 484
471 485
471 486
471 488
471 489
471 490
471 491
471 493
471 495
471 497
471 499
471 512
471 519
471 536
471 539
471 562
471 570
471 576
471 581
471 585
471 606
471 618
471 626
471 633
471 646
471 655
471 656
471 662
471 676
471 682
471 683
471 688
471 690
471 694
471 719
471 720
471 732
471 743
471 747
471 748
471 500
471 504
471 750
471 755
471 764
471 775
471 776
471 779
471 790
471 820
471 836
471 843
471 857
471 864
471 882
471 897
471 900
471 905
471 923
471 925
471 931
471 935
471 943
471 948
471 955
471 980
471 982
471 985
472 475
472 478
472 479
472 480
472 481
472 482
472 483
472 485
472 486
472 487
472 488
472 489
472 492
472 493
472 494
472 495
472 496
472 497
472 498
472 499
472 514
472 532
472 545
472 566
472 569
472 575
472 588
472 609
472 611
472 614
472 615
472 625
472 628
472 629
472 641
472 658
472 660
472 666
472 710
472 712
472 713
472 730
472 731
472 749
472 510
472 750
472 790
472 797
472 802
472 808
472 813
472 816
472 820
472 825
472 826
472 833
472 864
472 882
472 886
472 903
472 906
472 912
472 925
472 958
472 960
472 962
472 963
472 964
472 974
472 975
472 988
473 474
473 475
473 476
473 477
473 478
473 479
473 480
473 481
473 483
473 484
473 485
473 486
473 488
473 492
473 493
473 494
473 495
473 496
473 497
473 499
473 512
473 515
473 517
473 534
473 535
473 549
473 550
473 573
473 597
473 613
473 615
473 630
473 649
473 650
473 658
473 659
473 667
473 673
473 681
473 683
473 684
473 686
473 691
473 697
473 710
473 728
473 729
473 750
473 758
473 765
473 766
473 768
473 782
473 793
473 802
473 833
473 840
473 847
473 856
473 857
473 873
473 881
473 887
473 889
473 893
473 899
473 900
473 908
473 913
473 914
473 922
473 944
473 960
474 475
474 477
474 481
474 484
474 487
474 488
474 489
474 490
474 492
474 495
474 496
474 498
474 499
474 513
474 519
474 526
474 531
474 532
474 538
474 551
474 554
474 564
474 576
474 580
474 584
474 637
474 644
474 653
474 667
474 672
474 675
474 682
474 707
474 714
474 729
474 731
474 502
474 508
474 753
474 758
474 772
474 775
474 791
474 792
474 801
474 803
474 804
474 821
474 828
474 837
474 844
474 859
474 874
474 891
474 897
474 902
474 950
474 961
474 964
474 971
474 977
474 983
475 477
475 480
475 481
475 482
475 483
475 484
475 487
475 488
475 489
475 491
475 493
475 494
475 495
475 496
475 498
475 499
475 516
475 524
475 527
475 531
475 533
475 540
475 542
475 548
475 556
475 557
475 568
475 591
475 610
475 618
475 620
475 622
475 629
475 648
475 651
475 653
475 662
475 673
475 674
475 685
475 688
475 703
475 729
475 734
475 745
475 505
475 759
475 769
475 771
475 779
475 781
475 789
475 793
475 802
475 805
475 837
475 846
475 863
475 888
475 893
475 899
475 903
475 904
475 909
475 928
475 930
475 940
475 941
475 953
475 962
475 969
475 971
475 974
475 981
475 995
475 999
476 477
476 479
476 480
476 482
476 483
476 484
476 485
476 486
476 487
476 488
476 489
476 490
476 491
476 492
476 493
476 495
476 496
476 497
476 498
476 516
476 523
476 529
476 550
476 556
476 557
476 562
476 563
476 572
476 573
476 574
476 578
476 583
476 593
476 603
476 608
476 614
476 625
476 633
476 636
476 661
476 666
476 687
476 695
476 713
476 716
476 737
476 741
476 504
476 758
476 760
476 780
476 798
476 800
476 828
476 831
476 840
476 848
476 854
476 869
476 881
476 898
476 909
476 913
476 917
476 926
476 960
476 983
476 993
477 478
477 479
477 482
477 483
477 484
477 487
477 490
477 491
477 492
477 493
477 495
477 498
477 499
477 515
477 525
477 527
477 549
477 557
477 574
477 575
477 576
477 577
477 578
477 584
477 588
477 616
477 618
477 619
477 630
477 648
477 653
477 655
477 663
477 665
477 677
477 703
477 725
477 726
477 728
477 732
477 735
477 739
477 753
477 762
477 810
477 827
477 828
477 832
477 834
477 843
477 850
477 865
477 866
477 873
477 888
477 896
477 901
477 903
477 906
477 908
477 918
477 921
477 925
477 934
477 943
477 945
477 951
477 954
477 962
477 988
477 996
477 997
478 479
478 480
478 481
478 483
478 484
478 487
478 488
478 489
478 490
478 492
478 493
478 494
478 495
478 496
478 498
478 499
478 519
478 527
478 553
478 565
478 568
478 571
478 599
478 603
478 612
478 620
478 645
478 651
478 654
478 673
478 677
478 683
478 699
478 710
478 718
478 721
478 723
478 725
478 741
478 501
478 757
478 774
478 800
478 813
478 817
478 838
478 842
478 843
478 846
478 851
478 853
478 859
478 896
478 927
478 929
478 932
478 945
478 947
478 968
478 969
478 978
478 984
478 995
479 480
479 482
479 483
479 484
479 485
479 487
479 488
479 489
479 490
479 491
479 492
479 493
479 494
479 498
479 499
479 522
479 531
479 536
479 543
479 597
479 600
479 605
479 607
479 619
479 620
479 635
479 639
479 640
479 650
479 655
479 666
479 669
479 686
479 696
479 738
479 742
479 749
479 751
479 766
479 774
479 779
479 808
479 817
479 824
479 828
479 832
479 834
479 851
479 853
479 855
479 857
479 872
479 873
479 880
479 899
479 908
479 914
479 922
479 931
479 940
479 941
479 959
479 992
480 481
480 482
480 483
480 485
480 486
480 487
480 488
480 489
480 490
480 491
480 492
480 493
480 495
480 496
480 498
480 499
480 512
480 531
480 534
480 553
480 559
480 568
480 587
480 599
480 604
480 617
480 619
480 627
480 637
480 654
480 659
480 668
480 688
480 697
480 708
480 709
480 736
480 739
480 508
480 770
480 783
480 787
480 790
480 792
480 794
480 806
480 813
480 827
480 830
480 844
480 864
480 866
480 868
480 870
480 876
480 883
480 886
480 891
480 899
480 910
480 918
480 925
480 933
480 938
480 940
480 953
480 960
480 962
480 965
480 974
480 976
480 999
481 482
481 484
481 485
481 487
481 488
481 489
481 491
481 492
481 493
481 494
481 495
481 496
481 498
481 499
481 527
481 529
481 557
481 599
481 605
481 618
481 626
481 656
481 658
481 681
481 684
481 699
481 722
481 500
481 502
481 752
481 764
481 765
481 777
481 788
481 791
481 802
481 807
481 825
481 829
481 830
481 831
481 834
481 835
481 849
481 851
481 857
481 864
481 875
481 877
481 887
481 906
481 940
481 955
481 978
481 985
481 996
482 483
482 486
482 487
482 488
482 490
482 491
482 492
482 493
482 494
482 495
482 499
482 515
482 518
482 548
482 564
482 572
482 587
482 598
482 607
482 610
482 612
482 613
482 615
482 639
482 657
482 672
482 674
482 688
482 696
482 702
482 716
482 722
482 736
482 743
482 503
482 761
482 777
482 786
482 797
482 807
482 812
482 820
482 827
482 828
482 829
482 851
482 862
482 872
482 874
482 877
482 886
482 894
482 897
482 907
482 914
482 933
482 963
482 971
482 973
482 974
482 980
482 985
482 986
482 987
482 989
483 485
483 486
483 488
483 489
483 490
483 492
483 493
483 494
483 497
483 498
483 517
483 544
483 546
483 568
483 570
483 577
483 582
483 620
483 625
483 652
483 655
483 657
483 674
483 680
483 694
483 706
483 710
483 716
483 717
483 718
483 719
483 720
483 721
483 734
483 757
483 760
483 762
483 763
483 775
483 784
483 792
483 802
483 812
483 817
483 839
483 856
483 859
483 865
483 876
483 883
483 887
483 888
483 902
483 913
483 925
483 936
483 939
483 942
483 946
483 961
483 962
483 968
483 977
483 993
484 486
484 487
484 490
484 496
484 499
484 522
484 524
484 530
484 534
484 539
484 540
484 547
484 551
484 592
484 601
484 606
484 621
484 635
484 643
484 645
484 649
484 659
484 670
484 672
484 677
484 706
484 721
484 736
484 509
484 754
484 780
484 808
484 824
484 829
484 832
484 834
484 850
484 853
484 857
484 867
484 881
484 887
484 888
484 894
484 904
484 908
484 910
484 915
484 916
484 919
484 920
484 925
484 930
484 933
484 950
484 970
484 971
484 972
484 980
484 997
484 998
485 486
485 487
485 488
485 489
485 491
485 493
485 496
485 497
485 498
485 499
485 516
485 558
485 560
485 561
485 574
485 594
485 602
485 623
485 642
485 662
485 663
485 672
485 673
485 675
485 680
485 692
485 705
485 711
485 717
485 725
485 730
485 745
485 757
485 783
485 784
485 787
485 800
485 812
485 868
485 885
485 897
485 900
485 902
485 903
485 908
485 910
485 911
485 918
485 919
485 921
485 923
485 937
485 972
485 974
485 976
485 986
485 988
485 993
486 489
486 490
486 491
486 493
486 546
486 552
486 553
486 563
486 585
486 593
486 598
486 606
486 621
486 637
486 646
486 647
486 648
486 651
486 660
486 670
486 673
486 677
486 686
486 694
486 725
486 726
486 727
486 735
486 737
486 740
486 759
486 762
486 767
486 768
486 778
486 784
486 799
486 801
486 804
486 808
486 809
486 811
486 812
486 823
486 827
486 845
486 862
486 869
486 874
486 875
486 897
486 907
486 910
486 914
486 916
486 918
486 920
486 935
487 488
487 489
487 490
487 491
487 493
487 494
487 495
487 497
487 499
487 515
487 539
487 547
487 565
487 568
487 571
487 586
487 608
487 612
487 615
487 623
487 673
487 708
487 712
487 720
487 721
487 731
487 734
487 738
487 742
487 748
487 500
487 756
487 761
487 777
487 778
487 782
487 817
487 818
487 826
487 827
487 835
487 836
487 846
487 856
487 860
487 861
487 871
487 877
487 888
487 906
487 907
487 910
487 927
487 950
487 957
487 958
487 960
487 972
487 980
487 988
487 991
487 994
487 999
488 490
488 491
488 493
488 494
488 495
488 496
488 498
488 513
488 520
488 522
488 523
488 525
488 530
488 534
488 550
488 567
488 573
488 582
488 585
488 588
488 590
488 592
488 600
488 605
488 606
488 608
488 610
488 619
488 630
488 634
488 665
488 683
488 692
488 693
488 703
488 705
488 715
488 722
488 508
488 754
488 778
488 793
488 796
488 809
488 822
488 837
488 840
488 868
488 897
488 902
488 907
488 923
488 926
488 937
488 942
488 945
488 971
488 978
488 982
488 983
488 985
489 490
489 491
489 492
489 493
489 494
489 496
489 498
489 499
489 533
489 534
489 539
489 551
489 570
489 574
489 579
489 591
489 598
489 601
489 605
489 626
489 643
489 647
489 654
489 669
489 681
489 685
489 739
489 743
489 755
489 760
489 770
489 784
489 813
489 828
489 835
489 841
489 858
489 862
489 863
489 872
489 875
489 895
489 897
489 904
489 926
489 931
489 937
489 942
489 948
489 952
489 956
489 962
489 964
489 979
489 990
489 991
489 996
490 491
490 492
490 495
490 496
490 498
490 499
490 549
490 566
490 569
490 571
490 580
490 595
490 629
490 653
490 679
490 681
490 693
490 704
490 705
490 708
490 722
490 735
490 741
490 748
490 504
490 758
490 770
490 775
490 781
490 791
490 806
490 820
490 847
490 863
490 866
490 874
490 880
490 888
490 889
490 898
490 899
490 908
490 928
490 988
490 991
491 492
491 494
491 495
491 496
491 497
491 499
491 514
491 534
491 543
491 547
491 565
491 567
491 578
491 589
491 598
491 603
491 604
491 618
491 625
491 640
491 661
491 665
491 668
491 681
491 698
491 708
491 740
491 500
491 503
491 753
491 765
491 767
491 779
491 785
491 788
491 795
491 796
491 805
491 813
491 822
491 848
491 849
491 862
491 863
491 865
491 870
491 879
491 885
491 893
491 898
491 900
491 927
491 929
491 932
491 933
491 955
491 966
491 969
491 991
491 994
492 493
492 494
492 495
492 496
492 498
492 518
492 521
492 537
492 542
492 549
492 562
492 564
492 571
492 608
492 616
492 620
492 625
492 638
492 648
492 655
492 667
492 682
492 713
492 714
492 717
492 735
492 737
492 744
492 748
492 750
492 755
492 770
492 772
492 776
492 779
492 790
492 793
492 802
492 810
492 818
492 823
492 828
492 836
492 837
492 838
492 845
492 848
492 850
492 873
492 880
492 892
492 895
492 900
492 903
492 910
492 914
492 916
492 928
492 934
492 952
492 959
492 979
492 993
492 998
492 999
493 494
493 496
493 497
493 520
493 548
493 553
493 566
493 576
493 593
493 599
493 600
493 606
493 608
493 616
493 619
493 623
493 638
493 669
493 677
493 681
493 693
493 717
493 729
493 734
493 737
493 745
493 501
493 504
493 506
493 752
493 761
493 763
493 768
493 800
493 810
493 820
493 821
493 837
493 838
493 861
493 877
493 881
493 908
493 937
493 939
493 953
493 955
493 962
493 966
493 968
493 981
493 984
493 992
493 994
493 995
493 998
494 495
494 497
494 498
494 499
494 515
494 528
494 546
494 561
494 563
494 564
494 588
494 613
494 622
494 635
494 675
494 692
494 700
494 704
494 717
494 718
494 745
494 501
494 508
494 511
494 756
494 770
494 777
494 786
494 823
494 852
494 855
494 888
494 897
494 911
494 914
494 919
494 922
494 930
494 934
494 935
494 939
494 942
494 943
494 946
494 975
494 979
494 999
495 496
495 497
495 498
495 537
495 559
495 576
495 579
495 583
495 586
495 589
495 595
495 596
495 617
495 621
495 631
495 634
495 635
495 659
495 664
495 669
495 683
495 715
495 751
495 772
495 781
495 783
495 784
495 787
495 790
495 807
495 809
495 814
495 821
495 827
495 838
495 841
495 852
495 863
495 870
495 873
495 885
495 892
495 897
495 905
495 907
495 908
495 924
495 926
495 940
495 955
495 957
495 973
495 992
496 497
496 498
496 522
496 526
496 555
496 561
496 567
496 577
496 581
496 583
496 585
496 606
496 614
496 623
496 624
496 625
496 640
496 644
496 646
496 661
496 691
496 699
496 722
496 730
496 740
496 741
496 742
496 745
496 755
496 758
496 759
496 760
496 763
496 801
496 823
496 828
496 834
496 850
496 858
496 863
496 867
496 872
496 877
496 880
496 888
496 889
496 906
496 908
496 928
496 932
496 935
496 951
496 966
496 972
496 982
496 997
497 499
497 514
497 523
497 531
497 557
497 589
497 608
497 612
497 617
497 622
497 649
497 657
497 658
497 664
497 678
497 683
497 691
497 693
497 696
497 710
497 718
497 721
497 726
497 731
497 734
497 769
497 783
497 785
497 788
497 801
497 803
497 804
497 805
497 809
497 820
497 842
497 843
497 859
497 863
497 870
497 873
497 878
497 879
497 908
497 925
497 927
497 932
497 960
497 968
497 982
497 986
497 989
498 499
498 542
498 548
498 555
498 563
498 642
498 680
498 681
498 684
498 698
498 729
498 741
498 746
498 750
498 760
498 763
498 765
498 768
498 771
498 780
498 797
498 799
498 841
498 845
498 854
498 859
498 864
498 872
498 883
498 885
498 915
498 920
498 925
498 927
498 932
498 936
498 938
498 954
498 991
498 998
499 513
499 520
499 521
499 548
499 554
499 558
499 564
499 569
499 570
499 575
499 576
499 605
499 625
499 636
499 639
499 650
499 651
499 660
499 669
499 673
499 678
499 700
499 707
499 723
499 724
499 725
499 735
499 747
499 505
499 510
499 511
499 777
499 803
499 820
499 829
499 833
499 857
499 879
499 880
499 899
499 904
499 922
499 928
499 932
499 936
499 937
499 943
499 946
499 950
499 951
499 961
499 969
499 970
499 979
499 982
499 996
512 513
512 516
512 517
512 518
512 519
512 521
512 523
512 524
512 526
512 527
512 530
512 531
512 532
512 533
512 534
512 537
512 539
512 540
512 544
512 545
512 546
512 547
512 548
512 549
512 550
512 551
512 552
512 555
512 556
512 558
512 559
512 562
512 564
512 567
512 568
512 570
512 571
512 572
512 573
512 577
512 578
512 579
512 580
512 582
512 583
512 584
512 585
512 588
512 589
512 590
512 593
512 594
512 596
512 599
512 600
512 601
512 603
512 605
512 606
512 607
512 608
512 609
512 611
512 612
512 613
512 615
512 616
512 617
512 618
512 619
512 620
512 621
512 624
512 626
512 627
512 630
512 631
512 634
512 637
512 638
512 641
512 642
512 643
512 644
512 645
512 648
512 649
512 651
512 652
512 653
512 655
512 657
512 658
512 659
512 661
512 662
512 664
512 665
512 666
512 668
512 669
512 671
512 672
512 673
512 675
512 676
512 678
512 679
512 680
512 681
512 682
512 683
512 686
512 687
512 690
512 691
512 692
512 694
512 695
512 697
512 698
512 700
512 701
512 702
512 703
512 705
512 706
512 708
512 709
512 710
512 711
512 713
512 714
512 715
512 716
512 718
512 720
512 721
512 724
512 725
512 727
512 728
512 729
512 732
512 734
512 735
512 737
512 738
512 739
512 740
512 741
512 742
512 743
512 744
512 745
512 749
512 501
512 503
512 504
512 509
512 511
512 756
512 766
512 771
512 782
512 810
512 811
512 825
512 829
512 850
512 853
512 868
512 877
512 878
512 888
512 910
512 929
512 933
512 942
512 955
512 963
512 970
512 976
512 982
512 994
512 999
513 516
513 517
513 519
513 520
513 522
513 524
513 525
513 526
513 527
513 529
513 531
513 532
513 533
513 534
513 535
513 536
513 537
513 538
513 539
513 540
513 541
513 542
513 543
513 544
513 545
513 547
513 549
513 552
513 553
513 555
513 556
513 557
513 559
513 560
513 561
513 562
513 564
513 566
513 567
513 569
513 571
513 572
513 574
513 576
513 577
513 579
513 581
513 583
513 584
513 585
513 586
513 587
513 588
513 589
513 590
513 592
513 594
513 595
513 596
513 598
513 599
513 600
513 601
513 604
513 605
513 608
513 609
513 610
513 611
513 612
513 613
513 614
513 617
513 618
513 619
513 620
513 621
513 622
513 623
513 624
513 625
513 626
513 627
513 628
513 630
513 633
513 634
513 635
513 637
513 638
513 639
513 641
513 643
513 646
513 648
513 649
513 651
513 652
513 653
513 654
513 657
513 658
513 660
513 661
513 663
513 664
513 665
513 667
513 668
513 669
513 670
513 671
513 672
513 673
513 674
513 676
513 678
513 679
513 680
513 681
513 682
513 683
513 684
513 685
513 686
513 688
513 689
513 691
513 693
513 694
513 698
513 700
513 701
513 706
513 707
513 708
513 709
513 711
513 712
513 713
513 714
513 715
513 717
513 718
513 719
513 720
513 721
513 723
513 724
513 725
513 727
513 728
513 729
513 730
513 732
513 733
513 735
513 736
513 737
513 738
513 739
513 740
513 741
513 742
513 744
513 746
513 747
513 748
513 500
513 503
513 506
513 507
513 508
513 509
513 510
513 768
513 771
513 787
513 800
513 814
513 818
513 821
513 835
513 842
513 855
513 857
513 880
513 881
513 900
513 902
513 906
513 914
513 918
513 928
513 943
513 948
513 949
513 971
513 973
513 979
513 982
513 992
514 516
514 517
514 518
514 519
514 522
514 524
514 525
514 526
514 527
514 529
514 530
514 531
514 532
514 533
514 534
514 535
514 536
514 537
514 538
514 539
514 540
514 544
514 545
514 546
514 548
514 551
514 552
514 553
514 555
514 556
514 557
514 559
514 561
514 563
514 564
514 565
514 566
514 571
514 572
514 573
514 575
514 577
514 578
514 580
514 581
514 582
514 583
514 584
514 585
514 586
514 589
514 590
514 591
514 592
514 594
514 595
514 596
514 597
514 598
514 599
514 600
514 601
514 602
514 603
514 605
514 606
514 609
514 610
514 611
514 612
514 613
514 614
514 618
514 619
514 623
514 624
514 625
514 626
514 627
514 629
514 631
514 632
514 633
514 634
514 635
514 636
514 639
514 640
514 641
514 642
514 644
514 645
514 647
514 648
514 650
514 651
514 653
514 657
514 658
514 659
514 660
514 663
514 664
514 665
514 666
514 667
514 670
514 671
514 672
514 673
514 674
514 675
514 676
514 677
514 679
514 680
514 681
514 682
514 684
514 685
514 687
514 688
514 689
514 690
514 691
514 693
514 694
514 695
514 696
514 697
514 698
514 699
514 700
514 701
514 703
514 705
514 706
514 707
514 708
514 709
514 710
514 711
514 712
514 714
514 716
514 717
514 718
514 719
514 720
514 721
514 722
514 723
514 724
514 725
514 726
514 728
514 729
514 730
514 731
514 732
514 733
514 735
514 737
514 739
514 740
514 741
514 742
514 743
514 744
514 745
514 747
514 748
514 749
514 500
514 501
514 502
514 503
514 504
514 505
514 506
514 509
514 510
514 511
514 754
514 765
514 798
514 815
514 834
514 836
514 845
514 850
514 855
514 865
514 887
514 909
514 925
514 927
514 937
514 942
514 943
514 951
514 966
514 989
514 990
514 995
515 516
515 517
515 518
515 519
515 520
515 521
515 522
515 523
515 524
515 525
515 527
515 528
515 529
515 530
515 531
515 532
515 533
515 535
515 536
515 538
515 540
515 541
515 542
515 543
515 544
515 546
515 547
515 549
515 550
515 553
515 554
515 555
515 556
515 557
515 559
515 560
515 561
515 562
515 563
515 564
515 567
515 568
515 569
515 572
515 573
515 574
515 575
515 576
515 577
515 578
515 580
515 581
515 583
515 585
515 588
515 589
515 590
515 591
515 592
515 594
515 595
515 596
515 597
515 599
515 600
515 602
515 603
515 605
515 606
515 607
515 608
515 610
515 613
515 614
515 617
515 619
515 620
515 621
515 622
515 623
515 625
515 626
515 628
515 630
515 631
515 634
515 635
515 636
515 637
515 638
515 639
515 643
515 644
515 645
515 647
515 648
515 650
515 651
515 652
515 653
515 654
515 655
515 656
515 657
515 658
515 661
515 662
515 663
515 664
515 665
515 666
515 668
515 669
515 670
515 671
515 673
515 677
515 678
515 679
515 680
515 681
515 682
515 683
515 685
515 687
515 688
515 689
515 690
515 692
515 693
515 694
515 695
515 696
515 698
515 699
515 700
515 701
515 702
515 703
515 704
515 706
515 709
515 710
515 712
515 713
515 714
515 715
515 717
515 718
515 720
515 723
515 724
515 725
515 726
515 728
515 729
515 730
515 731
515 733
515 734
515 735
515 736
515 737
515 738
515 739
515 740
515 741
515 742
515 744
515 745
515 746
515 748
515 501
515 504
515 505
515 506
515 507
515 508
515 509
515 511
515 772
515 775
515 780
515 792
515 812
515 822
515 824
515 827
515 828
515 849
515 855
515 861
515 879
515 887
515 911
515 921
515 926
515 933
515 938
515 941
515 948
515 985
515 989
516 517
516 519
516 520
516 521
516 523
516 525
516 526
516 527
516 528
516 530
516 531
516 532
516 533
516 534
516 535
516 536
516 537
516 538
516 539
516 540
516 545
516 546
516 547
516 549
516 550
516 552
516 553
516 554
516 555
516 556
516 557
516 560
516 561
516 562
516 563
516 565
516 568
516 569
516 570
516 571
516 573
516 574
516 576
516 577
516 579
516 580
516 583
516 584
516 585
516 586
516 587
516 588
516 589
516 594
516 596
516 598
516 599
516 601
516 602
516 603
516 604
516 605
516 607
516 610
516 611
516 612
516 613
516 614
516 616
516 617
516 619
516 620
516 621
516 623
516 625
516 626
516 627
516 628
516 630
516 631
516 634
516 637
516 638
516 640
516 641
516 642
516 643
516 644
516 645
516 647
516 648
516 649
516 651
516 652
516 654
516 655
516 656
516 657
516 658
516 659
516 662
516 664
516 669
516 670
516 671
516 672
516 676
516 677
516 678
516 679
516 680
516 682
516 683
516 684
516 685
516 686
516 687
516 689
516 692
516 694
516 695
516 696
516 697
516 699
516 701
516 704
516 708
516 709
516 710
516 713
516 714
516 716
516 718
516 720
516 721
516 722
516 724
516 725
516 726
516 728
516 729
516 732
516 733
516 735
516 736
516 738
516 740
516 743
516 744
516 745
516 747
516 748
516 500
516 501
516 502
516 504
516 505
516 507
516 509
516 510
516 776
516 778
516 802
516 812
516 815
516 818
516 827
516 829
516 839
516 884
516 888
516 890
516 911
516 914
516 948
516 951
516 953
516 970
516 990
516 997
517 518
517 519
517 521
517 523
517 525
517 527
517 530
517 531
517 533
517 535
517 537
517 538
517 539
517 541
517 542
517 545
517 546
517 547
517 549
517 551
517 552
517 553
517 557
517 559
517 562
517 563
517 564
517 565
517 567
517 568
517 569
517 570
517 571
517 572
517 573
517 576
517 577
517 578
517 579
517 580
517 581
517 582
517 583
517 584
517 585
517 586
517 587
517 588
517 589
517 595
517 596
517 597
517 599
517 600
517 601
517 602
517 603
517 604
517 605
517 606
517 607
517 608
517 609
517 611
517 613
517 615
517 616
517 618
517 619
517 620
517 622
517 623
517 624
517 626
517 628
517 629
517 631
517 632
517 633
517 634
517 635
517 636
517 637
517 638
517 639
517 641
517 642
517 643
517 644
517 645
517 647
517 648
517 651
517 652
517 653
517 655
517 656
517 657
517 658
517 661
517 662
517 664
517 667
517 668
517 669
517 670
517 671
517 672
517 673
517 676
517 677
517 678
517 679
517 680
517 681
517 682
517 683
517 684
517 688
517 690
517 693
517 694
517 695
517 696
517 697
517 700
517 701
517 702
517 703
517 704
517 706
517 707
517 708
517 709
517 710
517 711
517 712
517 713
517 714
517 717
517 719
517 720
517 721
517 722
517 723
517 724
517 725
517 726
517 728
517 729
517 730
517 731
517 732
517 733
517 735
517 737
517 738
517 739
517 740
517 742
517 743
517 744
517 745
517 746
517 747
517 748
517 500
517 501
517 502
517 504
517 505
517 506
517 507
517 509
517 510
517 511
517 757
517 758
517 766
517 773
517 843
517 845
517 849
517 858
517 863
517 883
517 910
517 911
517 920
517 930
517 933
517 941
517 948
517 953
517 969
517 971
517 977
517 980
517 985
517 991
517 997
518 520
518 522
518 523
518 525
518 526
518 528
518 529
518 530
518 532
518 534
518 535
518 536
518 537
518 540
518 541
518 542
518 543
518 544
518 546
518 547
518 548
518 549
518 551
518 552
518 554
518 556
518 558
518 559
518 560
518 561
518 562
518 563
518 564
518 565
518 566
518 567
518 568
518 569
518 570
518 572
518 573
518 574
518 576
518 580
518 581
518 584
518 587
518 588
518 589
518 591
518 592
518 593
518 594
518 595
518 596
518 597
518 598
518 600
518 602
518 603
518 604
518 606
518 608
518 610
518 612
518 614
518 615
518 617
518 618
518 619
518 620
518 621
518 622
518 623
518 624
518 626
518 627
518 628
518 630
518 631
518 632
518 633
518 634
518 636
518 637
518 638
518 639
518 641
518 642
518 643
518 645
518 647
518 652
518 654
518 657
518 658
518 659
518 660
518 661
518 663
518 664
518 665
518 666
518 667
518 668
518 669
518 670
518 671
518 672
518 674
518 676
518 677
518 678
518 679
518 680
518 681
518 682
518 683
518 685
518 686
518 688
518 689
518 690
518 693
518 694
518 697
518 699
518 703
518 704
518 705
518 708
518 709
518 710
518 712
518 713
518 714
518 716
518 719
518 720
518 721
518 722
518 725
518 726
518 727
518 733
518 738
518 741
518 742
518 744
518 748
518 749
518 500
518 503
518 504
518 506
518 507
518 508
518 511
518 774
518 779
518 793
518 795
518 803
518 824
518 825
518 833
518 840
518 857
518 862
518 865
518 867
518 872
518 876
518 885
518 893
518 915
518 918
518 924
518 957
518 980
518 986
519 521
519 523
519 525
519 527
519 529
519 530
519 533
519 534
519 536
519 537
519 540
519 541
519 542
519 545
519 546
519 548
519 549
519 550
519 551
519 554
519 555
519 556
519 559
519 560
519 561
519 562
519 564
519 565
519 566
519 567
519 570
519 571
519 572
519 573
519 574
519 575
519 578
519 579
519 580
519 582
519 583
519 584
519 585
519 586
519 587
519 588
519 590
519 591
519 592
519 593
519 594
519 595
519 596
519 598
519 599
519 601
519 602
519 603
519 604
519 605
519 607
519 608
519 610
519 611
519 613
519 614
519 615
519 616
519 619
519 621
519 622
519 623
519 624
519 625
519 626
519 627
519 628
519 630
519 631
519 632
519 633
519 634
519 637
519 638
519 639
519 641
519 643
519 645
519 647
519 649
519 651
519 653
519 654
519 656
519 657
519 658
519 659
519 660
519 661
519 665
519 666
519 668
519 669
519 670
519 671
519 672
519 674
519 676
519 677
519 678
519 679
519 681
519 682
519 683
519 684
519 685
519 687
519 689
519 693
519 694
519 695
519 696
519 698
519 699
519 700
519 701
519 702
519 703
519 704
519 705
519 707
519 708
519 710
519 711
519 712
519 713
519 714
519 715
519 716
519 718
519 719
519 720
519 721
519 722
519 723
519 724
519 725
519 728
519 730
519 731
519 732
519 733
519 736
519 737
519 738
519 740
519 741
519 742
519 744
519 745
519 746
519 747
519 749
519 501
519 503
519 504
519 505
519 507
519 509
519 511
519 754
519 755
519 758
519 767
519 776
519 791
519 805
519 823
519 825
519 830
519 840
519 846
519 863
519 872
519 875
519 879
519 883
519 884
519 888
519 899
519 901
519 902
519 917
519 922
519 932
519 933
519 934
519 935
519 971
519 994
519 998
520 521
520 522
520 523
520 526
520 527
520 531
520 532
520 533
520 534
520 536
520 537
520 540
520 542
520 543
520 544
520 547
520 548
520 550
520 551
520 552
520 554
520 555
520 556
520 559
520 560
520 561
520 562
520 564
520 565
520 566
520 567
520 569
520 570
520 571
520 573
520 575
520 576
520 577
520 578
520 581
520 582
520 583
520 585
520 587
520 588
520 589
520 590
520 591
520 592
520 593
520 594
520 595
520 597
520 600
520 604
520 605
520 608
520 610
520 611
520 612
520 613
520 615
520 616
520 619
520 620
520 622
520 623
520 624
520 625
520 626
520 627
520 629
520 630
520 631
520 632
520 634
520 635
520 636
520 640
520 641
520 644
520 646
520 647
520 648
520 649
520 650
520 651
520 653
520 654
520 655
520 657
520 659
520 660
520 664
520 665
520 666
520 670
520 672
520 673
520 674
520 675
520 678
520 679
520 680
520 681
520 683
520 684
520 685
520 689
520 690
520 691
520 692
520 693
520 694
520 695
520 697
520 701
520 703
520 706
520 708
520 709
520 710
520 711
520 712
520 713
520 715
520 716
520 717
520 718
520 719
520 721
520 722
520 725
520 727
520 728
520 729
520 731
520 732
520 734
520 735
520 736
520 737
520 738
520 741
520 742
520 743
520 744
520 745
520 746
520 748
520 749
520 500
520 501
520 502
520 504
520 505
520 506
520 507
520 508
520 509
520 510
520 511
520 769
520 800
520 803
520 810
520 824
520 838
520 840
520 843
520 850
520 861
520 878
520 884
520 887
520 893
520 908
520 914
520 917
520 928
520 930
520 937
520 942
520 944
520 985
520 994
520 995
520 998
521 522
521 523
521 524
521 525
521 526
521 529
521 530
521 533
521 536
521 537
521 538
521 540
521 542
521 545
521 546
521 548
521 549
521 550
521 551
521 552
521 553
521 556
521 557
521 559
521 561
521 563
521 565
521 567
521 568
521 571
521 573
521 574
521 575
521 576
521 578
521 579
521 582
521 583
521 584
521 585
521 586
521 589
521 590
521 591
521 592
521 593
521 595
521 598
521 600
521 601
521 602
521 604
521 605
521 607
521 608
521 609
521 610
521 613
521 615
521 616
521 617
521 618
521 619
521 621
521 622
521 623
521 626
521 627
521 628
521 629
521 630
521 631
521 633
521 634
521 635
521 636
521 637
521 638
521 639
521 641
521 642
521 643
521 644
521 645
521 646
521 647
521 649
521 650
521 651
521 653
521 654
521 655
521 656
521 657
521 658
521 661
521 663
521 664
521 665
521 666
521 667
521 669
521 671
521 672
521 673
521 675
521 677
521 678
521 681
521 682
521 683
521 684
521 685
521 688
521 689
521 690
521 691
521 693
521 694
521 695
521 699
521 700
521 701
521 702
521 703
521 704
521 705
521 706
521 707
521 708
521 710
521 711
521 712
521 713
521 714
521 717
521 718
521 719
521 720
521 723
521 724
521 726
521 727
521 728
521 729
521 730
521 731
521 732
521 733
521 734
521 736
521 738
521 739
521 740
521 741
521 742
521 743
521 744
521 745
521 746
521 747
521 500
521 501
521 502
521 503
521 504
521 505
521 506
521 507
521 508
521 509
521 510
521 511
521 750
521 752
521 755
521 772
521 780
521 802
521 836
521 841
521 850
521 859
521 870
521 877
521 883
521 894
521 897
521 902
521 915
521 919
521 932
521 946
521 974
521 989
522 524
522 525
522 526
522 527
522 528
522 529
522 530
522 531
522 533
522 534
522 535
522 536
522 537
522 540
522 541
522 542
522 543
522 544
522 545
522 546
522 547
522 548
522 549
522 552
522 554
522 555
522 556
522 557
522 558
522 559
522 560
522 563
522 564
522 566
522 567
522 569
522 570
522 571
522 572
522 573
522 574
522 575
522 576
522 577
522 578
522 580
522 582
522 583
522 584
522 586
522 588
522 589
522 590
522 593
522 594
522 595
522 598
522 599
522 600
522 601
522 602
522 603
522 604
522 605
522 607
522 609
522 610
522 612
522 613
522 615
522 617
522 619
522 620
522 622
522 623
522 624
522 625
522 626
522 629
522 633
522 634
522 636
522 637
522 639
522 640
522 642
522 643
522 644
522 645
522 646
522 647
522 648
522 649
522 650
522 652
522 653
522 656
522 657
522 658
522 659
522 660
522 662
522 663
522 664
522 665
522 666
522 668
522 669
522 671
522 672
522 673
522 676
522 677
522 678
522 679
522 680
522 681
522 682
522 683
522 684
522 686
522 687
522 688
522 689
522 690
522 692
522 693
522 694
522 695
522 696
522 697
522 698
522 699
522 700
522 702
522 705
522 706
522 707
522 708
522 709
522 710
522 711
522 712
522 715
522 717
522 718
522 719
522 721
522 722
522 723
522 724
522 725
522 727
522 728
522 729
522 730
522 731
522 734
522 736
522 737
522 738
522 739
522 740
522 741
522 742
522 744
522 745
522 746
522 747
522 748
522 749
522 501
522 502
522 503
522 506
522 507
522 508
522 509
522 510
522 511
522 756
522 759
522 765
522 775
522 789
522 790
522 804
522 813
522 816
522 828
522 834
522 836
522 851
522 852
522 862
522 872
522 878
522 904
522 913
522 924
522 927
522 932
522 937
522 949
522 950
522 951
522 963
522 974
522 975
522 980
522 992
522 994
522 996
523 524
523 525
523 526
523 530
523 531
523 532
523 533
523 534
523 536
523 538
523 539
523 540
523 543
523 544
523 545
523 546
523 548
523 549
523 550
523 551
523 552
523 553
523 554
523 557
523 561
523 562
523 563
523 564
523 565
523 566
523 567
523 569
523 570
523 572
523 573
523 574
523 575
523 576
523 577
523 579
523 580
523 582
523 583
523 584
523 585
523 586
523 589
523 590
523 592
523 594
523 595
523 597
523 598
523 600
523 605
523 606
523 607
523 608
523 611
523 612
523 613
523 614
523 615
523 616
523 617
523 619
523 620
523 621
523 623
523 625
523 626
523 627
523 629
523 631
523 634
523 636
523 637
523 638
523 639
523 640
523 642
523 644
523 645
523 646
523 648
523 650
523 651
523 653
523 654
523 655
523 656
523 658
523 659
523 660
523 662
523 663
523 664
523 667
523 668
523 671
523 672
523 673
523 674
523 675
523 676
523 677
523 678
523 679
523 682
523 683
523 684
523 685
523 686
523 687
523 688
523 690
523 692
523 694
523 695
523 698
523 699
523 701
523 703
523 704
523 705
523 706
523 708
523 709
523 711
523 712
523 716
523 718
523 719
523 721
523 723
523 724
523 725
523 726
523 727
523 729
523 730
523 731
523 732
523 735
523 737
523 739
523 740
523 741
523 742
523 744
523 745
523 747
523 748
523 749
523 500
523 503
523 507
523 508
523 510
523 511
523 760
523 761
523 762
523 773
523 776
523 779
523 801
523 803
523 804
523 819
523 820
523 822
523 831
523 837
523 841
523 844
523 869
523 894
523 900
523 907
523 923
523 929
523 933
523 959
523 965
523 988
523 990
523 992
523 995
524 525
524 527
524 528
524 530
524 531
524 532
524 533
524 534
524 536
524 537
524 538
524 539
524 540
524 541
524 542
524 543
524 544
524 546
524 547
524 549
524 550
524 552
524 553
524 554
524 555
524 557
524 558
524 559
524 560
524 561
524 562
524 563
524 564
524 567
524 568
524 569
524 571
524 572
524 573
524 574
524 575
524 576
524 577
524 578
524 579
524 581
524 582
524 583
524 584
524 585
524 587
524 588
524 593
524 595
524 598
524 599
524 600
524 601
524 603
524 605
524 606
524 607
524 608
524 610
524 611
524 612
524 613
524 614
524 615
524 619
524 622
524 624
524 626
524 627
524 628
524 629
524 630
524 631
524 634
524 635
524 636
524 637
524 638
524 640
524 642
524 643
524 644
524 645
524 646
524 647
524 648
524 649
524 651
524 652
524 653
524 654
524 655
524 656
524 657
524 658
524 659
524 660
524 661
524 662
524 663
524 664
524 665
524 667
524 668
524 670
524 671
524 672
524 673
524 674
524 676
524 677
524 680
524 681
524 685
524 688
524 689
524 690
524 691
524 692
524 693
524 694
524 696
524 697
524 699
524 700
524 701
524 704
524 705
524 706
524 707
524 708
524 709
524 710
524 714
524 716
524 717
524 718
524 719
524 720
524 723
524 724
524 727
524 728
524 730
524 731
524 733
524 734
524 735
524 736
524 738
524 739
524 741
524 742
524 743
524 744
524 745
524 746
524 747
524 748
524 503
524 504
524 505
524 506
524 507
524 508
524 510
524 760
524 762
524 766
524 778
524 779
524 781
524 794
524 799
524 815
524 830
524 831
524 841
524 842
524 851
524 860
524 865
524 900
524 901
524 902
524 907
524 914
524 919
524 931
524 936
524 942
524 943
524 964
524 979
525 526
525 527
525 528
525 529
525 530
525 531
525 532
525 534
525 535
525 536
525 537
525 539
525 540
525 543
525 544
525 545
525 546
525 547
525 549
525 551
525 552
525 555
525 558
525 559
525 560
525 563
525 564
525 565
525 566
525 567
525 568
525 569
525 572
525 573
525 575
525 576
525 577
525 579
525 580
525 581
525 583
525 584
525 585
525 587
525 588
525 589
525 592
525 594
525 596
525 597
525 598
525 599
525 600
525 601
525 602
525 603
525 604
525 605
525 608
525 611
525 612
525 614
525 620
525 621
525 622
525 623
525 624
525 625
525 628
525 629
525 630
525 632
525 634
525 635
525 637
525 639
525 640
525 641
525 642
525 643
525 644
525 647
525 648
525 649
525 650
525 651
525 653
525 655
525 656
525 657
525 658
525 659
525 662
525 663
525 664
525 665
525 666
525 667
525 668
525 669
525 671
525 672
525 674
525 676
525 677
525 678
525 679
525 681
525 682
525 683
525 687
525 688
525 689
525 691
525 692
525 693
525 694
525 696
525 700
525 701
525 702
525 703
525 705
525 706
525 707
525 708
525 709
525 711
525 712
525 713
525 714
525 716
525 717
525 719
525 720
525 723
525 724
525 725
525 726
525 727
525 729
525 730
525 731
525 732
525 734
525 737
525 738
525 739
525 742
525 743
525 744
525 745
525 747
525 748
525 749
525 500
525 502
525 505
525 506
525 508
525 509
525 510
525 511
525 767
525 768
525 769
525 777
525 785
525 790
525 808
525 830
525 841
525 844
525 850
525 867
525 869
525 883
525 887
525 896
525 938
525 948
525 956
525 962
525 970
525 973
525 980
525 991
525 992
525 995
526 527
526 528
526 530
526 533
526 534
526 535
526 538
526 539
526 540
526 541
526 543
526 544
526 546
526 548
526 549
526 550
526 551
526 552
526 555
526 557
526 558
526 559
526 560
526 562
526 563
526 564
526 565
526 568
526 569
526 570
526 571
526 572
526 574
526 576
526 580
526 581
526 582
526 583
526 584
526 586
526 589
526 590
526 591
526 592
526 593
526 594
526 595
526 596
526 597
526 598
526 600
526 601
526 602
526 603
526 604
526 605
526 607
526 608
526 609
526 610
526 611
526 612
526 613
526 614
526 616
526 617
526 618
526 619
526 622
526 623
526 625
526 626
526 627
526 629
526 630
526 632
526 633
526 634
526 635
526 636
526 639
526 640
526 642
526 643
526 646
526 648
526 649
526 650
526 651
526 653
526 655
526 662
526 664
526 665
526 667
526 668
526 671
526 672
526 673
526 675
526 676
526 677
526 679
526 681
526 683
526 686
526 688
526 689
526 692
526 694
526 695
526 696
526 697
526 698
526 699
526 700
526 702
526 703
526 705
526 706
526 708
526 709
526 710
526 711
526 712
526 713
526 714
526 715
526 716
526 717
526 718
526 719
526 720
526 724
526 726
526 727
526 729
526 730
526 731
526 732
526 736
526 737
526 739
526 740
526 742
526 745
526 748
526 749
526 500
526 501
526 502
526 504
526 505
526 506
526 507
526 508
526 509
526 510
526 511
526 753
526 768
526 771
526 773
526 775
526 792
526 793
526 804
526 834
526 844
526 860
526 864
526 867
526 893
526 899
526 904
526 905
526 930
526 938
526 941
526 948
526 959
526 974
526 980
526 990
526 991
526 993
526 996
527 528
527 529
527 530
527 531
527 532
527 534
527 536
527 537
527 538
527 539
527 541
527 543
527 544
527 545
527 546
527 547
527 550
527 551
527 552
527 553
527 554
527 555
527 556
527 558
527 559
527 560
527 561
527 562
527 565
527 566
527 567
527 568
527 569
527 571
527 573
527 574
527 578
527 581
527 582
527 583
527 584
527 585
527 588
527 590
527 592
527 593
527 594
527 596
527 597
527 598
527 600
527 601
527 602
527 603
527 604
527 605
527 606
527 608
527 609
527 610
527 611
527 612
527 613
527 614
527 615
527 616
527 617
527 618
527 619
527 620
527 621
527 623
527 624
527 625
527 626
527 628
527 630
527 631
527 633
527 634
527 638
527 639
527 640
527 641
527 642
527 645
527 648
527 649
527 650
527 652
527 653
527 654
527 655
527 656
527 657
527 658
527 659
527 660
527 661
527 663
527 666
527 669
527 670
527 671
527 672
527 673
527 674
527 676
527 678
527 679
527 680
527 681
527 684
527 685
527 686
527 687
527 688
527 689
527 692
527 694
527 696
527 697
527 698
527 699
527 700
527 702
527 703
527 704
527 706
527 707
527 708
527 709
527 712
527 713
527 715
527 717
527 718
527 719
527 722
527 723
527 724
527 727
527 729
527 730
527 731
527 732
527 734
527 735
527 736
527 737
527 738
527 739
527 740
527 741
527 743
527 744
527 746
527 747
527 748
527 749
527 500
527 502
527 505
527 506
527 507
527 508
527 509
527 510
527 750
527 753
527 754
527 755
527 762
527 767
527 776
527 784
527 786
527 787
527 791
527 796
527 808
527 816
527 818
527 844
527 847
527 858
527 866
527 870
527 895
527 906
527 909
527 910
527 913
527 915
527 941
527 944
527 950
527 954
527 973
527 998
528 529
528 530
528 531
528 532
528 533
528 535
528 537
528 540
528 541
528 542
528 543
528 544
528 545
528 546
528 547
528 548
528 549
528 550
528 551
528 553
528 554
528 555
528 556
528 557
528 558
528 560
528 561
528 565
528 566
528 568
528 569
528 570
528 571
528 572
528 574
528 575
528 576
528 578
528 580
528 581
528 584
528 585
528 586
528 587
528 588
528 589
528 590
528 592
528 593
528 595
528 597
528 599
528 600
528 601
528 602
528 605
528 606
528 610
528 611
528 612
528 613
528 614
528 615
528 617
528 618
528 619
528 620
528 621
528 622
528 623
528 624
528 626
528 627
528 630
528 632
528 634
528 635
528 636
528 637
528 638
528 639
528 641
528 642
528 643
528 644
528 645
528 646
528 647
528 648
528 649
528 650
528 653
528 654
528 655
528 656
528 658
528 659
528 660
528 661
528 662
528 663
528 664
528 665
528 667
528 670
528 671
528 673
528 674
528 675
528 677
528 678
528 679
528 680
528 683
528 686
528 687
528 688
528 689
528 690
528 691
528 693
528 694
528 696
528 697
528 699
528 700
528 701
528 702
528 703
528 708
528 711
528 712
528 713
528 715
528 718
528 719
528 721
528 722
528 728
528 729
528 730
528 732
528 733
528 735
528 736
528 737
528 738
528 739
528 740
528 741
528 742
528 743
528 744
528 745
528 746
528 747
528 748
528 500
528 501
528 502
528 504
528 507
528 508
528 765
528 771
528 780
528 793
528 797
528 802
528 803
528 806
528 860
528 884
528 891
528 902
528 946
528 958
528 979
528 987
529 530
529 531
529 533
529 534
529 535
529 536
529 537
529 538
529 541
529 542
529 544
529 546
529 548
529 549
529 550
529 551
529 553
529 554
529 557
529 562
529 565
529 566
529 567
529 568
529 569
529 570
529 572
529 573
529 576
529 577
529 579
529 580
529 581
529 582
529 583
529 584
529 585
529 586
529 587
529 588
529 589
529 590
529 593
529 594
529 595
529 596
529 597
529 598
529 599
529 601
529 602
529 603
529 604
529 605
529 608
529 613
529 614
529 615
529 616
529 617
529 618
529 619
529 620
529 621
529 622
529 624
529 625
529 626
529 627
529 628
529 630
529 632
529 633
529 638
529 640
529 641
529 646
529 647
529 648
529 649
529 650
529 651
529 652
529 653
529 654
529 655
529 656
529 657
529 658
529 659
529 660
529 664
529 666
529 668
529 669
529 670
529 671
529 672
529 673
529 674
529 675
529 676
529 677
529 680
529 681
529 682
529 683
529 684
529 685
529 686
529 688
529 689
529 690
529 691
529 692
529 694
529 695
529 697
529 698
529 699
529 701
529 703
529 704
529 705
529 707
529 708
529 709
529 710
529 713
529 715
529 716
529 717
529 719
529 720
529 721
529 724
529 725
529 726
529 728
529 730
529 732
529 733
529 736
529 739
529 740
529 741
529 742
529 744
529 745
529 746
529 747
529 748
529 501
529 503
529 505
529 507
529 508
529 509
529 510
529 511
529 752
529 753
529 759
529 763
529 780
529 784
529 787
529 792
529 802
529 816
529 824
529 840
529 844
529 854
529 859
529 860
529 864
529 876
529 884
529 885
529 892
529 894
529 906
529 924
529 925
529 941
529 956
529 961
529 965
529 966
530 531
530 532
530 533
530 534
530 535
530 536
530 537
530 538
530 543
530 544
530 546
530 547
530 548
530 549
530 550
530 551
530 553
530 554
530 555
530 556
530 557
530 558
530 559
530 560
530 562
530 563
530 564
530 565
530 566
530 568
530 572
530 573
530 574
530 575
530 576
530 577
530 580
530 581
530 582
530 584
530 585
530 586
530 587
530 588
530 589
530 590
530 591
530 594
530 596
530 597
530 598
530 600
530 601
530 602
530 603
530 604
530 606
530 607
530 608
530 609
530 611
530 612
530 613
530 614
530 615
530 617
530 619
530 621
530 622
530 623
530 624
530 625
530 627
530 630
530 631
530 632
530 633
530 634
530 635
530 636
530 638
530 639
530 640
530 641
530 642
530 644
530 645
530 646
530 648
530 649
530 650
530 651
530 654
530 656
530 657
530 659
530 660
530 661
530 662
530 663
530 664
530 665
530 666
530 668
530 672
530 673
530 674
530 675
530 676
530 677
530 678
530 680
530 681
530 682
530 683
530 685
530 687
530 688
530 690
530 691
530 692
530 694
530 695
530 696
530 697
530 698
530 699
530 700
530 701
530 704
530 705
530 706
530 707
530 709
530 711
530 712
530 713
530 714
530 715
530 716
530 717
530 718
530 719
530 721
530 722
530 724
530 725
530 726
530 728
530 729
530 730
530 732
530 733
530 734
530 736
530 738
530 739
530 740
530 741
530 742
530 743
530 744
530 745
530 746
530 747
530 748
530 749
530 502
530 503
530 504
530 506
530 507
530 508
530 509
530 510
530 511
530 752
530 756
530 761
530 764
530 770
530 773
530 779
530 793
530 795
530 796
530 812
530 826
530 840
530 846
530 862
530 869
530 870
530 880
530 889
530 894
530 900
530 904
530 910
530 938
530 959
530 960
530 970
530 977
531 532
531 533
531 535
531 536
531 538
531 539
531 540
531 541
531 542
531 544
531 545
531 546
531 547
531 549
531 550
531 551
531 552
531 554
531 555
531 556
531 557
531 558
531 559
531 560
531 561
531 562
531 563
531 564
531 566
531 567
531 571
531 572
531 574
531 575
531 577
531 578
531 579
531 580
531 581
531 583
531 584
531 586
531 588
531 590
531 591
531 592
531 595
531 597
531 599
531 600
531 601
531 603
531 604
531 607
531 608
531 609
531 610
531 611
531 612
531 613
531 615
531 616
531 617
531 619
531 620
531 621
531 623
531 625
531 626
531 627
531 628
531 629
531 630
531 631
531 632
531 633
531 634
531 636
531 640
531 642
531 643
531 644
531 646
531 647
531 649
531 650
531 651
531 652
531 653
531 654
531 656
531 657
531 659
531 662
531 663
531 664
531 665
531 667
531 669
531 670
531 671
531 672
531 675
531 678
531 679
531 680
531 681
531 682
531 683
531 684
531 687
531 688
531 689
531 690
531 691
531 692
531 694
531 695
531 696
531 697
531 698
531 701
531 702
531 703
531 707
531 709
531 710
531 711
531 713
531 714
531 715
531 716
531 717
531 719
531 720
531 721
531 722
531 723
531 724
531 725
531 726
531 727
531 728
531 731
531 732
531 733
531 735
531 737
531 738
531 739
531 740
531 741
531 742
531 743
531 744
531 746
531 747
531 748
531 501
531 504
531 506
531 508
531 509
531 510
531 511
531 751
531 759
531 767
531 778
531 783
531 791
531 795
531 801
531 810
531 811
531 813
531 834
531 837
531 843
531 861
531 889
531 891
531 894
531 897
531 908
531 921
531 930
531 948
531 958
531 964
531 997
532 535
532 536
532 538
532 539
532 540
532 541
532 543
532 544
532 545
532 546
532 547
532 550
532 551
532 552
532 554
532 556
532 557
532 558
532 559
532 560
532 561
532 562
532 563
532 564
532 565
532 566
532 569
532 570
532 572
532 573
532 574
532 575
532 576
532 578
532 579
532 580
532 581
532 583
532 585
532 587
532 588
532 589
532 592
532 593
532 594
532 595
532 596
532 597
532 598
532 599
532 601
532 604
532 605
532 607
532 608
532 609
532 612
532 613
532 615
532 616
532 618
532 619
532 621
532 622
532 623
532 624
532 625
532 626
532 627
532 629
532 630
532 631
532 632
532 634
532 636
532 637
532 639
532 640
532 641
532 642
532 644
532 645
532 646
532 647
532 649
532 652
532 653
532 655
532 657
532 664
532 665
532 666
532 668
532 669
532 670
532 671
532 672
532 673
532 675
532 679
532 680
532 682
532 683
532 684
532 685
532 686
532 688
532 689
532 690
532 691
532 693
532 694
532 696
532 697
532 698
532 699
532 703
532 704
532 705
532 706
532 707
532 708
532 710
532 712
532 713
532 714
532 715
532 716
532 717
532 718
532 719
532 720
532 722
532 723
532 724
532 726
532 727
532 728
532 729
532 730
532 731
532 732
532 733
532 734
532 735
532 738
532 739
532 742
532 743
532 745
532 746
532 747
532 748
532 749
532 500
532 501
532 502
532 503
532 506
532 507
532 510
532 511
532 752
532 754
532 757
532 815
532 836
532 852
532 861
532 902
532 911
532 913
532 915
532 918
532 935
532 936
532 941
532 944
532 958
532 965
532 968
532 971
532 984
533 534
533 535
533 536
533 537
533 538
533 540
533 541
533 543
533 544
533 545
533 546
533 547
533 549
533 550
533 552
533 555
533 556
533 558
533 559
533 560
533 561
533 562
533 567
533 568
533 569
533 570
533 571
533 572
533 573
533 574
533 578
533 579
533 580
533 581
533 583
533 585
533 587
533 588
533 589
533 590
533 591
533 592
533 593
533 595
533 596
533 597
533 598
533 600
533 601
533 602
533 603
533 609
533 610
533 611
533 612
533 613
533 614
533 615
533 618
533 619
533 620
533 621
533 622
533 623
533 624
533 626
533 627
533 628
533 632
533 634
533 635
533 637
533 638
533 640
533 641
533 642
533 643
533 644
533 645
533 646
533 648
533 649
533 650
533 651
533 652
533 653
533 655
533 656
533 657
533 658
533 659
533 660
533 661
533 662
533 664
533 665
533 666
533 667
533 669
533 670
533 671
533 672
533 673
533 675
533 676
533 678
533 680
533 681
533 682
533 683
533 684
533 686
533 687
533 688
533 690
533 691
533 693
533 694
533 696
533 697
533 700
533 701
533 702
533 704
533 706
533 707
533 708
533 709
533 710
533 711
533 712
533 713
533 714
533 715
533 716
533 717
533 719
533 721
533 723
533 725
533 726
533 727
533 728
533 729
533 732
533 733
533 734
533 736
533 738
533 739
533 741
533 742
533 743
533 744
533 748
533 749
533 501
533 505
533 507
533 509
533 510
533 753
533 763
533 784
533 791
533 794
533 827
533 833
533 850
533 864
533 873
533 893
533 908
533 959
533 968
533 971
533 979
533 982
533 985
533 989
534 536
534 537
534 538
534 539
534 540
534 542
534 543
534 544
534 547
534 549
534 551
534 552
534 553
534 555
534 556
534 558
534 559
534 560
534 561
534 563
534 565
534 566
534 567
534 568
534 569
534 570
534 571
534 572
534 573
534 577
534 580
534 582
534 583
534 586
534 587
534 588
534 590
534 591
534 592
534 593
534 594
534 597
534 598
534 601
534 602
534 604
534 606
534 607
534 608
534 609
534 612
534 614
534 615
534 616
534 617
534 619
534 622
534 627
534 628
534 631
534 633
534 634
534 635
534 636
534 637
534 639
534 641
534 642
534 643
534 646
534 647
534 649
534 650
534 651
534 652
534 655
534 656
534 657
534 658
534 659
534 660
534 661
534 662
534 667
534 670
534 671
534 672
534 674
534 675
534 676
534 677
534 680
534 682
534 684
534 685
534 686
534 689
534 690
534 691
534 692
534 693
534 694
534 697
534 698
534 699
534 700
534 701
534 702
534 706
534 707
534 710
534 712
534 713
534 714
534 715
534 716
534 719
534 720
534 722
534 724
534 725
534 727
534 728
534 729
534 730
534 736
534 737
534 738
534 742
534 744
534 745
534 746
534 747
534 748
534 749
534 500
534 501
534 502
534 503
534 504
534 508
534 509
534 510
534 756
534 777
534 781
534 785
534 790
534 792
534 797
534 800
534 815
534 818
534 828
534 838
534 839
534 848
534 862
534 882
534 885
534 902
534 909
534 919
534 925
534 930
534 933
534 944
534 951
534 959
534 965
534 974
534 990
534 995
534 997
535 536
535 537
535 538
535 539
535 540
535 541
535 542
535 544
535 545
535 546
535 547
535 548
535 549
535 550
535 552
535 553
535 554
535 555
535 557
535 560
535 561
535 562
535 563
535 564
535 565
535 566
535 568
535 569
535 570
535 573
535 574
535 575
535 576
535 577
535 579
535 580
535 581
535 585
535 587
535 588
535 590
535 591
535 592
535 593
535 594
535 595
535 597
535 598
535 600
535 601
535 602
535 603
535 604
535 610
535 612
535 613
535 614
535 615
535 617
535 618
535 619
535 620
535 621
535 622
535 624
535 627
535 628
535 629
535 630
535 632
535 633
535 634
535 635
535 639
535 640
535 641
535 643
535 646
535 647
535 648
535 649
535 650
535 652
535 653
535 655
535 656
535 657
535 658
535 659
535 661
535 663
535 664
535 665
535 666
535 667
535 668
535 669
535 670
535 672
535 673
535 676
535 679
535 680
535 684
535 686
535 687
535 688
535 689
535 690
535 693
535 694
535 695
535 696
535 697
535 698
535 699
535 701
535 702
535 704
535 705
535 707
535 709
535 710
535 711
535 712
535 713
535 714
535 715
535 718
535 719
535 720
535 721
535 722
535 723
535 724
535 725
535 726
535 727
535 728
535 729
535 730
535 731
535 733
535 734
535 735
535 736
535 737
535 739
535 740
535 742
535 743
535 744
535 746
535 501
535 504
535 505
535 506
535 507
535 508
535 511
535 750
535 757
535 771
535 778
535 786
535 805
535 808
535 810
535 811
535 816
535 825
535 834
535 856
535 859
535 869
535 879
535 881
535 901
535 902
535 927
535 931
535 951
535 961
535 967
535 982
535 988
535 996
536 537
536 538
536 539
536 541
536 542
536 544
536 546
536 547
536 548
536 551
536 552
536 553
536 554
536 556
536 559
536 560
536 561
536 563
536 564
536 565
536 566
536 567
536 568
536 569
536 570
536 571
536 572
536 574
536 576
536 577
536 578
536 579
536 582
536 583
536 584
536 586
536 589
536 590
536 593
536 594
536 595
536 596
536 599
536 601
536 602
536 604
536 605
536 607
536 608
536 609
536 610
536 611
536 613
536 614
536 616
536 617
536 618
536 620
536 621
536 622
536 623
536 624
536 625
536 626
536 628
536 629
536 630
536 631
536 633
536 634
536 635
536 636
536 637
536 640
536 641
536 642
536 643
536 644
536 645
536 646
536 647
536 648
536 649
536 650
536 652
536 653
536 654
536 656
536 657
536 658
536 659
536 661
536 662
536 663
536 664
536 666
536 668
536 669
536 671
536 672
536 673
536 675
536 676
536 678
536 679
536 680
536 682
536 683
536 685
536 686
536 687
536 688
536 689
536 690
536 691
536 692
536 693
536 694
536 696
536 697
536 698
536 701
536 702
536 703
536 705
536 707
536 708
536 709
536 710
536 713
536 714
536 716
536 717
536 718
536 722
536 723
536 724
536 725
536 726
536 727
536 729
536 730
536 732
536 734
536 735
536 736
536 737
536 738
536 740
536 742
536 744
536 746
536 747
536 748
536 501
536 502
536 503
536 506
536 508
536 509
536 510
536 511
536 758
536 768
536 776
536 780
536 784
536 787
536 795
536 809
536 824
536 825
536 850
536 861
536 884
536 886
536 899
536 927
536 943
536 958
536 964
536 969
536 990
537 538
537 543
537 544
537 545
537 546
537 547
537 548
537 550
537 552
537 554
537 555
537 556
537 558
537 559
537 561
537 562
537 563
537 565
537 567
537 568
537 569
537 570
537 571
537 573
537 574
537 577
537 578
537 582
537 583
537 584
537 587
537 589
537 590
537 591
537 592
537 593
537 594
537 595
537 599
537 600
537 601
537 603
537 604
537 605
537 606
537 608
537 609
537 610
537 611
537 612
537 613
537 614
537 615
537 616
537 618
537 621
537 622
537 623
537 624
537 625
537 626
537 627
537 628
537 629
537 630
537 633
537 636
537 637
537 638
537 639
537 640
537 641
537 642
537 643
537 644
537 645
537 646
537 647
537 648
537 649
537 650
537 652
537 653
537 654
537 655
537 656
537 657
537 658
537 659
537 660
537 661
537 665
537 666
537 668
537 669
537 670
537 672
537 673
537 676
537 677
537 678
537 680
537 681
537 683
537 684
537 687
537 689
537 692
537 695
537 697
537 698
537 699
537 700
537 701
537 705
537 707
537 708
537 709
537 710
537 711
537 712
537 713
537 715
537 716
537 717
537 719
537 720
537 721
537 722
537 723
537 724
537 725
537 729
537 730
537 732
537 733
537 735
537 736
537 737
537 738
537 739
537 740
537 742
537 743
537 746
537 748
537 749
537 500
537 501
537 502
537 503
537 505
537 506
537 508
537 510
537 756
537 762
537 782
537 789
537 813
537 823
537 832
537 834
537 836
537 858
537 860
537 861
537 867
537 868
537 875
537 907
537 918
537 940
537 945
537 950
537 962
537 963
537 965
537 967
537 971
537 978
538 539
538 540
538 541
538 543
538 544
538 545
538 546
538 547
538 548
538 549
538 550
538 553
538 554
538 557
538 558
538 559
538 560
538 561
538 562
538 563
538 564
538 566
538 568
538 570
538 571
538 572
538 574
538 576
538 578
538 580
538 582
538 583
538 584
538 585
538 586
538 588
538 591
538 592
538 593
538 595
538 596
538 597
538 599
538 600
538 601
538 602
538 605
538 606
538 607
538 608
538 609
538 610
538 611
538 612
538 613
538 614
538 615
538 616
538 617
538 619
538 620
538 621
538 622
538 623
538 624
538 625
538 627
538 628
538 629
538 630
538 632
538 633
538 634
538 635
538 636
538 637
538 639
538 640
538 641
538 643
538 644
538 645
538 646
538 648
538 652
538 653
538 654
538 655
538 657
538 658
538 659
538 660
538 663
538 664
538 666
538 668
538 670
538 673
538 674
538 675
538 676
538 678
538 679
538 680
538 681
538 682
538 683
538 684
538 686
538 687
538 688
538 689
538 690
538 691
538 692
538 694
538 695
538 696
538 699
538 700
538 702
538 704
538 705
538 708
538 709
538 710
538 711
538 713
538 714
538 715
538 716
538 719
538 720
538 722
538 723
538 724
538 725
538 727
538 728
538 729
538 732
538 733
538 734
538 736
538 737
538 738
538 739
538 740
538 741
538 742
538 743
538 745
538 747
538 748
538 749
538 500
538 501
538 502
538 505
538 506
538 507
538 508
538 511
538 769
538 780
538 792
538 805
538 825
538 826
538 868
538 914
538 917
538 923
538 956
538 999
539 540
539 542
539 543
539 544
539 545
539 546
539 551
539 552
539 554
539 556
539 557
539 559
539 560
539 561
539 563
539 567
539 568
539 570
539 571
539 572
539 574
539 576
539 578
539 579
539 581
539 582
539 583
539 586
539 587
539 588
539 589
539 590
539 594
539 595
539 596
539 597
539 598
539 600
539 601
539 602
539 603
539 608
539 611
539 612
539 613
539 614
539 615
539 617
539 618
539 620
539 622
539 623
539 626
539 627
539 629
539 630
539 631
539 632
539 633
539 634
539 635
539 636
539 637
539 638
539 639
539 640
539 641
539 642
539 644
539 645
539 648
539 649
539 650
539 651
539 652
539 653
539 654
539 656
539 658
539 661
539 662
539 664
539 665
539 666
539 668
539 670
539 672
539 673
539 674
539 675
539 676
539 677
539 678
539 679
539 680
539 681
539 682
539 684
539 685
539 686
539 687
539 688
539 689
539 690
539 691
539 693
539 695
539 696
539 697
539 698
539 700
539 701
539 704
539 706
539 707
539 710
539 711
539 714
539 715
539 716
539 717
539 718
539 719
539 721
539 723
539 724
539 725
539 726
539 727
539 728
539 729
539 731
539 733
539 734
539 735
539 736
539 737
539 739
539 740
539 741
539 742
539 743
539 744
539 745
539 746
539 747
539 748
539 749
539 500
539 501
539 503
539 504
539 505
539 506
539 507
539 508
539 509
539 510
539 511
539 778
539 815
539 816
539 827
539 849
539 850
539 853
539 857
539 858
539 861
539 874
539 905
539 907
539 913
539 914
539 933
539 935
539 953
539 975
539 979
539 982
539 987
539 988
539 995
540 541
540 542
540 543
540 546
540 549
540 552
540 553
540 554
540 558
540 560
540 561
540 562
540 563
540 564
540 565
540 566
540 567
540 568
540 569
540 570
540 571
540 572
540 573
540 574
540 575
540 576
540 577
540 578
540 579
540 580
540 583
540 584
540 585
540 586
540 587
540 588
540 589
540 590
540 591
540 592
540 594
540 595
540 596
540 597
540 598
540 599
540 600
540 601
540 602
540 603
540 604
540 605
540 607
540 608
540 612
540 613
540 615
540 617
540 620
540 621
540 622
540 623
540 625
540 626
540 627
540 628
540 629
540 630
540 633
540 635
540 636
540 638
540 639
540 640
540 642
540 643
540 644
540 645
540 647
540 648
540 649
540 653
540 655
540 658
540 659
540 660
540 661
540 662
540 663
540 665
540 666
540 667
540 668
540 670
540 671
540 672
540 673
540 674
540 675
540 676
540 677
540 678
540 679
540 680
540 682
540 684
540 686
540 689
540 691
540 692
540 693
540 694
540 696
540 697
540 698
540 699
540 700
540 701
540 703
540 704
540 705
540 706
540 708
540 709
540 710
540 711
540 712
540 714
540 715
540 716
540 717
540 718
540 719
540 721
540 722
540 723
540 724
540 726
540 728
540 729
540 730
540 732
540 734
540 736
540 739
540 740
540 741
540 742
540 744
540 745
540 749
540 501
540 502
540 503
540 506
540 508
540 511
540 756
540 760
540 768
540 777
540 781
540 782
540 799
540 801
540 818
540 851
540 870
540 874
540 881
540 893
540 896
540 914
540 915
540 930
540 944
540 958
540 975
541 543
541 545
541 546
541 547
541 548
541 549
541 550
541 551
541 553
541 554
541 555
541 556
541 557
541 558
541 559
541 560
541 561
541 562
541 563
541 564
541 565
541 567
541 568
541 570
541 572
541 573
541 574
541 575
541 577
541 578
541 579
541 580
541 581
541 582
541 583
541 584
541 585
541 586
541 587
541 591
541 593
541 595
541 596
541 597
541 598
541 600
541 601
541 602
541 603
541 604
541 605
541 606
541 607
541 610
541 611
541 612
541 614
541 615
541 616
541 618
541 620
541 623
541 625
541 626
541 627
541 628
541 630
541 631
541 633
541 634
541 635
541 637
541 638
541 639
541 640
541 641
541 644
541 646
541 647
541 654
541 655
541 656
541 659
541 660
541 661
541 663
541 664
541 665
541 667
541 668
541 669
541 670
541 671
541 672
541 673
541 674
541 676
541 679
541 681
541 682
541 685
541 686
541 687
541 688
541 689
541 690
541 692
541 693
541 694
541 695
541 698
541 700
541 701
541 702
541 703
541 705
541 707
541 708
541 709
541 711
541 715
541 716
541 717
541 718
541 721
541 722
541 723
541 725
541 726
541 727
541 728
541 729
541 730
541 731
541 733
541 734
541 735
541 736
541 737
541 738
541 739
541 740
541 741
541 742
541 744
541 745
541 746
541 747
541 748
541 749
541 500
541 502
541 503
541 505
541 506
541 507
541 508
541 509
541 511
541 754
541 759
541 774
541 789
541 792
541 795
541 801
541 806
541 830
541 832
541 852
541 863
541 867
541 869
541 878
541 882
541 883
541 933
541 956
541 966
541 974
541 979
541 983
542 543
542 544
542 545
542 547
542 549
542 551
542 552
542 554
542 555
542 556
542 557
542 560
542 561
542 562
542 563
542 564
542 565
542 566
542 567
542 568
542 569
542 570
542 572
542 575
542 576
542 577
542 578
542 579
542 581
542 583
542 584
542 585
542 586
542 587
542 588
542 589
542 590
542 591
542 592
542 593
542 595
542 598
542 599
542 600
542 601
542 605
542 606
542 607
542 608
542 609
542 610
542 612
542 613
542 614
542 616
542 617
542 618
542 619
542 620
542 622
542 624
542 626
542 627
542 628
542 629
542 630
542 632
542 634
542 635
542 637
542 643
542 645
542 646
542 647
542 649
542 650
542 652
542 654
542 655
542 656
542 657
542 658
542 660
542 661
542 662
542 663
542 664
542 665
542 666
542 667
542 669
542 670
542 671
542 673
542 674
542 675
542 676
542 677
542 679
542 680
542 681
542 683
542 684
542 685
542 686
542 687
542 688
542 689
542 690
542 693
542 696
542 698
542 700
542 702
542 703
542 704
542 705
542 706
542 709
542 710
542 711
542 713
542 714
542 715
542 716
542 717
542 719
542 720
542 721
542 724
542 725
542 726
542 727
542 729
542 730
542 732
542 735
542 736
542 737
542 738
542 739
542 740
542 742
542 743
542 745
542 746
542 747
542 749
542 500
542 501
542 502
542 504
542 505
542 506
542 507
542 509
542 757
542 762
542 764
542 769
542 770
542 775
542 782
542 800
542 825
542 857
542 858
542 873
542 883
542 888
542 909
542 920
542 945
542 948
542 954
542 958
542 961
542 968
542 977
542 986
542 988
542 989
542 995
543 544
543 545
543 546
543 547
543 548
543 549
543 553
543 554
543 555
543 558
543 559
543 560
543 561
543 562
543 563
543 564
543 565
543 567
543 569
543 570
543 572
543 573
543 574
543 575
543 576
543 577
543 578
543 579
543 580
543 582
543 583
543 585
543 588
543 589
543 590
543 591
543 592
543 593
543 594
543 596
543 597
543 598
543 600
543 602
543 605
543 606
543 607
543 608
543 609
543 610
543 611
543 612
543 613
543 616
543 618
543 620
543 621
543 622
543 623
543 624
543 625
543 626
543 630
543 631
543 632
543 634
543 635
543 643
543 644
543 646
543 647
543 648
543 651
543 653
543 655
543 656
543 657
543 658
543 662
543 663
543 664
543 671
543 672
543 673
543 675
543 676
543 677
543 678
543 680
543 683
543 684
543 685
543 687
543 690
543 691
543 692
543 693
543 694
543 695
543 696
543 697
543 698
543 700
543 701
543 702
543 704
543 705
543 707
543 710
543 712
543 713
543 714
543 716
543 717
543 718
543 720
543 721
543 722
543 724
543 725
543 727
543 728
543 733
543 734
543 735
543 736
543 737
543 738
543 740
543 741
543 742
543 743
543 744
543 745
543 747
543 749
543 500
543 501
543 502
543 505
543 508
543 509
543 510
543 764
543 768
543 775
543 786
543 788
543 804
543 826
543 827
543 840
543 843
543 858
543 867
543 869
543 877
543 878
543 896
543 903
543 906
543 907
543 916
543 918
543 938
543 952
543 957
543 961
543 975
543 982
543 983
543 989
543 999
544 545
544 546
544 547
544 548
544 549
544 550
544 551
544 552
544 553
544 554
544 555
544 556
544 558
544 559
544 560
544 564
544 565
544 567
544 569
544 570
544 571
544 573
544 577
544 578
544 580
544 582
544 583
544 584
544 586
544 588
544 589
544 590
544 592
544 596
544 597
544 598
544 599
544 600
544 601
544 605
544 607
544 609
544 610
544 612
544 613
544 614
544 617
544 619
544 621
544 622
544 626
544 627
544 629
544 630
544 631
544 632
544 634
544 635
544 636
544 637
544 638
544 640
544 641
544 642
544 643
544 645
544 646
544 650
544 651
544 652
544 653
544 654
544 655
544 656
544 658
544 660
544 661
544 662
544 663
544 664
544 665
544 666
544 667
544 668
544 671
544 672
544 673
544 676
544 677
544 678
544 679
544 680
544 681
544 682
544 684
544 685
544 686
544 688
544 689
544 690
544 691
544 692
544 693
544 694
544 695
544 696
544 697
544 701
544 702
544 703
544 704
544 705
544 706
544 708
544 710
544 711
544 714
544 715
544 716
544 719
544 720
544 721
544 722
544 723
544 724
544 725
544 726
544 728
544 729
544 730
544 733
544 734
544 737
544 738
544 739
544 740
544 741
544 743
544 744
544 745
544 747
544 748
544 749
544 500
544 502
544 503
544 504
544 506
544 508
544 509
544 753
544 756
544 775
544 784
544 787
544 799
544 804
544 806
544 808
544 816
544 829
544 836
544 840
544 843
544 870
544 872
544 884
544 896
544 904
544 914
544 916
544 917
544 919
544 927
544 933
544 950
544 958
544 966
544 969
544 975
545 546
545 547
545 548
545 550
545 551
545 552
545 555
545 556
545 557
545 558
545 562
545 563
545 566
545 567
545 568
545 569
545 570
545 572
545 576
545 577
545 579
545 580
545 581
545 582
545 589
545 590
545 591
545 592
545 596
545 597
545 598
545 599
545 601
545 602
545 603
545 604
545 606
545 608
545 609
545 610
545 611
545 613
545 614
545 615
545 618
545 619
545 620
545 622
545 623
545 624
545 625
545 626
545 630
545 632
545 633
545 634
545 636
545 637
545 638
545 639
545 640
545 641
545 642
545 643
545 645
545 646
545 649
545 651
545 652
545 653
545 654
545 655
545 657
545 658
545 659
545 663
545 664
545 669
545 670
545 671
545 673
545 674
545 675
545 676
545 678
545 679
545 680
545 682
545 684
545 685
545 687
545 688
545 689
545 690
545 691
545 692
545 693
545 694
545 695
545 696
545 697
545 698
545 699
545 701
545 702
545 703
545 706
545 707
545 708
545 711
545 713
545 714
545 716
545 718
545 720
545 721
545 722
545 723
545 724
545 725
545 726
545 728
545 729
545 730
545 731
545 733
545 734
545 735
545 736
545 737
545 738
545 739
545 740
545 741
545 742
545 743
545 746
545 747
545 749
545 500
545 501
545 502
545 503
545 504
545 505
545 506
545 508
545 509
545 510
545 771
545 796
545 800
545 826
545 848
545 854
545 855
545 875
545 877
545 898
545 911
545 913
545 923
545 925
545 938
545 976
545 988
546 550
546 551
546 552
546 553
546 554
546 556
546 557
546 558
546 559
546 560
546 561
546 562
546 563
546 565
546 569
546 572
546 573
546 576
546 577
546 578
546 579
546 580
546 581
546 584
546 585
546 586
546 587
546 588
546 589
546 591
546 592
546 593
546 594
546 596
546 598
546 599
546 600
546 601
546 602
546 604
546 605
546 607
546 608
546 609
546 610
546 613
546 615
546 616
546 618
546 619
546 621
546 623
546 624
546 625
546 626
546 627
546 628
546 629
546 630
546 631
546 632
546 633
546 634
546 635
546 638
546 639
546 640
546 642
546 643
546 644
546 645
546 646
546 647
546 648
546 649
546 650
546 651
546 652
546 653
546 655
546 657
546 659
546 661
546 662
546 663
546 664
546 665
546 666
546 667
546 668
546 669
546 670
546 671
546 672
546 673
546 674
546 675
546 676
546 677
546 678
546 679
546 680
546 683
546 684
546 685
546 686
546 687
546 688
546 689
546 690
546 691
546 692
546 693
546 694
546 695
546 697
546 698
546 699
546 701
546 703
546 704
546 705
546 706
546 707
546 708
546 709
546 710
546 712
546 713
546 714
546 715
546 716
546 717
546 718
546 720
546 721
546 722
546 723
546 725
546 727
546 728
546 730
546 732
546 733
546 734
546 736
546 737
546 738
546 739
546 742
546 743
546 745
546 747
546 748
546 749
546 500
546 501
546 502
546 503
546 505
546 507
546 508
546 510
546 752
546 753
546 764
546 779
546 783
546 791
546 802
546 803
546 812
546 818
546 820
546 824
546 829
546 840
546 843
546 853
546 860
546 861
546 867
546 877
546 878
546 889
546 899
546 907
546 915
546 937
546 939
546 945
546 951
546 955
546 979
546 983
547 549
547 551
547 554
547 555
547 556
547 557
547 558
547 562
547 563
547 564
547 565
547 566
547 567
547 568
547 573
547 574
547 576
547 577
547 578
547 579
547 580
547 581
547 582
547 584
547 585
547 586
547 588
547 590
547 591
547 592
547 593
547 595
547 596
547 598
547 600
547 601
547 602
547 603
547 604
547 605
547 607
547 610
547 612
547 613
547 614
547 615
547 617
547 618
547 620
547 621
547 622
547 623
547 624
547 625
547 626
547 628
547 630
547 631
547 632
547 633
547 635
547 636
547 638
547 639
547 640
547 641
547 643
547 645
547 646
547 654
547 655
547 657
547 658
547 659
547 661
547 662
547 663
547 664
547 666
547 667
547 668
547 669
547 670
547 671
547 675
547 676
547 677
547 678
547 679
547 682
547 683
547 684
547 686
547 688
547 689
547 690
547 691
547 692
547 693
547 694
547 695
547 696
547 700
547 703
547 704
547 705
547 706
547 707
547 712
547 714
547 715
547 716
547 718
547 719
547 720
547 723
547 724
547 725
547 726
547 728
547 729
547 731
547 733
547 734
547 735
547 736
547 739
547 740
547 741
547 743
547 744
547 745
547 746
547 747
547 748
547 500
547 501
547 502
547 505
547 507
547 508
547 509
547 511
547 765
547 777
547 781
547 787
547 792
547 798
547 803
547 818
547 823
547 825
547 831
547 833
547 836
547 846
547 856
547 861
547 870
547 881
547 916
547 918
547 920
547 925
547 928
547 931
547 949
547 952
547 955
547 987
548 549
548 554
548 555
548 556
548 557
548 558
548 559
548 560
548 562
548 563
548 567
548 568
548 569
548 571
548 572
548 573
548 574
548 575
548 576
548 577
548 578
548 579
548 580
548 581
548 583
548 584
548 585
548 586
548 588
548 589
548 592
548 595
548 597
548 598
548 599
548 600
548 602
548 604
548 605
548 609
548 610
548 612
548 613
548 617
548 618
548 619
548 621
548 622
548 623
548 624
548 625
548 626
548 627
548 628
548 631
548 633
548 634
548 636
548 638
548 640
548 641
548 642
548 643
548 644
548 645
548 646
548 648
548 649
548 651
548 652
548 653
548 655
548 656
548 658
548 659
548 660
548 661
548 663
548 664
548 665
548 666
548 667
548 668
548 669
548 670
548 671
548 673
548 675
548 677
548 680
548 681
548 682
548 683
548 685
548 686
548 690
548 691
548 692
548 693
548 694
548 695
548 696
548 697
548 698
548 699
548 700
548 701
548 702
548 704
548 705
548 707
548 708
548 709
548 711
548 712
548 713
548 719
548 720
548 721
548 722
548 723
548 725
548 726
548 727
548 728
548 729
548 730
548 731
548 735
548 736
548 738
548 739
548 740
548 742
548 743
548 744
548 745
548 746
548 747
548 748
548 749
548 501
548 502
548 503
548 504
548 505
548 506
548 507
548 508
548 509
548 510
548 511
548 754
548 769
548 772
548 786
548 795
548 827
548 839
548 840
548 842
548 845
548 874
548 884
548 888
548 917
548 930
548 937
548 938
548 948
548 973
548 982
548 997
549 551
549 554
549 555
549 556
549 557
549 558
549 560
549 561
549 562
549 563
549 564
549 565
549 566
549 567
549 569
549 571
549 573
549 574
549 575
549 577
549 578
549 579
549 580
549 581
549 582
549 583
549 585
549 588
549 589
549 591
549 592
549 594
549 595
549 596
549 599
549 600
549 601
549 602
549 603
549 604
549 605
549 606
549 608
549 609
549 610
549 611
549 612
549 613
549 614
549 615
549 617
549 618
549 619
549 621
549 623
549 624
549 625
549 626
549 629
549 630
549 631
549 633
549 634
549 635
549 636
549 638
549 640
549 646
549 647
549 648
549 649
549 651
549 652
549 653
549 655
549 656
549 657
549 658
549 660
549 661
549 662
549 664
549 666
549 667
549 668
549 669
549 670
549 671
549 672
549 674
549 675
549 676
549 677
549 679
549 680
549 681
549 683
549 684
549 686
549 687
549 688
549 689
549 690
549 691
549 692
549 696
549 697
549 698
549 699
549 701
549 703
549 704
549 705
549 706
549 707
549 708
549 709
549 710
549 711
549 712
549 713
549 715
549 716
549 717
549 718
549 719
549 721
549 722
549 723
549 724
549 725
549 728
549 729
549 730
549 731
549 732
549 733
549 734
549 736
549 738
549 739
549 740
549 741
549 742
549 743
549 744
549 745
549 746
549 502
549 503
549 504
549 506
549 508
549 509
549 511
549 776
549 781
549 784
549 815
549 820
549 825
549 841
549 855
549 877
549 881
549 887
549 918
549 921
549 922
549 926
549 932
549 942
549 947
549 953
549 967
549 977
549 984
549 998
550 552
550 554
550 555
550 557
550 559
550 560
550 561
550 562
550 563
550 564
550 565
550 566
550 568
550 569
550 570
550 571
550 572
550 574
550 575
550 576
550 577
550 578
550 580
550 581
550 582
550 583
550 585
550 589
550 591
550 592
550 593
550 594
550 595
550 596
550 597
550 599
550 600
550 601
550 602
550 603
550 605
550 607
550 608
550 609
550 610
550 611
550 612
550 613
550 616
550 617
550 618
550 619
550 620
550 621
550 622
550 623
550 624
550 625
550 627
550 628
550 630
550 632
550 633
550 636
550 638
550 639
550 642
550 643
550 644
550 645
550 646
550 648
550 649
550 651
550 654
550 655
550 657
550 658
550 659
550 660
550 662
550 663
550 664
550 667
550 668
550 669
550 670
550 671
550 672
550 673
550 674
550 675
550 676
550 677
550 678
550 679
550 680
550 681
550 683
550 684
550 686
550 687
550 691
550 692
550 693
550 694
550 695
550 697
550 698
550 699
550 700
550 702
550 703
550 705
550 706
550 708
550 709
550 711
550 715
550 716
550 718
550 719
550 720
550 721
550 722
550 724
550 725
550 726
550 729
550 730
550 731
550 734
550 737
550 738
550 740
550 741
550 742
550 743
550 746
550 747
550 748
550 749
550 500
550 501
550 502
550 503
550 504
550 505
550 506
550 509
550 511
550 753
550 755
550 771
550 784
550 789
550 790
550 796
550 804
550 822
550 850
550 874
550 883
550 895
550 908
550 923
550 930
550 959
550 962
550 967
550 980
550 988
550 990
550 991
551 552
551 554
551 555
551 557
551 558
551 561
551 562
551 563
551 564
551 565
551 566
551 567
551 568
551 569
551 570
551 571
551 572
551 573
551 575
551 576
551 577
551 579
551 581
551 582
551 583
551 584
551 585
551 587
551 588
551 589
551 590
551 592
551 593
551 595
551 597
551 598
551 599
551 600
551 602
551 603
551 607
551 608
551 609
551 610
551 612
551 613
551 615
551 616
551 617
551 618
551 619
551 620
551 621
551 622
551 623
551 624
551 625
551 626
551 628
551 630
551 631
551 633
551 634
551 636
551 637
551 638
551 639
551 640
551 641
551 642
551 643
551 644
551 645
551 647
551 648
551 649
551 651
551 653
551 654
551 655
551 658
551 659
551 660
551 663
551 665
551 666
551 667
551 668
551 669
551 670
551 672
551 673
551 674
551 675
551 677
551 678
551 679
551 680
551 681
551 682
551 683
551 684
551 685
551 686
551 687
551 689
551 690
551 691
551 693
551 694
551 696
551 698
551 699
551 700
551 701
551 702
551 703
551 704
551 705
551 707
551 708
551 709
551 711
551 715
551 716
551 717
551 718
551 719
551 721
551 722
551 723
551 725
551 726
551 727
551 728
551 730
551 731
551 732
551 733
551 738
551 739
551 740
551 742
551 744
551 745
551 747
551 503
551 504
551 505
551 506
551 507
551 508
551 509
551 510
551 511
551 754
551 755
551 767
551 771
551 773
551 776
551 777
551 785
551 787
551 792
551 797
551 815
551 827
551 830
551 837
551 856
551 858
551 862
551 865
551 877
551 880
551 908
551 916
551 923
551 924
551 926
551 931
551 943
551 951
551 961
551 980
551 981
552 554
552 555
552 556
552 557
552 558
552 559
552 560
552 561
552 563
552 564
552 565
552 566
552 569
552 570
552 572
552 573
552 574
552 576
552 578
552 580
552 581
552 582
552 583
552 584
552 585
552 586
552 587
552 588
552 590
552 591
552 593
552 599
552 600
552 601
552 603
552 604
552 605
552 606
552 609
552 612
552 614
552 615
552 616
552 617
552 618
552 620
552 621
552 622
552 623
552 624
552 625
552 626
552 627
552 628
552 630
552 631
552 632
552 633
552 634
552 635
552 638
552 639
552 640
552 641
552 642
552 643
552 645
552 646
552 648
552 649
552 650
552 651
552 653
552 654
552 656
552 658
552 659
552 660
552 663
552 665
552 667
552 668
552 669
552 672
552 675
552 676
552 678
552 679
552 682
552 684
552 686
552 688
552 691
552 693
552 694
552 695
552 698
552 699
552 700
552 701
552 702
552 703
552 704
552 705
552 706
552 707
552 708
552 709
552 710
552 713
552 714
552 715
552 716
552 720
552 721
552 722
552 723
552 724
552 729
552 730
552 732
552 735
552 736
552 737
552 738
552 740
552 742
552 743
552 744
552 745
552 746
552 747
552 748
552 749
552 500
552 501
552 503
552 504
552 505
552 506
552 508
552 510
552 759
552 765
552 772
552 774
552 782
552 811
552 814
552 815
552 824
552 830
552 843
552 845
552 850
552 864
552 868
552 876
552 883
552 903
552 908
552 910
552 918
552 935
552 945
552 946
552 967
552 975
553 554
553 556
553 557
553 558
553 561
553 562
553 563
553 564
553 566
553 567
553 568
553 569
553 570
553 571
553 573
553 576
553 577
553 578
553 579
553 580
553 581
553 583
553 584
553 585
553 586
553 587
553 588
553 591
553 593
553 594
553 597
553 598
553 599
553 600
553 601
553 602
553 604
553 605
553 607
553 608
553 609
553 610
553 612
553 613
553 614
553 615
553 616
553 617
553 619
553 620
553 621
553 622
553 623
553 624
553 626
553 627
553 628
553 630
553 632
553 633
553 634
553 635
553 636
553 637
553 639
553 640
553 641
553 642
553 643
553 644
553 645
553 647
553 648
553 649
553 650
553 651
553 652
553 654
553 655
553 656
553 658
553 659
553 660
553 661
553 662
553 663
553 664
553 666
553 667
553 668
553 669
553 670
553 671
553 672
553 675
553 676
553 677
553 678
553 679
553 681
553 682
553 683
553 684
553 685
553 686
553 687
553 688
553 689
553 691
553 692
553 693
553 694
553 695
553 696
553 698
553 699
553 701
553 704
553 705
553 707
553 708
553 709
553 710
553 711
553 713
553 714
553 717
553 718
553 719
553 720
553 721
553 722
553 723
553 726
553 729
553 730
553 733
553 734
553 736
553 737
553 738
553 739
553 740
553 741
553 742
553 743
553 745
553 746
553 749
553 500
553 501
553 502
553 503
553 505
553 506
553 507
553 509
553 510
553 511
553 756
553 766
553 796
553 812
553 837
553 838
553 855
553 869
553 874
553 878
553 892
553 896
553 902
553 914
553 919
553 934
553 986
554 556
554 558
554 559
554 560
554 561
554 562
554 563
554 565
554 566
554 570
554 571
554 572
554 573
554 574
554 576
554 577
554 578
554 579
554 581
554 583
554 584
554 586
554 588
554 589
554 590
554 591
554 593
554 594
554 596
554 598
554 599
554 600
554 602
554 603
554 604
554 605
554 606
554 607
554 608
554 609
554 612
554 614
554 615
554 616
554 618
554 619
554 621
554 622
554 623
554 624
554 627
554 628
554 629
554 630
554 631
554 632
554 633
554 634
554 635
554 637
554 638
554 639
554 640
554 641
554 643
554 644
554 646
554 647
554 648
554 651
554 652
554 653
554 654
554 656
554 657
554 660
554 661
554 662
554 665
554 666
554 667
554 668
554 670
554 671
554 672
554 673
554 675
554 676
554 677
554 678
554 679
554 680
554 681
554 682
554 683
554 685
554 686
554 687
554 688
554 689
554 690
554 691
554 692
554 694
554 695
554 697
554 699
554 700
554 701
554 702
554 703
554 704
554 705
554 706
554 707
554 711
554 713
554 714
554 715
554 716
554 717
554 718
554 719
554 722
554 723
554 724
554 725
554 727
554 728
554 729
554 730
554 731
554 732
554 734
554 735
554 737
554 738
554 740
554 742
554 747
554 748
554 749
554 501
554 502
554 503
554 504
554 505
554 506
554 507
554 508
554 509
554 510
554 511
554 753
554 759
554 760
554 774
554 775
554 777
554 779
554 780
554 781
554 785
554 787
554 798
554 831
554 833
554 840
554 895
554 909
554 914
554 945
554 954
554 961
554 966
554 969
554 994
554 996
555 556
555 558
555 560
555 562
555 564
555 565
555 566
555 567
555 570
555 571
555 572
555 573
555 574
555 575
555 576
555 577
555 578
555 583
555 584
555 585
555 587
555 588
555 589
555 590
555 591
555 592
555 593
555 594
555 595
555 596
555 597
555 598
555 599
555 600
555 601
555 603
555 604
555 605
555 606
555 608
555 609
555 611
555 613
555 616
555 620
555 621
555 622
555 623
555 625
555 627
555 629
555 630
555 631
555 633
555 634
555 635
555 636
555 637
555 639
555 640
555 641
555 643
555 644
555 646
555 648
555 649
555 650
555 651
555 654
555 655
555 656
555 659
555 660
555 661
555 662
555 663
555 665
555 666
555 667
555 668
555 669
555 670
555 671
555 672
555 673
555 674
555 675
555 677
555 681
555 682
555 684
555 685
555 686
555 687
555 688
555 689
555 690
555 691
555 692
555 693
555 694
555 697
555 698
555 699
555 700
555 701
555 704
555 707
555 708
555 709
555 710
555 712
555 715
555 716
555 717
555 718
555 719
555 721
555 722
555 724
555 726
555 728
555 729
555 731
555 732
555 734
555 735
555 736
555 737
555 739
555 740
555 741
555 743
555 744
555 745
555 747
555 749
555 501
555 502
555 503
555 504
555 506
555 508
555 509
555 510
555 511
555 765
555 767
555 770
555 782
555 790
555 808
555 832
555 864
555 873
555 884
555 894
555 921
555 934
555 940
555 949
555 953
555 957
555 991
556 557
556 558
556 559
556 561
556 562
556 563
556 564
556 566
556 567
556 568
556 570
556 571
556 572
556 574
556 575
556 576
556 579
556 580
556 582
556 584
556 586
556 588
556 589
556 590
556 591
556 592
556 593
556 597
556 600
556 605
556 606
556 608
556 609
556 613
556 615
556 616
556 617
556 619
556 620
556 621
556 622
556 624
556 627
556 628
556 629
556 630
556 632
556 634
556 635
556 637
556 638
556 639
556 640
556 641
556 642
556 643
556 644
556 646
556 647
556 649
556 650
556 651
556 652
556 655
556 656
556 657
556 659
556 661
556 662
556 663
556 664
556 666
556 667
556 668
556 669
556 671
556 672
556 675
556 676
556 678
556 679
556 680
556 682
556 683
556 685
556 686
556 688
556 689
556 691
556 692
556 693
556 695
556 697
556 698
556 699
556 700
556 701
556 703
556 704
556 706
556 707
556 708
556 712
556 713
556 715
556 717
556 718
556 719
556 720
556 721
556 722
556 725
556 727
556 732
556 733
556 735
556 736
556 738
556 740
556 743
556 744
556 745
556 748
556 500
556 502
556 503
556 504
556 505
556 506
556 507
556 508
556 509
556 511
556 759
556 774
556 778
556 802
556 809
556 831
556 838
556 841
556 848
556 858
556 877
556 882
556 892
556 894
556 897
556 898
556 911
556 921
556 929
556 943
556 959
556 982
556 990
556 993
557 558
557 559
557 560
557 561
557 562
557 563
557 564
557 565
557 567
557 568
557 569
557 570
557 571
557 575
557 577
557 579
557 581
557 582
557 585
557 586
557 587
557 588
557 589
557 592
557 593
557 596
557 597
557 598
557 599
557 602
557 603
557 604
557 605
557 606
557 608
557 609
557 610
557 611
557 613
557 614
557 615
557 617
557 618
557 619
557 620
557 621
557 623
557 625
557 626
557 627
557 629
557 630
557 631
557 634
557 635
557 637
557 638
557 639
557 640
557 642
557 643
557 644
557 647
557 648
557 650
557 651
557 653
557 655
557 656
557 658
557 659
557 664
557 665
557 667
557 668
557 669
557 670
557 671
557 672
557 674
557 675
557 677
557 678
557 679
557 680
557 682
557 684
557 686
557 687
557 689
557 690
557 691
557 692
557 693
557 694
557 695
557 697
557 698
557 699
557 700
557 701
557 706
557 707
557 709
557 710
557 711
557 712
557 713
557 714
557 715
557 719
557 720
557 721
557 722
557 723
557 724
557 727
557 728
557 730
557 732
557 733
557 735
557 736
557 737
557 738
557 740
557 741
557 742
557 743
557 744
557 746
557 747
557 749
557 500
557 501
557 503
557 505
557 507
557 508
557 509
557 510
557 511
557 756
557 786
557 808
557 811
557 815
557 819
557 825
557 864
557 870
557 873
557 887
557 892
557 918
557 946
557 950
557 980
557 990
557 992
558 559
558 560
558 561
558 562
558 563
558 564
558 565
558 566
558 567
558 569
558 570
558 571
558 572
558 573
558 574
558 575
558 577
558 579
558 580
558 581
558 582
558 583
558 584
558 585
558 586
558 587
558 588
558 589
558 590
558 593
558 594
558 595
558 596
558 597
558 598
558 599
558 600
558 601
558 602
558 606
558 610
558 611
558 612
558 613
558 614
558 615
558 616
558 617
558 618
558 619
558 620
558 621
558 622
558 623
558 624
558 626
558 633
558 634
558 638
558 639
558 640
558 641
558 642
558 644
558 646
558 647
558 648
558 649
558 653
558 655
558 657
558 658
558 660
558 661
558 662
558 663
558 664
558 665
558 668
558 669
558 670
558 672
558 673
558 674
558 677
558 679
558 680
558 681
558 682
558 683
558 684
558 685
558 686
558 687
558 688
558 689
558 693
558 694
558 695
558 697
558 698
558 699
558 700
558 703
558 705
558 706
558 709
558 710
558 711
558 713
558 714
558 715
558 716
558 717
558 718
558 719
558 723
558 724
558 725
558 726
558 727
558 729
558 730
558 733
558 734
558 736
558 739
558 740
558 745
558 746
558 747
558 748
558 749
558 501
558 502
558 503
558 504
558 505
558 506
558 507
558 508
558 509
558 510
558 751
558 755
558 757
558 765
558 782
558 789
558 792
558 793
558 804
558 816
558 827
558 833
558 844
558 845
558 847
558 865
558 868
558 871
558 922
558 928
558 945
558 957
558 961
558 974
558 979
558 998
559 560
559 561
559 562
559 563
559 564
559 566
559 567
559 569
559 572
559 575
559 576
559 577
559 578
559 579
559 580
559 581
559 582
559 583
559 584
559 585
559 586
559 587
559 588
559 589
559 590
559 591
559 592
559 593
559 594
559 595
559 596
559 599
559 600
559 602
559 603
559 605
559 606
559 607
559 608
559 612
559 613
559 614
559 617
559 618
559 619
559 620
559 621
559 622
559 624
559 626
559 629
559 630
559 631
559 634
559 635
559 636
559 637
559 638
559 640
559 641
559 642
559 643
559 645
559 646
559 647
559 649
559 651
559 652
559 653
559 654
559 655
559 656
559 657
559 658
559 659
559 660
559 662
559 663
559 666
559 668
559 670
559 672
559 674
559 675
559 676
559 677
559 680
559 681
559 683
559 684
559 686
559 688
559 689
559 690
559 691
559 692
559 693
559 695
559 696
559 698
559 699
559 701
559 703
559 704
559 706
559 709
559 710
559 711
559 712
559 713
559 714
559 715
559 717
559 719
559 720
559 721
559 722
559 723
559 725
559 726
559 733
559 734
559 735
559 737
559 738
559 742
559 743
559 744
559 746
559 747
559 748
559 749
559 502
559 505
559 508
559 509
559 511
559 750
559 753
559 760
559 770
559 779
559 786
559 803
559 823
559 825
559 826
559 830
559 843
559 851
559 854
559 867
559 907
559 915
559 928
559 938
559 944
559 946
559 959
559 960
559 979
559 999
560 561
560 562
560 563
560 564
560 565
560 567
560 568
560 569
560 570
560 571
560 572
560 573
560 574
560 575
560 576
560 578
560 579
560 580
560 582
560 584
560 585
560 586
560 588
560 589
560 590
560 592
560 593
560 594
560 595
560 596
560 597
560 598
560 599
560 603
560 604
560 605
560 607
560 608
560 609
560 610
560 611
560 613
560 614
560 618
560 619
560 620
560 623
560 624
560 625
560 626
560 627
560 628
560 630
560 631
560 634
560 638
560 639
560 642
560 643
560 645
560 647
560 648
560 649
560 650
560 651
560 652
560 653
560 654
560 657
560 658
560 659
560 660
560 662
560 663
560 664
560 668
560 670
560 671
560 672
560 673
560 674
560 675
560 676
560 677
560 678
560 679
560 680
560 681
560 683
560 684
560 685
560 688
560 689
560 691
560 692
560 693
560 697
560 698
560 699
560 700
560 701
560 703
560 706
560 707
560 708
560 711
560 712
560 713
560 714
560 715
560 716
560 717
560 719
560 720
560 721
560 722
560 723
560 724
560 725
560 726
560 728
560 729
560 730
560 731
560 732
560 736
560 738
560 740
560 741
560 743
560 744
560 746
560 747
560 748
560 500
560 501
560 503
560 506
560 507
560 509
560 510
560 511
560 754
560 758
560 783
560 797
560 800
560 807
560 816
560 819
560 832
560 840
560 845
560 867
560 876
560 879
560 882
560 888
560 895
560 900
560 901
560 914
560 919
560 930
560 933
560 936
560 945
560 947
560 949
560 956
560 959
560 963
560 969
560 978
560 982
560 989
561 562
561 563
561 566
561 567
561 568
561 569
561 570
561 571
561 572
561 573
561 575
561 576
561 578
561 579
561 581
561 583
561 584
561 585
561 587
561 588
561 589
561 590
561 591
561 592
561 593
561 595
561 596
561 600
561 601
561 603
561 604
561 605
561 606
561 610
561 613
561 614
561 615
561 616
561 617
561 619
561 620
561 621
561 622
561 623
561 625
561 629
561 630
561 632
561 633
561 634
561 636
561 639
561 640
561 641
561 642
561 643
561 645
561 646
561 649
561 651
561 652
561 654
561 655
561 656
561 659
561 661
561 664
561 665
561 666
561 668
561 669
561 670
561 674
561 675
561 676
561 677
561 679
561 680
561 681
561 682
561 685
561 687
561 689
561 690
561 692
561 693
561 694
561 696
561 697
561 698
561 699
561 700
561 701
561 702
561 703
561 704
561 706
561 708
561 710
561 711
561 713
561 714
561 716
561 717
561 720
561 721
561 723
561 724
561 725
561 727
561 728
561 729
561 730
561 731
561 732
561 733
561 734
561 735
561 736
561 737
561 738
561 740
561 741
561 742
561 743
561 744
561 746
561 748
561 749
561 500
561 501
561 502
561 503
561 504
561 505
561 506
561 507
561 508
561 509
561 510
561 511
561 754
561 761
561 763
561 765
561 785
561 797
561 800
561 808
561 810
561 816
561 827
561 830
561 838
561 839
561 857
561 859
561 870
561 871
561 875
561 879
561 881
561 886
561 892
561 903
561 915
561 916
561 941
561 955
561 974
561 987
561 996
562 564
562 566
562 567
562 569
562 570
562 572
562 574
562 576
562 578
562 579
562 580
562 581
562 582
562 584
562 585
562 586
562 587
562 588
562 589
562 590
562 591
562 592
562 593
562 594
562 596
562 598
562 601
562 602
562 603
562 606
562 608
562 609
562 610
562 611
562 613
562 614
562 616
562 618
562 619
562 623
562 625
562 626
562 627
562 628
562 629
562 631
562 633
562 634
562 635
562 636
562 638
562 641
562 642
562 643
562 644
562 645
562 646
562 647
562 648
562 651
562 653
562 654
562 655
562 657
562 658
562 659
562 660
562 661
562 662
562 663
562 664
562 665
562 667
562 669
562 671
562 672
562 675
562 676
562 677
562 678
562 679
562 680
562 683
562 685
562 686
562 687
562 688
562 690
562 692
562 693
562 694
562 695
562 696
562 697
562 698
562 699
562 704
562 706
562 707
562 708
562 711
562 712
562 713
562 716
562 717
562 718
562 719
562 720
562 721
562 723
562 724
562 725
562 727
562 728
562 729
562 730
562 731
562 732
562 733
562 734
562 735
562 736
562 737
562 739
562 740
562 741
562 744
562 745
562 746
562 747
562 500
562 501
562 503
562 509
562 510
562 752
562 753
562 766
562 786
562 788
562 793
562 800
562 805
562 810
562 816
562 837
562 851
562 863
562 914
562 915
562 928
562 932
562 953
562 962
562 966
562 967
562 982
562 988
563 564
563 565
563 566
563 568
563 571
563 572
563 573
563 574
563 575
563 577
563 578
563 579
563 580
563 581
563 582
563 583
563 584
563 585
563 586
563 588
563 589
563 590
563 591
563 592
563 593
563 597
563 598
563 599
563 600
563 601
563 602
563 604
563 605
563 606
563 607
563 608
563 609
563 610
563 612
563 614
563 616
563 617
563 618
563 619
563 620
563 621
563 622
563 623
563 625
563 626
563 627
563 629
563 631
563 632
563 633
563 636
563 637
563 638
563 639
563 640
563 641
563 642
563 643
563 644
563 645
563 647
563 648
563 649
563 650
563 651
563 652
563 654
563 656
563 657
563 658
563 659
563 660
563 662
563 663
563 665
563 666
563 667
563 668
563 669
563 670
563 672
563 673
563 674
563 678
563 679
563 680
563 681
563 682
563 684
563 689
563 690
563 694
563 695
563 696
563 697
563 698
563 699
563 700
563 702
563 703
563 705
563 706
563 708
563 711
563 712
563 713
563 714
563 715
563 717
563 718
563 719
563 724
563 726
563 727
563 729
563 730
563 731
563 732
563 733
563 735
563 736
563 737
563 738
563 739
563 740
563 742
563 743
563 744
563 745
563 748
563 749
563 501
563 502
563 503
563 504
563 505
563 506
563 507
563 508
563 510
563 750
563 799
563 810
563 811
563 842
563 845
563 847
563 849
563 852
563 853
563 866
563 870
563 876
563 882
563 900
563 908
563 910
563 922
563 923
563 932
563 950
563 961
563 966
563 975
563 977
563 978
563 982
563 985
563 987
563 988
563 993
564 565
564 567
564 569
564 570
564 571
564 572
564 573
564 575
564 576
564 578
564 579
564 581
564 582
564 583
564 584
564 585
564 586
564 587
564 588
564 590
564 592
564 595
564 597
564 599
564 600
564 601
564 603
564 604
564 605
564 607
564 608
564 610
564 611
564 613
564 615
564 618
564 619
564 620
564 624
564 625
564 626
564 628
564 630
564 631
564 632
564 633
564 635
564 636
564 637
564 639
564 641
564 643
564 644
564 645
564 646
564 647
564 648
564 649
564 652
564 653
564 655
564 656
564 657
564 658
564 660
564 661
564 662
564 664
564 665
564 667
564 669
564 671
564 672
564 673
564 674
564 675
564 676
564 680
564 683
564 685
564 686
564 687
564 692
564 694
564 695
564 696
564 697
564 698
564 700
564 702
564 704
564 706
564 708
564 709
564 711
564 712
564 713
564 714
564 715
564 716
564 717
564 718
564 719
564 721
564 722
564 723
564 729
564 731
564 732
564 733
564 734
564 735
564 736
564 740
564 741
564 743
564 744
564 746
564 749
564 504
564 505
564 506
564 507
564 509
564 510
564 767
564 778
564 803
564 816
564 818
564 819
564 842
564 843
564 850
564 874
564 881
564 886
564 893
564 925
564 963
564 974
564 992
565 566
565 567
565 568
565 569
565 570
565 573
565 574
565 575
565 576
565 578
565 579
565 580
565 585
565 587
565 588
565 589
565 591
565 592
565 594
565 595
565 597
565 599
565 603
565 606
565 607
565 609
565 611
565 613
565 614
565 615
565 616
565 617
565 618
565 620
565 621
565 622
565 623
565 625
565 626
565 627
565 629
565 630
565 631
565 632
565 634
565 636
565 638
565 639
565 640
565 641
565 642
565 643
565 644
565 645
565 648
565 649
565 652
565 653
565 654
565 655
565 656
565 657
565 658
565 660
565 661
565 662
565 663
565 664
565 665
565 667
565 668
565 670
565 671
565 672
565 673
565 675
565 676
565 678
565 681
565 682
565 683
565 684
565 685
565 686
565 687
565 688
565 690
565 691
565 692
565 694
565 695
565 696
565 697
565 700
565 702
565 704
565 705
565 706
565 708
565 709
565 710
565 711
565 712
565 713
565 716
565 717
565 718
565 720
565 721
565 722
565 724
565 725
565 726
565 727
565 728
565 730
565 731
565 732
565 734
565 735
565 736
565 737
565 739
565 741
565 742
565 743
565 744
565 746
565 747
565 748
565 749
565 500
565 503
565 505
565 507
565 508
565 510
565 511
565 762
565 781
565 790
565 793
565 800
565 807
565 809
565 821
565 839
565 848
565 849
565 853
565 865
565 874
565 904
565 930
565 931
565 937
565 947
565 956
565 991
565 999
566 569
566 570
566 571
566 572
566 573
566 574
566 576
566 577
566 578
566 579
566 581
566 582
566 584
566 585
566 587
566 588
566 589
566 592
566 593
566 595
566 596
566 599
566 601
566 602
566 604
566 605
566 606
566 607
566 610
566 611
566 612
566 613
566 615
566 616
566 618
566 619
566 621
566 622
566 623
566 625
566 627
566 628
566 629
566 633
566 634
566 635
566 636
566 638
566 640
566 641
566 642
566 643
566 645
566 648
566 649
566 650
566 651
566 652
566 654
566 655
566 656
566 658
566 659
566 661
566 662
566 663
566 664
566 665
566 666
566 668
566 669
566 670
566 672
566 673
566 674
566 676
566 677
566 678
566 679
566 680
566 682
566 683
566 684
566 685
566 686
566 688
566 690
566 691
566 692
566 693
566 695
566 697
566 698
566 699
566 700
566 701
566 702
566 703
566 705
566 706
566 707
566 708
566 709
566 711
566 712
566 713
566 714
566 715
566 716
566 717
566 720
566 721
566 722
566 724
566 725
566 726
566 727
566 729
566 730
566 731
566 735
566 736
566 738
566 739
566 741
566 742
566 743
566 744
566 745
566 746
566 747
566 748
566 749
566 501
566 502
566 503
566 506
566 507
566 509
566 511
566 789
566 798
566 804
566 808
566 812
566 813
566 821
566 822
566 829
566 831
566 841
566 857
566 870
566 871
566 895
566 899
566 905
566 921
566 927
566 934
566 964
566 981
566 995
566 997
567 570
567 573
567 574
567 576
567 577
567 578
567 580
567 581
567 582
567 584
567 586
567 587
567 588
567 590
567 592
567 593
567 595
567 596
567 597
567 598
567 600
567 601
567 602
567 603
567 604
567 605
567 606
567 608
567 610
567 612
567 613
567 614
567 615
567 616
567 617
567 618
567 619
567 620
567 621
567 623
567 624
567 626
567 627
567 628
567 629
567 630
567 631
567 632
567 633
567 634
567 636
567 637
567 638
567 639
567 641
567 642
567 643
567 644
567 645
567 646
567 647
567 652
567 654
567 655
567 656
567 657
567 658
567 659
567 661
567 664
567 666
567 667
567 669
567 671
567 672
567 675
567 676
567 677
567 679
567 680
567 681
567 682
567 683
567 684
567 686
567 687
567 688
567 690
567 691
567 693
567 694
567 695
567 697
567 699
567 700
567 702
567 704
567 705
567 706
567 707
567 709
567 710
567 712
567 713
567 717
567 719
567 720
567 721
567 722
567 723
567 724
567 725
567 726
567 728
567 729
567 730
567 732
567 733
567 734
567 735
567 736
567 738
567 740
567 741
567 743
567 745
567 747
567 748
567 749
567 501
567 502
567 504
567 505
567 506
567 507
567 509
567 510
567 511
567 754
567 755
567 765
567 766
567 767
567 768
567 776
567 791
567 800
567 808
567 810
567 824
567 835
567 858
567 876
567 877
567 881
567 884
567 898
567 924
567 932
567 961
567 962
567 967
567 994
568 569
568 571
568 573
568 575
568 577
568 578
568 580
568 581
568 584
568 586
568 587
568 588
568 589
568 591
568 592
568 595
568 597
568 600
568 603
568 604
568 605
568 606
568 607
568 608
568 609
568 610
568 612
568 614
568 615
568 616
568 618
568 619
568 620
568 622
568 624
568 625
568 627
568 629
568 632
568 633
568 634
568 635
568 637
568 638
568 639
568 640
568 641
568 642
568 643
568 644
568 645
568 646
568 647
568 648
568 650
568 651
568 654
568 655
568 656
568 657
568 658
568 659
568 660
568 662
568 663
568 666
568 669
568 672
568 675
568 679
568 680
568 683
568 684
568 685
568 686
568 687
568 688
568 689
568 690
568 692
568 693
568 694
568 696
568 697
568 699
568 700
568 701
568 704
568 705
568 706
568 707
568 710
568 711
568 712
568 713
568 714
568 715
568 717
568 718
568 719
568 720
568 721
568 723
568 725
568 728
568 729
568 731
568 733
568 734
568 735
568 736
568 737
568 739
568 740
568 742
568 744
568 745
568 746
568 748
568 500
568 502
568 504
568 505
568 507
568 509
568 510
568 511
568 758
568 772
568 773
568 792
568 796
568 797
568 801
568 809
568 836
568 840
568 856
568 859
568 872
568 890
568 910
568 913
568 914
568 917
568 922
568 923
568 927
568 931
568 932
568 933
568 934
568 944
568 954
568 970
568 977
568 982
568 994
568 998
568 999
569 571
569 572
569 573
569 575
569 576
569 577
569 578
569 580
569 581
569 582
569 584
569 585
569 586
569 587
569 588
569 589
569 590
569 592
569 593
569 594
569 595
569 596
569 603
569 604
569 605
569 607
569 609
569 610
569 611
569 612
569 617
569 620
569 621
569 623
569 627
569 629
569 630
569 631
569 632
569 633
569 634
569 637
569 638
569 639
569 640
569 641
569 642
569 644
569 648
569 650
569 652
569 653
569 655
569 656
569 657
569 659
569 660
569 665
569 666
569 667
569 668
569 671
569 672
569 673
569 674
569 675
569 676
569 677
569 678
569 679
569 680
569 681
569 683
569 684
569 687
569 691
569 692
569 694
569 695
569 697
569 699
569 700
569 701
569 702
569 703
569 707
569 709
569 710
569 711
569 712
569 713
569 714
569 715
569 717
569 718
569 719
569 721
569 723
569 725
569 726
569 727
569 728
569 729
569 730
569 731
569 732
569 734
569 735
569 737
569 738
569 740
569 742
569 744
569 745
569 746
569 747
569 749
569 500
569 501
569 502
569 503
569 504
569 505
569 507
569 508
569 509
569 511
569 754
569 760
569 812
569 815
569 822
569 840
569 863
569 866
569 907
569 913
569 915
569 927
569 937
569 948
569 954
570 572
570 573
570 575
570 576
570 578
570 579
570 581
570 582
570 583
570 585
570 586
570 588
570 589
570 590
570 591
570 592
570 593
570 595
570 597
570 598
570 599
570 600
570 601
570 603
570 604
570 605
570 606
570 607
570 609
570 610
570 612
570 613
570 614
570 615
570 617
570 620
570 621
570 622
570 623
570 624
570 625
570 626
570 627
570 629
570 630
570 631
570 634
570 636
570 637
570 638
570 639
570 641
570 642
570 643
570 644
570 645
570 647
570 649
570 651
570 652
570 653
570 654
570 655
570 656
570 657
570 658
570 659
570 660
570 661
570 663
570 664
570 666
570 667
570 668
570 669
570 670
570 671
570 672
570 673
570 674
570 675
570 676
570 677
570 679
570 680
570 682
570 683
570 685
570 686
570 687
570 688
570 692
570 693
570 696
570 697
570 698
570 700
570 701
570 702
570 703
570 704
570 705
570 707
570 708
570 709
570 712
570 713
570 715
570 716
570 719
570 720
570 721
570 722
570 723
570 724
570 725
570 726
570 728
570 729
570 730
570 731
570 737
570 738
570 739
570 740
570 741
570 742
570 744
570 745
570 748
570 749
570 500
570 501
570 502
570 503
570 504
570 505
570 506
570 507
570 508
570 509
570 511
570 757
570 766
570 769
570 775
570 778
570 797
570 803
570 819
570 834
570 835
570 842
570 844
570 849
570 858
570 860
570 882
570 898
570 918
570 949
570 958
570 962
570 975
570 983
570 987
571 572
571 573
571 575
571 576
571 577
571 579
571 580
571 581
571 582
571 584
571 585
571 586
571 587
571 588
571 591
571 592
571 593
571 594
571 595
571 596
571 597
571 599
571 600
571 601
571 602
571 603
571 604
571 605
571 606
571 607
571 609
571 610
571 611
571 613
571 614
571 617
571 618
571 619
571 620
571 621
571 622
571 623
571 626
571 627
571 631
571 633
571 634
571 636
571 638
571 639
571 640
571 643
571 646
571 648
571 650
571 653
571 655
571 657
571 659
571 661
571 662
571 664
571 666
571 668
571 669
571 670
571 672
571 674
571 678
571 679
571 680
571 681
571 683
571 684
571 685
571 687
571 688
571 690
571 691
571 694
571 695
571 696
571 697
571 703
571 704
571 706
571 707
571 710
571 711
571 712
571 713
571 716
571 717
571 718
571 719
571 720
571 721
571 722
571 723
571 724
571 725
571 726
571 727
571 728
571 731
571 732
571 733
571 734
571 735
571 736
571 737
571 738
571 739
571 740
571 741
571 743
571 744
571 745
571 746
571 747
571 748
571 502
571 503
571 504
571 505
571 506
571 507
571 508
571 509
571 511
571 750
571 754
571 756
571 757
571 775
571 777
571 781
571 788
571 789
571 824
571 831
571 836
571 838
571 847
571 857
571 867
571 899
571 903
571 904
571 906
571 920
571 925
571 928
571 941
571 948
571 950
571 959
571 965
571 979
572 574
572 575
572 576
572 577
572 578
572 581
572 582
572 583
572 584
572 585
572 586
572 587
572 588
572 591
572 592
572 593
572 594
572 595
572 596
572 597
572 598
572 601
572 603
572 606
572 608
572 610
572 611
572 612
572 613
572 614
572 615
572 616
572 618
572 622
572 623
572 624
572 625
572 628
572 633
572 634
572 636
572 637
572 638
572 639
572 640
572 641
572 642
572 643
572 644
572 646
572 647
572 648
572 649
572 652
572 653
572 654
572 655
572 656
572 657
572 658
572 659
572 661
572 662
572 663
572 664
572 666
572 667
572 669
572 670
572 671
572 672
572 673
572 674
572 676
572 677
572 679
572 680
572 681
572 682
572 683
572 685
572 687
572 688
572 689
572 692
572 694
572 695
572 697
572 699
572 700
572 702
572 703
572 705
572 706
572 707
572 712
572 713
572 715
572 718
572 719
572 720
572 721
572 723
572 724
572 725
572 726
572 729
572 731
572 732
572 736
572 737
572 738
572 739
572 744
572 745
572 749
572 500
572 502
572 503
572 504
572 505
572 506
572 507
572 508
572 509
572 510
572 511
572 759
572 779
572 781
572 797
572 805
572 809
572 820
572 836
572 849
572 868
572 882
572 885
572 894
572 900
572 902
572 907
572 913
572 920
572 933
572 939
572 942
572 958
572 963
572 976
572 977
572 982
572 993
573 574
573 575
573 576
573 577
573 578
573 579
573 581
573 582
573 583
573 584
573 586
573 587
573 588
573 589
573 590
573 591
573 593
573 594
573 598
573 600
573 601
573 602
573 604
573 607
573 608
573 609
573 611
573 614
573 616
573 618
573 619
573 620
573 621
573 622
573 623
573 624
573 627
573 628
573 629
573 630
573 631
573 632
573 633
573 634
573 636
573 637
573 638
573 639
573 640
573 641
573 642
573 643
573 644
573 645
573 647
573 648
573 649
573 650
573 651
573 652
573 653
573 655
573 656
573 658
573 660
573 661
573 662
573 663
573 667
573 669
573 670
573 671
573 673
573 675
573 677
573 678
573 679
573 680
573 681
573 683
573 688
573 689
573 691
573 692
573 693
573 694
573 695
573 696
573 700
573 702
573 704
573 705
573 706
573 707
573 709
573 711
573 712
573 713
573 714
573 716
573 717
573 718
573 723
573 724
573 725
573 726
573 728
573 729
573 732
573 733
573 734
573 735
573 737
573 738
573 739
573 740
573 741
573 743
573 744
573 745
573 746
573 748
573 749
573 500
573 501
573 505
573 506
573 507
573 508
573 751
573 757
573 759
573 765
573 788
573 790
573 791
573 792
573 797
573 799
573 819
573 823
573 824
573 825
573 830
573 843
573 853
573 855
573 862
573 863
573 873
573 877
573 881
573 920
573 934
573 935
573 946
573 964
573 967
573 972
573 989
573 990
573 994
574 575
574 576
574 577
574 578
574 580
574 581
574 582
574 585
574 586
574 587
574 589
574 592
574 593
574 594
574 595
574 596
574 598
574 601
574 602
574 603
574 604
574 606
574 607
574 609
574 611
574 612
574 614
574 617
574 618
574 619
574 620
574 622
574 624
574 625
574 626
574 627
574 628
574 629
574 632
574 634
574 635
574 636
574 637
574 639
574 640
574 641
574 642
574 643
574 644
574 648
574 649
574 650
574 653
574 654
574 655
574 656
574 657
574 658
574 659
574 660
574 661
574 662
574 663
574 665
574 666
574 667
574 668
574 669
574 670
574 672
574 673
574 674
574 675
574 676
574 680
574 681
574 682
574 683
574 685
574 686
574 687
574 688
574 689
574 690
574 691
574 692
574 693
574 694
574 695
574 697
574 698
574 700
574 701
574 702
574 703
574 704
574 705
574 708
574 710
574 711
574 712
574 714
574 717
574 719
574 720
574 721
574 722
574 723
574 724
574 726
574 727
574 728
574 730
574 731
574 732
574 735
574 737
574 738
574 739
574 743
574 745
574 746
574 747
574 749
574 501
574 502
574 504
574 505
574 507
574 509
574 510
574 750
574 757
574 760
574 761
574 766
574 780
574 782
574 788
574 792
574 805
574 812
574 828
574 834
574 852
574 864
574 881
574 882
574 885
574 921
574 932
574 939
574 941
574 942
574 948
574 970
574 987
575 576
575 577
575 578
575 579
575 581
575 583
575 584
575 585
575 586
575 587
575 589
575 590
575 591
575 592
575 595
575 596
575 597
575 598
575 599
575 602
575 604
575 606
575 607
575 608
575 610
575 611
575 613
575 615
575 616
575 617
575 618
575 619
575 620
575 621
575 623
575 624
575 625
575 626
575 628
575 630
575 632
575 633
575 635
575 636
575 637
575 639
575 640
575 641
575 642
575 646
575 647
575 649
575 650
575 653
575 654
575 655
575 656
575 658
575 659
575 660
575 662
575 665
575 667
575 668
575 669
575 670
575 671
575 672
575 673
575 674
575 678
575 679
575 680
575 681
575 682
575 683
575 684
575 685
575 686
575 687
575 688
575 689
575 690
575 691
575 692
575 693
575 695
575 696
575 698
575 699
575 700
575 701
575 704
575 705
575 706
575 708
575 710
575 711
575 716
575 718
575 719
575 720
575 721
575 723
575 724
575 725
575 726
575 727
575 728
575 729
575 730
575 731
575 733
575 734
575 737
575 740
575 741
575 746
575 749
575 501
575 502
575 503
575 504
575 506
575 507
575 510
575 754
575 764
575 783
575 791
575 805
575 827
575 833
575 844
575 853
575 878
575 882
575 886
575 897
575 917
575 920
575 933
575 976
575 983
576 581
576 583
576 587
576 588
576 589
576 590
576 591
576 593
576 594
576 595
576 596
576 597
576 598
576 599
576 600
576 604
576 605
576 607
576 608
576 609
576 610
576 611
576 614
576 615
576 617
576 618
576 620
576 621
576 622
576 623
576 624
576 628
576 629
576 631
576 632
576 633
576 634
576 635
576 636
576 638
576 640
576 641
576 642
576 643
576 645
576 646
576 648
576 651
576 652
576 653
576 654
576 655
576 658
576 659
576 660
576 661
576 662
576 663
576 665
576 666
576 667
576 668
576 669
576 670
576 671
576 674
576 677
576 679
576 680
576 681
576 683
576 684
576 685
576 686
576 687
576 689
576 690
576 691
576 693
576 694
576 695
576 696
576 697
576 698
576 700
576 701
576 702
576 703
576 705
576 706
576 707
576 708
576 709
576 710
576 711
576 715
576 716
576 717
576 718
576 720
576 721
576 722
576 723
576 726
576 728
576 729
576 732
576 733
576 734
576 737
576 738
576 740
576 743
576 744
576 745
576 746
576 747
576 748
576 749
576 500
576 501
576 502
576 505
576 506
576 507
576 508
576 509
576 510
576 511
576 751
576 759
576 771
576 774
576 777
576 790
576 791
576 797
576 800
576 803
576 838
576 850
576 880
576 888
576 895
576 902
576 907
576 913
576 925
576 930
576 939
576 943
576 950
576 958
576 961
576 968
576 974
576 983
576 985
576 999
577 578
577 579
577 580
577 581
577 582
577 583
577 585
577 586
577 587
577 589
577 591
577 592
577 594
577 595
577 596
577 597
577 598
577 601
577 602
577 603
577 604
577 605
577 606
577 608
577 610
577 611
577 612
577 613
577 615
577 616
577 617
577 618
577 619
577 620
577 621
577 622
577 623
577 624
577 625
577 626
577 627
577 628
577 629
577 630
577 631
577 632
577 634
577 635
577 636
577 637
577 638
577 639
577 640
577 641
577 644
577 645
577 646
577 647
577 651
577 652
577 653
577 654
577 655
577 656
577 657
577 658
577 660
577 661
577 662
577 663
577 664
577 665
577 666
577 667
577 669
577 670
577 671
577 672
577 674
577 675
577 676
577 677
577 678
577 679
577 681
577 682
577 683
577 684
577 685
577 686
577 688
577 689
577 690
577 694
577 696
577 697
577 698
577 699
577 700
577 701
577 702
577 703
577 704
577 705
577 706
577 708
577 709
577 713
577 715
577 716
577 718
577 722
577 724
577 725
577 727
577 728
577 729
577 730
577 732
577 733
577 736
577 738
577 740
577 743
577 744
577 746
577 747
577 748
577 500
577 502
577 503
577 504
577 505
577 506
577 507
577 508
577 510
577 511
577 774
577 783
577 787
577 799
577 813
577 820
577 822
577 828
577 836
577 857
577 862
577 869
577 872
577 875
577 890
577 901
577 914
577 934
577 938
577 956
577 958
577 962
577 965
577 969
577 995
578 579
578 580
578 581
578 582
578 583
578 584
578 585
578 586
578 587
578 588
578 591
578 592
578 594
578 595
578 596
578 598
578 599
578 600
578 601
578 603
578 604
578 605
578 606
578 607
578 608
578 609
578 610
578 611
578 612
578 613
578 614
578 615
578 616
578 617
578 618
578 619
578 621
578 622
578 623
578 626
578 627
578 628
578 629
578 631
578 632
578 633
578 634
578 636
578 637
578 639
578 640
578 641
578 642
578 643
578 644
578 646
578 647
578 648
578 649
578 651
578 653
578 654
578 655
578 656
578 657
578 658
578 659
578 660
578 661
578 662
578 664
578 666
578 667
578 669
578 670
578 672
578 675
578 676
578 679
578 682
578 683
578 685
578 686
578 687
578 688
578 689
578 691
578 692
578 693
578 694
578 695
578 696
578 697
578 699
578 701
578 702
578 703
578 704
578 705
578 706
578 707
578 708
578 710
578 711
578 713
578 714
578 715
578 716
578 718
578 719
578 720
578 721
578 722
578 724
578 725
578 726
578 727
578 728
578 731
578 733
578 734
578 735
578 736
578 737
578 738
578 740
578 742
578 743
578 744
578 745
578 746
578 747
578 749
578 500
578 501
578 502
578 503
578 504
578 506
578 508
578 509
578 510
578 511
578 766
578 771
578 783
578 796
578 807
578 812
578 826
578 831
578 834
578 843
578 850
578 851
578 852
578 878
578 891
578 916
578 929
578 957
578 962
578 983
578 985
578 994
578 996
579 581
579 582
579 583
579 584
579 585
579 586
579 587
579 589
579 590
579 592
579 593
579 595
579 597
579 598
579 600
579 601
579 602
579 603
579 605
579 606
579 607
579 610
579 611
579 612
579 615
579 616
579 617
579 618
579 620
579 624
579 625
579 627
579 629
579 630
579 634
579 637
579 639
579 641
579 643
579 645
579 646
579 647
579 648
579 649
579 650
579 651
579 653
579 654
579 655
579 656
579 657
579 658
579 660
579 661
579 663
579 665
579 667
579 668
579 670
579 671
579 672
579 673
579 675
579 676
579 677
579 678
579 679
579 681
579 682
579 684
579 685
579 686
579 689
579 690
579 693
579 694
579 695
579 696
579 697
579 698
579 700
579 701
579 703
579 705
579 706
579 707
579 708
579 710
579 713
579 714
579 715
579 718
579 720
579 721
579 722
579 723
579 724
579 726
579 727
579 732
579 734
579 735
579 736
579 737
579 739
579 740
579 741
579 742
579 743
579 744
579 745
579 747
579 748
579 749
579 500
579 501
579 503
579 504
579 508
579 509
579 756
579 760
579 766
579 768
579 770
579 780
579 802
579 810
579 817
579 828
579 829
579 831
579 841
579 852
579 855
579 868
579 886
579 889
579 892
579 901
579 921
579 924
579 926
579 945
579 947
579 964
579 969
579 979
579 989
580 582
580 583
580 584
580 586
580 588
580 589
580 590
580 591
580 592
580 593
580 595
580 596
580 598
580 600
580 601
580 602
580 605
580 606
580 607
580 609
580 610
580 612
580 614
580 615
580 616
580 617
580 618
580 624
580 625
580 626
580 629
580 630
580 631
580 632
580 633
580 634
580 635
580 640
580 641
580 642
580 644
580 645
580 646
580 648
580 650
580 651
580 652
580 653
580 655
580 656
580 657
580 659
580 660
580 661
580 662
580 663
580 664
580 665
580 667
580 668
580 670
580 671
580 673
580 675
580 676
580 677
580 678
580 679
580 681
580 682
580 683
580 686
580 687
580 688
580 690
580 691
580 692
580 693
580 695
580 696
580 697
580 698
580 700
580 701
580 702
580 704
580 705
580 708
580 710
580 713
580 714
580 715
580 716
580 719
580 722
580 723
580 725
580 726
580 727
580 729
580 730
580 731
580 732
580 735
580 736
580 738
580 741
580 742
580 743
580 744
580 745
580 747
580 748
580 749
580 500
580 501
580 502
580 504
580 505
580 506
580 507
580 508
580 509
580 510
580 511
580 754
580 764
580 765
580 778
580 795
580 810
580 824
580 828
580 833
580 877
580 879
580 888
580 896
580 899
580 905
580 913
580 922
580 928
580 930
580 936
580 941
580 944
580 948
580 966
580 986
580 988
580 998
581 582
581 583
581 584
581 585
581 586
581 587
581 588
581 589
581 591
581 592
581 593
581 594
581 595
581 597
581 600
581 601
581 602
581 603
581 605
581 606
581 607
581 608
581 609
581 610
581 611
581 613
581 615
581 616
581 617
581 620
581 621
581 622
581 623
581 625
581 627
581 628
581 630
581 633
581 635
581 636
581 638
581 639
581 640
581 641
581 642
581 645
581 646
581 647
581 648
581 649
581 652
581 653
581 654
581 655
581 657
581 658
581 663
581 664
581 666
581 667
581 668
581 669
581 673
581 677
581 678
581 679
581 681
581 682
581 683
581 685
581 686
581 688
581 691
581 692
581 693
581 694
581 696
581 697
581 698
581 699
581 700
581 701
581 702
581 703
581 704
581 705
581 708
581 709
581 710
581 711
581 712
581 717
581 719
581 720
581 721
581 722
581 724
581 725
581 728
581 729
581 730
581 731
581 733
581 734
581 735
581 736
581 737
581 740
581 743
581 745
581 746
581 747
581 748
581 749
581 502
581 503
581 506
581 507
581 508
581 510
581 511
581 762
581 772
581 773
581 777
581 779
581 780
581 794
581 805
581 818
581 821
581 846
581 862
581 910
581 911
581 917
581 927
581 942
581 948
581 968
581 971
581 982
581 986
581 987
581 991
581 997
582 583
582 584
582 585
582 587
582 588
582 589
582 590
582 592
582 594
582 598
582 599
582 600
582 601
582 602
582 603
582 604
582 606
582 607
582 608
582 612
582 614
582 615
582 617
582 618
582 621
582 622
582 623
582 624
582 627
582 629
582 630
582 633
582 634
582 635
582 637
582 639
582 640
582 643
582 644
582 646
582 647
582 649
582 653
582 655
582 656
582 657
582 658
582 659
582 661
582 662
582 663
582 664
582 666
582 669
582 670
582 671
582 672
582 673
582 674
582 675
582 676
582 678
582 680
582 682
582 684
582 686
582 687
582 688
582 689
582 691
582 693
582 694
582 695
582 696
582 697
582 698
582 699
582 700
582 701
582 702
582 703
582 705
582 706
582 707
582 708
582 709
582 711
582 712
582 714
582 715
582 716
582 718
582 719
582 721
582 722
582 724
582 727
582 728
582 729
582 730
582 731
582 732
582 733
582 735
582 736
582 737
582 738
582 739
582 741
582 742
582 743
582 745
582 747
582 748
582 749
582 500
582 501
582 504
582 505
582 506
582 508
582 509
582 511
582 750
582 758
582 761
582 763
582 783
582 803
582 805
582 810
582 839
582 848
582 857
582 872
582 887
582 925
582 938
582 944
582 956
582 957
582 963
582 971
582 973
582 980
582 993
582 997
582 998
582 999
583 584
583 585
583 586
583 587
583 589
583 591
583 593
583 594
583 595
583 596
583 597
583 598
583 600
583 601
583 602
583 603
583 604
583 605
583 608
583 609
583 610
583 611
583 612
583 613
583 614
583 616
583 618
583 619
583 620
583 621
583 622
583 623
583 624
583 625
583 626
583 627
583 629
583 630
583 631
583 632
583 633
583 635
583 636
583 638
583 639
583 640
583 641
583 642
583 644
583 645
583 646
583 647
583 648
583 649
583 650
583 653
583 654
583 656
583 658
583 659
583 660
583 661
583 662
583 663
583 664
583 666
583 668
583 669
583 670
583 671
583 672
583 674
583 676
583 677
583 678
583 679
583 680
583 681
583 682
583 685
583 686
583 688
583 689
583 690
583 692
583 694
583 695
583 696
583 697
583 698
583 700
583 701
583 702
583 703
583 704
583 705
583 706
583 707
583 708
583 711
583 712
583 713
583 714
583 715
583 717
583 718
583 719
583 723
583 724
583 726
583 728
583 729
583 730
583 731
583 732
583 733
583 734
583 735
583 736
583 738
583 741
583 743
583 745
583 747
583 749
583 501
583 502
583 503
583 505
583 506
583 509
583 511
583 793
583 802
583 817
583 820
583 829
583 831
583 837
583 851
583 854
583 856
583 862
583 872
583 882
583 892
583 904
583 909
583 917
583 937
583 941
583 943
583 951
583 961
583 969
583 973
583 975
583 977
583 989
583 992
583 998
584 585
584 587
584 588
584 590
584 591
584 593
584 594
584 595
584 597
584 598
584 599
584 600
584 601
584 602
584 603
584 605
584 606
584 607
584 608
584 609
584 610
584 611
584 612
584 615
584 616
584 618
584 621
584 622
584 623
584 624
584 625
584 628
584 629
584 630
584 631
584 632
584 633
584 635
584 636
584 637
584 639
584 640
584 642
584 643
584 644
584 645
584 648
584 649
584 651
584 652
584 653
584 654
584 655
584 657
584 658
584 659
584 661
584 663
584 664
584 665
584 667
584 668
584 669
584 671
584 673
584 677
584 678
584 679
584 680
584 685
584 686
584 688
584 689
584 690
584 691
584 692
584 693
584 694
584 695
584 696
584 697
584 698
584 700
584 702
584 703
584 704
584 706
584 707
584 709
584 714
584 715
584 719
584 721
584 722
584 724
584 726
584 727
584 728
584 730
584 732
584 733
584 734
584 735
584 736
584 739
584 740
584 741
584 742
584 743
584 744
584 746
584 747
584 749
584 502
584 504
584 506
584 507
584 508
584 509
584 510
584 764
584 776
584 788
584 790
584 796
584 800
584 810
584 819
584 828
584 838
584 846
584 853
584 854
584 856
584 859
584 869
584 877
584 885
584 886
584 897
584 901
584 923
584 948
584 950
584 953
584 973
584 991
585 586
585 587
585 590
585 591
585 592
585 593
585 594
585 595
585 596
585 597
585 598
585 602
585 603
585 604
585 606
585 608
585 609
585 613
585 614
585 616
585 618
585 619
585 621
585 622
585 624
585 625
585 626
585 628
585 629
585 631
585 632
585 633
585 634
585 635
585 636
585 637
585 638
585 639
585 641
585 642
585 643
585 644
585 646
585 648
585 650
585 651
585 653
585 655
585 657
585 658
585 659
585 660
585 661
585 662
585 663
585 664
585 665
585 666
585 667
585 668
585 669
585 670
585 671
585 672
585 673
585 675
585 676
585 677
585 678
585 679
585 680
585 682
585 683
585 686
585 687
585 689
585 690
585 692
585 693
585 696
585 697
585 698
585 699
585 701
585 702
585 703
585 704
585 705
585 706
585 707
585 709
585 710
585 714
585 715
585 716
585 718
585 719
585 720
585 721
585 722
585 724
585 725
585 726
585 727
585 728
585 729
585 730
585 732
585 734
585 735
585 736
585 737
585 741
585 742
585 743
585 745
585 747
585 748
585 500
585 501
585 504
585 505
585 506
585 509
585 510
585 511
585 753
585 756
585 759
585 760
585 762
585 768
585 782
585 783
585 815
585 826
585 839
585 842
585 845
585 850
585 853
585 865
585 872
585 873
585 882
585 887
585 895
585 899
585 900
585 902
585 919
585 950
585 960
585 961
585 967
585 972
585 992
586 587
586 588
586 589
586 590
586 594
586 595
586 596
586 597
586 598
586 599
586 601
586 602
586 603
586 604
586 605
586 606
586 607
586 608
586 609
586 610
586 611
586 612
586 613
586 614
586 615
586 616
586 617
586 619
586 620
586 621
586 622
586 623
586 625
586 626
586 627
586 628
586 630
586 631
586 633
586 634
586 635
586 636
586 637
586 638
586 639
586 641
586 642
586 643
586 644
586 646
586 650
586 653
586 654
586 656
586 658
586 659
586 660
586 661
586 663
586 665
586 666
586 667
586 668
586 669
586 670
586 671
586 673
586 675
586 676
586 679
586 682
586 684
586 689
586 693
586 694
586 695
586 696
586 699
586 700
586 702
586 703
586 705
586 706
586 707
586 708
586 710
586 711
586 712
586 714
586 715
586 720
586 721
586 722
586 723
586 724
586 725
586 726
586 727
586 728
586 731
586 732
586 733
586 734
586 737
586 738
586 739
586 740
586 741
586 742
586 744
586 745
586 746
586 747
586 748
586 749
586 503
586 504
586 505
586 506
586 507
586 509
586 511
586 756
586 784
586 785
586 809
586 812
586 818
586 837
586 854
586 858
586 861
586 868
586 891
586 892
586 912
586 916
586 929
586 931
586 947
586 961
586 970
586 972
586 978
586 980
586 993
587 588
587 589
587 590
587 591
587 592
587 593
587 595
587 596
587 598
587 599
587 600
587 601
587 603
587 604
587 605
587 606
587 607
587 608
587 610
587 611
587 612
587 615
587 616
587 617
587 618
587 619
587 620
587 622
587 623
587 624
587 625
587 629
587 630
587 632
587 633
587 635
587 636
587 640
587 641
587 643
587 644
587 645
587 646
587 647
587 648
587 649
587 650
587 652
587 653
587 655
587 658
587 660
587 662
587 663
587 664
587 665
587 666
587 667
587 668
587 670
587 671
587 672
587 673
587 674
587 675
587 676
587 678
587 679
587 682
587 683
587 684
587 685
587 686
587 687
587 690
587 691
587 692
587 693
587 694
587 695
587 697
587 698
587 700
587 701
587 702
587 703
587 705
587 706
587 707
587 708
587 709
587 710
587 711
587 713
587 714
587 715
587 716
587 717
587 719
587 720
587 721
587 724
587 725
587 726
587 727
587 728
587 729
587 731
587 732
587 733
587 737
587 738
587 740
587 741
587 743
587 745
587 747
587 748
587 500
587 501
587 502
587 503
587 504
587 505
587 507
587 509
587 510
587 511
587 751
587 761
587 763
587 787
587 789
587 793
587 795
587 827
587 861
587 862
587 865
587 869
587 870
587 877
587 881
587 888
587 889
587 897
587 903
587 912
587 914
587 919
587 925
587 935
587 937
587 944
587 949
587 951
587 954
587 957
587 961
587 965
587 966
587 977
587 989
587 999
588 589
588 590
588 591
588 592
588 594
588 595
588 597
588 598
588 599
588 603
588 605
588 606
588 607
588 608
588 609
588 610
588 611
588 613
588 614
588 616
588 617
588 618
588 620
588 621
588 623
588 625
588 626
588 628
588 629
588 632
588 633
588 634
588 636
588 637
588 638
588 639
588 642
588 643
588 645
588 646
588 647
588 648
588 650
588 651
588 652
588 655
588 656
588 658
588 659
588 660
588 661
588 662
588 663
588 664
588 665
588 666
588 668
588 669
588 672
588 673
588 675
588 676
588 677
588 679
588 680
588 681
588 682
588 684
588 685
588 688
588 689
588 690
588 695
588 696
588 698
588 700
588 703
588 706
588 708
588 713
588 714
588 716
588 718
588 721
588 722
588 723
588 724
588 725
588 727
588 728
588 730
588 732
588 735
588 736
588 737
588 738
588 739
588 740
588 741
588 742
588 745
588 746
588 747
588 748
588 749
588 500
588 501
588 502
588 503
588 504
588 506
588 507
588 508
588 509
588 510
588 753
588 756
588 772
588 775
588 776
588 783
588 787
588 789
588 796
588 804
588 806
588 839
588 845
588 846
588 852
588 856
588 860
588 865
588 881
588 882
588 885
588 888
588 898
588 906
588 918
588 925
588 939
588 953
588 963
588 969
588 973
588 980
589 591
589 592
589 593
589 594
589 596
589 597
589 598
589 599
589 600
589 601
589 602
589 605
589 607
589 608
589 609
589 611
589 612
589 613
589 616
589 617
589 618
589 622
589 626
589 627
589 628
589 630
589 631
589 633
589 636
589 637
589 638
589 639
589 640
589 641
589 642
589 643
589 645
589 647
589 648
589 649
589 650
589 651
589 653
589 655
589 656
589 657
589 658
589 659
589 661
589 662
589 664
589 665
589 666
589 667
589 668
589 669
589 671
589 672
589 673
589 675
589 676
589 677
589 678
589 680
589 681
589 682
589 683
589 685
589 686
589 687
589 688
589 690
589 692
589 693
589 694
589 695
589 698
589 699
589 700
589 701
589 703
589 705
589 706
589 707
589 709
589 712
589 714
589 715
589 716
589 718
589 720
589 721
589 724
589 725
589 726
589 727
589 728
589 730
589 731
589 732
589 733
589 734
589 735
589 736
589 737
589 739
589 741
589 742
589 743
589 744
589 745
589 746
589 748
589 500
589 501
589 502
589 505
589 507
589 508
589 775
589 812
589 840
589 844
589 861
589 869
589 894
589 915
589 921
589 945
589 951
589 968
589 971
589 977
589 989
589 990
590 591
590 593
590 594
590 595
590 598
590 601
590 602
590 603
590 604
590 606
590 607
590 608
590 610
590 611
590 612
590 613
590 614
590 615
590 616
590 618
590 619
590 620
590 621
590 622
590 623
590 624
590 626
590 627
590 628
590 629
590 630
590 632
590 633
590 634
590 635
590 636
590 637
590 638
590 639
590 640
590 643
590 644
590 645
590 647
590 648
590 649
590 650
590 651
590 653
590 654
590 657
590 658
590 659
590 660
590 661
590 662
590 663
590 667
590 668
590 669
590 670
590 673
590 674
590 675
590 676
590 677
590 678
590 679
590 680
590 681
590 684
590 685
590 686
590 687
590 688
590 689
590 692
590 694
590 695
590 696
590 698
590 700
590 701
590 702
590 703
590 704
590 705
590 706
590 707
590 708
590 709
590 710
590 712
590 713
590 714
590 715
590 716
590 717
590 719
590 720
590 721
590 722
590 723
590 724
590 725
590 726
590 727
590 729
590 730
590 731
590 732
590 734
590 738
590 740
590 741
590 743
590 744
590 745
590 746
590 748
590 749
590 500
590 501
590 503
590 504
590 505
590 506
590 510
590 511
590 758
590 762
590 777
590 792
590 794
590 800
590 820
590 827
590 828
590 844
590 853
590 857
590 862
590 867
590 880
590 898
590 917
590 939
590 940
590 943
590 951
590 956
590 972
591 592
591 593
591 596
591 597
591 598
591 599
591 600
591 603
591 605
591 606
591 607
591 608
591 610
591 611
591 612
591 613
591 614
591 615
591 616
591 617
591 618
591 619
591 623
591 625
591 626
591 627
591 630
591 632
591 633
591 634
591 637
591 639
591 642
591 643
591 646
591 648
591 649
591 650
591 651
591 652
591 653
591 654
591 655
591 657
591 658
591 659
591 660
591 661
591 662
591 663
591 665
591 666
591 667
591 668
591 669
591 670
591 671
591 672
591 673
591 674
591 675
591 676
591 678
591 679
591 680
591 681
591 683
591 685
591 687
591 688
591 689
591 690
591 693
591 696
591 697
591 698
591 701
591 702
591 703
591 704
591 705
591 706
591 708
591 709
591 710
591 711
591 712
591 715
591 716
591 717
591 721
591 722
591 723
591 725
591 726
591 727
591 728
591 730
591 731
591 733
591 734
591 735
591 736
591 737
591 738
591 740
591 741
591 742
591 744
591 745
591 747
591 748
591 749
591 500
591 501
591 503
591 505
591 506
591 507
591 508
591 509
591 510
591 511
591 760
591 769
591 800
591 801
591 834
591 861
591 871
591 875
591 881
591 889
591 922
591 930
591 937
591 947
591 950
591 961
591 977
591 990
591 994
591 995
592 593
592 596
592 597
592 598
592 599
592 600
592 603
592 604
592 605
592 607
592 608
592 610
592 613
592 614
592 616
592 618
592 620
592 621
592 624
592 626
592 627
592 628
592 631
592 632
592 634
592 635
592 637
592 638
592 639
592 640
592 641
592 643
592 644
592 646
592 647
592 648
592 649
592 652
592 653
592 655
592 656
592 657
592 658
592 659
592 660
592 661
592 662
592 665
592 667
592 670
592 671
592 672
592 673
592 674
592 675
592 676
592 677
592 678
592 679
592 681
592 682
592 683
592 684
592 687
592 688
592 689
592 692
592 694
592 698
592 699
592 700
592 702
592 703
592 704
592 706
592 707
592 708
592 709
592 710
592 712
592 715
592 716
592 717
592 718
592 719
592 720
592 721
592 722
592 725
592 727
592 728
592 730
592 734
592 736
592 737
592 738
592 739
592 740
592 741
592 742
592 743
592 744
592 746
592 747
592 748
592 501
592 502
592 503
592 504
592 505
592 506
592 507
592 508
592 509
592 510
592 511
592 753
592 760
592 793
592 797
592 803
592 806
592 853
592 857
592 872
592 881
592 887
592 891
592 897
592 940
592 944
592 945
592 950
592 953
592 967
592 979
592 987
593 594
593 596
593 598
593 599
593 600
593 601
593 604
593 605
593 606
593 610
593 611
593 612
593 613
593 614
593 615
593 616
593 617
593 618
593 619
593 620
593 621
593 622
593 623
593 625
593 626
593 627
593 628
593 630
593 631
593 632
593 634
593 636
593 637
593 638
593 639
593 641
593 642
593 643
593 645
593 647
593 648
593 649
593 651
593 652
593 654
593 655
593 657
593 658
593 659
593 661
593 664
593 665
593 666
593 668
593 669
593 670
593 671
593 672
593 674
593 675
593 677
593 679
593 680
593 681
593 682
593 684
593 686
593 688
593 690
593 693
593 694
593 695
593 696
593 697
593 699
593 700
593 702
593 703
593 705
593 707
593 708
593 709
593 710
593 711
593 713
593 714
593 715
593 716
593 717
593 721
593 723
593 724
593 725
593 726
593 727
593 728
593 729
593 730
593 731
593 732
593 734
593 735
593 736
593 742
593 743
593 744
593 745
593 746
593 747
593 748
593 749
593 501
593 502
593 503
593 504
593 506
593 507
593 508
593 511
593 750
593 762
593 765
593 810
593 812
593 826
593 836
593 844
593 859
593 874
593 882
593 885
593 886
593 899
593 901
593 918
593 919
593 934
593 962
593 976
593 985
593 992
594 595
594 597
594 598
594 599
594 600
594 602
594 603
594 604
594 606
594 608
594 609
594 611
594 614
594 617
594 618
594 620
594 622
594 623
594 624
594 625
594 629
594 630
594 631
594 632
594 633
594 634
594 635
594 636
594 637
594 638
594 640
594 644
594 646
594 648
594 649
594 650
594 651
594 652
594 653
594 654
594 655
594 656
594 657
594 659
594 661
594 662
594 663
594 666
594 667
594 668
594 669
594 670
594 672
594 673
594 674
594 675
594 677
594 678
594 680
594 682
594 684
594 685
594 686
594 687
594 689
594 690
594 692
594 694
594 695
594 696
594 697
594 698
594 699
594 700
594 701
594 702
594 703
594 705
594 706
594 708
594 711
594 712
594 713
594 714
594 715
594 716
594 717
594 718
594 721
594 722
594 724
594 725
594 727
594 729
594 730
594 731
594 733
594 735
594 736
594 737
594 741
594 742
594 743
594 744
594 746
594 747
594 748
594 749
594 500
594 501
594 502
594 505
594 506
594 507
594 510
594 511
594 753
594 782
594 789
594 821
594 837
594 850
594 862
594 867
594 875
594 876
594 877
594 888
594 892
594 894
594 902
594 926
594 936
594 943
594 944
594 945
594 949
594 950
594 959
594 961
594 965
594 978
594 988
594 991
594 992
594 994
594 995
595 596
595 597
595 598
595 599
595 601
595 602
595 603
595 604
595 605
595 606
595 607
595 608
595 611
595 612
595 614
595 616
595 618
595 621
595 624
595 625
595 626
595 628
595 629
595 631
595 632
595 633
595 634
595 638
595 639
595 641
595 642
595 644
595 645
595 647
595 648
595 650
595 651
595 652
595 653
595 655
595 656
595 657
595 658
595 659
595 660
595 661
595 666
595 667
595 669
595 670
595 671
595 673
595 675
595 676
595 678
595 679
595 680
595 681
595 682
595 683
595 684
595 685
595 686
595 687
595 688
595 689
595 691
595 692
595 693
595 694
595 695
595 699
595 700
595 701
595 702
595 703
595 705
595 709
595 710
595 711
595 712
595 713
595 715
595 716
595 718
595 720
595 721
595 722
595 723
595 725
595 726
595 727
595 728
595 729
595 730
595 731
595 732
595 733
595 735
595 737
595 739
595 740
595 742
595 743
595 744
595 745
595 746
595 747
595 749
595 504
595 505
595 508
595 509
595 510
595 511
595 759
595 760
595 771
595 775
595 795
595 801
595 802
595 812
595 819
595 821
595 822
595 826
595 836
595 844
595 849
595 887
595 896
595 900
595 903
595 917
595 921
595 941
595 951
595 956
595 990
596 597
596 598
596 599
596 600
596 601
596 603
596 604
596 605
596 606
596 609
596 611
596 615
596 616
596 617
596 618
596 619
596 620
596 623
596 624
596 625
596 627
596 628
596 629
596 630
596 631
596 634
596 635
596 637
596 639
596 640
596 641
596 642
596 646
596 649
596 652
596 653
596 656
596 658
596 659
596 661
596 663
596 664
596 665
596 666
596 667
596 668
596 669
596 670
596 671
596 672
596 673
596 674
596 675
596 676
596 678
596 680
596 681
596 683
596 684
596 685
596 686
596 687
596 688
596 689
596 690
596 692
596 694
596 697
596 698
596 699
596 700
596 701
596 702
596 703
596 704
596 705
596 706
596 707
596 710
596 712
596 713
596 714
596 717
596 718
596 720
596 721
596 724
596 726
596 727
596 728
596 729
596 730
596 731
596 733
596 734
596 736
596 739
596 740
596 742
596 743
596 744
596 745
596 746
596 747
596 748
596 749
596 503
596 505
596 506
596 507
596 509
596 510
596 511
596 750
596 769
596 775
596 804
596 805
596 806
596 807
596 813
596 841
596 848
596 856
596 870
596 895
596 896
596 904
596 918
596 921
596 923
596 935
596 938
596 959
596 965
597 598
597 599
597 600
597 601
597 602
597 603
597 604
597 605
597 606
597 607
597 609
597 611
597 613
597 614
597 616
597 619
597 622
597 625
597 626
597 627
597 628
597 629
597 630
597 631
597 635
597 636
597 637
597 639
597 641
597 642
597 643
597 645
597 646
597 647
597 648
597 650
597 651
597 652
597 653
597 654
597 655
597 657
597 660
597 664
597 665
597 666
597 667
597 668
597 669
597 670
597 672
597 673
597 674
597 675
597 676
597 677
597 679
597 680
597 681
597 683
597 684
597 686
597 687
597 692
597 693
597 694
597 696
597 697
597 698
597 700
597 701
597 702
597 704
597 705
597 707
597 710
597 712
597 713
597 715
597 717
597 718
597 719
597 721
597 723
597 724
597 725
597 728
597 729
597 730
597 731
597 732
597 733
597 735
597 737
597 739
597 740
597 741
597 742
597 743
597 745
597 746
597 747
597 748
597 749
597 500
597 502
597 503
597 504
597 507
597 508
597 509
597 511
597 757
597 788
597 795
597 813
597 819
597 823
597 840
597 850
597 860
597 876
597 879
597 886
597 904
597 915
597 936
597 943
597 949
597 964
597 969
597 970
597 973
597 988
597 996
597 999
598 599
598 600
598 602
598 605
598 607
598 608
598 610
598 612
598 613
598 616
598 617
598 619
598 620
598 622
598 623
598 625
598 626
598 629
598 630
598 632
598 633
598 636
598 637
598 641
598 642
598 645
598 646
598 647
598 648
598 649
598 650
598 653
598 654
598 655
598 657
598 658
598 659
598 660
598 661
598 662
598 663
598 664
598 665
598 667
598 668
598 669
598 670
598 671
598 674
598 678
598 679
598 680
598 681
598 682
598 683
598 684
598 686
598 688
598 689
598 691
598 692
598 693
598 695
598 696
598 697
598 698
598 700
598 701
598 702
598 703
598 704
598 705
598 706
598 707
598 708
598 709
598 710
598 711
598 712
598 713
598 714
598 715
598 716
598 718
598 719
598 720
598 721
598 722
598 723
598 725
598 726
598 727
598 728
598 729
598 731
598 732
598 733
598 737
598 740
598 741
598 743
598 744
598 745
598 747
598 748
598 501
598 502
598 503
598 507
598 508
598 510
598 770
598 779
598 795
598 803
598 804
598 819
598 827
598 828
598 829
598 832
598 854
598 859
598 873
598 878
598 882
598 884
598 897
598 900
598 901
598 913
598 930
598 947
598 952
598 958
598 975
599 600
599 602
599 605
599 606
599 607
599 608
599 610
599 612
599 613
599 615
599 616
599 620
599 621
599 622
599 623
599 624
599 625
599 626
599 629
599 630
599 631
599 632
599 633
599 634
599 635
599 636
599 638
599 639
599 640
599 641
599 643
599 645
599 647
599 648
599 650
599 651
599 653
599 654
599 655
599 656
599 660
599 662
599 663
599 664
599 665
599 667
599 668
599 671
599 673
599 679
599 681
599 682
599 683
599 684
599 685
599 687
599 688
599 689
599 690
599 691
599 692
599 693
599 696
599 697
599 699
599 701
599 702
599 703
599 704
599 705
599 706
599 707
599 708
599 709
599 710
599 711
599 712
599 713
599 714
599 715
599 718
599 719
599 720
599 721
599 722
599 723
599 724
599 725
599 726
599 727
599 728
599 733
599 735
599 736
599 737
599 738
599 741
599 742
599 743
599 744
599 746
599 747
599 748
599 500
599 502
599 503
599 505
599 507
599 509
599 752
599 755
599 770
599 774
599 781
599 784
599 822
599 823
599 856
599 864
599 874
599 875
599 879
599 893
599 907
599 909
599 945
599 948
599 967
599 981
599 985
599 992
600 602
600 603
600 605
600 606
600 607
600 608
600 609
600 610
600 611
600 612
600 613
600 614
600 617
600 620
600 621
600 622
600 623
600 624
600 625
600 626
600 627
600 628
600 629
600 630
600 632
600 633
600 634
600 639
600 640
600 643
600 644
600 645
600 646
600 648
600 650
600 651
600 653
600 654
600 655
600 656
600 658
600 660
600 665
600 666
600 667
600 668
600 669
600 670
600 672
600 673
600 674
600 675
600 676
600 677
600 678
600 679
600 681
600 684
600 686
600 687
600 688
600 690
600 691
600 692
600 693
600 696
600 698
600 699
600 700
600 702
600 703
600 704
600 706
600 707
600 708
600 709
600 710
600 711
600 712
600 713
600 715
600 716
600 719
600 720
600 721
600 722
600 724
600 725
600 726
600 727
600 728
600 729
600 732
600 733
600 734
600 736
600 738
600 739
600 740
600 741
600 742
600 743
600 745
600 746
600 748
600 749
600 500
600 501
600 502
600 504
600 505
600 506
600 507
600 508
600 509
600 510
600 758
600 759
600 774
600 811
600 812
600 829
600 839
600 842
600 845
600 847
600 854
600 857
600 869
600 871
600 872
600 884
600 886
600 901
600 917
600 933
600 949
600 961
600 972
600 990
600 992
601 602
601 603
601 604
601 605
601 607
601 608
601 611
601 612
601 613
601 614
601 615
601 616
601 617
601 619
601 622
601 623
601 624
601 625
601 627
601 629
601 630
601 633
601 636
601 637
601 638
601 639
601 640
601 641
601 644
601 645
601 646
601 647
601 654
601 655
601 656
601 658
601 659
601 660
601 661
601 662
601 663
601 664
601 666
601 667
601 668
601 669
601 670
601 671
601 672
601 674
601 679
601 680
601 681
601 684
601 687
601 688
601 689
601 690
601 691
601 693
601 695
601 697
601 698
601 699
601 700
601 701
601 702
601 704
601 705
601 706
601 707
601 709
601 710
601 712
601 713
601 714
601 715
601 716
601 717
601 719
601 720
601 722
601 723
601 725
601 726
601 729
601 730
601 732
601 733
601 734
601 735
601 737
601 738
601 740
601 741
601 743
601 746
601 747
601 749
601 500
601 501
601 502
601 504
601 505
601 506
601 507
601 508
601 510
601 511
601 755
601 760
601 769
601 774
601 780
601 785
601 789
601 796
601 806
601 810
601 814
601 822
601 823
601 834
601 839
601 844
601 845
601 857
601 874
601 884
601 889
601 902
601 925
601 926
601 944
601 968
601 973
601 988
601 993
601 994
601 999
602 603
602 604
602 606
602 607
602 608
602 610
602 611
602 613
602 615
602 617
602 618
602 620
602 622
602 623
602 624
602 625
602 626
602 627
602 628
602 629
602 630
602 631
602 633
602 634
602 635
602 636
602 637
602 639
602 640
602 641
602 643
602 644
602 645
602 646
602 647
602 648
602 650
602 651
602 652
602 653
602 654
602 655
602 656
602 658
602 661
602 662
602 663
602 664
602 665
602 666
602 667
602 669
602 671
602 672
602 673
602 675
602 676
602 677
602 678
602 679
602 680
602 681
602 682
602 683
602 684
602 685
602 686
602 688
602 689
602 691
602 692
602 694
602 695
602 696
602 697
602 698
602 699
602 700
602 701
602 702
602 703
602 704
602 705
602 706
602 707
602 711
602 713
602 714
602 715
602 716
602 721
602 723
602 724
602 725
602 727
602 728
602 729
602 733
602 735
602 737
602 738
602 739
602 740
602 741
602 744
602 745
602 746
602 747
602 748
602 749
602 500
602 501
602 502
602 503
602 504
602 505
602 506
602 507
602 511
602 757
602 764
602 765
602 796
602 804
602 805
602 840
602 864
602 867
602 881
602 900
602 906
602 907
602 909
602 911
602 929
602 951
602 984
602 994
603 604
603 605
603 606
603 607
603 608
603 610
603 611
603 612
603 613
603 614
603 615
603 618
603 619
603 621
603 622
603 623
603 624
603 625
603 627
603 628
603 629
603 630
603 632
603 634
603 635
603 636
603 638
603 639
603 640
603 641
603 642
603 643
603 644
603 645
603 646
603 647
603 649
603 650
603 651
603 653
603 654
603 656
603 658
603 659
603 660
603 662
603 663
603 664
603 665
603 666
603 667
603 670
603 672
603 673
603 675
603 678
603 679
603 680
603 682
603 683
603 685
603 686
603 688
603 689
603 690
603 691
603 692
603 693
603 694
603 695
603 696
603 697
603 698
603 701
603 703
603 704
603 707
603 708
603 709
603 710
603 711
603 712
603 713
603 714
603 717
603 719
603 721
603 723
603 724
603 728
603 729
603 730
603 731
603 734
603 737
603 738
603 740
603 742
603 743
603 744
603 748
603 502
603 503
603 504
603 505
603 506
603 509
603 510
603 511
603 753
603 756
603 765
603 814
603 818
603 821
603 829
603 830
603 838
603 850
603 851
603 855
603 876
603 894
603 940
603 941
603 963
603 991
603 999
604 605
604 608
604 609
604 611
604 612
604 614
604 615
604 616
604 617
604 619
604 620
604 622
604 623
604 624
604 625
604 626
604 627
604 630
604 631
604 632
604 633
604 634
604 637
604 639
604 640
604 641
604 642
604 643
604 644
604 647
604 649
604 650
604 651
604 652
604 654
604 655
604 656
604 657
604 659
604 664
604 665
604 670
604 671
604 672
604 673
604 674
604 676
604 677
604 678
604 681
604 685
604 687
604 690
604 691
604 692
604 693
604 694
604 696
604 697
604 698
604 699
604 700
604 701
604 703
604 706
604 707
604 708
604 709
604 710
604 711
604 712
604 713
604 715
604 716
604 718
604 719
604 720
604 721
604 722
604 723
604 724
604 725
604 726
604 727
604 728
604 730
604 733
604 734
604 735
604 736
604 737
604 739
604 741
604 742
604 746
604 747
604 748
604 749
604 501
604 502
604 503
604 504
604 505
604 506
604 508
604 509
604 510
604 511
604 764
604 771
604 787
604 789
604 796
604 800
604 817
604 837
604 850
604 866
604 877
604 891
604 900
604 908
604 916
604 933
604 935
604 936
604 945
604 947
604 949
604 953
604 962
604 967
604 968
604 984
604 992
605 607
605 609
605 610
605 611
605 613
605 614
605 615
605 616
605 618
605 619
605 620
605 622
605 624
605 625
605 626
605 627
605 628
605 629
605 630
605 631
605 633
605 634
605 637
605 638
605 639
605 640
605 641
605 643
605 644
605 645
605 646
605 647
605 648
605 649
605 650
605 651
605 652
605 653
605 654
605 656
605 657
605 658
605 659
605 660
605 662
605 664
605 665
605 666
605 667
605 669
605 670
605 672
605 673
605 675
605 676
605 677
605 678
605 680
605 682
605 684
605 686
605 687
605 690
605 692
605 693
605 694
605 699
605 700
605 701
605 703
605 705
605 706
605 707
605 708
605 709
605 710
605 711
605 713
605 714
605 716
605 719
605 720
605 721
605 723
605 724
605 725
605 727
605 728
605 729
605 730
605 731
605 733
605 735
605 737
605 738
605 739
605 740
605 741
605 742
605 743
605 745
605 746
605 747
605 748
605 500
605 501
605 502
605 504
605 507
605 508
605 509
605 510
605 511
605 753
605 770
605 772
605 785
605 804
605 818
605 822
605 827
605 841
605 854
605 859
605 866
605 873
605 875
605 883
605 913
605 919
605 921
605 930
605 946
605 948
605 955
605 961
605 988
606 607
606 608
606 609
606 610
606 611
606 613
606 614
606 615
606 616
606 617
606 618
606 619
606 620
606 621
606 622
606 624
606 625
606 626
606 627
606 629
606 630
606 631
606 635
606 638
606 640
606 642
606 643
606 645
606 646
606 647
606 648
606 649
606 651
606 652
606 654
606 655
606 656
606 658
606 659
606 660
606 661
606 662
606 663
606 664
606 670
606 673
606 674
606 678
606 679
606 680
606 681
606 682
606 684
606 685
606 686
606 688
606 689
606 692
606 693
606 694
606 699
606 701
606 702
606 705
606 707
606 709
606 710
606 711
606 712
606 713
606 714
606 715
606 716
606 717
606 719
606 720
606 721
606 725
606 727
606 728
606 730
606 732
606 734
606 735
606 736
606 738
606 739
606 740
606 741
606 745
606 746
606 748
606 749
606 500
606 501
606 503
606 504
606 505
606 506
606 509
606 510
606 511
606 750
606 757
606 759
606 766
606 797
606 806
606 810
606 824
606 832
606 844
606 852
606 857
606 911
606 914
606 920
606 958
606 964
606 971
606 973
606 978
606 991
607 608
607 609
607 610
607 612
607 614
607 616
607 617
607 618
607 620
607 621
607 624
607 625
607 626
607 627
607 629
607 630
607 631
607 633
607 634
607 635
607 636
607 637
607 639
607 640
607 642
607 643
607 644
607 646
607 647
607 648
607 649
607 652
607 656
607 657
607 658
607 660
607 661
607 663
607 664
607 665
607 666
607 668
607 672
607 676
607 677
607 678
607 680
607 681
607 682
607 683
607 685
607 686
607 687
607 688
607 689
607 690
607 691
607 692
607 694
607 695
607 696
607 698
607 699
607 702
607 703
607 704
607 705
607 706
607 707
607 708
607 709
607 713
607 715
607 716
607 717
607 719
607 720
607 722
607 723
607 725
607 726
607 728
607 729
607 730
607 731
607 732
607 735
607 736
607 737
607 738
607 740
607 741
607 743
607 744
607 745
607 746
607 748
607 749
607 500
607 503
607 504
607 505
607 507
607 508
607 510
607 511
607 766
607 771
607 794
607 803
607 807
607 818
607 821
607 835
607 842
607 848
607 861
607 864
607 889
607 890
607 906
607 914
607 951
607 952
607 956
607 959
607 960
607 980
607 987
607 993
608 610
608 611
608 612
608 613
608 615
608 617
608 618
608 619
608 620
608 621
608 622
608 623
608 624
608 626
608 628
608 629
608 632
608 633
608 634
608 635
608 636
608 637
608 642
608 644
608 645
608 646
608 647
608 648
608 649
608 652
608 653
608 654
608 655
608 657
608 658
608 659
608 660
608 662
608 663
608 664
608 665
608 667
608 668
608 670
608 672
608 673
608 675
608 676
608 678
608 679
608 681
608 683
608 684
608 686
608 687
608 688
608 689
608 692
608 694
608 695
608 696
608 697
608 698
608 699
608 700
608 701
608 702
608 703
608 704
608 705
608 706
608 707
608 713
608 716
608 718
608 719
608 721
608 724
608 726
608 727
608 728
608 729
608 730
608 732
608 733
608 735
608 737
608 738
608 740
608 742
608 743
608 744
608 745
608 746
608 747
608 748
608 749
608 500
608 502
608 503
608 504
608 505
608 507
608 510
608 511
608 755
608 758
608 771
608 793
608 812
608 832
608 837
608 839
608 865
608 870
608 886
608 892
608 893
608 908
608 912
608 924
608 926
608 934
608 949
609 610
609 612
609 613
609 614
609 615
609 616
609 617
609 618
609 620
609 622
609 624
609 627
609 629
609 630
609 631
609 632
609 634
609 635
609 636
609 637
609 638
609 639
609 640
609 642
609 644
609 645
609 646
609 647
609 648
609 649
609 650
609 652
609 654
609 656
609 657
609 658
609 659
609 661
609 662
609 664
609 665
609 666
609 667
609 669
609 671
609 672
609 674
609 675
609 676
609 677
609 679
609 684
609 685
609 688
609 689
609 690
609 691
609 694
609 695
609 696
609 697
609 698
609 700
609 701
609 702
609 703
609 704
609 706
609 707
609 708
609 710
609 713
609 715
609 716
609 717
609 718
609 719
609 720
609 721
609 722
609 723
609 725
609 726
609 727
609 728
609 729
609 730
609 731
609 732
609 733
609 734
609 735
609 737
609 738
609 739
609 740
609 742
609 743
609 744
609 745
609 746
609 747
609 748
609 749
609 500
609 501
609 502
609 506
609 508
609 509
609 510
609 758
609 761
609 772
609 780
609 797
609 802
609 813
609 836
609 865
609 868
609 875
609 879
609 889
609 891
609 903
609 910
609 919
609 924
609 934
609 938
609 953
609 954
609 959
609 963
609 974
609 996
610 611
610 612
610 614
610 615
610 616
610 617
610 618
610 619
610 620
610 621
610 626
610 627
610 628
610 629
610 630
610 631
610 632
610 634
610 635
610 636
610 637
610 639
610 640
610 641
610 642
610 643
610 644
610 645
610 646
610 650
610 651
610 653
610 657
610 660
610 661
610 663
610 665
610 666
610 667
610 668
610 670
610 671
610 673
610 674
610 675
610 676
610 677
610 679
610 680
610 682
610 683
610 684
610 685
610 686
610 687
610 688
610 689
610 691
610 692
610 699
610 700
610 702
610 705
610 706
610 710
610 711
610 712
610 713
610 714
610 715
610 716
610 717
610 720
610 721
610 722
610 726
610 727
610 729
610 730
610 733
610 734
610 735
610 736
610 737
610 739
610 740
610 742
610 744
610 745
610 746
610 748
610 500
610 501
610 502
610 505
610 506
610 507
610 508
610 509
610 510
610 511
610 750
610 774
610 797
610 805
610 806
610 809
610 825
610 830
610 846
610 856
610 867
610 869
610 870
610 872
610 878
610 904
610 922
610 924
610 929
610 930
610 935
610 945
610 947
610 949
610 954
610 970
610 974
610 989
610 995
611 612
611 614
611 619
611 620
611 622
611 625
611 626
611 627
611 629
611 630
611 632
611 633
611 634
611 635
611 637
611 638
611 639
611 640
611 641
611 643
611 645
611 646
611 649
611 650
611 651
611 652
611 654
611 658
611 659
611 660
611 661
611 662
611 663
611 666
611 667
611 668
611 669
611 670
611 671
611 673
611 674
611 675
611 677
611 678
611 680
611 681
611 683
611 685
611 687
611 689
611 690
611 691
611 692
611 693
611 694
611 695
611 700
611 702
611 703
611 706
611 707
611 708
611 709
611 711
611 713
611 716
611 717
611 718
611 719
611 720
611 721
611 722
611 724
611 726
611 727
611 728
611 731
611 732
611 733
611 734
611 735
611 737
611 738
611 739
611 741
611 742
611 743
611 745
611 747
611 748
611 500
611 501
611 504
611 505
611 506
611 507
611 510
611 511
611 751
611 756
611 761
611 776
611 779
611 793
611 809
611 817
611 823
611 827
611 842
611 844
611 848
611 858
611 889
611 890
611 895
611 908
611 926
611 930
611 931
611 944
611 957
611 972
611 980
612 614
612 616
612 618
612 619
612 621
612 622
612 623
612 624
612 627
612 628
612 631
612 632
612 633
612 634
612 635
612 636
612 637
612 638
612 639
612 641
612 642
612 643
612 644
612 646
612 647
612 648
612 649
612 650
612 651
612 652
612 653
612 654
612 656
612 657
612 658
612 659
612 660
612 661
612 663
612 665
612 666
612 667
612 668
612 669
612 675
612 677
612 681
612 682
612 683
612 684
612 685
612 686
612 687
612 689
612 690
612 691
612 692
612 695
612 696
612 697
612 698
612 699
612 700
612 701
612 702
612 703
612 704
612 705
612 707
612 708
612 709
612 710
612 711
612 712
612 713
612 716
612 717
612 719
612 722
612 723
612 725
612 726
612 727
612 729
612 730
612 731
612 732
612 733
612 734
612 735
612 737
612 738
612 739
612 740
612 742
612 743
612 744
612 745
612 746
612 747
612 748
612 749
612 500
612 502
612 503
612 505
612 506
612 507
612 508
612 509
612 510
612 511
612 759
612 778
612 784
612 790
612 796
612 801
612 808
612 811
612 823
612 826
612 827
612 830
612 841
612 845
612 860
612 877
612 885
612 890
612 906
612 909
612 913
612 923
612 927
612 930
612 931
612 983
612 988
612 994
612 996
613 615
613 616
613 619
613 620
613 621
613 623
613 625
613 626
613 627
613 628
613 629
613 630
613 631
613 633
613 635
613 636
613 638
613 639
613 640
613 641
613 642
613 643
613 644
613 646
613 649
613 650
613 652
613 653
613 654
613 655
613 656
613 657
613 658
613 659
613 660
613 664
613 665
613 666
613 668
613 669
613 670
613 671
613 674
613 677
613 678
613 679
613 680
613 682
613 684
613 685
613 688
613 690
613 693
613 694
613 695
613 696
613 697
613 698
613 700
613 702
613 704
613 705
613 706
613 707
613 709
613 710
613 711
613 712
613 713
613 715
613 716
613 717
613 719
613 720
613 721
613 723
613 724
613 725
613 727
613 730
613 733
613 735
613 736
613 737
613 738
613 741
613 742
613 743
613 744
613 745
613 746
613 747
613 748
613 500
613 501
613 503
613 504
613 507
613 509
613 510
613 511
613 761
613 764
613 777
613 782
613 784
613 821
613 824
613 828
613 840
613 847
613 851
613 874
613 879
613 882
613 896
613 902
613 907
613 909
613 920
613 922
613 942
613 952
613 977
614 615
614 616
614 617
614 619
614 622
614 623
614 624
614 625
614 626
614 627
614 628
614 629
614 631
614 632
614 634
614 635
614 636
614 637
614 638
614 641
614 646
614 647
614 648
614 649
614 650
614 652
614 653
614 655
614 656
614 657
614 658
614 659
614 660
614 661
614 662
614 663
614 664
614 665
614 666
614 667
614 668
614 669
614 671
614 672
614 673
614 674
614 675
614 677
614 679
614 681
614 682
614 683
614 684
614 686
614 687
614 688
614 689
614 691
614 693
614 694
614 695
614 698
614 699
614 701
614 703
614 704
614 706
614 707
614 708
614 709
614 710
614 711
614 712
614 713
614 714
614 715
614 716
614 717
614 718
614 719
614 721
614 723
614 725
614 727
614 728
614 729
614 730
614 731
614 732
614 733
614 735
614 736
614 737
614 738
614 739
614 741
614 742
614 743
614 744
614 747
614 748
614 500
614 501
614 502
614 504
614 505
614 506
614 507
614 510
614 511
614 753
614 755
614 770
614 778
614 779
614 780
614 790
614 805
614 808
614 825
614 853
614 856
614 857
614 878
614 892
614 908
614 915
614 923
614 949
614 958
614 966
614 972
614 974
614 990
614 995
614 999
615 616
615 617
615 618
615 620
615 621
615 622
615 624
615 625
615 626
615 627
615 629
615 631
615 632
615 633
615 634
615 635
615 636
615 637
615 638
615 639
615 640
615 641
615 642
615 643
615 645
615 646
615 647
615 650
615 652
615 653
615 655
615 656
615 657
615 658
615 661
615 663
615 664
615 666
615 667
615 668
615 669
615 670
615 671
615 672
615 676
615 677
615 680
615 681
615 684
615 685
615 687
615 688
615 690
615 692
615 693
615 695
615 696
615 699
615 700
615 701
615 702
615 703
615 704
615 706
615 707
615 708
615 709
615 711
615 712
615 713
615 714
615 716
615 717
615 718
615 719
615 721
615 723
615 725
615 727
615 730
615 731
615 734
615 735
615 736
615 737
615 738
615 741
615 743
615 744
615 745
615 746
615 748
615 500
615 504
615 505
615 506
615 508
615 509
615 510
615 511
615 756
615 760
615 767
615 780
615 818
615 851
615 876
615 880
615 926
615 934
615 935
615 936
615 940
615 949
615 957
615 969
615 974
615 991
615 992
616 617
616 618
616 619
616 620
616 623
616 624
616 625
616 626
616 627
616 628
616 629
616 630
616 631
616 632
616 633
616 634
616 635
616 636
616 639
616 640
616 642
616 644
616 645
616 647
616 648
616 649
616 652
616 653
616 654
616 655
616 656
616 659
616 660
616 662
616 663
616 664
616 665
616 666
616 669
616 670
616 671
616 673
616 674
616 677
616 678
616 680
616 681
616 682
616 684
616 685
616 686
616 688
616 689
616 691
616 692
616 693
616 696
616 697
616 698
616 699
616 700
616 701
616 702
616 703
616 704
616 705
616 709
616 711
616 712
616 713
616 714
616 715
616 717
616 718
616 720
616 721
616 722
616 723
616 724
616 725
616 726
616 727
616 728
616 729
616 730
616 731
616 733
616 734
616 735
616 736
616 737
616 738
616 739
616 741
616 742
616 743
616 744
616 746
616 747
616 748
616 749
616 500
616 501
616 503
616 504
616 505
616 510
616 511
616 766
616 783
616 794
616 798
616 801
616 803
616 808
616 816
616 819
616 831
616 832
616 855
616 856
616 859
616 876
616 877
616 892
616 900
616 902
616 913
616 929
616 931
616 932
616 953
616 975
616 994
616 998
617 618
617 620
617 621
617 622
617 624
617 625
617 627
617 629
617 630
617 633
617 635
617 636
617 637
617 638
617 639
617 641
617 642
617 644
617 645
617 647
617 648
617 649
617 650
617 652
617 653
617 655
617 656
617 657
617 658
617 660
617 661
617 662
617 663
617 665
617 668
617 669
617 670
617 671
617 672
617 673
617 674
617 675
617 677
617 678
617 679
617 680
617 681
617 682
617 684
617 686
617 687
617 689
617 690
617 691
617 693
617 694
617 696
617 700
617 701
617 702
617 703
617 704
617 706
617 707
617 709
617 710
617 711
617 712
617 713
617 714
617 715
617 716
617 718
617 719
617 720
617 721
617 723
617 724
617 725
617 726
617 728
617 729
617 730
617 731
617 732
617 733
617 734
617 737
617 742
617 743
617 745
617 746
617 748
617 749
617 500
617 502
617 503
617 504
617 505
617 508
617 509
617 511
617 769
617 807
617 818
617 864
617 865
617 893
617 903
617 909
617 914
617 921
617 931
617 934
617 935
617 960
617 961
617 968
617 984
617 990
617 991
618 619
618 621
618 623
618 625
618 626
618 627
618 629
618 630
618 631
618 633
618 634
618 638
618 639
618 640
618 641
618 642
618 643
618 644
618 646
618 647
618 650
618 651
618 653
618 654
618 655
618 657
618 658
618 659
618 662
618 663
618 664
618 665
618 666
618 669
618 670
618 671
618 672
618 674
618 675
618 677
618 678
618 679
618 680
618 682
618 684
618 686
618 687
618 689
618 690
618 691
618 692
618 693
618 694
618 695
618 698
618 700
618 701
618 702
618 703
618 704
618 706
618 707
618 708
618 709
618 710
618 711
618 713
618 714
618 715
618 716
618 717
618 718
618 719
618 720
618 721
618 722
618 723
618 724
618 725
618 726
618 727
618 728
618 730
618 734
618 735
618 737
618 738
618 740
618 741
618 742
618 744
618 746
618 749
618 500
618 501
618 502
618 503
618 506
618 507
618 508
618 509
618 510
618 511
618 763
618 769
618 780
618 784
618 809
618 822
618 836
618 849
618 855
618 861
618 906
618 907
618 917
618 918
618 920
618 923
618 926
618 940
618 951
618 956
618 960
619 620
619 621
619 622
619 623
619 624
619 627
619 628
619 629
619 630
619 631
619 632
619 633
619 635
619 636
619 638
619 640
619 641
619 642
619 643
619 644
619 648
619 649
619 650
619 651
619 652
619 653
619 656
619 658
619 660
619 661
619 663
619 664
619 665
619 666
619 667
619 669
619 670
619 671
619 672
619 673
619 674
619 675
619 679
619 681
619 682
619 683
619 684
619 685
619 686
619 688
619 691
619 694
619 696
619 697
619 699
619 700
619 701
619 702
619 703
619 704
619 705
619 706
619 707
619 708
619 709
619 710
619 711
619 713
619 715
619 716
619 718
619 719
619 720
619 721
619 722
619 723
619 724
619 726
619 727
619 728
619 729
619 730
619 731
619 732
619 733
619 734
619 736
619 737
619 738
619 741
619 743
619 747
619 748
619 500
619 501
619 502
619 503
619 504
619 506
619 507
619 508
619 510
619 511
619 765
619 771
619 798
619 800
619 813
619 817
619 819
619 825
619 837
619 842
619 844
619 851
619 875
619 883
619 888
619 928
619 941
619 965
619 978
619 981
619 985
619 990
619 999
620 621
620 622
620 625
620 626
620 628
620 629
620 630
620 631
620 632
620 634
620 635
620 636
620 637
620 639
620 640
620 641
620 643
620 644
620 645
620 646
620 649
620 654
620 656
620 657
620 659
620 660
620 661
620 665
620 666
620 667
620 668
620 673
620 675
620 676
620 677
620 678
620 679
620 680
620 682
620 683
620 684
620 685
620 686
620 688
620 689
620 690
620 691
620 692
620 693
620 694
620 695
620 696
620 697
620 698
620 699
620 700
620 701
620 704
620 705
620 706
620 708
620 709
620 713
620 714
620 715
620 717
620 718
620 720
620 721
620 722
620 723
620 725
620 728
620 729
620 730
620 731
620 732
620 734
620 735
620 736
620 737
620 738
620 739
620 740
620 741
620 742
620 743
620 745
620 746
620 747
620 748
620 501
620 502
620 503
620 506
620 507
620 508
620 509
620 510
620 511
620 753
620 758
620 763
620 791
620 815
620 825
620 841
620 844
620 870
620 880
620 894
620 903
620 905
620 906
620 912
620 919
620 931
620 933
620 934
620 939
620 942
620 954
620 955
620 973
620 984
620 989
620 990
621 622
621 625
621 626
621 627
621 630
621 632
621 633
621 634
621 636
621 637
621 638
621 640
621 641
621 643
621 646
621 647
621 648
621 649
621 650
621 652
621 653
621 654
621 655
621 656
621 657
621 658
621 659
621 660
621 666
621 667
621 669
621 672
621 673
621 674
621 675
621 676
621 677
621 680
621 682
621 683
621 684
621 685
621 686
621 687
621 689
621 690
621 692
621 697
621 698
621 699
621 702
621 703
621 704
621 705
621 708
621 709
621 711
621 712
621 714
621 715
621 717
621 720
621 721
621 722
621 723
621 724
621 725
621 726
621 729
621 730
621 731
621 732
621 733
621 734
621 735
621 736
621 737
621 739
621 741
621 742
621 743
621 744
621 745
621 746
621 747
621 748
621 749
621 500
621 501
621 505
621 507
621 508
621 509
621 511
621 751
621 756
621 757
621 760
621 764
621 769
621 793
621 804
621 815
621 825
621 830
621 835
621 838
621 850
621 852
621 854
621 861
621 867
621 868
621 881
621 900
621 907
621 919
621 926
621 966
621 975
621 979
621 982
621 991
622 624
622 625
622 626
622 627
622 628
622 631
622 632
622 634
622 635
622 636
622 637
622 639
622 641
622 642
622 643
622 644
622 646
622 648
622 651
622 652
622 653
622 655
622 656
622 657
622 659
622 661
622 662
622 664
622 665
622 666
622 667
622 668
622 669
622 670
622 671
622 672
622 674
622 675
622 676
622 677
622 679
622 680
622 681
622 682
622 683
622 684
622 685
622 686
622 688
622 690
622 691
622 692
622 693
622 694
622 695
622 696
622 700
622 701
622 703
622 705
622 706
622 707
622 709
622 710
622 711
622 712
622 713
622 714
622 716
622 719
622 721
622 722
622 723
622 725
622 726
622 727
622 728
622 733
622 735
622 738
622 740
622 741
622 742
622 743
622 745
622 747
622 748
622 749
622 500
622 501
622 502
622 504
622 505
622 506
622 507
622 508
622 509
622 511
622 761
622 782
622 792
622 794
622 804
622 807
622 814
622 816
622 823
622 826
622 835
622 855
622 865
622 877
622 880
622 885
622 891
622 945
622 948
622 951
622 958
622 962
622 982
622 987
623 624
623 625
623 626
623 627
623 628
623 630
623 632
623 633
623 634
623 636
623 637
623 638
623 641
623 642
623 644
623 645
623 647
623 648
623 650
623 651
623 652
623 653
623 654
623 655
623 657
623 658
623 659
623 661
623 663
623 664
623 665
623 667
623 668
623 670
623 672
623 673
623 674
623 678
623 679
623 680
623 681
623 682
623 683
623 684
623 685
623 686
623 687
623 688
623 690
623 691
623 692
623 693
623 695
623 697
623 700
623 701
623 702
623 703
623 704
623 707
623 708
623 709
623 710
623 711
623 713
623 714
623 717
623 722
623 724
623 725
623 726
623 727
623 728
623 732
623 733
623 734
623 735
623 736
623 738
623 741
623 742
623 743
623 744
623 745
623 746
623 748
623 749
623 500
623 501
623 506
623 507
623 508
623 509
623 510
623 761
623 773
623 789
623 790
623 795
623 802
623 808
623 823
623 826
623 834
623 838
623 849
623 873
623 887
623 889
623 890
623 894
623 898
623 902
623 903
623 910
623 938
623 940
623 947
623 955
623 956
623 972
623 973
623 991
623 994
623 997
624 625
624 626
624 627
624 629
624 630
624 631
624 632
624 633
624 634
624 635
624 636
624 637
624 638
624 639
624 640
624 641
624 642
624 643
624 644
624 646
624 647
624 648
624 649
624 650
624 653
624 654
624 655
624 656
624 657
624 659
624 661
624 662
624 664
624 665
624 666
624 667
624 668
624 669
624 670
624 671
624 672
624 673
624 674
624 675
624 676
624 678
624 679
624 680
624 683
624 684
624 686
624 687
624 688
624 690
624 693
624 694
624 695
624 697
624 698
624 699
624 700
624 702
624 704
624 705
624 706
624 707
624 708
624 710
624 712
624 716
624 717
624 718
624 719
624 721
624 723
624 724
624 726
624 727
624 731
624 732
624 733
624 735
624 736
624 738
624 739
624 740
624 742
624 743
624 744
624 746
624 747
624 500
624 503
624 504
624 505
624 507
624 508
624 511
624 762
624 773
624 782
624 786
624 792
624 795
624 809
624 818
624 821
624 824
624 840
624 850
624 855
624 876
624 885
624 904
624 908
624 918
624 919
624 923
624 924
624 928
624 939
624 943
624 945
624 949
624 961
624 966
624 976
625 628
625 629
625 630
625 633
625 634
625 635
625 638
625 639
625 640
625 642
625 643
625 644
625 645
625 646
625 647
625 648
625 649
625 650
625 652
625 654
625 656
625 657
625 658
625 660
625 661
625 662
625 663
625 664
625 667
625 669
625 670
625 671
625 673
625 674
625 676
625 678
625 680
625 682
625 683
625 684
625 685
625 686
625 687
625 688
625 691
625 692
625 693
625 694
625 696
625 697
625 698
625 699
625 703
625 704
625 705
625 706
625 708
625 710
625 711
625 714
625 715
625 717
625 718
625 720
625 721
625 722
625 723
625 725
625 727
625 728
625 734
625 735
625 736
625 738
625 740
625 742
625 744
625 746
625 747
625 748
625 749
625 501
625 502
625 504
625 506
625 508
625 509
625 769
625 773
625 789
625 793
625 800
625 825
625 829
625 830
625 840
625 842
625 846
625 848
625 849
625 853
625 863
625 896
625 904
625 911
625 933
625 942
625 943
625 957
625 973
625 985
625 996
626 627
626 630
626 633
626 634
626 635
626 636
626 637
626 638
626 639
626 640
626 641
626 642
626 643
626 644
626 649
626 650
626 651
626 652
626 653
626 654
626 655
626 656
626 657
626 658
626 659
626 660
626 661
626 662
626 663
626 664
626 666
626 667
626 668
626 669
626 671
626 672
626 674
626 677
626 679
626 681
626 683
626 685
626 686
626 689
626 690
626 691
626 692
626 693
626 696
626 697
626 698
626 700
626 701
626 702
626 703
626 704
626 705
626 706
626 708
626 709
626 711
626 712
626 713
626 715
626 716
626 717
626 720
626 721
626 722
626 723
626 725
626 726
626 727
626 728
626 729
626 730
626 732
626 733
626 736
626 737
626 738
626 742
626 743
626 746
626 747
626 748
626 749
626 500
626 502
626 505
626 506
626 507
626 508
626 509
626 510
626 511
626 757
626 760
626 763
626 772
626 779
626 780
626 786
626 795
626 798
626 801
626 803
626 809
626 837
626 844
626 852
626 861
626 878
626 897
626 899
626 918
626 929
626 933
626 937
626 943
626 947
626 963
626 964
626 971
626 976
626 988
626 991
626 993
626 994
627 628
627 631
627 634
627 635
627 638
627 640
627 641
627 643
627 645
627 646
627 647
627 648
627 649
627 650
627 651
627 652
627 653
627 654
627 655
627 657
627 660
627 661
627 662
627 663
627 664
627 665
627 666
627 667
627 669
627 670
627 671
627 673
627 674
627 675
627 676
627 677
627 678
627 679
627 680
627 681
627 682
627 683
627 684
627 685
627 686
627 687
627 690
627 692
627 694
627 696
627 697
627 698
627 699
627 700
627 702
627 704
627 706
627 709
627 711
627 714
627 716
627 717
627 719
627 721
627 722
627 723
627 726
627 728
627 729
627 731
627 733
627 735
627 736
627 737
627 738
627 742
627 743
627 744
627 745
627 747
627 748
627 500
627 502
627 503
627 504
627 505
627 506
627 507
627 508
627 510
627 511
627 751
627 755
627 766
627 767
627 809
627 828
627 848
627 858
627 885
627 890
627 900
627 960
627 961
627 964
627 965
627 966
627 974
628 629
628 630
628 631
628 632
628 633
628 634
628 636
628 637
628 638
628 640
628 641
628 642
628 646
628 647
628 649
628 651
628 652
628 653
628 654
628 656
628 657
628 658
628 659
628 663
628 665
628 666
628 667
628 668
628 669
628 670
628 671
628 672
628 673
628 675
628 676
628 677
628 678
628 680
628 681
628 683
628 686
628 687
628 688
628 689
628 690
628 691
628 692
628 693
628 694
628 695
628 696
628 697
628 699
628 701
628 702
628 705
628 707
628 708
628 710
628 712
628 715
628 716
628 717
628 718
628 719
628 720
628 722
628 723
628 724
628 726
628 727
628 728
628 731
628 734
628 735
628 736
628 737
628 738
628 739
628 741
628 742
628 743
628 745
628 747
628 748
628 749
628 500
628 501
628 503
628 504
628 505
628 506
628 508
628 510
628 755
628 759
628 764
628 785
628 789
628 805
628 806
628 811
628 812
628 821
628 825
628 830
628 833
628 836
628 837
628 838
628 845
628 870
628 880
628 889
628 891
628 892
628 898
628 905
628 906
628 939
628 943
628 959
628 967
628 970
628 977
628 988
628 995
629 631
629 632
629 633
629 634
629 635
629 636
629 638
629 640
629 641
629 642
629 644
629 645
629 646
629 647
629 649
629 650
629 651
629 652
629 654
629 655
629 656
629 657
629 658
629 659
629 660
629 661
629 662
629 663
629 664
629 665
629 667
629 668
629 671
629 672
629 673
629 674
629 675
629 676
629 677
629 678
629 679
629 680
629 681
629 682
629 685
629 686
629 687
629 688
629 690
629 691
629 692
629 693
629 694
629 696
629 697
629 699
629 701
629 704
629 705
629 706
629 707
629 708
629 709
629 710
629 712
629 713
629 715
629 719
629 720
629 722
629 723
629 724
629 725
629 727
629 728
629 730
629 731
629 734
629 738
629 740
629 741
629 742
629 743
629 744
629 746
629 747
629 748
629 749
629 501
629 502
629 503
629 504
629 505
629 507
629 508
629 509
629 510
629 754
629 762
629 769
629 784
629 793
629 794
629 820
629 825
629 830
629 834
629 866
629 870
629 873
629 877
629 878
629 881
629 882
629 889
629 899
629 900
629 939
629 940
629 944
629 956
629 971
630 631
630 632
630 634
630 635
630 637
630 638
630 641
630 642
630 643
630 645
630 646
630 648
630 649
630 650
630 652
630 653
630 654
630 655
630 657
630 658
630 659
630 660
630 661
630 662
630 663
630 665
630 667
630 669
630 670
630 671
630 672
630 673
630 676
630 680
630 681
630 682
630 683
630 687
630 688
630 689
630 690
630 692
630 695
630 696
630 697
630 698
630 699
630 700
630 701
630 702
630 703
630 704
630 705
630 707
630 709
630 710
630 712
630 713
630 715
630 716
630 717
630 720
630 721
630 722
630 723
630 724
630 727
630 730
630 731
630 734
630 735
630 736
630 737
630 738
630 739
630 740
630 741
630 742
630 743
630 744
630 748
630 749
630 500
630 502
630 504
630 506
630 507
630 508
630 509
630 752
630 785
630 787
630 802
630 826
630 832
630 837
630 846
630 849
630 853
630 871
630 876
630 885
630 896
630 905
630 915
630 922
630 925
630 932
630 937
630 938
630 943
630 960
630 969
631 632
631 633
631 634
631 635
631 637
631 640
631 641
631 642
631 645
631 646
631 647
631 648
631 649
631 650
631 652
631 653
631 654
631 655
631 656
631 657
631 658
631 659
631 660
631 663
631 664
631 665
631 666
631 669
631 671
631 672
631 673
631 674
631 676
631 677
631 678
631 679
631 680
631 681
631 682
631 683
631 684
631 686
631 688
631 689
631 690
631 691
631 692
631 693
631 694
631 695
631 698
631 699
631 700
631 701
631 702
631 703
631 705
631 706
631 709
631 711
631 712
631 713
631 715
631 718
631 720
631 722
631 723
631 724
631 726
631 727
631 730
631 731
631 732
631 734
631 736
631 738
631 739
631 740
631 741
631 743
631 744
631 747
631 748
631 749
631 501
631 502
631 503
631 505
631 507
631 509
631 510
631 511
631 778
631 809
631 813
631 824
631 827
631 855
631 879
631 888
631 909
631 926
631 932
631 957
631 961
631 962
631 996
632 633
632 634
632 636
632 637
632 638
632 639
632 640
632 641
632 642
632 643
632 644
632 646
632 647
632 648
632 649
632 652
632 653
632 654
632 656
632 658
632 659
632 660
632 661
632 662
632 663
632 665
632 666
632 668
632 669
632 670
632 671
632 673
632 674
632 675
632 676
632 677
632 679
632 681
632 682
632 684
632 685
632 686
632 687
632 688
632 689
632 690
632 691
632 692
632 693
632 694
632 696
632 699
632 700
632 701
632 702
632 703
632 704
632 705
632 706
632 707
632 709
632 710
632 711
632 712
632 713
632 714
632 715
632 716
632 717
632 718
632 719
632 720
632 721
632 723
632 724
632 725
632 726
632 727
632 728
632 729
632 731
632 732
632 733
632 734
632 735
632 736
632 737
632 739
632 741
632 742
632 743
632 746
632 747
632 749
632 500
632 501
632 502
632 503
632 504
632 505
632 506
632 507
632 508
632 509
632 510
632 756
632 759
632 761
632 766
632 811
632 815
632 818
632 834
632 840
632 847
632 867
632 871
632 883
632 897
632 910
632 931
632 937
632 946
632 965
632 977
632 998
632 999
633 634
633 636
633 638
633 639
633 640
633 641
633 642
633 644
633 645
633 646
633 647
633 648
633 649
633 651
633 652
633 653
633 655
633 656
633 657
633 658
633 659
633 660
633 661
633 662
633 665
633 666
633 667
633 669
633 671
633 672
633 673
633 674
633 676
633 678
633 679
633 680
633 682
633 683
633 684
633 686
633 687
633 689
633 690
633 693
633 694
633 695
633 696
633 697
633 698
633 699
633 701
633 702
633 703
633 704
633 706
633 707
633 708
633 710
633 712
633 714
633 715
633 716
633 717
633 718
633 719
633 720
633 723
633 724
633 726
633 728
633 730
633 731
633 733
633 735
633 736
633 738
633 739
633 740
633 741
633 743
633 744
633 745
633 746
633 747
633 748
633 749
633 500
633 501
633 503
633 504
633 506
633 507
633 508
633 511
633 751
633 752
633 754
633 761
633 763
633 767
633 771
633 792
633 801
633 807
633 821
633 854
633 873
633 894
633 900
633 915
633 930
633 947
633 950
633 959
633 966
633 974
633 977
633 984
633 994
633 999
634 635
634 636
634 639
634 642
634 644
634 645
634 646
634 647
634 648
634 650
634 651
634 652
634 653
634 654
634 657
634 661
634 662
634 663
634 664
634 665
634 666
634 668
634 669
634 670
634 671
634 672
634 673
634 674
634 675
634 676
634 678
634 679
634 681
634 682
634 683
634 685
634 687
634 688
634 689
634 690
634 691
634 692
634 693
634 694
634 695
634 697
634 700
634 701
634 702
634 703
634 705
634 707
634 709
634 710
634 712
634 713
634 714
634 717
634 720
634 721
634 722
634 725
634 727
634 729
634 730
634 731
634 733
634 734
634 735
634 736
634 738
634 739
634 740
634 742
634 743
634 744
634 746
634 749
634 501
634 503
634 505
634 506
634 508
634 509
634 510
634 751
634 752
634 760
634 797
634 798
634 811
634 822
634 831
634 838
634 863
634 868
634 870
634 884
634 897
634 905
634 927
634 961
634 974
634 987
634 988
635 636
635 637
635 639
635 641
635 642
635 644
635 645
635 646
635 648
635 649
635 650
635 652
635 653
635 654
635 655
635 656
635 657
635 659
635 660
635 662
635 663
635 664
635 665
635 666
635 667
635 668
635 669
635 670
635 671
635 672
635 675
635 676
635 677
635 678
635 679
635 680
635 682
635 684
635 686
635 689
635 690
635 691
635 692
635 695
635 696
635 698
635 700
635 701
635 702
635 703
635 704
635 705
635 707
635 708
635 709
635 710
635 711
635 712
635 715
635 716
635 718
635 719
635 720
635 722
635 723
635 724
635 725
635 726
635 727
635 728
635 729
635 730
635 731
635 732
635 733
635 734
635 735
635 737
635 742
635 743
635 744
635 746
635 747
635 748
635 749
635 500
635 501
635 502
635 503
635 504
635 506
635 507
635 510
635 761
635 766
635 769
635 773
635 780
635 786
635 800
635 808
635 810
635 817
635 827
635 832
635 835
635 838
635 843
635 846
635 854
635 856
635 857
635 859
635 860
635 898
635 911
635 913
635 915
635 954
635 955
635 956
635 963
635 970
635 973
635 982
635 989
635 995
636 638
636 639
636 640
636 641
636 643
636 645
636 646
636 647
636 648
636 650
636 651
636 652
636 654
636 655
636 657
636 659
636 660
636 663
636 664
636 667
636 670
636 671
636 672
636 674
636 675
636 676
636 679
636 680
636 682
636 683
636 684
636 686
636 687
636 688
636 689
636 690
636 691
636 693
636 694
636 696
636 698
636 699
636 701
636 702
636 703
636 704
636 706
636 712
636 713
636 714
636 716
636 717
636 720
636 721
636 722
636 723
636 724
636 725
636 726
636 727
636 728
636 729
636 730
636 732
636 734
636 738
636 739
636 740
636 741
636 742
636 743
636 745
636 746
636 748
636 500
636 503
636 504
636 505
636 506
636 507
636 509
636 510
636 511
636 757
636 762
636 770
636 776
636 787
636 801
636 814
636 829
636 842
636 848
636 852
636 870
636 915
636 923
636 928
636 944
636 965
636 970
636 971
636 977
636 978
636 980
637 638
637 640
637 641
637 642
637 643
637 645
637 646
637 647
637 648
637 649
637 650
637 653
637 655
637 657
637 658
637 659
637 660
637 661
637 662
637 665
637 666
637 667
637 669
637 671
637 673
637 676
637 677
637 678
637 679
637 680
637 681
637 682
637 684
637 685
637 686
637 687
637 688
637 691
637 693
637 694
637 695
637 696
637 697
637 699
637 700
637 701
637 702
637 703
637 704
637 705
637 706
637 707
637 708
637 710
637 711
637 712
637 713
637 714
637 715
637 716
637 717
637 719
637 722
637 726
637 728
637 729
637 730
637 731
637 733
637 734
637 736
637 737
637 740
637 741
637 742
637 743
637 745
637 746
637 747
637 749
637 500
637 504
637 505
637 506
637 507
637 508
637 511
637 758
637 767
637 773
637 780
637 794
637 796
637 838
637 847
637 850
637 851
637 865
637 869
637 870
637 886
637 900
637 929
637 935
637 938
637 940
637 965
637 967
637 987
637 989
637 996
638 643
638 644
638 645
638 646
638 647
638 648
638 649
638 650
638 653
638 654
638 655
638 656
638 658
638 659
638 660
638 661
638 662
638 665
638 667
638 668
638 669
638 670
638 671
638 672
638 673
638 674
638 675
638 677
638 678
638 680
638 682
638 683
638 684
638 685
638 688
638 690
638 691
638 692
638 693
638 694
638 695
638 698
638 700
638 701
638 703
638 704
638 705
638 706
638 707
638 710
638 712
638 713
638 714
638 715
638 717
638 720
638 721
638 723
638 725
638 726
638 730
638 731
638 733
638 735
638 737
638 738
638 740
638 741
638 743
638 746
638 747
638 748
638 749
638 500
638 501
638 504
638 506
638 507
638 509
638 511
638 758
638 761
638 788
638 792
638 801
638 802
638 812
638 828
638 831
638 888
638 917
638 923
638 932
638 960
638 966
638 975
638 976
638 990
638 993
639 640
639 641
639 642
639 643
639 644
639 645
639 646
639 648
639 649
639 650
639 652
639 653
639 654
639 656
639 659
639 662
639 663
639 664
639 665
639 667
639 668
639 669
639 670
639 673
639 676
639 678
639 681
639 682
639 684
639 685
639 686
639 687
639 688
639 690
639 691
639 692
639 693
639 694
639 695
639 697
639 701
639 702
639 704
639 706
639 707
639 708
639 709
639 710
639 712
639 713
639 714
639 717
639 718
639 719
639 722
639 724
639 725
639 726
639 728
639 730
639 733
639 734
639 735
639 736
639 738
639 739
639 740
639 741
639 742
639 745
639 747
639 749
639 500
639 501
639 502
639 503
639 504
639 509
639 510
639 511
639 757
639 769
639 788
639 803
639 807
639 808
639 814
639 815
639 820
639 830
639 837
639 843
639 844
639 861
639 863
639 865
639 868
639 877
639 883
639 907
639 919
639 922
639 928
639 931
639 941
639 983
639 991
639 992
639 995
640 641
640 642
640 644
640 646
640 647
640 648
640 649
640 650
640 651
640 652
640 654
640 655
640 656
640 657
640 658
640 660
640 663
640 664
640 666
640 667
640 668
640 669
640 670
640 672
640 673
640 674
640 675
640 676
640 677
640 678
640 681
640 682
640 684
640 687
640 688
640 689
640 690
640 691
640 693
640 694
640 695
640 697
640 698
640 699
640 700
640 701
640 702
640 703
640 704
640 706
640 707
640 708
640 709
640 710
640 713
640 714
640 717
640 718
640 719
640 721
640 723
640 724
640 726
640 728
640 730
640 731
640 732
640 733
640 735
640 736
640 738
640 739
640 742
640 743
640 744
640 745
640 748
640 749
640 503
640 504
640 505
640 506
640 509
640 510
640 511
640 757
640 765
640 772
640 809
640 812
640 813
640 831
640 834
640 839
640 865
640 893
640 895
640 903
640 943
640 944
640 947
640 949
640 957
640 960
640 965
640 966
640 982
640 983
640 997
641 642
641 643
641 646
641 647
641 649
641 650
641 651
641 652
641 653
641 654
641 655
641 656
641 657
641 658
641 659
641 661
641 662
641 663
641 664
641 665
641 666
641 667
641 668
641 671
641 673
641 674
641 675
641 676
641 677
641 678
641 679
641 680
641 681
641 682
641 684
641 685
641 686
641 688
641 689
641 690
641 692
641 693
641 695
641 696
641 698
641 702
641 703
641 704
641 705
641 706
641 708
641 709
641 710
641 711
641 712
641 713
641 715
641 718
641 720
641 721
641 723
641 724
641 725
641 727
641 728
641 729
641 731
641 732
641 733
641 734
641 735
641 737
641 738
641 739
641 740
641 741
641 742
641 744
641 745
641 746
641 747
641 748
641 749
641 500
641 501
641 503
641 504
641 505
641 506
641 508
641 510
641 511
641 753
641 760
641 766
641 788
641 794
641 813
641 834
641 836
641 838
641 842
641 849
641 866
641 869
641 904
641 905
641 909
641 910
641 924
641 959
641 964
641 971
641 974
641 978
641 981
642 645
642 647
642 649
642 650
642 651
642 653
642 654
642 655
642 657
642 658
642 659
642 660
642 663
642 664
642 665
642 666
642 667
642 668
642 670
642 673
642 676
642 677
642 678
642 679
642 680
642 681
642 683
642 684
642 685
642 687
642 689
642 690
642 691
642 692
642 695
642 696
642 698
642 699
642 700
642 701
642 702
642 704
642 706
642 707
642 708
642 709
642 710
642 712
642 714
642 716
642 717
642 718
642 719
642 720
642 721
642 723
642 724
642 725
642 728
642 729
642 730
642 731
642 732
642 733
642 734
642 735
642 736
642 737
642 739
642 740
642 741
642 742
642 745
642 746
642 747
642 748
642 749
642 501
642 503
642 504
642 507
642 508
642 510
642 755
642 761
642 768
642 776
642 787
642 818
642 820
642 825
642 841
642 846
642 851
642 853
642 854
642 858
642 859
642 873
642 880
642 896
642 900
642 918
642 920
642 928
642 935
642 945
642 960
642 966
642 984
642 993
642 997
643 644
643 645
643 646
643 649
643 651
643 652
643 653
643 654
643 655
643 656
643 657
643 658
643 660
643 662
643 663
643 664
643 665
643 666
643 669
643 670
643 671
643 672
643 674
643 675
643 676
643 678
643 679
643 680
643 682
643 683
643 686
643 688
643 690
643 695
643 697
643 698
643 699
643 701
643 702
643 704
643 707
643 708
643 709
643 710
643 713
643 714
643 715
643 718
643 719
643 720
643 721
643 722
643 723
643 724
643 725
643 726
643 727
643 728
643 729
643 731
643 732
643 733
643 734
643 736
643 737
643 738
643 739
643 740
643 741
643 742
643 745
643 748
643 749
643 500
643 502
643 503
643 504
643 505
643 506
643 507
643 508
643 509
643 510
643 768
643 784
643 788
643 790
643 792
643 815
643 849
643 867
643 869
643 870
643 874
643 885
643 894
643 905
643 915
643 922
643 927
643 941
643 950
643 967
643 983
643 990
643 998
644 646
644 647
644 648
644 649
644 650
644 651
644 652
644 653
644 654
644 656
644 657
644 658
644 659
644 660
644 661
644 664
644 665
644 666
644 667
644 669
644 670
644 671
644 672
644 674
644 675
644 676
644 677
644 679
644 680
644 681
644 682
644 683
644 685
644 686
644 688
644 689
644 692
644 693
644 694
644 696
644 697
644 699
644 700
644 701
644 704
644 705
644 706
644 708
644 710
644 711
644 713
644 715
644 716
644 717
644 718
644 719
644 720
644 721
644 723
644 727
644 728
644 729
644 731
644 732
644 733
644 734
644 735
644 736
644 737
644 738
644 739
644 740
644 742
644 743
644 745
644 747
644 749
644 500
644 501
644 502
644 503
644 505
644 506
644 507
644 508
644 510
644 511
644 756
644 769
644 789
644 795
644 797
644 801
644 822
644 823
644 824
644 840
644 843
644 846
644 850
644 856
644 859
644 870
644 872
644 875
644 886
644 893
644 903
644 904
644 908
644 910
644 913
644 916
644 920
644 924
644 937
644 941
644 952
644 957
644 959
644 966
644 990
644 998
645 646
645 647
645 648
645 649
645 652
645 653
645 654
645 655
645 656
645 657
645 658
645 660
645 661
645 663
645 665
645 667
645 668
645 669
645 670
645 671
645 673
645 674
645 675
645 677
645 678
645 679
645 680
645 682
645 683
645 685
645 686
645 687
645 689
645 690
645 692
645 694
645 695
645 696
645 697
645 698
645 699
645 700
645 701
645 702
645 703
645 704
645 705
645 706
645 707
645 709
645 710
645 711
645 712
645 713
645 714
645 715
645 716
645 717
645 718
645 720
645 721
645 723
645 725
645 727
645 728
645 729
645 730
645 731
645 732
645 735
645 738
645 740
645 741
645 743
645 744
645 745
645 747
645 749
645 501
645 502
645 505
645 506
645 507
645 765
645 766
645 769
645 785
645 789
645 796
645 797
645 805
645 818
645 826
645 835
645 852
645 856
645 866
645 867
645 868
645 870
645 880
645 893
645 903
645 904
645 910
645 924
645 932
645 947
645 960
645 966
645 975
645 981
645 982
645 991
645 994
646 647
646 648
646 649
646 651
646 653
646 655
646 656
646 657
646 658
646 659
646 660
646 661
646 663
646 664
646 666
646 667
646 668
646 669
646 671
646 672
646 673
646 675
646 676
646 679
646 680
646 684
646 685
646 688
646 689
646 690
646 691
646 692
646 693
646 694
646 695
646 696
646 698
646 699
646 700
646 701
646 702
646 703
646 704
646 705
646 707
646 708
646 709
646 711
646 712
646 713
646 714
646 716
646 717
646 718
646 719
646 722
646 723
646 724
646 725
646 727
646 728
646 730
646 732
646 733
646 735
646 738
646 740
646 741
646 742
646 744
646 745
646 746
646 748
646 749
646 501
646 502
646 504
646 505
646 506
646 507
646 754
646 755
646 759
646 770
646 784
646 790
646 797
646 807
646 817
646 820
646 834
646 842
646 843
646 856
646 870
646 893
646 896
646 902
646 913
646 919
646 920
646 923
646 926
646 927
646 928
646 936
646 949
646 956
646 958
646 960
646 964
646 984
647 648
647 649
647 650
647 651
647 652
647 655
647 656
647 658
647 659
647 660
647 661
647 662
647 663
647 665
647 668
647 669
647 670
647 671
647 672
647 674
647 677
647 680
647 681
647 683
647 684
647 686
647 687
647 688
647 689
647 692
647 693
647 694
647 696
647 697
647 698
647 699
647 702
647 703
647 704
647 705
647 706
647 707
647 709
647 710
647 711
647 712
647 713
647 714
647 719
647 721
647 725
647 726
647 727
647 728
647 729
647 731
647 733
647 734
647 736
647 741
647 743
647 744
647 745
647 746
647 747
647 748
647 500
647 501
647 502
647 504
647 507
647 508
647 510
647 511
647 750
647 753
647 775
647 791
647 802
647 805
647 836
647 840
647 847
647 850
647 853
647 854
647 863
647 875
647 891
647 914
647 915
647 919
647 938
647 942
647 954
647 965
647 966
647 971
647 978
647 982
647 985
647 997
648 649
648 651
648 652
648 653
648 654
648 656
648 658
648 662
648 663
648 664
648 666
648 667
648 668
648 669
648 670
648 671
648 672
648 674
648 675
648 676
648 677
648 679
648 680
648 683
648 684
648 688
648 689
648 690
648 691
648 692
648 694
648 695
648 696
648 697
648 698
648 699
648 701
648 703
648 704
648 705
648 706
648 708
648 709
648 712
648 713
648 714
648 718
648 719
648 721
648 722
648 723
648 724
648 725
648 726
648 727
648 730
648 731
648 732
648 734
648 735
648 736
648 737
648 738
648 739
648 740
648 743
648 744
648 746
648 747
648 500
648 501
648 502
648 510
648 752
648 767
648 770
648 775
648 783
648 802
648 806
648 810
648 812
648 815
648 818
648 825
648 826
648 827
648 830
648 842
648 858
648 865
648 881
648 895
648 903
648 905
648 909
648 921
648 929
648 937
648 958
648 987
649 650
649 651
649 652
649 653
649 655
649 656
649 657
649 658
649 659
649 661
649 662
649 663
649 664
649 665
649 666
649 667
649 669
649 671
649 672
649 673
649 674
649 675
649 676
649 677
649 679
649 680
649 681
649 682
649 683
649 684
649 685
649 686
649 688
649 690
649 691
649 693
649 695
649 696
649 697
649 698
649 699
649 701
649 702
649 703
649 704
649 706
649 708
649 710
649 713
649 714
649 715
649 716
649 718
649 720
649 722
649 723
649 727
649 728
649 730
649 732
649 733
649 735
649 736
649 737
649 738
649 739
649 740
649 741
649 742
649 743
649 744
649 746
649 747
649 748
649 749
649 500
649 502
649 505
649 506
649 507
649 508
649 510
649 511
649 755
649 779
649 781
649 782
649 799
649 819
649 835
649 839
649 843
649 857
649 868
649 874
649 879
649 880
649 894
649 911
649 952
649 954
649 974
649 992
649 999
650 651
650 652
650 653
650 654
650 655
650 656
650 657
650 660
650 661
650 662
650 664
650 665
650 666
650 667
650 668
650 669
650 670
650 671
650 673
650 674
650 677
650 679
650 681
650 682
650 683
650 684
650 685
650 687
650 688
650 692
650 693
650 697
650 699
650 700
650 701
650 702
650 703
650 704
650 705
650 707
650 709
650 710
650 711
650 712
650 713
650 714
650 715
650 716
650 720
650 721
650 723
650 724
650 725
650 727
650 728
650 731
650 732
650 733
650 734
650 737
650 738
650 739
650 740
650 741
650 742
650 743
650 744
650 745
650 746
650 748
650 749
650 501
650 502
650 503
650 504
650 505
650 507
650 508
650 509
650 510
650 511
650 752
650 754
650 762
650 769
650 775
650 782
650 800
650 801
650 806
650 814
650 830
650 833
650 836
650 841
650 862
650 881
650 883
650 884
650 888
650 891
650 893
650 899
650 924
650 931
650 950
650 955
650 957
650 971
650 977
650 999
651 652
651 653
651 654
651 656
651 657
651 659
651 660
651 661
651 663
651 664
651 665
651 666
651 667
651 668
651 669
651 670
651 671
651 672
651 673
651 674
651 675
651 676
651 677
651 678
651 679
651 681
651 682
651 683
651 684
651 685
651 686
651 687
651 688
651 689
651 690
651 691
651 692
651 694
651 695
651 696
651 697
651 698
651 701
651 703
651 704
651 705
651 706
651 707
651 708
651 709
651 710
651 712
651 713
651 714
651 715
651 716
651 717
651 718
651 719
651 722
651 724
651 726
651 728
651 729
651 730
651 732
651 734
651 736
651 737
651 738
651 740
651 741
651 743
651 744
651 745
651 746
651 748
651 749
651 500
651 501
651 502
651 504
651 505
651 506
651 509
651 510
651 511
651 773
651 776
651 777
651 782
651 783
651 785
651 787
651 797
651 805
651 810
651 848
651 852
651 869
651 874
651 888
651 906
651 921
651 925
651 936
651 937
651 946
651 949
651 950
651 954
651 955
651 965
651 966
651 977
651 978
651 990
651 992
652 654
652 656
652 658
652 661
652 662
652 663
652 664
652 666
652 668
652 669
652 672
652 673
652 676
652 677
652 678
652 679
652 680
652 681
652 682
652 684
652 686
652 689
652 690
652 692
652 693
652 694
652 695
652 696
652 697
652 698
652 699
652 701
652 702
652 703
652 704
652 708
652 709
652 710
652 711
652 713
652 717
652 720
652 721
652 722
652 723
652 725
652 726
652 727
652 729
652 730
652 731
652 732
652 733
652 734
652 735
652 736
652 737
652 739
652 741
652 742
652 743
652 747
652 748
652 749
652 502
652 504
652 507
652 508
652 510
652 511
652 758
652 762
652 772
652 783
652 787
652 794
652 801
652 819
652 829
652 841
652 842
652 854
652 858
652 864
652 884
652 897
652 900
652 903
652 912
652 925
652 929
652 943
652 963
652 970
652 976
652 991
653 654
653 655
653 657
653 658
653 659
653 660
653 661
653 662
653 663
653 665
653 667
653 668
653 670
653 674
653 675
653 677
653 678
653 680
653 681
653 682
653 684
653 685
653 686
653 687
653 689
653 690
653 691
653 692
653 693
653 694
653 695
653 696
653 697
653 698
653 699
653 700
653 701
653 702
653 703
653 704
653 706
653 707
653 708
653 710
653 711
653 712
653 713
653 714
653 715
653 716
653 717
653 718
653 720
653 722
653 724
653 725
653 727
653 728
653 729
653 730
653 731
653 733
653 734
653 736
653 737
653 738
653 739
653 740
653 742
653 744
653 746
653 747
653 749
653 500
653 501
653 502
653 503
653 504
653 505
653 506
653 507
653 508
653 509
653 510
653 511
653 760
653 800
653 812
653 813
653 836
653 847
653 854
653 872
653 888
653 892
653 927
653 950
653 953
653 959
654 655
654 656
654 658
654 659
654 661
654 662
654 664
654 665
654 666
654 667
654 669
654 670
654 671
654 672
654 673
654 674
654 675
654 677
654 678
654 679
654 680
654 682
654 683
654 685
654 687
654 689
654 690
654 692
654 694
654 696
654 697
654 698
654 699
654 701
654 702
654 704
654 705
654 706
654 709
654 710
654 711
654 712
654 715
654 716
654 717
654 718
654 719
654 720
654 721
654 722
654 723
654 724
654 725
654 726
654 727
654 728
654 730
654 733
654 734
654 736
654 737
654 739
654 740
654 741
654 744
654 746
654 747
654 748
654 501
654 504
654 506
654 507
654 508
654 509
654 510
654 756
654 759
654 773
654 774
654 796
654 802
654 821
654 829
654 843
654 855
654 859
654 860
654 863
654 866
654 872
654 874
654 876
654 891
654 916
654 920
654 929
654 954
654 961
654 965
654 966
654 974
654 977
654 980
654 983
654 984
654 986
655 657
655 658
655 660
655 661
655 663
655 664
655 665
655 666
655 667
655 668
655 669
655 670
655 673
655 675
655 678
655 679
655 681
655 682
655 683
655 684
655 685
655 686
655 687
655 688
655 689
655 692
655 693
655 694
655 695
655 696
655 697
655 698
655 699
655 700
655 701
655 702
655 703
655 705
655 707
655 708
655 709
655 710
655 712
655 713
655 714
655 715
655 718
655 719
655 721
655 722
655 724
655 728
655 729
655 731
655 732
655 733
655 734
655 735
655 736
655 739
655 740
655 741
655 742
655 745
655 746
655 747
655 500
655 501
655 503
655 504
655 505
655 507
655 508
655 509
655 510
655 511
655 750
655 755
655 762
655 764
655 770
655 784
655 790
655 797
655 803
655 811
655 812
655 818
655 822
655 831
655 836
655 838
655 841
655 845
655 848
655 852
655 859
655 860
655 866
655 879
655 885
655 896
655 918
655 950
655 951
655 991
656 657
656 659
656 662
656 663
656 664
656 665
656 666
656 667
656 668
656 669
656 670
656 671
656 673
656 674
656 675
656 677
656 678
656 680
656 681
656 682
656 683
656 684
656 686
656 688
656 689
656 691
656 692
656 694
656 695
656 696
656 697
656 698
656 699
656 701
656 702
656 703
656 704
656 706
656 707
656 710
656 711
656 712
656 713
656 714
656 715
656 717
656 718
656 719
656 721
656 722
656 724
656 725
656 728
656 730
656 731
656 732
656 733
656 734
656 735
656 736
656 737
656 738
656 741
656 742
656 743
656 745
656 746
656 747
656 748
656 749
656 500
656 501
656 503
656 504
656 505
656 507
656 508
656 510
656 750
656 752
656 770
656 776
656 778
656 801
656 818
656 827
656 829
656 838
656 841
656 858
656 861
656 876
656 884
656 911
656 912
656 915
656 928
656 947
656 978
656 980
656 983
656 984
656 992
657 658
657 659
657 661
657 662
657 663
657 664
657 665
657 666
657 667
657 669
657 670
657 672
657 673
657 675
657 676
657 677
657 678
657 679
657 682
657 683
657 684
657 685
657 687
657 688
657 689
657 690
657 691
657 692
657 693
657 694
657 695
657 698
657 699
657 700
657 701
657 702
657 705
657 706
657 708
657 710
657 711
657 712
657 713
657 714
657 717
657 720
657 721
657 722
657 723
657 727
657 728
657 729
657 732
657 733
657 734
657 735
657 736
657 737
657 739
657 741
657 742
657 744
657 747
657 748
657 749
657 501
657 503
657 506
657 507
657 508
657 509
657 511
657 757
657 764
657 767
657 795
657 815
657 818
657 819
657 825
657 829
657 847
657 849
657 865
657 876
657 881
657 884
657 888
657 899
657 909
657 911
657 914
657 918
657 930
657 939
657 943
657 946
657 957
657 986
657 990
657 995
658 659
658 661
658 662
658 664
658 665
658 667
658 668
658 670
658 671
658 672
658 673
658 675
658 677
658 678
658 679
658 680
658 681
658 684
658 688
658 690
658 692
658 693
658 694
658 696
658 697
658 699
658 700
658 702
658 703
658 704
658 705
658 706
658 708
658 710
658 711
658 712
658 715
658 716
658 718
658 719
658 720
658 721
658 723
658 724
658 725
658 728
658 729
658 730
658 731
658 734
658 735
658 736
658 737
658 738
658 741
658 742
658 743
658 745
658 746
658 748
658 749
658 500
658 501
658 503
658 504
658 505
658 506
658 507
658 508
658 509
658 511
658 789
658 791
658 793
658 794
658 795
658 826
658 828
658 835
658 842
658 844
658 852
658 859
658 875
658 884
658 889
658 895
658 901
658 907
658 920
658 929
658 941
658 961
658 973
658 997
659 660
659 662
659 665
659 666
659 670
659 671
659 672
659 673
659 675
659 676
659 678
659 679
659 680
659 681
659 683
659 684
659 685
659 687
659 689
659 690
659 692
659 693
659 694
659 697
659 699
659 700
659 701
659 702
659 703
659 704
659 705
659 707
659 708
659 711
659 713
659 717
659 718
659 719
659 720
659 722
659 723
659 724
659 725
659 727
659 729
659 730
659 731
659 732
659 733
659 735
659 736
659 737
659 738
659 739
659 740
659 742
659 745
659 746
659 748
659 749
659 500
659 502
659 504
659 505
659 507
659 508
659 509
659 761
659 765
659 768
659 770
659 778
659 795
659 798
659 808
659 824
659 830
659 840
659 843
659 866
659 869
659 884
659 897
659 915
659 946
659 981
660 663
660 665
660 666
660 668
660 669
660 670
660 671
660 672
660 674
660 676
660 677
660 678
660 679
660 681
660 682
660 683
660 684
660 685
660 686
660 689
660 691
660 694
660 695
660 696
660 698
660 699
660 702
660 703
660 705
660 706
660 707
660 709
660 710
660 712
660 713
660 714
660 716
660 718
660 719
660 720
660 721
660 722
660 723
660 724
660 725
660 728
660 729
660 730
660 733
660 735
660 736
660 737
660 738
660 739
660 740
660 741
660 742
660 744
660 745
660 746
660 749
660 501
660 502
660 503
660 504
660 505
660 507
660 508
660 509
660 510
660 511
660 751
660 764
660 765
660 772
660 776
660 781
660 782
660 787
660 798
660 804
660 828
660 829
660 837
660 839
660 841
660 862
660 869
660 884
660 886
660 893
660 898
660 922
660 925
660 936
660 952
660 962
660 965
660 973
660 979
660 986
661 662
661 663
661 664
661 665
661 667
661 674
661 675
661 677
661 678
661 679
661 681
661 682
661 683
661 684
661 685
661 686
661 687
661 688
661 689
661 693
661 694
661 695
661 696
661 697
661 698
661 699
661 700
661 701
661 702
661 703
661 704
661 705
661 706
661 707
661 708
661 709
661 710
661 712
661 713
661 714
661 715
661 716
661 717
661 718
661 719
661 720
661 721
661 724
661 727
661 729
661 730
661 732
661 734
661 735
661 737
661 738
661 739
661 740
661 742
661 743
661 744
661 748
661 500
661 502
661 503
661 504
661 505
661 506
661 507
661 508
661 509
661 510
661 760
661 765
661 806
661 856
661 861
661 864
661 878
661 882
661 900
661 901
661 913
661 924
661 938
661 957
661 967
661 984
661 988
661 993
662 663
662 664
662 665
662 666
662 667
662 668
662 670
662 672
662 674
662 675
662 676
662 677
662 678
662 679
662 680
662 681
662 682
662 684
662 685
662 686
662 688
662 690
662 691
662 692
662 693
662 694
662 697
662 699
662 701
662 702
662 706
662 707
662 708
662 709
662 711
662 712
662 714
662 716
662 717
662 719
662 721
662 722
662 723
662 724
662 725
662 726
662 727
662 728
662 729
662 730
662 731
662 732
662 733
662 735
662 736
662 737
662 740
662 741
662 743
662 744
662 748
662 502
662 506
662 509
662 511
662 755
662 766
662 778
662 784
662 785
662 787
662 790
662 799
662 814
662 829
662 842
662 853
662 889
662 905
662 907
662 913
662 917
662 918
662 919
662 926
662 936
662 950
662 951
662 956
662 965
662 969
662 980
662 989
662 990
663 665
663 666
663 667
663 671
663 676
663 678
663 679
663 680
663 681
663 683
663 684
663 685
663 686
663 687
663 689
663 690
663 691
663 692
663 695
663 697
663 698
663 699
663 700
663 701
663 702
663 704
663 706
663 708
663 711
663 713
663 714
663 715
663 716
663 717
663 718
663 719
663 720
663 722
663 724
663 725
663 726
663 731
663 733
663 734
663 735
663 736
663 739
663 740
663 741
663 742
663 743
663 747
663 748
663 749
663 500
663 501
663 503
663 508
663 509
663 510
663 511
663 762
663 764
663 769
663 775
663 790
663 795
663 805
663 826
663 827
663 829
663 837
663 838
663 842
663 843
663 847
663 848
663 869
663 876
663 888
663 924
663 930
663 935
663 967
663 971
663 974
663 978
663 980
663 984
663 985
663 987
664 666
664 669
664 670
664 671
664 674
664 677
664 678
664 679
664 683
664 685
664 686
664 688
664 690
664 691
664 692
664 693
664 694
664 695
664 696
664 697
664 698
664 699
664 700
664 701
664 702
664 703
664 705
664 706
664 707
664 708
664 709
664 710
664 711
664 712
664 713
664 714
664 716
664 717
664 718
664 719
664 722
664 724
664 725
664 726
664 727
664 728
664 730
664 732
664 733
664 734
664 735
664 736
664 738
664 740
664 742
664 743
664 744
664 745
664 746
664 747
664 500
664 501
664 502
664 503
664 506
664 508
664 509
664 510
664 511
664 755
664 762
664 773
664 795
664 796
664 797
664 827
664 828
664 832
664 839
664 849
664 869
664 871
664 890
664 893
664 902
664 909
664 931
664 940
664 959
664 962
664 963
664 970
664 974
664 999
665 666
665 669
665 670
665 671
665 675
665 676
665 677
665 680
665 681
665 683
665 684
665 685
665 686
665 687
665 688
665 689
665 690
665 692
665 693
665 694
665 695
665 699
665 700
665 701
665 704
665 705
665 706
665 707
665 708
665 709
665 710
665 711
665 713
665 715
665 716
665 717
665 718
665 719
665 720
665 723
665 725
665 726
665 728
665 731
665 732
665 733
665 734
665 735
665 736
665 740
665 742
665 744
665 746
665 747
665 748
665 749
665 501
665 502
665 504
665 507
665 508
665 510
665 511
665 750
665 765
665 779
665 788
665 790
665 796
665 801
665 805
665 811
665 818
665 853
665 874
665 890
665 891
665 899
665 908
665 921
665 929
665 936
665 938
665 958
665 966
665 984
665 985
666 667
666 668
666 669
666 670
666 671
666 672
666 673
666 674
666 678
666 679
666 680
666 682
666 683
666 684
666 685
666 686
666 687
666 689
666 690
666 691
666 692
666 693
666 694
666 697
666 698
666 699
666 701
666 703
666 704
666 705
666 706
666 707
666 708
666 709
666 710
666 711
666 713
666 714
666 715
666 716
666 719
666 720
666 721
666 722
666 723
666 725
666 726
666 727
666 728
666 729
666 731
666 732
666 734
666 735
666 736
666 737
666 738
666 739
666 741
666 742
666 743
666 744
666 745
666 746
666 747
666 748
666 749
666 501
666 502
666 503
666 505
666 506
666 507
666 509
666 510
666 753
666 755
666 772
666 785
666 786
666 799
666 802
666 813
666 814
666 824
666 830
666 832
666 842
666 849
666 860
666 877
666 883
666 888
666 903
666 911
666 914
666 915
666 922
666 945
666 954
666 965
666 980
666 987
666 991
666 999
667 668
667 672
667 673
667 674
667 677
667 678
667 680
667 681
667 682
667 683
667 684
667 685
667 686
667 689
667 690
667 691
667 693
667 694
667 696
667 697
667 698
667 699
667 704
667 707
667 709
667 710
667 711
667 712
667 713
667 714
667 716
667 717
667 719
667 720
667 723
667 724
667 727
667 729
667 730
667 731
667 735
667 739
667 740
667 741
667 742
667 744
667 745
667 746
667 747
667 748
667 749
667 500
667 501
667 502
667 503
667 505
667 508
667 511
667 751
667 761
667 766
667 772
667 777
667 798
667 805
667 811
667 816
667 821
667 831
667 835
667 847
667 862
667 870
667 885
667 886
667 891
667 912
667 922
667 942
667 944
667 945
667 950
667 958
667 968
668 669
668 671
668 674
668 675
668 676
668 677
668 678
668 679
668 680
668 681
668 682
668 683
668 684
668 685
668 686
668 687
668 689
668 691
668 692
668 693
668 694
668 695
668 697
668 700
668 701
668 703
668 704
668 706
668 707
668 709
668 710
668 711
668 712
668 713
668 714
668 718
668 720
668 721
668 722
668 723
668 724
668 725
668 726
668 728
668 729
668 730
668 732
668 733
668 737
668 738
668 739
668 740
668 741
668 742
668 743
668 744
668 745
668 746
668 747
668 749
668 500
668 502
668 504
668 505
668 506
668 508
668 509
668 510
668 511
668 759
668 761
668 762
668 770
668 775
668 780
668 786
668 797
668 800
668 804
668 814
668 819
668 824
668 835
668 863
668 899
668 914
668 921
668 926
668 944
668 950
668 955
668 971
668 989
668 996
669 670
669 671
669 672
669 674
669 675
669 676
669 677
669 678
669 679
669 681
669 682
669 683
669 685
669 686
669 687
669 689
669 690
669 693
669 694
669 695
669 697
669 698
669 700
669 701
669 702
669 704
669 705
669 706
669 707
669 709
669 710
669 712
669 713
669 714
669 715
669 716
669 717
669 718
669 719
669 720
669 721
669 722
669 723
669 724
669 726
669 727
669 728
669 731
669 734
669 737
669 738
669 739
669 740
669 741
669 742
669 743
669 744
669 747
669 748
669 749
669 501
669 503
669 504
669 506
669 507
669 508
669 509
669 511
669 754
669 757
669 758
669 769
669 772
669 777
669 780
669 782
669 785
669 792
669 807
669 817
669 819
669 823
669 839
669 857
669 872
669 879
669 892
669 895
669 911
669 914
669 933
669 946
669 959
669 977
669 986
670 671
670 672
670 673
670 676
670 677
670 678
670 679
670 683
670 685
670 686
670 688
670 689
670 691
670 692
670 693
670 694
670 695
670 696
670 697
670 700
670 702
670 703
670 704
670 705
670 706
670 708
670 709
670 710
670 711
670 712
670 713
670 714
670 715
670 716
670 717
670 720
670 721
670 722
670 723
670 727
670 728
670 730
670 731
670 732
670 733
670 734
670 735
670 736
670 737
670 738
670 739
670 740
670 741
670 743
670 745
670 747
670 748
670 749
670 500
670 501
670 502
670 504
670 505
670 506
670 508
670 510
670 511
670 755
670 757
670 767
670 781
670 801
670 844
670 845
670 848
670 867
670 878
670 905
670 917
670 921
670 931
670 933
670 940
670 944
670 949
670 953
670 958
670 963
670 975
670 978
670 995
671 673
671 674
671 676
671 678
671 679
671 682
671 683
671 687
671 688
671 689
671 690
671 691
671 692
671 693
671 694
671 695
671 696
671 699
671 700
671 701
671 702
671 703
671 709
671 710
671 712
671 714
671 715
671 716
671 717
671 718
671 719
671 721
671 724
671 726
671 727
671 728
671 730
671 731
671 732
671 733
671 736
671 737
671 738
671 740
671 741
671 742
671 743
671 744
671 748
671 749
671 501
671 502
671 503
671 504
671 505
671 506
671 507
671 508
671 510
671 511
671 759
671 762
671 766
671 768
671 770
671 773
671 794
671 798
671 825
671 839
671 841
671 847
671 855
671 858
671 867
671 894
671 931
671 936
671 940
671 947
671 973
671 987
672 675
672 677
672 678
672 679
672 680
672 682
672 683
672 684
672 685
672 686
672 690
672 691
672 694
672 695
672 697
672 698
672 699
672 700
672 702
672 703
672 705
672 707
672 708
672 709
672 711
672 713
672 714
672 716
672 718
672 719
672 720
672 721
672 722
672 723
672 724
672 726
672 727
672 728
672 730
672 731
672 732
672 733
672 735
672 737
672 738
672 739
672 740
672 741
672 742
672 743
672 745
672 746
672 748
672 500
672 501
672 503
672 504
672 505
672 506
672 507
672 508
672 511
672 750
672 776
672 781
672 792
672 794
672 800
672 824
672 834
672 842
672 847
672 872
672 880
672 900
672 913
672 921
672 924
672 941
672 963
672 975
672 983
672 985
672 986
672 987
673 674
673 675
673 676
673 677
673 679
673 680
673 681
673 682
673 683
673 684
673 688
673 690
673 691
673 692
673 693
673 694
673 695
673 696
673 697
673 698
673 699
673 700
673 702
673 703
673 704
673 705
673 706
673 707
673 708
673 709
673 710
673 711
673 712
673 713
673 714
673 717
673 718
673 720
673 722
673 723
673 724
673 725
673 727
673 729
673 730
673 731
673 732
673 733
673 734
673 735
673 736
673 738
673 740
673 742
673 743
673 744
673 745
673 746
673 747
673 748
673 749
673 500
673 501
673 502
673 503
673 504
673 505
673 506
673 507
673 509
673 510
673 511
673 755
673 761
673 800
673 837
673 838
673 859
673 886
673 908
673 909
673 917
673 936
673 956
673 958
673 964
673 969
673 973
673 997
674 675
674 676
674 678
674 679
674 680
674 684
674 685
674 686
674 688
674 689
674 690
674 691
674 692
674 693
674 695
674 696
674 697
674 698
674 699
674 700
674 701
674 702
674 703
674 704
674 709
674 710
674 711
674 714
674 718
674 719
674 720
674 722
674 723
674 724
674 725
674 726
674 728
674 730
674 733
674 735
674 737
674 738
674 739
674 741
674 742
674 744
674 745
674 749
674 500
674 502
674 506
674 508
674 510
674 511
674 768
674 782
674 795
674 797
674 806
674 812
674 828
674 849
674 857
674 867
674 900
674 901
674 912
674 915
674 917
674 927
674 937
674 940
674 941
674 958
674 962
674 971
674 996
675 677
675 678
675 680
675 681
675 683
675 684
675 685
675 690
675 691
675 692
675 693
675 694
675 696
675 697
675 698
675 699
675 703
675 705
675 706
675 707
675 708
675 710
675 711
675 712
675 713
675 714
675 715
675 716
675 718
675 722
675 724
675 725
675 728
675 729
675 730
675 732
675 733
675 735
675 737
675 738
675 739
675 740
675 743
675 744
675 745
675 747
675 748
675 500
675 504
675 505
675 506
675 507
675 509
675 510
675 511
675 756
675 760
675 765
675 766
675 794
675 799
675 809
675 819
675 825
675 838
675 839
675 847
675 863
675 887
675 896
675 925
675 941
675 960
675 962
675 967
675 981
675 982
675 997
676 677
676 678
676 679
676 680
676 681
676 686
676 687
676 688
676 690
676 691
676 692
676 693
676 694
676 695
676 696
676 698
676 699
676 700
676 702
676 703
676 704
676 705
676 707
676 709
676 716
676 718
676 719
676 720
676 721
676 724
676 725
676 726
676 727
676 729
676 730
676 732
676 733
676 734
676 735
676 736
676 737
676 740
676 742
676 743
676 744
676 745
676 746
676 749
676 500
676 502
676 503
676 504
676 505
676 506
676 509
676 511
676 751
676 774
676 788
676 801
676 824
676 827
676 828
676 852
676 866
676 878
676 880
676 886
676 906
676 924
676 929
676 938
676 948
676 952
676 954
676 985
676 999
677 678
677 680
677 681
677 683
677 684
677 686
677 687
677 688
677 689
677 690
677 691
677 692
677 693
677 694
677 695
677 696
677 697
677 699
677 701
677 702
677 704
677 705
677 706
677 707
677 710
677 711
677 713
677 715
677 716
677 718
677 719
677 720
677 721
677 723
677 724
677 725
677 727
677 728
677 729
677 731
677 732
677 733
677 735
677 737
677 739
677 740
677 742
677 743
677 744
677 745
677 747
677 749
677 502
677 503
677 504
677 508
677 511
677 770
677 776
677 779
677 780
677 786
677 803
677 811
677 852
677 870
677 872
677 892
677 898
677 926
677 930
677 960
677 965
677 976
677 983
677 984
677 990
678 680
678 683
678 685
678 686
678 687
678 688
678 689
678 692
678 693
678 694
678 696
678 697
678 698
678 701
678 702
678 703
678 704
678 705
678 707
678 710
678 711
678 712
678 713
678 714
678 715
678 716
678 717
678 722
678 723
678 724
678 725
678 728
678 729
678 730
678 731
678 732
678 733
678 734
678 735
678 736
678 737
678 739
678 740
678 741
678 744
678 745
678 746
678 747
678 748
678 500
678 501
678 502
678 503
678 504
678 505
678 506
678 507
678 509
678 510
678 511
678 750
678 779
678 780
678 791
678 825
678 831
678 835
678 843
678 850
678 855
678 863
678 875
678 884
678 912
678 919
678 921
678 931
678 943
678 957
678 965
678 983
678 984
678 985
678 986
678 996
679 680
679 682
679 684
679 685
679 686
679 689
679 690
679 692
679 693
679 694
679 697
679 698
679 699
679 700
679 701
679 702
679 703
679 704
679 705
679 706
679 707
679 708
679 709
679 711
679 712
679 714
679 715
679 716
679 717
679 718
679 719
679 720
679 721
679 723
679 724
679 726
679 727
679 728
679 729
679 730
679 731
679 732
679 733
679 734
679 735
679 736
679 738
679 739
679 740
679 741
679 742
679 744
679 745
679 746
679 747
679 748
679 500
679 501
679 502
679 503
679 504
679 505
679 506
679 507
679 510
679 511
679 762
679 764
679 771
679 777
679 778
679 794
679 800
679 801
679 819
679 826
679 831
679 839
679 842
679 844
679 846
679 852
679 860
679 869
679 874
679 897
679 914
679 931
679 937
679 940
679 943
679 946
679 958
679 987
680 682
680 683
680 685
680 687
680 688
680 691
680 692
680 693
680 695
680 697
680 698
680 700
680 703
680 704
680 705
680 706
680 707
680 708
680 709
680 710
680 713
680 716
680 717
680 718
680 719
680 720
680 721
680 724
680 725
680 727
680 728
680 729
680 730
680 731
680 732
680 733
680 734
680 735
680 736
680 738
680 740
680 743
680 744
680 745
680 746
680 747
680 748
680 749
680 500
680 501
680 502
680 503
680 504
680 505
680 506
680 508
680 509
680 510
680 511
680 764
680 768
680 778
680 787
680 793
680 794
680 800
680 810
680 816
680 836
680 853
680 868
680 870
680 876
680 894
680 898
680 905
680 916
680 919
680 921
680 928
680 950
680 974
680 982
680 989
681 682
681 684
681 685
681 686
681 687
681 688
681 689
681 690
681 691
681 693
681 694
681 695
681 697
681 698
681 699
681 700
681 701
681 702
681 703
681 707
681 708
681 709
681 710
681 711
681 712
681 713
681 715
681 716
681 717
681 718
681 719
681 720
681 721
681 722
681 723
681 725
681 726
681 728
681 732
681 736
681 737
681 738
681 741
681 742
681 746
681 747
681 748
681 749
681 500
681 501
681 503
681 506
681 507
681 508
681 509
681 510
681 511
681 757
681 769
681 777
681 788
681 800
681 809
681 810
681 812
681 823
681 830
681 842
681 850
681 860
681 862
681 863
681 885
681 904
681 912
681 921
681 926
681 932
681 940
681 971
681 996
682 684
682 685
682 687
682 688
682 689
682 691
682 692
682 693
682 694
682 697
682 701
682 703
682 704
682 705
682 706
682 707
682 708
682 709
682 711
682 712
682 714
682 715
682 716
682 718
682 719
682 720
682 721
682 723
682 724
682 725
682 727
682 728
682 730
682 731
682 733
682 736
682 737
682 738
682 739
682 740
682 741
682 742
682 743
682 744
682 745
682 746
682 747
682 748
682 749
682 500
682 501
682 502
682 503
682 504
682 505
682 506
682 507
682 511
682 750
682 769
682 770
682 771
682 776
682 806
682 812
682 853
682 870
682 879
682 889
682 897
682 901
682 908
682 912
682 920
682 927
682 934
682 959
682 962
682 966
682 979
682 999
683 684
683 685
683 687
683 688
683 689
683 690
683 691
683 693
683 696
683 698
683 700
683 703
683 704
683 705
683 706
683 708
683 709
683 710
683 711
683 713
683 715
683 716
683 717
683 719
683 720
683 722
683 723
683 724
683 725
683 726
683 730
683 731
683 733
683 734
683 735
683 736
683 737
683 738
683 739
683 740
683 741
683 742
683 743
683 744
683 745
683 746
683 747
683 748
683 749
683 500
683 502
683 504
683 509
683 510
683 753
683 762
683 765
683 777
683 785
683 787
683 799
683 804
683 820
683 821
683 838
683 847
683 853
683 854
683 877
683 894
683 898
683 903
683 907
683 921
683 927
683 939
683 944
683 960
683 963
683 966
683 988
683 989
683 994
683 995
684 686
684 691
684 694
684 695
684 696
684 697
684 698
684 701
684 708
684 709
684 710
684 711
684 712
684 713
684 714
684 715
684 716
684 717
684 721
684 722
684 723
684 724
684 725
684 727
684 730
684 731
684 732
684 734
684 735
684 737
684 738
684 739
684 740
684 741
684 742
684 744
684 745
684 746
684 747
684 748
684 749
684 500
684 501
684 502
684 503
684 504
684 506
684 507
684 508
684 509
684 510
684 511
684 760
684 766
684 799
684 803
684 805
684 810
684 812
684 823
684 824
684 825
684 829
684 830
684 838
684 839
684 843
684 854
684 859
684 879
684 882
684 894
684 896
684 912
684 927
684 933
684 939
684 949
684 954
684 967
684 980
684 992
684 993
685 686
685 687
685 688
685 689
685 690
685 691
685 692
685 693
685 694
685 695
685 696
685 697
685 698
685 699
685 700
685 702
685 703
685 704
685 705
685 707
685 709
685 710
685 711
685 712
685 715
685 716
685 718
685 721
685 722
685 724
685 725
685 727
685 728
685 730
685 731
685 732
685 733
685 734
685 735
685 736
685 737
685 739
685 740
685 741
685 742
685 744
685 745
685 746
685 500
685 502
685 503
685 504
685 505
685 506
685 509
685 758
685 761
685 768
685 779
685 781
685 801
685 802
685 809
685 861
685 867
685 874
685 881
685 885
685 888
685 894
685 896
685 906
685 917
685 925
685 926
685 938
685 944
685 949
685 979
685 985
685 988
685 991
685 993
686 687
686 688
686 689
686 691
686 693
686 695
686 696
686 697
686 698
686 699
686 700
686 701
686 702
686 703
686 704
686 705
686 707
686 708
686 710
686 711
686 712
686 713
686 714
686 715
686 716
686 720
686 722
686 723
686 725
686 727
686 729
686 731
686 732
686 734
686 736
686 737
686 738
686 740
686 742
686 744
686 745
686 747
686 749
686 500
686 501
686 502
686 510
686 511
686 753
686 755
686 764
686 770
686 792
686 802
686 804
686 810
686 812
686 815
686 817
686 819
686 829
686 841
686 859
686 874
686 890
686 910
686 911
686 916
686 923
686 927
686 932
686 939
686 944
686 951
686 963
686 970
686 975
686 979
686 992
686 993
687 688
687 689
687 691
687 693
687 694
687 695
687 696
687 698
687 699
687 700
687 701
687 704
687 705
687 707
687 708
687 709
687 710
687 711
687 712
687 713
687 714
687 715
687 716
687 717
687 718
687 719
687 720
687 721
687 722
687 723
687 724
687 728
687 729
687 730
687 731
687 732
687 733
687 738
687 739
687 742
687 743
687 744
687 745
687 747
687 748
687 749
687 500
687 502
687 504
687 506
687 507
687 510
687 511
687 772
687 786
687 807
687 819
687 830
687 846
687 849
687 863
687 868
687 891
687 893
687 894
687 912
687 924
687 925
687 926
687 953
687 957
687 971
687 986
687 999
688 689
688 691
688 692
688 693
688 694
688 695
688 698
688 699
688 700
688 704
688 705
688 707
688 708
688 709
688 710
688 712
688 713
688 715
688 716
688 717
688 718
688 719
688 720
688 721
688 722
688 724
688 725
688 726
688 727
688 728
688 729
688 730
688 732
688 733
688 735
688 736
688 737
688 738
688 740
688 741
688 742
688 743
688 744
688 745
688 746
688 748
688 749
688 501
688 502
688 503
688 504
688 505
688 507
688 509
688 766
688 780
688 786
688 797
688 806
688 821
688 829
688 832
688 837
688 850
688 852
688 862
688 868
688 869
688 874
688 884
688 891
688 894
688 906
688 922
688 924
688 925
688 937
688 945
688 946
688 953
688 961
688 976
688 987
688 988
689 690
689 691
689 693
689 694
689 696
689 697
689 698
689 699
689 700
689 701
689 703
689 705
689 706
689 709
689 710
689 711
689 712
689 714
689 715
689 717
689 721
689 722
689 723
689 724
689 725
689 726
689 727
689 728
689 729
689 730
689 732
689 733
689 735
689 736
689 737
689 739
689 740
689 741
689 743
689 745
689 747
689 748
689 500
689 501
689 503
689 504
689 507
689 508
689 509
689 510
689 511
689 759
689 760
689 762
689 764
689 772
689 791
689 795
689 801
689 810
689 843
689 854
689 860
689 866
689 875
689 883
689 887
689 898
689 913
689 914
689 917
689 927
689 928
689 932
689 970
689 971
689 975
689 993
690 692
690 693
690 694
690 695
690 697
690 699
690 700
690 702
690 707
690 708
690 709
690 711
690 712
690 713
690 716
690 718
690 721
690 724
690 726
690 727
690 728
690 729
690 730
690 733
690 734
690 735
690 738
690 740
690 741
690 742
690 743
690 744
690 745
690 746
690 749
690 500
690 501
690 502
690 505
690 506
690 508
690 509
690 511
690 752
690 759
690 773
690 775
690 781
690 796
690 804
690 812
690 828
690 830
690 835
690 860
690 868
690 881
690 887
690 889
690 901
690 929
690 933
690 941
690 967
690 986
691 693
691 694
691 695
691 697
691 699
691 700
691 701
691 702
691 703
691 706
691 707
691 711
691 712
691 713
691 714
691 715
691 716
691 717
691 719
691 720
691 722
691 723
691 724
691 725
691 727
691 728
691 730
691 731
691 733
691 734
691 735
691 736
691 738
691 739
691 743
691 747
691 500
691 501
691 502
691 503
691 504
691 505
691 506
691 507
691 508
691 509
691 511
691 759
691 765
691 772
691 790
691 797
691 800
691 803
691 812
691 817
691 840
691 875
691 901
691 912
691 938
691 942
691 943
691 944
691 957
691 996
692 693
692 694
692 695
692 697
692 698
692 699
692 700
692 701
692 704
692 707
692 708
692 710
692 712
692 713
692 714
692 715
692 717
692 719
692 720
692 721
692 722
692 724
692 725
692 726
692 727
692 728
692 729
692 730
692 731
692 733
692 734
692 735
692 736
692 737
692 738
692 740
692 742
692 743
692 744
692 749
692 500
692 501
692 503
692 504
692 507
692 508
692 510
692 511
692 762
692 764
692 766
692 779
692 780
692 795
692 796
692 798
692 804
692 805
692 816
692 822
692 823
692 841
692 849
692 852
692 859
692 860
692 872
692 875
692 899
692 904
692 929
692 955
692 969
692 979
692 995
693 695
693 697
693 698
693 699
693 700
693 702
693 704
693 706
693 708
693 710
693 711
693 712
693 713
693 716
693 718
693 719
693 720
693 721
693 722
693 723
693 724
693 728
693 729
693 733
693 735
693 738
693 739
693 740
693 741
693 742
693 743
693 744
693 745
693 746
693 747
693 748
693 749
693 500
693 501
693 504
693 505
693 507
693 752
693 753
693 757
693 758
693 820
693 828
693 841
693 842
693 869
693 877
693 884
693 886
693 903
693 910
693 914
693 918
693 925
693 927
693 938
693 940
693 972
693 998
694 696
694 697
694 698
694 699
694 701
694 703
694 704
694 705
694 707
694 709
694 710
694 711
694 712
694 713
694 715
694 718
694 720
694 721
694 722
694 723
694 724
694 728
694 730
694 731
694 733
694 734
694 736
694 737
694 738
694 740
694 741
694 742
694 743
694 746
694 747
694 748
694 503
694 504
694 505
694 510
694 511
694 760
694 800
694 804
694 809
694 817
694 842
694 843
694 844
694 849
694 877
694 907
694 922
694 932
694 933
694 950
694 977
694 983
694 988
694 991
695 696
695 697
695 699
695 701
695 703
695 706
695 707
695 708
695 709
695 710
695 711
695 712
695 714
695 715
695 717
695 718
695 719
695 720
695 722
695 724
695 725
695 727
695 729
695 730
695 731
695 732
695 733
695 734
695 736
695 737
695 738
695 739
695 740
695 742
695 743
695 745
695 746
695 500
695 501
695 503
695 504
695 506
695 507
695 509
695 510
695 511
695 763
695 766
695 771
695 777
695 794
695 797
695 801
695 818
695 824
695 826
695 863
695 865
695 869
695 880
695 884
695 900
695 901
695 918
695 946
695 955
695 958
695 960
696 697
696 698
696 699
696 700
696 701
696 702
696 703
696 704
696 707
696 708
696 709
696 710
696 712
696 713
696 715
696 716
696 717
696 718
696 720
696 721
696 722
696 723
696 724
696 726
696 727
696 729
696 730
696 731
696 734
696 737
696 738
696 739
696 740
696 741
696 742
696 744
696 745
696 746
696 747
696 749
696 500
696 501
696 502
696 503
696 505
696 506
696 508
696 510
696 511
696 789
696 790
696 791
696 810
696 812
696 813
696 816
696 817
696 834
696 844
696 869
696 892
696 895
696 908
696 910
696 915
696 929
696 942
696 943
696 953
696 960
697 699
697 700
697 702
697 703
697 704
697 705
697 706
697 707
697 712
697 714
697 716
697 718
697 719
697 720
697 721
697 722
697 725
697 726
697 727
697 728
697 729
697 730
697 731
697 734
697 737
697 739
697 741
697 742
697 744
697 745
697 746
697 747
697 748
697 500
697 504
697 505
697 506
697 507
697 508
697 510
697 511
697 761
697 767
697 774
697 790
697 791
697 807
697 809
697 810
697 812
697 831
697 847
697 850
697 856
697 876
697 888
697 902
697 904
697 905
697 907
697 924
697 933
697 938
697 962
697 964
697 973
697 989
698 699
698 702
698 703
698 704
698 705
698 706
698 707
698 708
698 709
698 710
698 712
698 713
698 714
698 715
698 718
698 720
698 721
698 722
698 724
698 725
698 726
698 729
698 730
698 732
698 736
698 737
698 738
698 739
698 740
698 741
698 742
698 743
698 744
698 746
698 747
698 748
698 500
698 501
698 502
698 503
698 505
698 507
698 509
698 511
698 774
698 792
698 807
698 813
698 822
698 825
698 836
698 856
698 857
698 876
698 898
698 911
698 915
698 926
698 943
698 959
698 975
698 981
699 700
699 702
699 704
699 706
699 707
699 708
699 709
699 710
699 711
699 712
699 713
699 715
699 716
699 717
699 718
699 720
699 721
699 722
699 724
699 725
699 726
699 728
699 730
699 732
699 733
699 734
699 737
699 740
699 741
699 743
699 744
699 747
699 500
699 501
699 502
699 506
699 507
699 510
699 511
699 752
699 780
699 793
699 795
699 811
699 832
699 833
699 835
699 842
699 843
699 846
699 852
699 866
699 883
699 898
699 905
699 925
699 933
699 934
699 945
699 948
699 958
699 961
699 965
699 966
699 971
699 974
699 987
699 990
700 701
700 702
700 703
700 704
700 705
700 706
700 707
700 708
700 711
700 713
700 714
700 715
700 716
700 718
700 719
700 720
700 721
700 722
700 723
700 724
700 726
700 727
700 728
700 729
700 730
700 731
700 733
700 736
700 737
700 738
700 740
700 741
700 742
700 743
700 745
700 747
700 748
700 749
700 500
700 502
700 503
700 506
700 507
700 508
700 510
700 775
700 802
700 814
700 820
700 872
700 889
700 903
700 912
700 923
700 924
700 936
700 941
700 942
700 956
700 962
700 966
700 977
700 990
700 999
701 702
701 703
701 704
701 705
701 706
701 708
701 710
701 712
701 713
701 714
701 716
701 717
701 718
701 722
701 724
701 725
701 728
701 729
701 730
701 731
701 732
701 733
701 734
701 738
701 739
701 742
701 745
701 747
701 500
701 501
701 502
701 503
701 506
701 507
701 508
701 509
701 753
701 758
701 766
701 772
701 774
701 778
701 787
701 809
701 812
701 831
701 844
701 852
701 861
701 863
701 878
701 885
701 938
701 958
701 988
701 996
701 998
702 703
702 704
702 705
702 706
702 707
702 708
702 711
702 712
702 715
702 717
702 721
702 722
702 723
702 725
702 726
702 727
702 728
702 729
702 731
702 733
702 734
702 735
702 736
702 738
702 740
702 741
702 742
702 743
702 744
702 745
702 746
702 747
702 748
702 500
702 501
702 502
702 503
702 504
702 505
702 508
702 509
702 510
702 759
702 762
702 791
702 795
702 797
702 805
702 809
702 813
702 816
702 818
702 834
702 872
702 880
702 887
702 949
702 971
702 992
702 998
703 704
703 706
703 707
703 708
703 710
703 711
703 712
703 716
703 717
703 718
703 719
703 721
703 722
703 723
703 724
703 725
703 726
703 727
703 728
703 729
703 730
703 733
703 737
703 738
703 740
703 741
703 744
703 748
703 749
703 501
703 502
703 504
703 505
703 507
703 508
703 509
703 510
703 511
703 773
703 786
703 810
703 828
703 829
703 830
703 837
703 846
703 861
703 873
703 879
703 880
703 900
703 901
703 917
703 920
703 923
703 926
703 945
703 946
703 956
703 965
703 976
703 984
704 705
704 706
704 708
704 709
704 710
704 712
704 713
704 714
704 715
704 716
704 717
704 718
704 719
704 720
704 721
704 722
704 723
704 725
704 726
704 727
704 729
704 730
704 733
704 734
704 735
704 738
704 739
704 740
704 741
704 744
704 745
704 747
704 748
704 749
704 500
704 504
704 505
704 506
704 507
704 508
704 509
704 510
704 511
704 750
704 773
704 775
704 785
704 789
704 794
704 812
704 845
704 856
704 875
704 884
704 887
704 889
704 905
704 907
704 910
704 925
704 949
704 975
704 983
704 988
704 990
705 707
705 708
705 709
705 710
705 711
705 714
705 716
705 717
705 718
705 719
705 720
705 721
705 722
705 723
705 725
705 726
705 727
705 729
705 732
705 733
705 735
705 737
705 738
705 739
705 740
705 741
705 742
705 744
705 745
705 748
705 749
705 500
705 501
705 502
705 503
705 504
705 505
705 507
705 508
705 511
705 754
705 758
705 759
705 780
705 784
705 795
705 797
705 802
705 815
705 822
705 825
705 828
705 836
705 854
705 889
705 894
705 905
705 906
705 907
705 915
705 936
705 946
705 962
705 970
705 978
705 984
705 985
705 992
706 710
706 712
706 713
706 714
706 715
706 716
706 720
706 721
706 723
706 724
706 727
706 728
706 729
706 730
706 731
706 732
706 733
706 736
706 738
706 740
706 741
706 742
706 743
706 744
706 746
706 749
706 503
706 504
706 506
706 507
706 508
706 509
706 510
706 511
706 761
706 762
706 784
706 801
706 803
706 818
706 829
706 867
706 871
706 879
706 885
706 894
706 895
706 896
706 897
706 907
706 914
706 926
706 927
706 929
706 944
706 946
706 951
706 959
706 966
706 975
706 980
706 984
706 986
706 988
706 990
707 708
707 709
707 711
707 713
707 715
707 716
707 718
707 722
707 723
707 724
707 725
707 726
707 727
707 728
707 729
707 730
707 731
707 734
707 735
707 736
707 737
707 740
707 742
707 743
707 744
707 745
707 746
707 747
707 748
707 749
707 500
707 501
707 502
707 503
707 504
707 506
707 507
707 508
707 509
707 511
707 758
707 760
707 764
707 776
707 778
707 785
707 789
707 791
707 796
707 798
707 799
707 835
707 836
707 854
707 855
707 862
707 889
707 906
707 909
707 913
707 915
707 917
707 920
707 926
707 937
707 975
707 994
708 709
708 711
708 712
708 713
708 714
708 717
708 719
708 720
708 721
708 722
708 726
708 727
708 729
708 730
708 732
708 733
708 734
708 735
708 736
708 737
708 739
708 740
708 741
708 742
708 744
708 746
708 747
708 748
708 500
708 503
708 504
708 505
708 507
708 510
708 511
708 750
708 772
708 780
708 781
708 784
708 785
708 791
708 792
708 803
708 816
708 860
708 863
708 872
708 883
708 884
708 885
708 906
708 942
708 947
708 953
708 983
708 994
709 710
709 711
709 712
709 713
709 714
709 715
709 716
709 720
709 721
709 725
709 726
709 727
709 728
709 729
709 730
709 732
709 734
709 735
709 736
709 737
709 738
709 739
709 740
709 741
709 742
709 744
709 745
709 746
709 748
709 500
709 501
709 502
709 503
709 504
709 506
709 752
709 770
709 772
709 792
709 795
709 796
709 799
709 800
709 805
709 817
709 824
709 827
709 844
709 847
709 864
709 874
709 882
709 942
709 949
709 984
709 989
709 990
709 994
710 711
710 713
710 714
710 715
710 716
710 717
710 718
710 719
710 720
710 721
710 722
710 724
710 727
710 728
710 729
710 730
710 731
710 732
710 733
710 736
710 737
710 739
710 740
710 743
710 744
710 746
710 747
710 748
710 749
710 500
710 502
710 503
710 505
710 506
710 507
710 508
710 509
710 763
710 766
710 792
710 794
710 834
710 839
710 866
710 867
710 901
710 902
710 908
710 913
710 920
710 923
710 927
710 935
710 937
710 951
710 961
710 967
710 988
710 998
711 712
711 713
711 714
711 715
711 717
711 718
711 719
711 720
711 722
711 723
711 724
711 725
711 726
711 727
711 728
711 731
711 732
711 733
711 734
711 735
711 736
711 738
711 739
711 740
711 741
711 746
711 747
711 748
711 749
711 500
711 501
711 502
711 504
711 506
711 507
711 508
711 509
711 510
711 511
711 751
711 760
711 779
711 784
711 790
711 834
711 860
711 862
711 864
711 874
711 897
711 905
711 911
711 918
711 939
711 943
711 946
711 982
711 996
712 714
712 716
712 718
712 720
712 721
712 722
712 723
712 724
712 725
712 726
712 728
712 729
712 730
712 731
712 732
712 734
712 735
712 736
712 737
712 738
712 742
712 743
712 744
712 745
712 748
712 500
712 501
712 502
712 504
712 506
712 507
712 508
712 510
712 511
712 756
712 760
712 766
712 767
712 774
712 778
712 783
712 786
712 788
712 802
712 808
712 821
712 833
712 841
712 842
712 847
712 855
712 865
712 908
712 914
712 952
712 957
712 969
712 982
713 714
713 717
713 718
713 719
713 720
713 721
713 722
713 723
713 724
713 725
713 726
713 728
713 729
713 730
713 731
713 733
713 735
713 736
713 737
713 738
713 739
713 740
713 741
713 742
713 744
713 746
713 749
713 500
713 501
713 502
713 503
713 504
713 507
713 508
713 509
713 751
713 752
713 755
713 769
713 783
713 784
713 800
713 806
713 813
713 825
713 832
713 834
713 841
713 847
713 850
713 871
713 877
713 879
713 882
713 884
713 891
713 905
713 920
713 941
713 945
713 946
713 948
713 951
713 980
713 996
714 715
714 717
714 718
714 719
714 720
714 722
714 723
714 724
714 725
714 726
714 727
714 730
714 731
714 732
714 733
714 736
714 738
714 739
714 740
714 742
714 743
714 744
714 746
714 747
714 748
714 500
714 501
714 502
714 503
714 505
714 506
714 509
714 511
714 757
714 766
714 772
714 776
714 784
714 790
714 791
714 804
714 809
714 813
714 814
714 821
714 832
714 845
714 852
714 870
714 873
714 884
714 886
714 891
714 892
714 909
714 910
714 916
714 921
714 932
714 939
714 949
714 953
714 962
714 967
714 972
714 974
714 978
714 994
715 716
715 718
715 721
715 722
715 723
715 724
715 726
715 727
715 728
715 729
715 730
715 732
715 733
715 734
715 735
715 736
715 737
715 738
715 739
715 740
715 741
715 743
715 746
715 748
715 749
715 500
715 501
715 503
715 504
715 505
715 506
715 508
715 751
715 764
715 766
715 771
715 775
715 781
715 802
715 808
715 813
715 823
715 831
715 832
715 834
715 836
715 838
715 855
715 859
715 887
715 889
715 898
715 906
715 935
715 947
715 954
715 963
715 969
715 973
715 979
715 985
716 717
716 718
716 719
716 721
716 723
716 724
716 725
716 726
716 727
716 729
716 731
716 734
716 735
716 736
716 737
716 743
716 744
716 746
716 747
716 748
716 749
716 500
716 501
716 502
716 506
716 507
716 508
716 509
716 510
716 511
716 763
716 766
716 785
716 814
716 817
716 820
716 821
716 824
716 826
716 857
716 870
716 890
716 905
716 906
716 912
716 914
716 915
716 926
716 939
716 964
716 990
716 996
717 718
717 719
717 723
717 726
717 728
717 729
717 730
717 731
717 735
717 738
717 741
717 743
717 745
717 746
717 747
717 503
717 505
717 506
717 510
717 511
717 751
717 757
717 759
717 774
717 797
717 805
717 837
717 841
717 887
717 889
717 894
717 916
717 921
717 928
717 939
717 976
717 979
717 988
718 719
718 720
718 721
718 723
718 724
718 725
718 730
718 732
718 733
718 734
718 735
718 736
718 738
718 741
718 743
718 745
718 746
718 747
718 748
718 749
718 501
718 502
718 503
718 504
718 505
718 506
718 510
718 753
718 766
718 769
718 773
718 786
718 794
718 804
718 808
718 830
718 843
718 852
718 858
718 872
718 873
718 880
718 900
718 923
718 930
718 937
718 940
718 945
718 961
718 990
719 725
719 726
719 727
719 728
719 729
719 730
719 731
719 732
719 733
719 734
719 735
719 736
719 737
719 738
719 739
719 740
719 741
719 742
719 744
719 745
719 747
719 748
719 749
719 500
719 501
719 502
719 503
719 505
719 506
719 507
719 509
719 511
719 753
719 772
719 774
719 777
719 789
719 791
719 795
719 802
719 814
719 822
719 826
719 828
719 832
719 840
719 865
719 875
719 880
719 882
719 886
719 891
719 911
719 914
719 917
719 938
719 949
719 950
719 961
719 975
719 978
719 991
720 721
720 722
720 723
720 724
720 725
720 726
720 727
720 729
720 730
720 732
720 733
720 734
720 735
720 736
720 737
720 738
720 740
720 741
720 743
720 745
720 746
720 747
720 748
720 500
720 501
720 503
720 504
720 505
720 506
720 507
720 508
720 511
720 753
720 766
720 772
720 790
720 796
720 809
720 833
720 834
720 835
720 836
720 850
720 880
720 888
720 890
720 900
720 902
720 908
720 914
720 917
720 924
720 941
720 961
720 967
720 988
720 989
720 994
721 722
721 723
721 725
721 726
721 727
721 730
721 731
721 732
721 733
721 734
721 735
721 738
721 739
721 740
721 741
721 742
721 745
721 746
721 747
721 748
721 500
721 501
721 503
721 505
721 506
721 507
721 508
721 509
721 510
721 511
721 767
721 771
721 782
721 794
721 797
721 801
721 810
721 813
721 815
721 830
721 832
721 836
721 837
721 839
721 843
721 845
721 853
721 869
721 880
721 886
721 888
721 889
721 892
721 895
721 903
721 926
721 942
721 967
721 979
721 992
721 994
722 723
722 724
722 725
722 726
722 727
722 730
722 731
722 733
722 734
722 736
722 738
722 739
722 740
722 742
722 744
722 746
722 747
722 748
722 749
722 501
722 502
722 503
722 504
722 505
722 506
722 507
722 508
722 509
722 510
722 511
722 762
722 764
722 771
722 772
722 779
722 783
722 784
722 790
722 796
722 811
722 827
722 832
722 834
722 841
722 843
722 844
722 856
722 864
722 869
722 896
722 907
722 919
722 923
722 932
722 959
722 960
722 961
722 986
722 987
722 992
722 993
723 724
723 725
723 727
723 728
723 729
723 730
723 731
723 733
723 734
723 735
723 737
723 738
723 739
723 740
723 741
723 742
723 743
723 744
723 745
723 747
723 749
723 500
723 501
723 503
723 504
723 505
723 507
723 508
723 509
723 510
723 756
723 782
723 794
723 805
723 819
723 821
723 827
723 834
723 836
723 865
723 868
723 869
723 890
723 893
723 905
723 932
723 937
723 948
723 959
723 985
723 986
723 996
724 726
724 727
724 728
724 730
724 731
724 732
724 734
724 735
724 736
724 737
724 738
724 739
724 740
724 742
724 743
724 744
724 747
724 501
724 503
724 504
724 506
724 507
724 508
724 509
724 510
724 511
724 762
724 777
724 780
724 791
724 792
724 796
724 799
724 811
724 828
724 830
724 856
724 859
724 863
724 864
724 872
724 901
724 905
724 907
724 955
724 958
724 964
724 967
724 989
724 998
725 726
725 727
725 729
725 730
725 733
725 734
725 735
725 736
725 738
725 739
725 740
725 741
725 742
725 743
725 745
725 746
725 748
725 749
725 500
725 501
725 502
725 506
725 507
725 508
725 509
725 510
725 754
725 756
725 763
725 765
725 790
725 794
725 806
725 807
725 814
725 828
725 831
725 842
725 847
725 864
725 869
725 880
725 884
725 892
725 909
725 911
725 928
725 941
725 963
725 983
725 989
725 990
726 728
726 729
726 730
726 731
726 732
726 735
726 736
726 738
726 739
726 740
726 741
726 743
726 744
726 745
726 747
726 500
726 501
726 503
726 505
726 506
726 510
726 511
726 752
726 758
726 774
726 775
726 786
726 787
726 813
726 828
726 834
726 868
726 871
726 882
726 888
726 899
726 904
726 923
726 927
726 929
726 930
726 931
726 933
726 936
726 944
726 946
726 961
726 967
726 990
726 998
726 999
727 728
727 730
727 731
727 733
727 734
727 736
727 737
727 738
727 740
727 744
727 746
727 747
727 748
727 749
727 500
727 501
727 502
727 503
727 507
727 508
727 509
727 762
727 772
727 798
727 815
727 846
727 866
727 867
727 877
727 887
727 909
727 910
727 922
727 932
727 935
727 942
727 944
727 948
727 952
727 958
727 961
727 962
727 971
727 976
727 983
727 984
727 988
727 990
727 991
727 995
728 729
728 730
728 732
728 733
728 734
728 735
728 737
728 738
728 739
728 741
728 742
728 744
728 745
728 746
728 747
728 748
728 749
728 500
728 502
728 503
728 504
728 505
728 506
728 507
728 508
728 510
728 511
728 750
728 756
728 758
728 777
728 779
728 783
728 790
728 792
728 794
728 811
728 852
728 859
728 871
728 924
728 954
728 958
728 966
728 976
728 991
729 730
729 731
729 732
729 733
729 734
729 735
729 736
729 737
729 738
729 739
729 740
729 741
729 742
729 743
729 744
729 745
729 747
729 749
729 500
729 501
729 502
729 503
729 505
729 507
729 510
729 511
729 752
729 753
729 776
729 793
729 797
729 798
729 803
729 809
729 810
729 823
729 826
729 837
729 845
729 851
729 877
729 879
729 882
729 883
729 916
729 926
729 929
729 935
729 942
729 951
729 952
729 961
729 969
729 994
730 731
730 733
730 735
730 736
730 737
730 739
730 740
730 741
730 742
730 743
730 744
730 745
730 746
730 749
730 504
730 505
730 506
730 507
730 508
730 510
730 511
730 760
730 772
730 786
730 787
730 804
730 822
730 852
730 868
730 882
730 886
730 890
730 893
730 898
730 909
730 912
730 914
730 915
730 924
730 925
730 928
730 936
730 959
730 971
730 984
730 985
730 990
731 732
731 734
731 735
731 736
731 737
731 738
731 739
731 741
731 742
731 745
731 746
731 748
731 749
731 500
731 501
731 502
731 504
731 506
731 507
731 508
731 509
731 757
731 767
731 768
731 780
731 795
731 803
731 821
731 826
731 827
731 842
731 880
731 885
731 891
731 900
731 910
731 931
731 959
731 981
731 982
731 986
731 993
731 995
732 733
732 734
732 735
732 736
732 737
732 739
732 741
732 742
732 744
732 745
732 746
732 747
732 748
732 749
732 501
732 502
732 504
732 505
732 507
732 508
732 509
732 750
732 753
732 757
732 763
732 768
732 769
732 774
732 778
732 785
732 794
732 808
732 813
732 820
732 840
732 848
732 855
732 861
732 862
732 874
732 877
732 878
732 888
732 891
732 900
732 902
732 911
732 917
732 927
732 931
732 934
732 940
732 952
732 967
732 969
732 970
732 975
732 978
732 983
733 737
733 739
733 740
733 741
733 747
733 748
733 749
733 501
733 502
733 503
733 504
733 505
733 506
733 509
733 510
733 760
733 776
733 779
733 794
733 817
733 857
733 864
733 866
733 867
733 869
733 882
733 887
733 892
733 899
733 903
733 905
733 911
733 921
733 941
733 948
733 987
733 990
733 992
733 998
733 999
734 735
734 736
734 737
734 738
734 740
734 741
734 743
734 744
734 745
734 746
734 747
734 748
734 749
734 501
734 503
734 506
734 507
734 509
734 510
734 511
734 758
734 764
734 792
734 793
734 796
734 806
734 834
734 838
734 844
734 861
734 868
734 873
734 876
734 897
734 910
734 914
734 916
734 924
734 929
734 930
734 937
734 947
734 958
734 964
734 965
734 967
734 985
735 737
735 738
735 739
735 740
735 742
735 744
735 745
735 747
735 748
735 500
735 502
735 503
735 505
735 506
735 507
735 508
735 510
735 511
735 755
735 758
735 762
735 763
735 770
735 774
735 779
735 782
735 787
735 788
735 790
735 792
735 810
735 812
735 837
735 846
735 850
735 851
735 854
735 858
735 865
735 888
735 890
735 895
735 900
735 904
735 914
735 915
735 929
735 938
735 940
735 941
735 947
735 949
735 987
735 994
735 999
736 737
736 738
736 740
736 741
736 742
736 743
736 745
736 746
736 748
736 749
736 502
736 503
736 504
736 505
736 506
736 508
736 751
736 760
736 783
736 785
736 792
736 794
736 805
736 821
736 823
736 827
736 832
736 838
736 846
736 861
736 864
736 866
736 906
736 918
736 943
736 944
736 953
736 958
736 973
736 982
736 985
736 989
737 740
737 741
737 742
737 744
737 746
737 748
737 749
737 501
737 503
737 504
737 505
737 506
737 508
737 509
737 510
737 511
737 778
737 789
737 795
737 806
737 824
737 828
737 831
737 848
737 857
737 874
737 878
737 884
737 885
737 891
737 897
737 903
737 931
737 936
737 950
737 956
737 958
737 967
737 972
737 981
737 982
737 984
737 988
738 739
738 741
738 743
738 744
738 745
738 747
738 748
738 500
738 503
738 504
738 505
738 506
738 508
738 509
738 510
738 769
738 778
738 779
738 781
738 790
738 792
738 798
738 800
738 802
738 818
738 822
738 826
738 827
738 834
738 835
738 837
738 873
738 874
738 893
738 908
738 912
738 916
738 922
738 924
738 926
738 928
738 937
738 939
738 944
738 948
738 971
738 973
738 986
738 998
739 741
739 742
739 743
739 744
739 745
739 746
739 747
739 748
739 500
739 501
739 502
739 503
739 506
739 507
739 508
739 510
739 511
739 750
739 760
739 770
739 786
739 799
739 809
739 813
739 815
739 820
739 834
739 840
739 842
739 845
739 896
739 926
739 942
739 945
739 946
739 948
739 950
739 963
739 978
739 986
739 990
740 741
740 743
740 744
740 745
740 746
740 747
740 748
740 749
740 501
740 502
740 503
740 507
740 508
740 510
740 511
740 751
740 760
740 773
740 775
740 785
740 802
740 815
740 820
740 829
740 842
740 847
740 850
740 856
740 872
740 873
740 876
740 890
740 901
740 915
740 928
740 935
740 941
740 942
740 944
740 952
740 955
740 956
740 959
740 963
740 966
740 975
740 989
740 999
741 743
741 748
741 749
741 500
741 501
741 502
741 503
741 504
741 505
741 506
741 507
741 509
741 510
741 754
741 756
741 767
741 810
741 817
741 820
741 822
741 823
741 837
741 839
741 841
741 842
741 844
741 856
741 858
741 868
741 884
741 892
741 900
741 915
741 918
741 920
741 922
741 934
741 938
741 951
741 967
741 984
742 743
742 500
742 501
742 502
742 503
742 504
742 506
742 507
742 508
742 511
742 752
742 753
742 773
742 775
742 778
742 806
742 819
742 838
742 840
742 843
742 852
742 857
742 868
742 892
742 897
742 900
742 905
742 913
742 928
742 941
742 944
742 946
742 951
742 955
742 959
742 979
742 989
742 995
743 744
743 746
743 747
743 748
743 749
743 500
743 501
743 502
743 503
743 504
743 505
743 506
743 507
743 509
743 510
743 511
743 751
743 754
743 757
743 763
743 786
743 790
743 792
743 797
743 811
743 818
743 827
743 833
743 850
743 872
743 875
743 881
743 887
743 888
743 919
743 929
743 931
743 939
743 954
743 958
743 967
743 973
743 974
743 975
743 991
744 748
744 749
744 500
744 501
744 502
744 503
744 504
744 505
744 507
744 509
744 510
744 511
744 751
744 758
744 759
744 768
744 779
744 785
744 794
744 823
744 824
744 830
744 833
744 837
744 848
744 852
744 853
744 858
744 877
744 882
744 883
744 890
744 912
744 929
744 952
744 955
744 977
744 980
744 987
744 997
745 747
745 748
745 749
745 500
745 501
745 502
745 503
745 504
745 506
745 508
745 509
745 510
745 764
745 766
745 787
745 795
745 800
745 812
745 813
745 818
745 824
745 849
745 852
745 858
745 859
745 863
745 874
745 885
745 907
745 909
745 933
745 935
745 938
745 946
745 992
745 996
745 997
746 747
746 748
746 749
746 500
746 501
746 504
746 507
746 510
746 511
746 766
746 771
746 773
746 789
746 791
746 800
746 808
746 810
746 818
746 828
746 835
746 837
746 839
746 840
746 845
746 862
746 874
746 880
746 882
746 884
746 885
746 893
746 899
746 908
746 912
746 915
746 937
746 951
746 957
746 989
746 994
747 748
747 500
747 501
747 502
747 503
747 506
747 507
747 509
747 510
747 757
747 759
747 773
747 774
747 775
747 790
747 794
747 803
747 807
747 824
747 830
747 836
747 841
747 847
747 862
747 873
747 887
747 899
747 914
747 920
747 930
747 950
747 955
747 965
747 967
747 976
747 989
748 749
748 500
748 501
748 502
748 503
748 504
748 507
748 508
748 511
748 762
748 773
748 777
748 778
748 779
748 782
748 794
748 801
748 814
748 821
748 833
748 846
748 847
748 880
748 889
748 897
748 904
748 929
748 931
748 948
748 956
748 957
748 978
748 986
748 987
749 503
749 504
749 505
749 506
749 507
749 508
749 510
749 511
749 761
749 763
749 765
749 767
749 780
749 796
749 800
749 817
749 823
749 831
749 838
749 845
749 846
749 850
749 856
749 862
749 902
749 908
749 923
749 924
749 928
749 933
749 939
749 944
749 950
749 960
749 963
749 967
749 968
749 970
749 984
749 998
500 502
500 506
500 508
500 510
500 774
500 801
500 817
500 872
500 873
500 877
500 878
500 903
500 941
500 947
500 954
500 970
500 986
501 503
501 504
501 506
501 507
501 508
501 753
501 754
501 756
501 758
501 759
501 796
501 806
501 808
501 821
501 823
501 827
501 842
501 852
501 853
501 857
501 892
501 894
501 895
501 903
501 909
501 911
501 920
501 932
501 933
501 935
501 939
501 971
501 998
502 503
502 504
502 505
502 506
502 507
502 508
502 509
502 511
502 751
502 760
502 768
502 770
502 776
502 796
502 803
502 810
502 814
502 826
502 829
502 832
502 847
502 860
502 866
502 900
502 901
502 905
502 907
502 916
502 920
502 929
502 937
502 956
502 986
502 996
503 506
503 507
503 509
503 510
503 511
503 763
503 780
503 781
503 783
503 787
503 791
503 793
503 836
503 851
503 876
503 879
503 880
503 888
503 889
503 906
503 920
503 937
503 940
503 941
503 942
503 956
503 962
503 966
503 967
503 970
503 973
503 984
503 985
503 995
503 997
503 999
504 506
504 507
504 509
504 510
504 511
504 767
504 785
504 790
504 797
504 805
504 807
504 824
504 826
504 829
504 832
504 842
504 845
504 874
504 916
504 924
504 925
504 927
504 931
504 942
504 945
504 948
504 955
504 975
504 979
504 988
504 998
505 506
505 507
505 509
505 510
505 511
505 756
505 799
505 814
505 816
505 829
505 839
505 843
505 844
505 856
505 858
505 871
505 873
505 878
505 884
505 892
505 900
505 908
505 933
505 976
505 993
505 995
506 507
506 508
506 509
506 511
506 756
506 761
506 777
506 793
506 802
506 816
506 818
506 826
506 827
506 849
506 850
506 855
506 889
506 906
506 941
506 975
506 978
506 985
506 996
507 510
507 511
507 751
507 758
507 761
507 763
507 773
507 784
507 801
507 818
507 820
507 821
507 827
507 831
507 840
507 844
507 846
507 854
507 855
507 862
507 864
507 865
507 875
507 877
507 879
507 880
507 893
507 910
507 913
507 921
507 932
507 936
507 954
507 956
508 509
508 510
508 511
508 762
508 766
508 778
508 788
508 794
508 797
508 831
508 846
508 854
508 856
508 863
508 872
508 883
508 885
508 892
508 913
508 923
508 932
508 948
508 950
508 960
508 988
509 511
509 764
509 765
509 779
509 801
509 837
509 838
509 841
509 848
509 862
509 864
509 865
509 877
509 918
509 921
509 936
509 947
509 952
509 956
509 957
509 960
509 977
509 979
509 984
509 986
510 511
510 754
510 768
510 788
510 808
510 830
510 836
510 844
510 851
510 853
510 898
510 931
510 945
510 949
510 958
510 961
510 971
510 974
511 757
511 761
511 776
511 786
511 788
511 795
511 796
511 816
511 818
511 819
511 832
511 834
511 837
511 851
511 855
511 856
511 875
511 880
511 886
511 897
511 913
511 916
511 925
511 934
511 938
511 945
511 967
511 994
750 751
750 752
750 753
750 754
750 755
750 756
750 757
750 758
750 761
750 762
750 763
750 764
750 767
750 768
750 769
750 770
750 771
750 772
750 773
750 774
750 775
750 776
750 777
750 778
750 779
750 781
750 782
750 783
750 784
750 786
750 787
750 790
750 791
750 793
750 794
750 795
750 798
750 799
750 803
750 805
750 807
750 808
750 810
750 812
750 813
750 814
750 815
750 816
750 818
750 820
750 821
750 824
750 825
750 830
750 831
750 832
750 833
750 834
750 835
750 836
750 837
750 838
750 840
750 843
750 845
750 846
750 848
750 850
750 851
750 854
750 856
750 857
750 858
750 859
750 860
750 861
750 862
750 865
750 866
750 867
750 868
750 869
750 871
750 872
750 873
750 874
750 875
750 876
750 877
750 878
750 881
750 883
750 884
750 886
750 887
750 888
750 889
750 891
750 892
750 894
750 895
750 897
750 898
750 900
750 903
750 905
750 906
750 908
750 909
750 911
750 912
750 915
750 917
750 920
750 923
750 924
750 925
750 926
750 927
750 929
750 931
750 933
750 934
750 936
750 937
750 938
750 939
750 941
750 942
750 944
750 945
750 946
750 947
750 948
750 949
750 950
750 951
750 952
750 955
750 956
750 957
750 958
750 959
750 960
750 962
750 963
750 964
750 965
750 966
750 967
750 968
750 970
750 971
750 972
750 973
750 974
750 975
750 976
750 978
750 979
750 980
750 981
750 982
750 983
750 985
750 986
750 987
750 990
750 991
750 992
750 993
750 994
750 995
750 996
750 997
750 998
750 999
751 752
751 753
751 754
751 755
751 756
751 757
751 758
751 759
751 761
751 762
751 763
751 764
751 765
751 766
751 767
751 769
751 770
751 771
751 772
751 773
751 774
751 775
751 776
751 777
751 778
751 779
751 780
751 782
751 783
751 784
751 785
751 790
751 791
751 792
751 793
751 794
751 796
751 797
751 798
751 799
751 800
751 801
751 802
751 803
751 805
751 806
751 807
751 808
751 809
751 810
751 811
751 812
751 813
751 814
751 816
751 817
751 818
751 819
751 820
751 821
751 822
751 823
751 824
751 826
751 828
751 829
751 830
751 831
751 833
751 834
751 835
751 836
751 838
751 840
751 841
751 843
751 844
751 845
751 846
751 847
751 850
751 851
751 854
751 855
751 858
751 859
751 860
751 861
751 863
751 864
751 865
751 866
751 867
751 868
751 869
751 870
751 872
751 874
751 875
751 876
751 878
751 879
751 880
751 883
751 884
751 889
751 891
751 892
751 893
751 895
751 896
751 897
751 898
751 900
751 901
751 904
751 905
751 906
751 907
751 908
751 909
751 910
751 911
751 913
751 915
751 916
751 918
751 920
751 923
751 925
751 927
751 929
751 931
751 932
751 933
751 934
751 937
751 939
751 940
751 941
751 943
751 944
751 945
751 947
751 948
751 949
751 950
751 951
751 953
751 954
751 955
751 956
751 957
751 960
751 961
751 962
751 963
751 964
751 965
751 966
751 967
751 969
751 970
751 971
751 972
751 973
751 974
751 975
751 977
751 978
751 979
751 980
751 981
751 982
751 983
751 985
751 986
751 987
751 988
751 989
751 990
751 991
751 993
751 994
751 996
751 998
751 999
752 753
752 754
752 755
752 756
752 757
752 758
752 760
752 761
752 762
752 763
752 764
752 765
752 767
752 768
752 770
752 771
752 772
752 773
752 775
752 777
752 778
752 781
752 783
752 784
752 785
752 786
752 788
752 790
752 792
752 793
752 795
752 797
752 798
752 799
752 800
752 801
752 802
752 803
752 804
752 805
752 806
752 807
752 809
752 810
752 811
752 813
752 814
752 816
752 817
752 818
752 820
752 821
752 822
752 823
752 824
752 830
752 832
752 833
752 834
752 836
752 837
752 838
752 840
752 844
752 845
752 846
752 847
752 848
752 849
752 850
752 851
752 852
752 853
752 854
752 855
752 856
752 857
752 862
752 863
752 864
752 865
752 866
752 867
752 869
752 871
752 872
752 875
752 876
752 877
752 878
752 880
752 881
752 883
752 884
752 885
752 886
752 887
752 891
752 893
752 895
752 896
752 897
752 899
752 900
752 904
752 905
752 906
752 907
752 910
752 911
752 913
752 914
752 915
752 916
752 917
752 920
752 921
752 922
752 923
752 925
752 926
752 927
752 929
752 930
752 931
752 932
752 933
752 934
752 935
752 936
752 937
752 938
752 941
752 942
752 943
752 944
752 945
752 946
752 947
752 949
752 950
752 951
752 952
752 954
752 955
752 956
752 957
752 960
752 961
752 962
752 964
752 965
752 966
752 967
752 968
752 969
752 970
752 971
752 974
752 975
752 977
752 978
752 979
752 981
752 982
752 983
752 985
752 986
752 989
752 991
752 993
752 994
752 995
752 996
752 997
752 998
753 754
753 756
753 758
753 759
753 760
753 761
753 762
753 763
753 764
753 765
753 766
753 767
753 768
753 769
753 770
753 772
753 773
753 774
753 776
753 777
753 781
753 782
753 783
753 784
753 785
753 786
753 787
753 788
753 789
753 790
753 791
753 793
753 794
753 796
753 797
753 798
753 800
753 802
753 803
753 804
753 806
753 808
753 809
753 810
753 812
753 814
753 818
753 819
753 820
753 821
753 822
753 823
753 824
753 827
753 828
753 829
753 830
753 831
753 832
753 833
753 836
753 837
753 838
753 839
753 840
753 842
753 843
753 844
753 845
753 847
753 848
753 849
753 852
753 854
753 855
753 856
753 858
753 859
753 861
753 862
753 863
753 868
753 869
753 872
753 873
753 874
753 875
753 880
753 882
753 883
753 885
753 887
753 889
753 890
753 891
753 892
753 893
753 894
753 895
753 896
753 897
753 898
753 899
753 901
753 902
753 905
753 907
753 908
753 909
753 910
753 913
753 914
753 915
753 916
753 917
753 918
753 919
753 924
753 925
753 927
753 928
753 929
753 930
753 931
753 932
753 933
753 937
753 938
753 939
753 941
753 942
753 943
753 945
753 946
753 950
753 953
753 954
753 955
753 956
753 958
753 959
753 960
753 961
753 962
753 963
753 964
753 965
753 966
753 968
753 969
753 970
753 972
753 973
753 976
753 977
753 978
753 979
753 980
753 982
753 983
753 984
753 985
753 986
753 987
753 988
753 989
753 990
753 991
753 992
753 993
753 994
753 995
753 997
753 999
754 755
754 756
754 757
754 759
754 763
754 765
754 768
754 769
754 770
754 772
754 773
754 778
754 779
754 780
754 781
754 782
754 784
754 785
754 788
754 791
754 792
754 793
754 794
754 795
754 796
754 797
754 798
754 799
754 800
754 801
754 803
754 804
754 805
754 806
754 809
754 810
754 811
754 813
754 814
754 815
754 816
754 817
754 818
754 821
754 822
754 823
754 824
754 825
754 826
754 827
754 828
754 829
754 830
754 831
754 832
754 834
754 839
754 840
754 841
754 842
754 843
754 844
754 847
754 849
754 851
754 852
754 853
754 855
754 857
754 858
754 859
754 860
754 861
754 862
754 864
754 865
754 866
754 867
754 868
754 869
754 870
754 873
754 875
754 876
754 878
754 879
754 880
754 883
754 885
754 888
754 891
754 892
754 894
754 895
754 896
754 897
754 898
754 899
754 901
754 902
754 904
754 906
754 908
754 909
754 910
754 911
754 912
754 913
754 915
754 916
754 917
754 918
754 919
754 923
754 924
754 925
754 926
754 927
754 928
754 929
754 930
754 931
754 933
754 934
754 935
754 937
754 938
754 939
754 940
754 941
754 943
754 945
754 946
754 947
754 948
754 949
754 950
754 951
754 954
754 955
754 956
754 957
754 959
754 960
754 962
754 963
754 964
754 965
754 967
754 968
754 970
754 971
754 972
754 974
754 976
754 977
754 978
754 979
754 982
754 983
754 984
754 985
754 986
754 987
754 988
754 989
754 991
754 992
754 993
754 994
754 996
754 997
754 998
754 999
755 757
755 758
755 760
755 762
755 763
755 764
755 765
755 767
755 768
755 769
755 770
755 771
755 772
755 773
755 774
755 775
755 776
755 777
755 778
755 779
755 781
755 782
755 786
755 787
755 788
755 789
755 792
755 794
755 795
755 797
755 799
755 800
755 801
755 802
755 803
755 805
755 807
755 810
755 811
755 812
755 813
755 814
755 815
755 816
755 818
755 819
755 820
755 821
755 822
755 824
755 825
755 826
755 827
755 829
755 830
755 831
755 832
755 833
755 836
755 837
755 839
755 840
755 844
755 845
755 846
755 847
755 849
755 850
755 853
755 855
755 856
755 858
755 859
755 862
755 865
755 866
755 867
755 868
755 869
755 873
755 874
755 875
755 876
755 878
755 879
755 880
755 881
755 882
755 883
755 884
755 887
755 888
755 889
755 890
755 892
755 894
755 895
755 896
755 897
755 898
755 901
755 903
755 904
755 906
755 907
755 908
755 910
755 912
755 913
755 914
755 916
755 917
755 918
755 919
755 920
755 922
755 923
755 924
755 926
755 927
755 929
755 933
755 934
755 935
755 936
755 937
755 939
755 940
755 941
755 942
755 943
755 944
755 945
755 946
755 947
755 948
755 949
755 951
755 952
755 953
755 955
755 956
755 959
755 960
755 961
755 962
755 964
755 966
755 968
755 969
755 971
755 972
755 975
755 977
755 979
755 980
755 981
755 982
755 983
755 985
755 989
755 991
755 992
755 993
755 995
755 997
755 998
755 999
756 759
756 760
756 761
756 763
756 766
756 768
756 769
756 770
756 771
756 772
756 773
756 774
756 775
756 778
756 779
756 780
756 781
756 782
756 783
756 784
756 785
756 786
756 787
756 788
756 789
756 790
756 791
756 792
756 794
756 795
756 797
756 798
756 800
756 806
756 807
756 808
756 809
756 810
756 811
756 812
756 814
756 815
756 817
756 818
756 819
756 820
756 822
756 824
756 825
756 827
756 828
756 830
756 831
756 832
756 834
756 835
756 836
756 837
756 838
756 840
756 841
756 842
756 844
756 845
756 846
756 847
756 848
756 849
756 850
756 851
756 852
756 853
756 854
756 855
756 856
756 858
756 859
756 860
756 861
756 862
756 863
756 864
756 865
756 866
756 867
756 868
756 869
756 871
756 872
756 875
756 876
756 878
756 880
756 881
756 882
756 883
756 885
756 886
756 888
756 889
756 890
756 891
756 892
756 893
756 895
756 896
756 897
756 898
756 899
756 900
756 901
756 902
756 904
756 905
756 906
756 907
756 909
756 910
756 914
756 916
756 917
756 919
756 920
756 921
756 922
756 923
756 924
756 925
756 926
756 927
756 928
756 929
756 930
756 931
756 932
756 933
756 934
756 935
756 936
756 937
756 938
756 940
756 942
756 943
756 945
756 946
756 949
756 952
756 953
756 954
756 955
756 958
756 959
756 961
756 962
756 964
756 965
756 966
756 968
756 969
756 970
756 971
756 972
756 973
756 974
756 975
756 976
756 978
756 979
756 980
756 982
756 984
756 986
756 988
756 989
756 992
756 993
756 994
756 995
756 997
757 758
757 760
757 762
757 763
757 764
757 765
757 766
757 769
757 770
757 774
757 777
757 778
757 779
757 780
757 781
757 785
757 786
757 787
757 788
757 789
757 793
757 794
757 795
757 796
757 797
757 798
757 799
757 800
757 801
757 802
757 805
757 807
757 808
757 809
757 812
757 814
757 815
757 817
757 819
757 821
757 822
757 823
757 825
757 826
757 828
757 829
757 831
757 832
757 833
757 835
757 836
757 838
757 840
757 841
757 842
757 844
757 845
757 846
757 848
757 849
757 850
757 851
757 853
757 854
757 855
757 857
757 858
757 859
757 860
757 861
757 862
757 863
757 864
757 865
757 867
757 868
757 869
757 870
757 871
757 872
757 873
757 875
757 877
757 878
757 879
757 881
757 884
757 885
757 886
757 887
757 889
757 892
757 895
757 896
757 897
757 898
757 900
757 901
757 903
757 904
757 907
757 908
757 910
757 912
757 913
757 915
757 916
757 917
757 918
757 919
757 920
757 922
757 923
757 924
757 926
757 927
757 929
757 931
757 934
757 935
757 936
757 937
757 938
757 939
757 940
757 942
757 943
757 944
757 945
757 946
757 947
757 950
757 951
757 952
757 953
757 954
757 955
757 957
757 959
757 960
757 961
757 965
757 967
757 969
757 970
757 972
757 973
757 974
757 976
757 977
757 978
757 979
757 981
757 982
757 983
757 985
757 987
757 989
757 990
757 991
757 993
757 995
757 996
757 997
757 998
757 999
758 759
758 760
758 761
758 763
758 767
758 768
758 769
758 770
758 771
758 772
758 773
758 774
758 776
758 778
758 779
758 781
758 782
758 784
758 785
758 787
758 789
758 790
758 791
758 792
758 793
758 794
758 796
758 797
758 798
758 799
758 800
758 804
758 805
758 806
758 807
758 808
758 809
758 810
758 811
758 813
758 814
758 815
758 816
758 817
758 818
758 820
758 822
758 823
758 824
758 825
758 826
758 828
758 829
758 830
758 831
758 832
758 834
758 836
758 837
758 838
758 840
758 841
758 842
758 844
758 845
758 846
758 847
758 849
758 850
758 851
758 852
758 854
758 855
758 856
758 857
758 859
758 860
758 861
758 863
758 864
758 866
758 868
758 869
758 870
758 871
758 872
758 873
758 876
758 879
758 880
758 881
758 882
758 884
758 885
758 886
758 890
758 891
758 893
758 895
758 897
758 899
758 900
758 901
758 903
758 905
758 907
758 909
758 910
758 912
758 913
758 914
758 915
758 918
758 919
758 921
758 922
758 923
758 925
758 927
758 929
758 931
758 932
758 933
758 934
758 936
758 937
758 938
758 939
758 940
758 941
758 942
758 944
758 945
758 947
758 948
758 949
758 950
758 952
758 953
758 955
758 957
758 958
758 959
758 960
758 961
758 963
758 965
758 967
758 968
758 969
758 970
758 972
758 973
758 974
758 975
758 976
758 978
758 979
758 980
758 983
758 985
758 986
758 987
758 988
758 989
758 990
758 991
758 993
758 994
758 997
758 998
758 999
759 760
759 762
759 763
759 764
759 765
759 766
759 767
759 768
759 770
759 772
759 773
759 774
759 775
759 776
759 777
759 778
759 779
759 780
759 785
759 786
759 788
759 789
759 791
759 792
759 794
759 795
759 797
759 798
759 799
759 800
759 802
759 804
759 805
759 806
759 808
759 809
759 812
759 813
759 814
759 816
759 817
759 819
759 820
759 821
759 823
759 824
759 825
759 826
759 827
759 828
759 829
759 830
759 831
759 833
759 835
759 836
759 837
759 838
759 839
759 840
759 842
759 843
759 846
759 848
759 849
759 850
759 851
759 852
759 853
759 854
759 855
759 857
759 858
759 859
759 860
759 862
759 863
759 864
759 865
759 866
759 867
759 868
759 869
759 870
759 871
759 872
759 873
759 874
759 876
759 878
759 879
759 880
759 881
759 882
759 886
759 887
759 888
759 889
759 890
759 891
759 892
759 893
759 894
759 895
759 896
759 897
759 898
759 899
759 901
759 902
759 903
759 904
759 907
759 908
759 910
759 912
759 914
759 915
759 916
759 918
759 919
759 921
759 923
759 925
759 926
759 927
759 928
759 929
759 930
759 932
759 933
759 935
759 936
759 937
759 939
759 940
759 941
759 942
759 943
759 947
759 948
759 949
759 951
759 953
759 954
759 955
759 956
759 957
759 958
759 959
759 960
759 961
759 962
759 963
759 964
759 965
759 967
759 968
759 972
759 973
759 974
759 975
759 976
759 980
759 982
759 983
759 984
759 985
759 987
759 989
759 990
759 991
759 993
759 994
759 995
760 761
760 762
760 764
760 766
760 767
760 768
760 769
760 770
760 771
760 772
760 773
760 774
760 775
760 776
760 777
760 778
760 779
760 781
760 782
760 783
760 784
760 786
760 787
760 788
760 789
760 790
760 792
760 794
760 796
760 797
760 798
760 800
760 801
760 802
760 803
760 805
760 806
760 807
760 808
760 810
760 811
760 815
760 816
760 817
760 819
760 820
760 821
760 822
760 824
760 825
760 827
760 828
760 829
760 830
760 831
760 834
760 835
760 837
760 838
760 839
760 840
760 843
760 844
760 847
760 848
760 849
760 850
760 852
760 853
760 854
760 855
760 856
760 857
760 858
760 860
760 862
760 863
760 864
760 870
760 871
760 872
760 873
760 877
760 879
760 880
760 881
760 883
760 885
760 886
760 887
760 888
760 889
760 891
760 895
760 896
760 897
760 898
760 899
760 900
760 901
760 903
760 905
760 906
760 907
760 908
760 911
760 912
760 915
760 916
760 918
760 919
760 920
760 922
760 924
760 925
760 928
760 930
760 931
760 932
760 933
760 934
760 935
760 936
760 937
760 940
760 941
760 942
760 943
760 944
760 945
760 946
760 947
760 948
760 949
760 950
760 951
760 952
760 953
760 954
760 955
760 956
760 958
760 959
760 960
760 961
760 963
760 964
760 965
760 966
760 967
760 968
760 969
760 970
760 972
760 975
760 977
760 978
760 979
760 984
760 985
760 986
760 987
760 988
760 989
760 991
760 993
760 994
760 997
760 998
761 762
761 763
761 764
761 765
761 766
761 767
761 768
761 769
761 771
761 772
761 773
761 774
761 776
761 777
761 778
761 780
761 781
761 782
761 783
761 784
761 785
761 787
761 788
761 789
761 790
761 791
761 793
761 794
761 796
761 797
761 798
761 802
761 803
761 804
761 806
761 807
761 808
761 811
761 812
761 813
761 814
761 815
761 816
761 818
761 819
761 822
761 823
761 824
761 825
761 826
761 830
761 831
761 832
761 833
761 834
761 835
761 836
761 837
761 839
761 840
761 842
761 844
761 845
761 846
761 847
761 848
761 849
761 851
761 852
761 853
761 854
761 856
761 857
761 858
761 860
761 861
761 863
761 864
761 865
761 868
761 869
761 870
761 871
761 874
761 875
761 877
761 878
761 880
761 881
761 882
761 883
761 884
761 886
761 888
761 889
761 890
761 892
761 893
761 894
761 895
761 896
761 897
761 899
761 903
761 906
761 910
761 911
761 912
761 914
761 915
761 916
761 917
761 918
761 922
761 923
761 924
761 925
761 926
761 927
761 928
761 929
761 930
761 931
761 932
761 933
761 934
761 935
761 936
761 937
761 938
761 939
761 940
761 941
761 942
761 943
761 944
761 945
761 948
761 949
761 950
761 952
761 953
761 955
761 956
761 957
761 958
761 959
761 962
761 963
761 965
761 966
761 969
761 971
761 972
761 973
761 974
761 975
761 976
761 977
761 979
761 980
761 982
761 983
761 984
761 985
761 986
761 988
761 990
761 991
761 992
761 993
761 994
761 996
761 997
761 998
762 764
762 766
762 767
762 768
762 770
762 771
762 773
762 774
762 775
762 776
762 777
762 778
762 785
762 786
762 787
762 788
762 789
762 790
762 793
762 796
762 797
762 798
762 799
762 800
762 801
762 802
762 803
762 804
762 805
762 806
762 807
762 808
762 809
762 810
762 811
762 813
762 814
762 815
762 816
762 817
762 820
762 821
762 822
762 824
762 825
762 826
762 829
762 830
762 831
762 832
762 835
762 836
762 837
762 838
762 840
762 841
762 843
762 844
762 845
762 846
762 847
762 848
762 849
762 850
762 852
762 854
762 855
762 859
762 860
762 862
762 865
762 866
762 867
762 868
762 869
762 870
762 871
762 872
762 874
762 875
762 877
762 878
762 879
762 881
762 882
762 883
762 884
762 885
762 886
762 887
762 889
762 890
762 891
762 893
762 894
762 895
762 896
762 897
762 898
762 901
762 902
762 903
762 904
762 905
762 906
762 907
762 908
762 909
762 910
762 914
762 915
762 916
762 917
762 918
762 919
762 920
762 922
762 924
762 926
762 928
762 929
762 931
762 933
762 934
762 935
762 937
762 940
762 941
762 942
762 943
762 944
762 946
762 950
762 951
762 953
762 954
762 957
762 958
762 959
762 961
762 962
762 964
762 966
762 967
762 969
762 970
762 971
762 973
762 975
762 976
762 977
762 978
762 979
762 980
762 981
762 983
762 984
762 985
762 987
762 988
762 989
762 991
762 993
762 994
762 995
762 996
762 997
762 998
762 999
763 764
763 765
763 766
763 767
763 768
763 769
763 770
763 771
763 772
763 773
763 774
763 775
763 776
763 779
763 780
763 781
763 782
763 783
763 784
763 785
763 786
763 787
763 788
763 789
763 790
763 791
763 794
763 796
763 798
763 800
763 801
763 804
763 807
763 808
763 809
763 810
763 812
763 814
763 816
763 818
763 819
763 821
763 823
763 824
763 825
763 826
763 827
763 828
763 829
763 830
763 831
763 832
763 833
763 834
763 836
763 837
763 842
763 843
763 847
763 848
763 849
763 850
763 852
763 853
763 855
763 856
763 857
763 858
763 860
763 862
763 864
763 865
763 866
763 870
763 871
763 872
763 873
763 874
763 875
763 876
763 878
763 880
763 881
763 882
763 883
763 884
763 887
763 888
763 889
763 890
763 892
763 894
763 899
763 900
763 902
763 903
763 906
763 909
763 910
763 912
763 913
763 915
763 916
763 917
763 918
763 920
763 921
763 924
763 925
763 926
763 928
763 929
763 930
763 932
763 933
763 935
763 936
763 938
763 939
763 940
763 941
763 943
763 944
763 945
763 946
763 947
763 948
763 949
763 950
763 951
763 953
763 954
763 956
763 957
763 958
763 959
763 960
763 961
763 963
763 964
763 965
763 966
763 968
763 970
763 972
763 973
763 974
763 976
763 977
763 978
763 979
763 980
763 982
763 983
763 984
763 985
763 986
763 987
763 990
763 991
763 993
763 994
763 995
763 996
763 997
763 998
764 765
764 766
764 767
764 768
764 769
764 770
764 771
764 772
764 773
764 774
764 775
764 776
764 778
764 779
764 781
764 783
764 784
764 785
764 792
764 793
764 797
764 798
764 800
764 801
764 802
764 803
764 804
764 805
764 806
764 807
764 808
764 809
764 810
764 811
764 812
764 815
764 816
764 817
764 819
764 820
764 821
764 822
764 823
764 825
764 826
764 827
764 828
764 829
764 831
764 833
764 834
764 835
764 836
764 838
764 839
764 841
764 843
764 844
764 845
764 846
764 847
764 848
764 849
764 851
764 853
764 854
764 855
764 857
764 858
764 866
764 867
764 868
764 870
764 871
764 872
764 873
764 874
764 875
764 879
764 880
764 881
764 882
764 883
764 884
764 885
764 886
764 887
764 888
764 889
764 890
764 894
764 895
764 896
764 897
764 898
764 900
764 901
764 902
764 903
764 904
764 905
764 906
764 907
764 908
764 909
764 911
764 914
764 916
764 917
764 918
764 919
764 921
764 923
764 924
764 925
764 928
764 929
764 930
764 931
764 932
764 933
764 934
764 935
764 936
764 938
764 939
764 941
764 944
764 945
764 947
764 948
764 949
764 950
764 952
764 956
764 957
764 958
764 959
764 960
764 961
764 964
764 965
764 966
764 970
764 971
764 972
764 973
764 974
764 975
764 976
764 977
764 978
764 980
764 981
764 983
764 989
764 990
764 991
764 992
764 995
764 996
764 997
764 998
764 999
765 771
765 772
765 773
765 775
765 776
765 777
765 778
765 779
765 781
765 784
765 785
765 786
765 787
765 788
765 790
765 791
765 792
765 794
765 795
765 796
765 797
765 798
765 800
765 801
765 804
765 805
765 807
765 808
765 809
765 810
765 811
765 813
765 814
765 816
765 818
765 819
765 820
765 821
765 822
765 823
765 824
765 825
765 828
765 833
765 834
765 835
765 840
765 843
765 844
765 845
765 846
765 847
765 848
765 849
765 851
765 852
765 853
765 854
765 855
765 856
765 857
765 859
765 860
765 861
765 862
765 864
765 865
765 866
765 867
765 868
765 869
765 870
765 871
765 872
765 873
765 874
765 875
765 876
765 878
765 879
765 880
765 881
765 882
765 883
765 885
765 886
765 888
765 889
765 890
765 891
765 894
765 895
765 896
765 897
765 899
765 900
765 901
765 902
765 904
765 905
765 906
765 907
765 908
765 909
765 910
765 911
765 912
765 914
765 917
765 918
765 919
765 920
765 922
765 923
765 924
765 926
765 927
765 928
765 930
765 933
765 934
765 935
765 936
765 939
765 940
765 941
765 942
765 943
765 946
765 949
765 950
765 952
765 953
765 954
765 955
765 956
765 958
765 960
765 961
765 962
765 964
765 966
765 967
765 968
765 969
765 970
765 973
765 976
765 977
765 980
765 981
765 982
765 983
765 984
765 985
765 986
765 987
765 988
765 989
765 990
765 995
765 996
765 997
765 998
765 999
766 767
766 768
766 769
766 770
766 772
766 773
766 776
766 779
766 780
766 782
766 786
766 787
766 788
766 789
766 791
766 793
766 796
766 798
766 799
766 800
766 803
766 804
766 805
766 806
766 807
766 812
766 813
766 816
766 818
766 819
766 822
766 824
766 825
766 826
766 827
766 832
766 833
766 834
766 835
766 836
766 838
766 839
766 844
766 845
766 846
766 847
766 848
766 849
766 850
766 851
766 852
766 854
766 855
766 856
766 857
766 859
766 860
766 861
766 863
766 867
766 868
766 869
766 871
766 872
766 873
766 875
766 876
766 877
766 878
766 879
766 880
766 881
766 882
766 883
766 885
766 887
766 889
766 890
766 891
766 892
766 893
766 896
766 897
766 898
766 899
766 902
766 903
766 905
766 907
766 908
766 910
766 911
766 912
766 914
766 915
766 917
766 920
766 921
766 922
766 923
766 924
766 925
766 926
766 928
766 930
766 931
766 932
766 933
766 935
766 936
766 937
766 938
766 939
766 940
766 942
766 943
766 944
766 946
766 947
766 948
766 950
766 953
766 955
766 956
766 957
766 958
766 959
766 961
766 962
766 963
766 966
766 967
766 968
766 969
766 970
766 971
766 972
766 974
766 975
766 976
766 977
766 978
766 979
766 984
766 985
766 986
766 987
766 988
766 990
766 991
766 993
766 994
766 995
766 997
766 998
767 768
767 770
767 771
767 772
767 774
767 776
767 778
767 781
767 782
767 783
767 787
767 790
767 793
767 794
767 795
767 796
767 797
767 799
767 802
767 803
767 806
767 807
767 809
767 810
767 811
767 812
767 813
767 815
767 816
767 817
767 819
767 820
767 823
767 824
767 825
767 828
767 829
767 831
767 833
767 834
767 836
767 837
767 840
767 841
767 844
767 845
767 846
767 847
767 848
767 850
767 851
767 853
767 856
767 858
767 859
767 860
767 861
767 862
767 863
767 866
767 868
767 870
767 871
767 872
767 874
767 877
767 878
767 880
767 881
767 882
767 883
767 884
767 885
767 886
767 887
767 888
767 889
767 890
767 891
767 892
767 895
767 896
767 897
767 898
767 899
767 900
767 901
767 903
767 905
767 908
767 909
767 910
767 911
767 912
767 913
767 914
767 915
767 916
767 918
767 919
767 922
767 925
767 926
767 927
767 928
767 930
767 932
767 933
767 934
767 935
767 937
767 938
767 939
767 940
767 942
767 944
767 945
767 946
767 947
767 948
767 949
767 950
767 951
767 953
767 955
767 957
767 959
767 960
767 962
767 965
767 966
767 968
767 969
767 970
767 972
767 973
767 974
767 975
767 977
767 979
767 980
767 981
767 982
767 983
767 985
767 986
767 987
767 990
767 991
767 992
767 994
767 995
767 996
767 998
768 769
768 770
768 773
768 774
768 775
768 776
768 777
768 778
768 779
768 780
768 781
768 782
768 784
768 785
768 787
768 788
768 789
768 790
768 791
768 792
768 793
768 794
768 796
768 801
768 803
768 804
768 805
768 806
768 808
768 810
768 811
768 812
768 813
768 816
768 817
768 818
768 819
768 820
768 822
768 823
768 824
768 825
768 827
768 828
768 829
768 830
768 831
768 835
768 837
768 838
768 841
768 842
768 843
768 844
768 845
768 846
768 847
768 848
768 852
768 853
768 854
768 855
768 857
768 858
768 859
768 860
768 861
768 862
768 864
768 865
768 867
768 868
768 869
768 870
768 871
768 872
768 873
768 874
768 875
768 876
768 877
768 878
768 879
768 881
768 883
768 884
768 885
768 886
768 888
768 890
768 891
768 893
768 894
768 895
768 896
768 897
768 898
768 899
768 900
768 901
768 902
768 904
768 905
768 906
768 907
768 908
768 909
768 910
768 911
768 912
768 914
768 915
768 917
768 918
768 921
768 922
768 923
768 924
768 925
768 926
768 927
768 931
768 934
768 935
768 936
768 937
768 938
768 941
768 942
768 944
768 945
768 946
768 948
768 949
768 950
768 951
768 953
768 954
768 957
768 960
768 962
768 963
768 964
768 966
768 967
768 968
768 969
768 970
768 971
768 972
768 973
768 974
768 975
768 976
768 977
768 978
768 981
768 982
768 984
768 985
768 986
768 987
768 988
768 989
768 990
768 991
768 992
768 993
768 994
768 999
769 772
769 775
769 776
769 777
769 780
769 781
769 782
769 783
769 786
769 787
769 788
769 789
769 790
769 791
769 792
769 793
769 795
769 797
769 799
769 800
769 801
769 802
769 803
769 804
769 808
769 811
769 813
769 815
769 816
769 818
769 819
769 820
769 821
769 823
769 824
769 826
769 827
769 828
769 829
769 830
769 833
769 834
769 836
769 837
769 838
769 839
769 843
769 844
769 845
769 847
769 849
769 853
769 854
769 855
769 856
769 857
769 858
769 859
769 860
769 861
769 864
769 866
769 867
769 872
769 873
769 876
769 877
769 878
769 880
769 881
769 882
769 883
769 884
769 886
769 887
769 888
769 890
769 891
769 892
769 894
769 896
769 897
769 898
769 899
769 900
769 902
769 903
769 906
769 908
769 909
769 910
769 911
769 912
769 914
769 915
769 916
769 917
769 919
769 920
769 921
769 923
769 925
769 926
769 929
769 931
769 932
769 933
769 935
769 939
769 940
769 941
769 942
769 943
769 944
769 945
769 946
769 949
769 952
769 954
769 955
769 956
769 957
769 958
769 959
769 962
769 963
769 965
769 967
769 968
769 969
769 970
769 971
769 972
769 973
769 976
769 977
769 978
769 979
769 980
769 981
769 982
769 984
769 985
769 986
769 987
769 988
769 989
769 990
769 993
769 994
769 995
769 997
769 999
770 771
770 772
770 773
770 774
770 775
770 777
770 778
770 780
770 781
770 782
770 783
770 785
770 788
770 789
770 790
770 792
770 793
770 795
770 796
770 797
770 798
770 799
770 801
770 804
770 807
770 809
770 810
770 812
770 813
770 815
770 816
770 819
770 821
770 822
770 825
770 827
770 829
770 831
770 832
770 833
770 834
770 835
770 837
770 838
770 839
770 840
770 841
770 842
770 844
770 845
770 846
770 847
770 848
770 849
770 850
770 852
770 853
770 856
770 857
770 858
770 859
770 860
770 864
770 865
770 868
770 869
770 870
770 872
770 876
770 878
770 880
770 881
770 882
770 884
770 885
770 886
770 887
770 888
770 890
770 891
770 892
770 893
770 894
770 895
770 897
770 898
770 900
770 901
770 904
770 905
770 907
770 908
770 910
770 911
770 912
770 913
770 915
770 916
770 918
770 919
770 921
770 922
770 923
770 924
770 928
770 929
770 930
770 931
770 933
770 935
770 936
770 938
770 939
770 940
770 942
770 945
770 947
770 949
770 950
770 951
770 952
770 953
770 954
770 955
770 956
770 957
770 958
770 959
770 960
770 961
770 962
770 964
770 965
770 966
770 967
770 968
770 970
770 971
770 973
770 974
770 976
770 977
770 979
770 980
770 981
770 983
770 984
770 987
770 988
770 990
770 993
770 995
770 996
770 997
770 998
771 772
771 773
771 774
771 776
771 778
771 781
771 782
771 784
771 785
771 786
771 787
771 789
771 790
771 792
771 793
771 794
771 795
771 796
771 797
771 798
771 799
771 800
771 801
771 802
771 803
771 804
771 805
771 807
771 809
771 811
771 812
771 813
771 814
771 815
771 816
771 817
771 821
771 822
771 824
771 826
771 828
771 829
771 833
771 834
771 837
771 839
771 840
771 844
771 845
771 846
771 847
771 851
771 852
771 853
771 854
771 855
771 856
771 857
771 859
771 861
771 862
771 863
771 865
771 866
771 867
771 868
771 869
771 871
771 875
771 876
771 878
771 879
771 880
771 881
771 882
771 883
771 884
771 885
771 886
771 887
771 888
771 889
771 891
771 893
771 894
771 895
771 896
771 897
771 898
771 900
771 901
771 902
771 905
771 906
771 907
771 908
771 910
771 911
771 912
771 915
771 916
771 917
771 918
771 919
771 920
771 921
771 922
771 925
771 926
771 927
771 929
771 930
771 933
771 935
771 937
771 938
771 940
771 941
771 943
771 944
771 945
771 946
771 947
771 949
771 951
771 953
771 954
771 956
771 957
771 958
771 959
771 960
771 961
771 962
771 965
771 967
771 969
771 971
771 972
771 973
771 974
771 976
771 977
771 978
771 979
771 980
771 985
771 986
771 987
771 988
771 989
771 991
771 992
771 993
771 994
771 995
771 996
771 997
772 777
772 778
772 780
772 782
772 784
772 786
772 787
772 789
772 790
772 792
772 793
772 794
772 797
772 799
772 800
772 801
772 802
772 805
772 807
772 811
772 812
772 814
772 815
772 816
772 817
772 818
772 820
772 821
772 822
772 825
772 826
772 827
772 829
772 830
772 831
772 832
772 834
772 835
772 836
772 837
772 838
772 839
772 840
772 841
772 842
772 843
772 846
772 847
772 848
772 849
772 850
772 851
772 852
772 853
772 854
772 855
772 857
772 858
772 860
772 862
772 864
772 865
772 866
772 867
772 868
772 869
772 870
772 871
772 874
772 877
772 878
772 879
772 880
772 881
772 882
772 883
772 884
772 885
772 886
772 890
772 893
772 894
772 895
772 897
772 898
772 899
772 902
772 904
772 906
772 908
772 909
772 910
772 912
772 914
772 916
772 917
772 918
772 920
772 921
772 922
772 923
772 924
772 925
772 926
772 927
772 928
772 929
772 930
772 933
772 934
772 936
772 937
772 940
772 941
772 943
772 947
772 948
772 949
772 950
772 951
772 952
772 953
772 954
772 955
772 956
772 957
772 958
772 961
772 963
772 964
772 965
772 966
772 969
772 971
772 972
772 973
772 974
772 975
772 976
772 977
772 978
772 981
772 983
772 985
772 986
772 987
772 989
772 990
772 991
772 992
772 993
772 994
772 995
772 996
772 997
773 774
773 775
773 778
773 779
773 780
773 781
773 782
773 783
773 784
773 787
773 790
773 791
773 792
773 793
773 800
773 802
773 803
773 804
773 806
773 809
773 810
773 811
773 812
773 813
773 814
773 815
773 816
773 817
773 818
773 819
773 820
773 821
773 823
773 825
773 828
773 829
773 830
773 831
773 832
773 833
773 835
773 836
773 837
773 838
773 839
773 840
773 841
773 843
773 844
773 845
773 846
773 847
773 848
773 851
773 852
773 854
773 855
773 857
773 858
773 861
773 862
773 863
773 866
773 867
773 869
773 870
773 871
773 874
773 876
773 877
773 878
773 879
773 880
773 881
773 882
773 883
773 884
773 885
773 887
773 888
773 890
773 891
773 892
773 895
773 896
773 897
773 898
773 899
773 901
773 902
773 903
773 905
773 906
773 907
773 910
773 911
773 912
773 913
773 914
773 915
773 916
773 917
773 919
773 920
773 921
773 922
773 924
773 925
773 926
773 927
773 931
773 932
773 934
773 936
773 938
773 940
773 941
773 943
773 944
773 946
773 947
773 948
773 949
773 950
773 952
773 954
773 956
773 957
773 958
773 960
773 961
773 963
773 964
773 965
773 966
773 967
773 969
773 971
773 972
773 973
773 974
773 975
773 976
773 977
773 978
773 979
773 980
773 981
773 984
773 985
773 986
773 988
773 989
773 990
773 991
773 995
773 997
773 998
773 999
774 775
774 776
774 780
774 783
774 784
774 785
774 786
774 788
774 790
774 792
774 794
774 795
774 796
774 797
774 799
774 801
774 802
774 803
774 804
774 805
774 806
774 807
774 808
774 809
774 811
774 812
774 816
774 817
774 818
774 819
774 821
774 824
774 825
774 827
774 828
774 832
774 833
774 834
774 836
774 837
774 839
774 840
774 841
774 842
774 843
774 844
774 845
774 846
774 847
774 851
774 852
774 853
774 854
774 855
774 857
774 859
774 860
774 861
774 862
774 863
774 864
774 866
774 868
774 869
774 870
774 874
774 875
774 876
774 877
774 881
774 883
774 884
774 885
774 886
774 888
774 889
774 891
774 895
774 897
774 898
774 899
774 900
774 901
774 903
774 904
774 907
774 908
774 909
774 910
774 911
774 913
774 915
774 916
774 917
774 920
774 923
774 925
774 926
774 927
774 929
774 930
774 931
774 932
774 934
774 935
774 936
774 937
774 938
774 939
774 940
774 941
774 942
774 943
774 946
774 947
774 948
774 949
774 952
774 953
774 955
774 957
774 958
774 959
774 960
774 961
774 962
774 964
774 965
774 966
774 969
774 970
774 971
774 972
774 973
774 974
774 976
774 979
774 980
774 985
774 986
774 987
774 988
774 989
774 991
774 992
774 994
774 995
774 996
774 997
774 998
774 999
775 776
775 777
775 778
775 779
775 780
775 781
775 783
775 784
775 786
775 787
775 788
775 789
775 791
775 792
775 793
775 794
775 795
775 796
775 797
775 798
775 799
775 800
775 801
775 802
775 804
775 805
775 806
775 808
775 809
775 810
775 811
775 814
775 816
775 818
775 819
775 820
775 822
775 823
775 825
775 826
775 827
775 830
775 831
775 832
775 833
775 835
775 836
775 838
775 839
775 840
775 841
775 843
775 845
775 847
775 849
775 850
775 851
775 853
775 855
775 856
775 857
775 858
775 859
775 860
775 861
775 862
775 866
775 867
775 868
775 869
775 870
775 872
775 873
775 876
775 877
775 878
775 879
775 880
775 881
775 883
775 884
775 885
775 890
775 891
775 892
775 894
775 895
775 896
775 897
775 898
775 899
775 900
775 901
775 902
775 903
775 904
775 907
775 910
775 911
775 912
775 913
775 915
775 916
775 918
775 919
775 920
775 921
775 923
775 925
775 927
775 929
775 931
775 932
775 933
775 934
775 935
775 936
775 937
775 938
775 939
775 940
775 941
775 942
775 943
775 944
775 946
775 947
775 948
775 949
775 951
775 952
775 954
775 955
775 956
775 957
775 959
775 961
775 963
775 964
775 965
775 966
775 968
775 969
775 974
775 975
775 976
775 978
775 979
775 980
775 982
775 983
775 986
775 988
775 989
775 990
775 992
775 993
775 995
775 996
775 998
776 777
776 780
776 783
776 784
776 785
776 786
776 787
776 788
776 789
776 790
776 791
776 792
776 793
776 794
776 795
776 796
776 797
776 799
776 800
776 801
776 803
776 804
776 805
776 806
776 807
776 809
776 811
776 812
776 814
776 815
776 817
776 818
776 819
776 821
776 822
776 823
776 825
776 826
776 829
776 831
776 835
776 836
776 837
776 838
776 840
776 842
776 843
776 845
776 848
776 849
776 851
776 853
776 854
776 859
776 860
776 861
776 863
776 865
776 866
776 868
776 869
776 870
776 871
776 872
776 873
776 876
776 877
776 878
776 880
776 882
776 883
776 884
776 885
776 886
776 888
776 890
776 891
776 894
776 895
776 896
776 898
776 899
776 900
776 901
776 902
776 903
776 905
776 906
776 908
776 909
776 913
776 914
776 915
776 916
776 920
776 921
776 923
776 924
776 925
776 927
776 928
776 929
776 931
776 932
776 934
776 936
776 937
776 938
776 939
776 940
776 941
776 942
776 945
776 946
776 947
776 948
776 949
776 951
776 954
776 955
776 956
776 959
776 961
776 963
776 964
776 967
776 968
776 972
776 973
776 975
776 976
776 977
776 979
776 980
776 981
776 984
776 985
776 986
776 988
776 990
776 991
776 992
776 993
776 996
776 997
777 778
777 779
777 781
777 782
777 783
777 786
777 788
777 790
777 794
777 795
777 797
777 798
777 799
777 801
777 802
777 804
777 806
777 807
777 808
777 809
777 812
777 813
777 814
777 817
777 818
777 820
777 821
777 822
777 823
777 824
777 825
777 827
777 828
777 829
777 830
777 831
777 832
777 835
777 836
777 837
777 838
777 845
777 848
777 849
777 850
777 853
777 854
777 855
777 856
777 857
777 858
777 859
777 861
777 863
777 864
777 865
777 866
777 867
777 868
777 869
777 871
777 872
777 876
777 879
777 880
777 881
777 882
777 883
777 884
777 885
777 886
777 887
777 888
777 892
777 893
777 894
777 895
777 897
777 898
777 901
777 902
777 903
777 904
777 906
777 907
777 908
777 909
777 910
777 911
777 912
777 913
777 914
777 915
777 917
777 918
777 919
777 920
777 922
777 924
777 925
777 926
777 927
777 928
777 929
777 930
777 932
777 933
777 934
777 935
777 936
777 937
777 938
777 940
777 942
777 944
777 945
777 946
777 948
777 950
777 952
777 954
777 955
777 956
777 957
777 959
777 962
777 963
777 965
777 966
777 967
777 968
777 970
777 971
777 972
777 973
777 974
777 975
777 976
777 977
777 978
777 980
777 981
777 982
777 984
777 985
777 989
777 992
777 993
777 994
777 995
777 996
777 997
777 998
777 999
778 781
778 785
778 787
778 788
778 789
778 791
778 793
778 794
778 796
778 797
778 798
778 799
778 802
778 804
778 805
778 806
778 807
778 808
778 810
778 811
778 812
778 813
778 814
778 816
778 817
778 818
778 820
778 822
778 823
778 824
778 825
778 826
778 827
778 828
778 829
778 831
778 832
778 833
778 834
778 835
778 836
778 837
778 839
778 840
778 842
778 844
778 845
778 847
778 848
778 849
778 850
778 851
778 852
778 853
778 854
778 855
778 856
778 858
778 860
778 862
778 863
778 866
778 868
778 869
778 870
778 871
778 873
778 874
778 875
778 878
778 879
778 881
778 882
778 883
778 886
778 887
778 889
778 890
778 891
778 892
778 893
778 894
778 895
778 896
778 898
778 899
778 900
778 901
778 905
778 907
778 909
778 910
778 912
778 917
778 918
778 921
778 924
778 925
778 926
778 927
778 928
778 929
778 930
778 931
778 932
778 933
778 934
778 937
778 938
778 939
778 941
778 942
778 943
778 944
778 948
778 952
778 953
778 954
778 955
778 956
778 960
778 961
778 962
778 964
778 965
778 966
778 967
778 969
778 970
778 972
778 974
778 976
778 978
778 979
778 980
778 981
778 982
778 983
778 984
778 985
778 986
778 988
778 989
778 990
778 995
778 996
778 997
778 999
779 780
779 782
779 783
779 784
779 785
779 786
779 789
779 790
779 793
779 794
779 795
779 796
779 797
779 798
779 799
779 800
779 801
779 804
779 805
779 806
779 807
779 810
779 811
779 812
779 814
779 815
779 816
779 817
779 819
779 820
779 822
779 823
779 826
779 827
779 828
779 830
779 834
779 837
779 838
779 839
779 841
779 842
779 845
779 846
779 847
779 849
779 850
779 851
779 853
779 855
779 856
779 857
779 858
779 859
779 860
779 861
779 862
779 864
779 865
779 866
779 869
779 870
779 871
779 873
779 874
779 876
779 877
779 880
779 881
779 883
779 884
779 887
779 889
779 890
779 892
779 893
779 894
779 895
779 896
779 897
779 898
779 899
779 900
779 901
779 902
779 903
779 904
779 905
779 907
779 908
779 909
779 910
779 912
779 913
779 914
779 915
779 916
779 919
779 920
779 921
779 922
779 924
779 925
779 926
779 927
779 928
779 930
779 931
779 934
779 935
779 937
779 938
779 939
779 940
779 941
779 942
779 943
779 947
779 948
779 951
779 952
779 953
779 954
779 956
779 958
779 959
779 962
779 963
779 965
779 967
779 968
779 969
779 970
779 971
779 973
779 974
779 975
779 976
779 977
779 978
779 979
779 980
779 981
779 984
779 985
779 986
779 987
779 988
779 989
779 991
779 992
779 993
779 997
779 998
779 999
780 781
780 782
780 784
780 785
780 786
780 787
780 788
780 790
780 792
780 793
780 794
780 795
780 796
780 798
780 800
780 801
780 804
780 806
780 807
780 810
780 811
780 815
780 816
780 817
780 819
780 820
780 821
780 822
780 823
780 824
780 825
780 826
780 828
780 829
780 830
780 831
780 833
780 834
780 837
780 839
780 841
780 844
780 845
780 846
780 848
780 849
780 850
780 851
780 852
780 854
780 855
780 856
780 857
780 858
780 860
780 861
780 863
780 865
780 866
780 868
780 869
780 870
780 874
780 875
780 876
780 880
780 881
780 882
780 884
780 887
780 888
780 889
780 890
780 892
780 893
780 894
780 895
780 897
780 898
780 899
780 900
780 901
780 903
780 906
780 907
780 908
780 909
780 911
780 912
780 913
780 914
780 918
780 919
780 921
780 922
780 923
780 924
780 926
780 927
780 928
780 930
780 931
780 932
780 933
780 934
780 936
780 937
780 938
780 939
780 940
780 941
780 943
780 944
780 945
780 946
780 948
780 949
780 951
780 954
780 955
780 956
780 958
780 959
780 960
780 961
780 963
780 964
780 966
780 967
780 968
780 969
780 970
780 971
780 972
780 974
780 976
780 977
780 978
780 979
780 980
780 981
780 982
780 983
780 984
780 985
780 986
780 987
780 988
780 989
780 990
780 992
780 993
780 995
780 997
780 998
781 782
781 784
781 785
781 786
781 787
781 789
781 790
781 791
781 793
781 794
781 795
781 796
781 797
781 799
781 800
781 801
781 802
781 803
781 805
781 806
781 807
781 808
781 809
781 810
781 811
781 812
781 813
781 814
781 816
781 817
781 818
781 819
781 820
781 821
781 822
781 823
781 824
781 828
781 829
781 830
781 831
781 832
781 833
781 835
781 837
781 838
781 844
781 846
781 847
781 848
781 849
781 850
781 854
781 856
781 857
781 858
781 859
781 860
781 861
781 862
781 863
781 864
781 865
781 866
781 867
781 868
781 870
781 871
781 872
781 873
781 875
781 876
781 879
781 880
781 881
781 882
781 884
781 885
781 886
781 887
781 888
781 890
781 891
781 892
781 893
781 895
781 897
781 898
781 899
781 900
781 901
781 902
781 903
781 904
781 905
781 906
781 907
781 909
781 910
781 913
781 914
781 915
781 916
781 917
781 918
781 919
781 921
781 924
781 925
781 926
781 927
781 928
781 929
781 930
781 931
781 933
781 934
781 936
781 937
781 938
781 939
781 940
781 941
781 942
781 943
781 944
781 946
781 948
781 951
781 952
781 954
781 955
781 956
781 957
781 958
781 959
781 961
781 962
781 963
781 964
781 965
781 966
781 968
781 969
781 970
781 971
781 972
781 974
781 975
781 979
781 980
781 981
781 985
781 987
781 988
781 989
781 990
781 993
781 995
781 996
781 998
782 783
782 785
782 786
782 787
782 788
782 790
782 791
782 792
782 793
782 794
782 795
782 796
782 797
782 799
782 800
782 802
782 805
782 806
782 807
782 808
782 809
782 811
782 812
782 813
782 814
782 817
782 819
782 820
782 821
782 822
782 824
782 825
782 826
782 827
782 828
782 829
782 830
782 832
782 835
782 836
782 837
782 838
782 839
782 844
782 845
782 846
782 847
782 848
782 850
782 852
782 853
782 854
782 855
782 856
782 857
782 858
782 860
782 861
782 862
782 863
782 865
782 866
782 867
782 868
782 873
782 874
782 875
782 876
782 879
782 880
782 881
782 883
782 884
782 887
782 889
782 892
782 893
782 894
782 896
782 897
782 901
782 903
782 905
782 906
782 907
782 908
782 909
782 910
782 911
782 915
782 916
782 919
782 920
782 922
782 923
782 924
782 925
782 926
782 927
782 928
782 929
782 931
782 932
782 933
782 934
782 937
782 938
782 939
782 942
782 943
782 944
782 946
782 949
782 951
782 952
782 954
782 957
782 958
782 960
782 961
782 962
782 963
782 965
782 966
782 967
782 968
782 970
782 971
782 972
782 973
782 975
782 976
782 979
782 980
782 982
782 983
782 984
782 985
782 986
782 987
782 988
782 989
782 991
782 994
782 996
782 998
782 999
783 784
783 786
783 788
783 789
783 790
783 791
783 794
783 797
783 798
783 800
783 801
783 803
783 804
783 806
783 807
783 810
783 814
783 816
783 821
783 822
783 823
783 824
783 826
783 827
783 828
783 830
783 831
783 832
783 833
783 834
783 835
783 836
783 840
783 841
783 842
783 843
783 845
783 847
783 848
783 850
783 851
783 852
783 853
783 855
783 857
783 858
783 861
783 862
783 864
783 865
783 868
783 870
783 871
783 872
783 874
783 876
783 877
783 878
783 879
783 880
783 881
783 882
783 884
783 887
783 891
783 892
783 893
783 895
783 896
783 899
783 900
783 902
783 903
783 910
783 912
783 915
783 916
783 918
783 919
783 920
783 921
783 923
783 926
783 928
783 929
783 930
783 931
783 932
783 933
783 934
783 937
783 938
783 940
783 941
783 942
783 944
783 946
783 947
783 948
783 949
783 951
783 953
783 954
783 955
783 956
783 957
783 958
783 959
783 960
783 961
783 962
783 963
783 964
783 965
783 967
783 969
783 971
783 973
783 974
783 975
783 976
783 977
783 978
783 980
783 984
783 985
783 986
783 987
783 988
783 989
783 990
783 991
783 992
783 994
783 995
783 996
783 997
783 998
783 999
784 785
784 787
784 788
784 789
784 791
784 792
784 794
784 795
784 798
784 799
784 800
784 802
784 803
784 804
784 805
784 806
784 807
784 808
784 809
784 810
784 811
784 812
784 815
784 816
784 817
784 818
784 820
784 821
784 822
784 824
784 826
784 827
784 828
784 829
784 830
784 831
784 832
784 833
784 834
784 836
784 838
784 839
784 840
784 841
784 842
784 843
784 844
784 846
784 847
784 849
784 850
784 851
784 853
784 854
784 855
784 856
784 857
784 859
784 860
784 861
784 863
784 864
784 866
784 868
784 871
784 874
784 875
784 876
784 877
784 878
784 879
784 880
784 881
784 882
784 883
784 885
784 886
784 887
784 891
784 892
784 894
784 895
784 896
784 897
784 898
784 899
784 901
784 902
784 903
784 904
784 905
784 907
784 911
784 912
784 913
784 916
784 921
784 922
784 923
784 924
784 925
784 929
784 931
784 932
784 933
784 934
784 935
784 936
784 938
784 939
784 941
784 942
784 943
784 944
784 945
784 949
784 950
784 952
784 953
784 954
784 956
784 958
784 959
784 960
784 961
784 965
784 967
784 968
784 969
784 972
784 973
784 980
784 981
784 982
784 983
784 984
784 986
784 988
784 990
784 991
784 992
784 993
784 994
784 996
784 999
785 786
785 788
785 789
785 790
785 791
785 792
785 793
785 794
785 796
785 798
785 799
785 800
785 802
785 804
785 805
785 806
785 807
785 808
785 809
785 811
785 812
785 813
785 815
785 816
785 817
785 818
785 819
785 820
785 821
785 822
785 823
785 825
785 826
785 828
785 829
785 830
785 833
785 834
785 838
785 840
785 842
785 843
785 845
785 848
785 849
785 850
785 852
785 853
785 854
785 855
785 856
785 857
785 858
785 859
785 860
785 861
785 862
785 864
785 865
785 866
785 868
785 869
785 870
785 871
785 872
785 875
785 881
785 882
785 883
785 885
785 886
785 889
785 894
785 895
785 896
785 897
785 898
785 899
785 900
785 901
785 902
785 903
785 904
785 905
785 906
785 907
785 909
785 910
785 911
785 912
785 913
785 914
785 916
785 918
785 919
785 920
785 921
785 922
785 923
785 924
785 927
785 928
785 929
785 933
785 934
785 935
785 937
785 938
785 939
785 940
785 942
785 943
785 944
785 947
785 948
785 949
785 950
785 951
785 952
785 954
785 956
785 957
785 959
785 960
785 961
785 962
785 963
785 964
785 965
785 966
785 967
785 971
785 972
785 977
785 979
785 981
785 982
785 984
785 985
785 986
785 987
785 989
785 991
785 993
785 994
785 997
785 998
785 999
786 787
786 788
786 789
786 790
786 791
786 792
786 794
786 795
786 797
786 798
786 799
786 800
786 801
786 802
786 804
786 805
786 806
786 807
786 808
786 809
786 811
786 812
786 813
786 814
786 815
786 816
786 818
786 819
786 820
786 821
786 822
786 823
786 825
786 826
786 827
786 828
786 829
786 830
786 833
786 836
786 837
786 838
786 839
786 840
786 842
786 843
786 844
786 845
786 846
786 847
786 850
786 853
786 854
786 856
786 857
786 858
786 860
786 861
786 862
786 864
786 865
786 866
786 868
786 869
786 870
786 871
786 872
786 875
786 876
786 877
786 878
786 879
786 880
786 881
786 882
786 883
786 884
786 886
786 887
786 888
786 890
786 891
786 892
786 893
786 894
786 895
786 897
786 899
786 901
786 903
786 904
786 905
786 907
786 909
786 910
786 911
786 914
786 915
786 917
786 919
786 920
786 921
786 922
786 924
786 925
786 926
786 927
786 929
786 930
786 931
786 932
786 933
786 937
786 938
786 939
786 941
786 942
786 943
786 944
786 946
786 948
786 949
786 950
786 951
786 953
786 956
786 960
786 961
786 962
786 963
786 964
786 965
786 967
786 968
786 969
786 972
786 973
786 974
786 976
786 977
786 978
786 979
786 980
786 981
786 982
786 983
786 984
786 985
786 986
786 987
786 990
786 991
786 992
786 993
786 994
786 995
786 997
787 788
787 793
787 794
787 796
787 797
787 798
787 799
787 800
787 801
787 803
787 804
787 805
787 806
787 807
787 808
787 809
787 811
787 812
787 813
787 814
787 815
787 816
787 817
787 818
787 819
787 822
787 823
787 824
787 825
787 826
787 827
787 828
787 831
787 832
787 833
787 834
787 835
787 836
787 838
787 839
787 841
787 842
787 843
787 844
787 845
787 847
787 849
787 850
787 852
787 853
787 854
787 855
787 856
787 858
787 859
787 860
787 862
787 865
787 867
787 869
787 870
787 873
787 875
787 876
787 877
787 878
787 881
787 883
787 884
787 886
787 888
787 889
787 890
787 891
787 892
787 894
787 897
787 898
787 902
787 904
787 905
787 906
787 908
787 909
787 910
787 911
787 913
787 916
787 917
787 918
787 919
787 922
787 923
787 924
787 925
787 927
787 929
787 932
787 933
787 934
787 935
787 936
787 937
787 938
787 940
787 941
787 943
787 944
787 945
787 946
787 948
787 949
787 951
787 953
787 954
787 955
787 956
787 957
787 958
787 959
787 960
787 962
787 963
787 967
787 968
787 969
787 970
787 972
787 973
787 974
787 975
787 976
787 978
787 979
787 983
787 984
787 985
787 986
787 990
787 991
787 992
787 993
787 994
787 995
787 996
787 997
788 789
788 790
788 791
788 792
788 793
788 794
788 795
788 796
788 799
788 800
788 801
788 802
788 803
788 804
788 806
788 807
788 809
788 810
788 811
788 812
788 813
788 814
788 815
788 817
788 818
788 819
788 821
788 823
788 824
788 826
788 827
788 828
788 829
788 831
788 832
788 833
788 834
788 835
788 836
788 837
788 840
788 841
788 842
788 843
788 844
788 846
788 847
788 848
788 849
788 851
788 852
788 853
788 854
788 855
788 856
788 857
788 859
788 860
788 861
788 862
788 863
788 864
788 865
788 866
788 868
788 869
788 871
788 872
788 873
788 875
788 876
788 878
788 879
788 880
788 881
788 882
788 883
788 884
788 885
788 887
788 888
788 891
788 892
788 893
788 894
788 895
788 897
788 898
788 899
788 901
788 902
788 903
788 904
788 906
788 907
788 909
788 911
788 912
788 913
788 914
788 915
788 916
788 917
788 918
788 919
788 920
788 921
788 923
788 924
788 926
788 927
788 928
788 930
788 931
788 933
788 934
788 935
788 937
788 938
788 939
788 940
788 942
788 943
788 945
788 947
788 948
788 949
788 950
788 951
788 952
788 953
788 954
788 957
788 958
788 959
788 960
788 961
788 962
788 964
788 965
788 966
788 967
788 968
788 969
788 970
788 971
788 972
788 977
788 979
788 980
788 982
788 986
788 987
788 989
788 990
788 992
788 994
788 996
788 997
788 998
788 999
789 790
789 791
789 793
789 794
789 797
789 798
789 799
789 802
789 803
789 807
789 808
789 809
789 810
789 812
789 813
789 814
789 815
789 816
789 818
789 819
789 821
789 823
789 825
789 826
789 827
789 828
789 829
789 830
789 831
789 832
789 833
789 835
789 836
789 837
789 838
789 840
789 841
789 843
789 847
789 849
789 851
789 852
789 853
789 854
789 857
789 858
789 863
789 864
789 866
789 867
789 870
789 871
789 872
789 873
789 875
789 876
789 877
789 878
789 880
789 882
789 884
789 885
789 886
789 887
789 888
789 890
789 891
789 893
789 894
789 895
789 897
789 899
789 900
789 902
789 905
789 906
789 907
789 908
789 909
789 912
789 914
789 916
789 917
789 918
789 919
789 922
789 926
789 927
789 928
789 929
789 930
789 931
789 933
789 937
789 940
789 941
789 943
789 944
789 945
789 946
789 949
789 950
789 951
789 954
789 955
789 957
789 958
789 960
789 961
789 962
789 964
789 966
789 968
789 969
789 972
789 973
789 974
789 975
789 976
789 977
789 978
789 980
789 981
789 983
789 986
789 987
789 988
789 990
789 991
789 992
789 994
789 995
789 996
789 997
789 998
789 999
790 791
790 792
790 793
790 794
790 795
790 796
790 797
790 799
790 800
790 803
790 804
790 805
790 806
790 807
790 809
790 810
790 811
790 813
790 814
790 816
790 818
790 821
790 822
790 823
790 824
790 827
790 828
790 829
790 830
790 831
790 832
790 833
790 834
790 835
790 836
790 837
790 838
790 839
790 840
790 842
790 843
790 846
790 847
790 848
790 849
790 851
790 853
790 854
790 856
790 857
790 858
790 860
790 861
790 863
790 864
790 865
790 866
790 867
790 868
790 869
790 870
790 871
790 872
790 873
790 874
790 876
790 878
790 881
790 882
790 883
790 884
790 885
790 886
790 887
790 889
790 891
790 892
790 895
790 898
790 899
790 903
790 904
790 905
790 906
790 907
790 908
790 911
790 912
790 913
790 914
790 916
790 917
790 918
790 919
790 920
790 921
790 925
790 926
790 927
790 928
790 930
790 933
790 934
790 935
790 936
790 937
790 939
790 941
790 942
790 945
790 946
790 947
790 948
790 950
790 951
790 952
790 955
790 957
790 958
790 959
790 961
790 962
790 963
790 964
790 966
790 968
790 970
790 971
790 973
790 974
790 975
790 976
790 977
790 978
790 979
790 980
790 983
790 986
790 989
790 991
790 992
790 993
790 998
790 999
791 792
791 794
791 795
791 796
791 797
791 798
791 801
791 802
791 803
791 804
791 805
791 806
791 807
791 809
791 810
791 811
791 812
791 813
791 814
791 816
791 819
791 821
791 822
791 823
791 824
791 826
791 828
791 830
791 831
791 832
791 833
791 834
791 835
791 836
791 837
791 838
791 839
791 840
791 842
791 843
791 844
791 845
791 846
791 847
791 850
791 851
791 852
791 855
791 856
791 858
791 859
791 860
791 861
791 863
791 864
791 865
791 866
791 867
791 868
791 869
791 871
791 873
791 874
791 875
791 876
791 877
791 878
791 880
791 881
791 882
791 883
791 884
791 885
791 886
791 887
791 888
791 889
791 891
791 892
791 894
791 896
791 897
791 899
791 902
791 903
791 904
791 905
791 907
791 908
791 909
791 910
791 911
791 912
791 913
791 914
791 916
791 919
791 920
791 921
791 922
791 923
791 924
791 926
791 927
791 928
791 929
791 930
791 931
791 934
791 935
791 936
791 937
791 939
791 940
791 941
791 942
791 943
791 944
791 945
791 946
791 948
791 949
791 950
791 951
791 952
791 953
791 954
791 956
791 960
791 961
791 963
791 964
791 966
791 967
791 968
791 969
791 971
791 973
791 976
791 979
791 980
791 981
791 982
791 983
791 984
791 987
791 988
791 989
791 992
791 994
791 996
791 997
791 999
792 794
792 795
792 796
792 797
792 798
792 799
792 800
792 801
792 802
792 803
792 804
792 805
792 809
792 810
792 811
792 812
792 813
792 815
792 821
792 822
792 823
792 824
792 826
792 827
792 828
792 829
792 830
792 831
792 833
792 835
792 837
792 838
792 840
792 841
792 842
792 843
792 845
792 846
792 847
792 850
792 852
792 854
792 856
792 859
792 860
792 861
792 862
792 863
792 865
792 867
792 869
792 872
792 873
792 874
792 875
792 876
792 878
792 881
792 882
792 884
792 885
792 886
792 887
792 888
792 889
792 890
792 892
792 893
792 894
792 897
792 898
792 900
792 901
792 902
792 903
792 905
792 906
792 908
792 909
792 911
792 912
792 914
792 915
792 916
792 918
792 919
792 920
792 923
792 924
792 925
792 927
792 928
792 930
792 931
792 932
792 934
792 936
792 939
792 940
792 941
792 944
792 947
792 948
792 949
792 950
792 952
792 953
792 954
792 955
792 956
792 957
792 959
792 960
792 961
792 962
792 964
792 965
792 967
792 969
792 970
792 971
792 973
792 974
792 976
792 978
792 980
792 981
792 983
792 984
792 986
792 987
792 989
792 992
792 993
792 994
792 995
792 996
792 997
792 998
792 999
793 794
793 797
793 798
793 799
793 800
793 802
793 803
793 804
793 805
793 806
793 807
793 808
793 809
793 810
793 811
793 812
793 814
793 815
793 816
793 817
793 819
793 821
793 822
793 824
793 825
793 826
793 827
793 829
793 830
793 831
793 833
793 834
793 837
793 838
793 839
793 840
793 841
793 842
793 844
793 846
793 847
793 848
793 851
793 852
793 853
793 854
793 856
793 857
793 858
793 859
793 860
793 861
793 862
793 863
793 865
793 866
793 867
793 868
793 869
793 871
793 872
793 873
793 874
793 875
793 877
793 879
793 880
793 881
793 882
793 883
793 884
793 885
793 886
793 887
793 888
793 890
793 891
793 893
793 894
793 895
793 896
793 897
793 900
793 902
793 904
793 906
793 909
793 913
793 914
793 915
793 916
793 917
793 918
793 919
793 920
793 921
793 924
793 926
793 927
793 928
793 929
793 930
793 931
793 934
793 935
793 936
793 937
793 938
793 939
793 941
793 942
793 944
793 946
793 947
793 948
793 950
793 951
793 953
793 954
793 955
793 956
793 957
793 958
793 959
793 961
793 962
793 963
793 965
793 967
793 968
793 970
793 972
793 974
793 975
793 976
793 979
793 981
793 982
793 983
793 984
793 985
793 986
793 987
793 988
793 989
793 993
793 994
793 996
793 998
794 795
794 796
794 797
794 798
794 799
794 801
794 802
794 804
794 806
794 807
794 808
794 809
794 811
794 812
794 813
794 814
794 816
794 817
794 818
794 819
794 821
794 823
794 824
794 828
794 829
794 830
794 831
794 833
794 834
794 835
794 836
794 838
794 839
794 840
794 841
794 842
794 844
794 845
794 846
794 848
794 849
794 850
794 851
794 852
794 853
794 855
794 856
794 857
794 858
794 860
794 861
794 862
794 863
794 864
794 865
794 866
794 867
794 868
794 869
794 870
794 871
794 872
794 874
794 875
794 876
794 877
794 880
794 882
794 883
794 885
794 886
794 887
794 888
794 891
794 892
794 893
794 894
794 895
794 897
794 898
794 901
794 902
794 904
794 907
794 908
794 909
794 911
794 912
794 913
794 914
794 916
794 918
794 920
794 921
794 922
794 923
794 924
794 925
794 926
794 929
794 930
794 931
794 933
794 935
794 936
794 937
794 938
794 939
794 940
794 941
794 942
794 944
794 945
794 946
794 948
794 953
794 954
794 955
794 956
794 957
794 958
794 960
794 961
794 962
794 965
794 966
794 967
794 968
794 969
794 970
794 972
794 973
794 974
794 975
794 976
794 977
794 978
794 979
794 980
794 981
794 982
794 983
794 984
794 985
794 986
794 988
794 991
794 992
794 993
794 994
794 995
794 996
794 997
794 998
795 796
795 800
795 802
795 803
795 804
795 805
795 807
795 808
795 812
795 813
795 814
795 815
795 816
795 817
795 818
795 819
795 820
795 822
795 823
795 824
795 825
795 828
795 829
795 831
795 832
795 833
795 834
795 835
795 838
795 840
795 843
795 844
795 845
795 846
795 848
795 849
795 850
795 851
795 852
795 855
795 857
795 859
795 860
795 861
795 862
795 865
795 866
795 867
795 868
795 872
795 873
795 876
795 877
795 878
795 881
795 882
795 883
795 884
795 885
795 888
795 890
795 891
795 893
795 897
795 899
795 900
795 904
795 905
795 906
795 907
795 908
795 909
795 910
795 911
795 913
795 916
795 919
795 922
795 923
795 925
795 927
795 928
795 930
795 931
795 933
795 934
795 935
795 936
795 937
795 938
795 939
795 942
795 945
795 946
795 947
795 950
795 951
795 952
795 953
795 954
795 956
795 957
795 959
795 961
795 963
795 964
795 967
795 968
795 970
795 971
795 973
795 975
795 976
795 977
795 978
795 980
795 981
795 982
795 984
795 985
795 986
795 987
795 988
795 992
795 993
795 995
795 996
795 999
796 797
796 798
796 799
796 802
796 803
796 806
796 807
796 808
796 809
796 810
796 811
796 813
796 816
796 817
796 819
796 820
796 821
796 822
796 824
796 825
796 826
796 827
796 829
796 830
796 833
796 834
796 835
796 836
796 837
796 839
796 840
796 841
796 842
796 843
796 844
796 845
796 846
796 847
796 848
796 849
796 852
796 854
796 855
796 856
796 857
796 858
796 860
796 861
796 862
796 864
796 865
796 866
796 868
796 869
796 871
796 872
796 873
796 875
796 877
796 879
796 880
796 882
796 883
796 884
796 885
796 887
796 888
796 889
796 892
796 895
796 901
796 902
796 903
796 904
796 905
796 906
796 907
796 908
796 909
796 910
796 911
796 915
796 917
796 919
796 920
796 921
796 922
796 923
796 924
796 925
796 927
796 928
796 930
796 931
796 933
796 935
796 940
796 942
796 943
796 944
796 946
796 947
796 948
796 949
796 950
796 951
796 952
796 953
796 954
796 956
796 957
796 958
796 959
796 960
796 962
796 966
796 970
796 971
796 972
796 973
796 974
796 975
796 977
796 978
796 980
796 981
796 983
796 984
796 985
796 986
796 987
796 988
796 989
796 990
796 991
796 992
796 993
796 994
796 996
796 997
796 998
796 999
797 798
797 802
797 803
797 804
797 805
797 806
797 807
797 808
797 809
797 810
797 811
797 815
797 816
797 818
797 820
797 822
797 823
797 826
797 830
797 831
797 832
797 833
797 834
797 835
797 836
797 837
797 840
797 841
797 842
797 844
797 845
797 849
797 850
797 852
797 854
797 856
797 857
797 858
797 859
797 860
797 861
797 862
797 863
797 864
797 867
797 868
797 869
797 870
797 871
797 872
797 873
797 874
797 875
797 877
797 878
797 879
797 880
797 881
797 882
797 886
797 888
797 889
797 891
797 892
797 894
797 897
797 898
797 899
797 900
797 902
797 903
797 904
797 905
797 906
797 907
797 908
797 910
797 913
797 914
797 917
797 919
797 920
797 921
797 922
797 923
797 924
797 925
797 926
797 929
797 930
797 931
797 932
797 933
797 934
797 936
797 937
797 939
797 940
797 941
797 942
797 945
797 947
797 949
797 950
797 953
797 955
797 957
797 959
797 961
797 962
797 963
797 966
797 967
797 969
797 970
797 972
797 973
797 975
797 976
797 977
797 978
797 979
797 981
797 982
797 984
797 986
797 987
797 989
797 991
797 992
797 993
797 994
797 995
797 996
797 998
797 999
798 799
798 801
798 802
798 806
798 807
798 808
798 809
798 812
798 813
798 815
798 816
798 817
798 818
798 819
798 820
798 821
798 822
798 823
798 824
798 825
798 826
798 828
798 829
798 831
798 832
798 833
798 834
798 835
798 836
798 837
798 839
798 840
798 842
798 843
798 844
798 845
798 847
798 848
798 849
798 850
798 851
798 854
798 855
798 856
798 857
798 859
798 860
798 862
798 863
798 865
798 866
798 867
798 868
798 869
798 870
798 872
798 874
798 875
798 876
798 878
798 880
798 881
798 883
798 884
798 885
798 886
798 887
798 888
798 889
798 890
798 891
798 892
798 897
798 898
798 899
798 900
798 901
798 902
798 903
798 904
798 907
798 908
798 910
798 911
798 912
798 913
798 920
798 921
798 922
798 925
798 927
798 928
798 930
798 931
798 933
798 934
798 935
798 936
798 937
798 938
798 939
798 940
798 941
798 943
798 944
798 945
798 946
798 947
798 948
798 949
798 950
798 952
798 955
798 957
798 958
798 959
798 960
798 961
798 962
798 963
798 965
798 967
798 968
798 970
798 971
798 972
798 973
798 974
798 976
798 977
798 983
798 984
798 985
798 986
798 987
798 988
798 990
798 992
798 993
798 995
798 997
798 998
798 999
799 800
799 801
799 802
799 803
799 804
799 806
799 809
799 811
799 812
799 813
799 814
799 815
799 816
799 820
799 821
799 823
799 824
799 826
799 827
799 828
799 829
799 830
799 831
799 833
799 835
799 836
799 837
799 838
799 841
799 842
799 843
799 848
799 849
799 850
799 851
799 853
799 854
799 856
799 857
799 863
799 864
799 866
799 867
799 868
799 869
799 870
799 871
799 873
799 878
799 880
799 882
799 884
799 885
799 886
799 887
799 889
799 891
799 892
799 894
799 896
799 897
799 898
799 899
799 900
799 901
799 902
799 903
799 904
799 905
799 906
799 907
799 908
799 911
799 913
799 914
799 915
799 916
799 918
799 919
799 920
799 922
799 923
799 924
799 927
799 928
799 929
799 930
799 933
799 935
799 936
799 937
799 939
799 940
799 941
799 943
799 944
799 945
799 946
799 947
799 948
799 949
799 953
799 957
799 958
799 959
799 960
799 961
799 962
799 963
799 964
799 966
799 968
799 969
799 970
799 973
799 974
799 975
799 976
799 979
799 980
799 981
799 982
799 984
799 985
799 986
799 989
799 990
799 991
799 995
799 996
799 997
799 998
800 801
800 802
800 804
800 805
800 806
800 807
800 809
800 810
800 811
800 812
800 813
800 814
800 815
800 818
800 819
800 823
800 824
800 825
800 828
800 829
800 830
800 831
800 833
800 834
800 835
800 836
800 837
800 838
800 839
800 842
800 843
800 844
800 845
800 846
800 847
800 848
800 849
800 850
800 851
800 852
800 853
800 854
800 855
800 857
800 859
800 861
800 862
800 863
800 864
800 865
800 867
800 868
800 869
800 871
800 872
800 873
800 874
800 876
800 877
800 878
800 879
800 880
800 881
800 882
800 883
800 884
800 885
800 886
800 888
800 890
800 891
800 893
800 894
800 895
800 896
800 897
800 898
800 899
800 903
800 904
800 905
800 907
800 908
800 909
800 910
800 912
800 913
800 916
800 917
800 919
800 920
800 921
800 922
800 924
800 926
800 927
800 928
800 930
800 932
800 933
800 934
800 935
800 936
800 939
800 940
800 941
800 942
800 945
800 947
800 948
800 949
800 950
800 951
800 953
800 956
800 957
800 958
800 959
800 960
800 961
800 962
800 963
800 964
800 965
800 967
800 968
800 969
800 970
800 971
800 972
800 974
800 975
800 976
800 977
800 979
800 981
800 982
800 983
800 984
800 985
800 986
800 987
800 990
800 991
800 993
800 994
800 995
800 996
800 997
800 998
801 803
801 805
801 806
801 809
801 811
801 818
801 819
801 820
801 821
801 822
801 823
801 824
801 825
801 826
801 827
801 828
801 829
801 830
801 831
801 832
801 833
801 834
801 835
801 836
801 837
801 838
801 839
801 840
801 841
801 842
801 843
801 844
801 845
801 846
801 847
801 848
801 849
801 851
801 852
801 853
801 854
801 855
801 856
801 857
801 859
801 860
801 861
801 863
801 864
801 865
801 866
801 867
801 868
801 869
801 871
801 872
801 874
801 875
801 876
801 878
801 879
801 880
801 881
801 882
801 884
801 885
801 886
801 887
801 888
801 889
801 891
801 892
801 894
801 895
801 896
801 897
801 900
801 902
801 905
801 906
801 907
801 908
801 909
801 911
801 912
801 915
801 916
801 917
801 918
801 919
801 920
801 921
801 923
801 924
801 925
801 927
801 929
801 931
801 933
801 936
801 939
801 940
801 941
801 946
801 947
801 948
801 949
801 951
801 952
801 953
801 954
801 957
801 958
801 959
801 960
801 963
801 965
801 968
801 970
801 972
801 973
801 974
801 975
801 977
801 979
801 981
801 982
801 983
801 985
801 986
801 988
801 989
801 990
801 992
801 993
801 995
801 996
801 997
801 998
801 999
802 804
802 805
802 806
802 808
802 809
802 810
802 811
802 815
802 817
802 820
802 822
802 824
802 825
802 826
802 827
802 828
802 830
802 831
802 832
802 833
802 834
802 835
802 839
802 841
802 842
802 843
802 845
802 848
802 849
802 850
802 851
802 852
802 853
802 854
802 855
802 856
802 858
802 859
802 860
802 862
802 863
802 864
802 865
802 867
802 868
802 869
802 871
802 872
802 874
802 876
802 877
802 878
802 879
802 882
802 884
802 887
802 888
802 889
802 892
802 893
802 894
802 895
802 896
802 897
802 899
802 900
802 901
802 903
802 904
802 905
802 906
802 907
802 908
802 910
802 911
802 912
802 913
802 915
802 916
802 917
802 919
802 921
802 922
802 923
802 924
802 926
802 927
802 928
802 929
802 930
802 931
802 935
802 936
802 937
802 939
802 941
802 942
802 943
802 944
802 945
802 946
802 948
802 949
802 950
802 951
802 953
802 954
802 955
802 958
802 959
802 961
802 962
802 963
802 964
802 965
802 966
802 967
802 970
802 971
802 972
802 973
802 974
802 975
802 976
802 977
802 978
802 979
802 980
802 981
802 986
802 987
802 989
802 990
802 991
802 992
802 993
802 994
802 996
802 997
802 999
803 807
803 808
803 809
803 810
803 811
803 812
803 813
803 815
803 817
803 818
803 819
803 821
803 822
803 823
803 824
803 825
803 827
803 828
803 829
803 830
803 831
803 833
803 835
803 836
803 837
803 838
803 839
803 840
803 841
803 843
803 845
803 846
803 847
803 848
803 851
803 852
803 853
803 854
803 855
803 856
803 858
803 859
803 860
803 861
803 862
803 864
803 865
803 866
803 867
803 868
803 869
803 870
803 871
803 873
803 874
803 877
803 878
803 879
803 880
803 882
803 884
803 885
803 889
803 890
803 891
803 893
803 894
803 895
803 896
803 899
803 901
803 902
803 903
803 905
803 906
803 909
803 910
803 912
803 913
803 914
803 916
803 917
803 918
803 919
803 920
803 921
803 922
803 923
803 926
803 927
803 929
803 930
803 931
803 933
803 934
803 935
803 936
803 937
803 938
803 940
803 941
803 942
803 943
803 944
803 945
803 949
803 950
803 953
803 954
803 956
803 957
803 960
803 961
803 963
803 964
803 965
803 966
803 967
803 968
803 970
803 973
803 974
803 976
803 977
803 978
803 979
803 982
803 984
803 985
803 986
803 990
803 991
803 992
803 993
803 994
803 997
803 998
803 999
804 807
804 810
804 813
804 814
804 816
804 817
804 819
804 820
804 821
804 824
804 825
804 826
804 827
804 828
804 829
804 831
804 832
804 834
804 835
804 836
804 837
804 838
804 839
804 842
804 848
804 849
804 850
804 851
804 853
804 854
804 855
804 857
804 858
804 859
804 860
804 862
804 863
804 864
804 865
804 867
804 868
804 872
804 873
804 874
804 875
804 877
804 879
804 880
804 881
804 882
804 883
804 884
804 885
804 887
804 889
804 890
804 891
804 892
804 893
804 894
804 895
804 897
804 898
804 899
804 900
804 901
804 904
804 905
804 906
804 907
804 908
804 909
804 913
804 915
804 916
804 919
804 921
804 923
804 924
804 925
804 926
804 928
804 929
804 931
804 932
804 936
804 937
804 939
804 943
804 944
804 947
804 948
804 949
804 951
804 952
804 954
804 957
804 959
804 963
804 965
804 967
804 969
804 970
804 971
804 972
804 975
804 976
804 977
804 978
804 979
804 982
804 983
804 984
804 986
804 987
804 988
804 991
804 992
804 993
804 994
804 996
804 998
804 999
805 806
805 807
805 808
805 810
805 811
805 813
805 814
805 815
805 816
805 819
805 820
805 821
805 823
805 825
805 826
805 827
805 828
805 830
805 834
805 835
805 836
805 837
805 838
805 839
805 840
805 841
805 844
805 845
805 847
805 849
805 851
805 853
805 854
805 855
805 857
805 858
805 861
805 862
805 864
805 865
805 869
805 870
805 871
805 872
805 874
805 875
805 876
805 877
805 878
805 879
805 880
805 881
805 882
805 883
805 885
805 886
805 887
805 888
805 894
805 895
805 896
805 898
805 901
805 902
805 903
805 907
805 908
805 909
805 910
805 911
805 912
805 913
805 916
805 918
805 919
805 921
805 922
805 923
805 924
805 926
805 927
805 928
805 929
805 930
805 933
805 934
805 935
805 936
805 937
805 938
805 939
805 941
805 942
805 943
805 944
805 945
805 946
805 947
805 948
805 949
805 952
805 953
805 954
805 955
805 956
805 957
805 958
805 960
805 961
805 962
805 963
805 964
805 965
805 967
805 968
805 969
805 971
805 976
805 979
805 981
805 982
805 983
805 985
805 986
805 987
805 990
805 991
805 992
805 993
805 994
805 996
805 997
805 999
806 807
806 808
806 809
806 812
806 814
806 815
806 816
806 817
806 819
806 821
806 823
806 824
806 825
806 826
806 827
806 828
806 829
806 831
806 833
806 834
806 835
806 837
806 839
806 840
806 841
806 842
806 843
806 845
806 851
806 852
806 853
806 854
806 856
806 857
806 859
806 860
806 861
806 862
806 865
806 866
806 867
806 868
806 869
806 870
806 872
806 873
806 874
806 875
806 876
806 878
806 879
806 881
806 883
806 884
806 885
806 887
806 888
806 889
806 891
806 892
806 893
806 895
806 896
806 897
806 899
806 900
806 901
806 903
806 904
806 906
806 907
806 910
806 912
806 916
806 918
806 919
806 920
806 921
806 922
806 923
806 924
806 925
806 930
806 931
806 934
806 935
806 936
806 937
806 938
806 941
806 942
806 943
806 945
806 950
806 951
806 952
806 954
806 955
806 957
806 958
806 959
806 960
806 961
806 962
806 963
806 964
806 965
806 966
806 967
806 969
806 971
806 972
806 973
806 975
806 978
806 980
806 981
806 982
806 984
806 985
806 987
806 988
806 990
806 991
806 993
806 994
806 996
806 997
806 999
807 808
807 810
807 812
807 813
807 814
807 815
807 816
807 817
807 820
807 822
807 823
807 824
807 825
807 826
807 827
807 829
807 831
807 832
807 833
807 834
807 835
807 836
807 837
807 838
807 841
807 843
807 844
807 846
807 848
807 849
807 852
807 853
807 854
807 855
807 856
807 859
807 861
807 863
807 864
807 865
807 867
807 869
807 871
807 872
807 873
807 874
807 875
807 876
807 879
807 880
807 881
807 882
807 883
807 885
807 886
807 888
807 889
807 890
807 891
807 892
807 893
807 895
807 896
807 897
807 898
807 899
807 902
807 904
807 905
807 906
807 910
807 912
807 913
807 917
807 921
807 922
807 923
807 925
807 926
807 927
807 928
807 929
807 932
807 933
807 934
807 937
807 939
807 941
807 943
807 944
807 945
807 946
807 947
807 949
807 950
807 952
807 954
807 955
807 957
807 959
807 962
807 963
807 965
807 966
807 967
807 969
807 970
807 971
807 973
807 974
807 975
807 977
807 978
807 979
807 980
807 981
807 983
807 984
807 985
807 986
807 987
807 990
807 991
807 992
807 993
807 994
807 995
807 996
807 998
807 999
808 809
808 810
808 814
808 815
808 816
808 817
808 818
808 819
808 820
808 821
808 822
808 824
808 825
808 826
808 827
808 828
808 829
808 830
808 831
808 832
808 833
808 834
808 835
808 839
808 841
808 842
808 843
808 844
808 845
808 846
808 847
808 848
808 849
808 850
808 851
808 852
808 853
808 854
808 855
808 856
808 857
808 859
808 860
808 861
808 862
808 863
808 864
808 865
808 866
808 868
808 869
808 870
808 871
808 872
808 873
808 875
808 878
808 879
808 881
808 882
808 884
808 886
808 887
808 888
808 891
808 892
808 894
808 895
808 896
808 897
808 898
808 899
808 900
808 902
808 904
808 906
808 907
808 908
808 910
808 911
808 912
808 913
808 915
808 917
808 919
808 922
808 923
808 924
808 925
808 926
808 927
808 928
808 929
808 930
808 931
808 932
808 933
808 935
808 937
808 938
808 939
808 941
808 942
808 943
808 944
808 945
808 949
808 950
808 952
808 956
808 958
808 959
808 960
808 961
808 964
808 966
808 967
808 968
808 969
808 971
808 972
808 975
808 976
808 977
808 981
808 984
808 985
808 986
808 988
808 989
808 991
808 993
808 999
809 810
809 812
809 814
809 815
809 816
809 817
809 818
809 819
809 820
809 821
809 825
809 826
809 828
809 829
809 830
809 831
809 832
809 833
809 834
809 835
809 836
809 837
809 840
809 841
809 842
809 846
809 847
809 848
809 850
809 851
809 852
809 854
809 855
809 856
809 857
809 858
809 859
809 860
809 861
809 864
809 865
809 866
809 867
809 868
809 869
809 871
809 872
809 873
809 874
809 876
809 877
809 878
809 879
809 883
809 884
809 885
809 886
809 887
809 889
809 890
809 891
809 893
809 896
809 900
809 902
809 903
809 904
809 905
809 906
809 907
809 908
809 909
809 911
809 913
809 914
809 915
809 916
809 917
809 919
809 920
809 923
809 924
809 927
809 928
809 929
809 931
809 932
809 934
809 935
809 936
809 937
809 938
809 939
809 940
809 941
809 943
809 944
809 945
809 946
809 948
809 951
809 952
809 954
809 955
809 956
809 957
809 958
809 959
809 961
809 962
809 963
809 965
809 966
809 967
809 968
809 971
809 972
809 974
809 976
809 980
809 981
809 982
809 983
809 985
809 986
809 987
809 989
809 991
809 992
809 995
809 996
809 997
809 999
810 812
810 813
810 814
810 815
810 816
810 817
810 818
810 819
810 820
810 821
810 822
810 823
810 824
810 825
810 826
810 827
810 829
810 831
810 833
810 834
810 837
810 838
810 839
810 840
810 845
810 846
810 847
810 848
810 849
810 850
810 852
810 853
810 854
810 855
810 856
810 859
810 861
810 862
810 863
810 864
810 865
810 866
810 868
810 870
810 871
810 872
810 874
810 875
810 876
810 877
810 878
810 880
810 881
810 884
810 888
810 889
810 890
810 891
810 892
810 893
810 894
810 895
810 896
810 897
810 899
810 900
810 902
810 903
810 904
810 905
810 906
810 907
810 908
810 909
810 910
810 911
810 912
810 914
810 915
810 916
810 917
810 918
810 919
810 920
810 921
810 922
810 923
810 924
810 925
810 926
810 927
810 928
810 929
810 930
810 931
810 934
810 935
810 936
810 939
810 940
810 943
810 944
810 947
810 948
810 949
810 950
810 951
810 953
810 954
810 956
810 960
810 962
810 963
810 964
810 965
810 966
810 969
810 970
810 971
810 972
810 973
810 974
810 976
810 977
810 978
810 979
810 981
810 982
810 984
810 985
810 987
810 988
810 991
810 993
810 994
810 995
810 999
811 812
811 813
811 814
811 817
811 818
811 821
811 822
811 823
811 824
811 826
811 827
811 829
811 830
811 831
811 832
811 835
811 836
811 837
811 838
811 840
811 841
811 842
811 845
811 847
811 848
811 849
811 851
811 852
811 853
811 854
811 855
811 856
811 857
811 859
811 860
811 861
811 862
811 863
811 864
811 865
811 868
811 869
811 871
811 872
811 873
811 874
811 875
811 876
811 878
811 879
811 880
811 881
811 883
811 884
811 885
811 886
811 888
811 889
811 890
811 891
811 893
811 894
811 895
811 896
811 897
811 898
811 899
811 900
811 901
811 902
811 903
811 904
811 906
811 908
811 909
811 910
811 911
811 912
811 913
811 914
811 915
811 917
811 918
811 919
811 920
811 922
811 923
811 926
811 927
811 928
811 933
811 934
811 936
811 937
811 939
811 942
811 943
811 944
811 947
811 949
811 950
811 951
811 952
811 954
811 955
811 956
811 957
811 958
811 959
811 961
811 962
811 963
811 964
811 965
811 966
811 971
811 972
811 973
811 976
811 977
811 978
811 979
811 980
811 982
811 984
811 986
811 987
811 988
811 991
811 993
811 994
811 995
811 996
811 998
812 813
812 814
812 817
812 818
812 819
812 821
812 822
812 823
812 825
812 826
812 827
812 828
812 829
812 830
812 831
812 833
812 835
812 836
812 837
812 839
812 842
812 844
812 849
812 850
812 851
812 852
812 853
812 856
812 857
812 858
812 863
812 866
812 868
812 869
812 870
812 872
812 873
812 875
812 876
812 877
812 878
812 879
812 880
812 881
812 884
812 885
812 886
812 888
812 889
812 890
812 891
812 893
812 894
812 895
812 896
812 897
812 898
812 899
812 902
812 903
812 906
812 907
812 908
812 909
812 912
812 914
812 915
812 916
812 917
812 918
812 919
812 920
812 925
812 926
812 928
812 929
812 931
812 932
812 933
812 935
812 936
812 937
812 938
812 939
812 941
812 942
812 945
812 947
812 948
812 951
812 952
812 954
812 955
812 956
812 957
812 958
812 959
812 960
812 961
812 963
812 964
812 966
812 967
812 969
812 971
812 972
812 973
812 976
812 977
812 978
812 979
812 980
812 984
812 986
812 987
812 988
812 989
812 990
812 992
812 993
812 995
812 996
812 997
812 999
813 814
813 815
813 817
813 818
813 819
813 820
813 821
813 822
813 823
813 824
813 825
813 826
813 827
813 830
813 833
813 834
813 835
813 837
813 838
813 839
813 840
813 841
813 842
813 843
813 844
813 845
813 848
813 850
813 851
813 852
813 854
813 856
813 857
813 859
813 860
813 861
813 862
813 864
813 867
813 868
813 869
813 870
813 872
813 874
813 875
813 876
813 878
813 880
813 881
813 882
813 883
813 884
813 885
813 886
813 887
813 888
813 889
813 890
813 892
813 893
813 894
813 895
813 896
813 898
813 899
813 900
813 903
813 904
813 905
813 906
813 908
813 912
813 913
813 914
813 915
813 916
813 917
813 918
813 919
813 920
813 921
813 922
813 924
813 926
813 927
813 928
813 929
813 931
813 932
813 933
813 934
813 935
813 936
813 937
813 938
813 939
813 941
813 942
813 945
813 946
813 947
813 950
813 951
813 953
813 954
813 955
813 956
813 957
813 958
813 959
813 960
813 961
813 962
813 963
813 964
813 965
813 967
813 968
813 969
813 970
813 971
813 973
813 974
813 975
813 976
813 977
813 978
813 979
813 980
813 981
813 982
813 983
813 985
813 986
813 987
813 988
813 989
813 990
813 992
813 993
813 994
813 995
813 996
813 997
813 998
813 999
814 816
814 817
814 818
814 819
814 820
814 823
814 824
814 825
814 826
814 827
814 828
814 829
814 830
814 831
814 834
814 836
814 838
814 840
814 841
814 842
814 843
814 844
814 845
814 846
814 848
814 853
814 854
814 855
814 856
814 857
814 858
814 859
814 862
814 863
814 865
814 866
814 867
814 868
814 869
814 870
814 871
814 872
814 873
814 874
814 877
814 878
814 880
814 881
814 882
814 886
814 887
814 888
814 889
814 890
814 891
814 892
814 893
814 895
814 896
814 897
814 899
814 901
814 902
814 904
814 905
814 906
814 907
814 908
814 909
814 910
814 911
814 914
814 915
814 916
814 920
814 921
814 922
814 923
814 927
814 928
814 929
814 933
814 934
814 935
814 939
814 940
814 941
814 942
814 943
814 945
814 946
814 947
814 948
814 950
814 951
814 952
814 953
814 954
814 955
814 956
814 957
814 958
814 959
814 960
814 962
814 963
814 964
814 965
814 966
814 967
814 968
814 969
814 970
814 972
814 975
814 976
814 977
814 979
814 981
814 982
814 983
814 984
814 985
814 990
814 991
814 992
814 993
814 997
814 999
815 817
815 818
815 819
815 821
815 822
815 824
815 825
815 826
815 828
815 829
815 830
815 831
815 833
815 834
815 835
815 836
815 837
815 839
815 840
815 841
815 842
815 843
815 846
815 847
815 848
815 849
815 851
815 855
815 856
815 857
815 858
815 859
815 860
815 862
815 865
815 867
815 868
815 869
815 870
815 872
815 873
815 874
815 875
815 877
815 878
815 880
815 881
815 882
815 883
815 884
815 885
815 886
815 887
815 888
815 890
815 891
815 892
815 893
815 894
815 895
815 896
815 898
815 900
815 901
815 903
815 904
815 906
815 907
815 910
815 914
815 915
815 916
815 918
815 919
815 921
815 922
815 923
815 925
815 926
815 927
815 928
815 930
815 931
815 933
815 935
815 937
815 939
815 940
815 941
815 942
815 943
815 946
815 947
815 948
815 949
815 950
815 951
815 952
815 953
815 954
815 955
815 957
815 958
815 959
815 960
815 962
815 968
815 969
815 970
815 972
815 973
815 974
815 975
815 976
815 978
815 979
815 980
815 981
815 982
815 983
815 984
815 986
815 987
815 988
815 989
815 990
815 991
815 993
815 994
815 996
815 997
815 998
816 817
816 818
816 819
816 820
816 821
816 822
816 824
816 825
816 826
816 827
816 830
816 831
816 832
816 833
816 834
816 835
816 836
816 837
816 839
816 840
816 841
816 842
816 844
816 845
816 847
816 848
816 849
816 851
816 852
816 853
816 855
816 856
816 857
816 858
816 859
816 860
816 862
816 863
816 864
816 866
816 867
816 868
816 869
816 870
816 871
816 872
816 873
816 874
816 875
816 876
816 877
816 878
816 879
816 880
816 881
816 882
816 883
816 885
816 887
816 888
816 889
816 890
816 891
816 892
816 897
816 898
816 900
816 904
816 905
816 907
816 908
816 909
816 911
816 912
816 913
816 914
816 915
816 916
816 918
816 919
816 920
816 922
816 924
816 926
816 927
816 928
816 929
816 930
816 931
816 934
816 936
816 937
816 940
816 943
816 945
816 946
816 947
816 948
816 949
816 951
816 954
816 956
816 957
816 959
816 961
816 962
816 963
816 965
816 967
816 968
816 970
816 972
816 973
816 976
816 977
816 980
816 981
816 984
816 985
816 987
816 989
816 990
816 991
816 992
816 994
816 995
816 997
817 818
817 819
817 820
817 821
817 823
817 825
817 829
817 830
817 831
817 832
817 834
817 835
817 836
817 838
817 841
817 842
817 843
817 846
817 847
817 850
817 851
817 854
817 855
817 856
817 860
817 863
817 864
817 865
817 866
817 867
817 868
817 869
817 871
817 874
817 876
817 877
817 879
817 880
817 881
817 882
817 884
817 885
817 886
817 887
817 888
817 891
817 893
817 894
817 895
817 896
817 897
817 901
817 902
817 903
817 904
817 905
817 907
817 910
817 911
817 912
817 913
817 915
817 919
817 921
817 922
817 923
817 925
817 926
817 927
817 929
817 930
817 932
817 933
817 934
817 937
817 938
817 939
817 940
817 941
817 942
817 943
817 944
817 945
817 946
817 949
817 950
817 951
817 953
817 954
817 955
817 956
817 957
817 958
817 960
817 961
817 964
817 965
817 966
817 973
817 974
817 976
817 977
817 978
817 979
817 980
817 983
817 984
817 986
817 987
817 989
817 990
817 991
817 992
817 993
817 994
817 996
817 998
817 999
818 819
818 820
818 822
818 823
818 824
818 826
818 827
818 828
818 830
818 831
818 832
818 834
818 835
818 836
818 839
818 841
818 843
818 844
818 845
818 846
818 847
818 848
818 851
818 852
818 853
818 854
818 855
818 858
818 860
818 862
818 863
818 864
818 865
818 866
818 869
818 870
818 871
818 872
818 874
818 875
818 876
818 877
818 878
818 880
818 881
818 882
818 883
818 885
818 887
818 888
818 890
818 892
818 894
818 895
818 897
818 898
818 899
818 901
818 903
818 905
818 907
818 910
818 911
818 912
818 913
818 916
818 919
818 920
818 921
818 926
818 929
818 931
818 932
818 933
818 934
818 935
818 937
818 938
818 939
818 941
818 942
818 944
818 946
818 947
818 949
818 951
818 952
818 954
818 955
818 956
818 958
818 960
818 961
818 962
818 964
818 966
818 967
818 968
818 971
818 973
818 974
818 975
818 976
818 977
818 979
818 981
818 983
818 985
818 988
818 989
818 990
818 991
818 993
818 994
818 995
818 997
818 998
819 820
819 821
819 822
819 823
819 824
819 826
819 828
819 829
819 830
819 832
819 833
819 834
819 836
819 838
819 839
819 840
819 841
819 842
819 844
819 845
819 846
819 847
819 848
819 849
819 850
819 851
819 854
819 855
819 856
819 858
819 859
819 860
819 861
819 862
819 865
819 866
819 867
819 869
819 872
819 873
819 874
819 875
819 876
819 877
819 878
819 880
819 882
819 883
819 884
819 885
819 888
819 890
819 891
819 893
819 895
819 896
819 897
819 898
819 899
819 900
819 901
819 902
819 903
819 905
819 906
819 907
819 908
819 909
819 910
819 911
819 915
819 916
819 917
819 918
819 920
819 921
819 922
819 923
819 927
819 928
819 930
819 931
819 933
819 934
819 935
819 936
819 937
819 938
819 939
819 940
819 942
819 944
819 945
819 946
819 948
819 949
819 950
819 951
819 953
819 954
819 955
819 959
819 960
819 962
819 963
819 965
819 967
819 968
819 969
819 970
819 971
819 972
819 976
819 977
819 981
819 982
819 983
819 985
819 986
819 987
819 988
819 989
819 990
819 994
819 995
819 997
819 998
819 999
820 821
820 823
820 825
820 826
820 827
820 828
820 830
820 833
820 834
820 835
820 836
820 837
820 838
820 839
820 840
820 841
820 842
820 843
820 845
820 846
820 849
820 850
820 852
820 853
820 854
820 856
820 860
820 861
820 862
820 863
820 864
820 867
820 869
820 871
820 872
820 873
820 874
820 875
820 876
820 878
820 880
820 881
820 882
820 883
820 884
820 885
820 887
820 890
820 891
820 893
820 894
820 895
820 896
820 897
820 898
820 899
820 901
820 902
820 903
820 904
820 905
820 908
820 909
820 910
820 912
820 913
820 915
820 916
820 918
820 921
820 922
820 923
820 925
820 928
820 929
820 931
820 932
820 933
820 934
820 935
820 937
820 938
820 940
820 941
820 942
820 943
820 945
820 947
820 948
820 949
820 950
820 951
820 953
820 955
820 957
820 959
820 961
820 962
820 963
820 964
820 965
820 966
820 967
820 969
820 973
820 974
820 978
820 979
820 981
820 982
820 983
820 984
820 987
820 991
820 994
820 995
820 996
820 997
820 998
820 999
821 823
821 826
821 827
821 828
821 830
821 831
821 832
821 833
821 834
821 835
821 836
821 837
821 839
821 840
821 841
821 842
821 843
821 844
821 845
821 846
821 848
821 849
821 850
821 851
821 854
821 856
821 857
821 858
821 859
821 861
821 862
821 863
821 864
821 865
821 866
821 867
821 868
821 871
821 872
821 874
821 875
821 876
821 877
821 878
821 879
821 880
821 881
821 882
821 883
821 884
821 885
821 886
821 887
821 888
821 889
821 890
821 892
821 893
821 894
821 896
821 897
821 899
821 900
821 901
821 902
821 903
821 904
821 905
821 906
821 907
821 908
821 909
821 910
821 913
821 914
821 915
821 916
821 918
821 919
821 920
821 923
821 924
821 925
821 928
821 929
821 931
821 932
821 933
821 934
821 936
821 938
821 939
821 941
821 942
821 944
821 945
821 947
821 948
821 950
821 951
821 952
821 954
821 955
821 956
821 957
821 958
821 959
821 960
821 961
821 962
821 963
821 964
821 966
821 968
821 970
821 971
821 972
821 974
821 975
821 976
821 978
821 979
821 980
821 983
821 984
821 986
821 988
821 989
821 990
821 991
821 992
821 993
821 996
821 997
821 998
821 999
822 825
822 826
822 828
822 831
822 832
822 834
822 835
822 837
822 839
822 840
822 841
822 842
822 843
822 844
822 846
822 847
822 848
822 850
822 851
822 852
822 855
822 856
822 857
822 858
822 860
822 861
822 864
822 866
822 867
822 869
822 870
822 871
822 872
822 873
822 874
822 876
822 877
822 878
822 879
822 881
822 883
822 885
822 888
822 890
822 891
822 892
822 893
822 894
822 895
822 896
822 897
822 900
822 901
822 902
822 903
822 904
822 905
822 908
822 909
822 910
822 911
822 913
822 914
822 915
822 916
822 917
822 919
822 921
822 922
822 925
822 927
822 928
822 929
822 930
822 931
822 932
822 933
822 934
822 935
822 938
822 940
822 941
822 942
822 943
822 944
822 945
822 946
822 947
822 948
822 951
822 953
822 954
822 955
822 956
822 957
822 958
822 959
822 960
822 961
822 962
822 963
822 965
822 966
822 967
822 968
822 970
822 971
822 972
822 974
822 975
822 976
822 978
822 979
822 980
822 981
822 982
822 984
822 985
822 986
822 988
822 989
822 991
822 992
822 993
822 995
822 996
822 997
822 998
822 999
823 824
823 825
823 826
823 828
823 831
823 832
823 833
823 834
823 837
823 839
823 840
823 843
823 845
823 847
823 849
823 853
823 856
823 858
823 859
823 860
823 862
823 863
823 864
823 865
823 867
823 869
823 871
823 872
823 874
823 875
823 876
823 877
823 878
823 879
823 880
823 881
823 883
823 884
823 885
823 886
823 887
823 888
823 892
823 893
823 894
823 896
823 897
823 898
823 899
823 901
823 908
823 909
823 910
823 912
823 914
823 917
823 918
823 919
823 920
823 921
823 922
823 925
823 926
823 927
823 928
823 929
823 930
823 932
823 934
823 937
823 938
823 939
823 940
823 941
823 945
823 946
823 947
823 948
823 949
823 951
823 952
823 953
823 954
823 958
823 959
823 960
823 961
823 962
823 963
823 965
823 970
823 972
823 973
823 974
823 975
823 976
823 977
823 978
823 979
823 980
823 981
823 982
823 983
823 984
823 985
823 986
823 987
823 988
823 989
823 990
823 991
823 993
823 994
823 995
823 996
823 997
823 998
824 825
824 826
824 828
824 829
824 830
824 831
824 832
824 833
824 834
824 836
824 837
824 839
824 840
824 841
824 843
824 845
824 846
824 847
824 848
824 849
824 851
824 852
824 855
824 857
824 858
824 859
824 860
824 862
824 864
824 866
824 867
824 868
824 869
824 870
824 871
824 872
824 874
824 875
824 876
824 877
824 878
824 879
824 880
824 882
824 883
824 885
824 889
824 891
824 892
824 894
824 895
824 897
824 898
824 899
824 900
824 901
824 903
824 904
824 905
824 906
824 907
824 909
824 910
824 911
824 913
824 916
824 918
824 920
824 921
824 922
824 923
824 926
824 927
824 928
824 930
824 932
824 934
824 935
824 936
824 937
824 938
824 939
824 940
824 941
824 942
824 943
824 944
824 946
824 947
824 948
824 949
824 950
824 951
824 952
824 953
824 954
824 955
824 958
824 959
824 961
824 963
824 964
824 965
824 967
824 968
824 969
824 970
824 971
824 973
824 977
824 979
824 983
824 984
824 986
824 988
824 989
824 992
824 993
824 996
824 997
824 998
824 999
825 827
825 828
825 830
825 831
825 833
825 834
825 835
825 836
825 837
825 838
825 839
825 841
825 842
825 843
825 844
825 845
825 848
825 849
825 850
825 851
825 852
825 853
825 854
825 855
825 856
825 857
825 858
825 860
825 861
825 863
825 865
825 867
825 868
825 869
825 870
825 871
825 872
825 873
825 874
825 875
825 876
825 877
825 878
825 879
825 880
825 882
825 883
825 884
825 886
825 887
825 891
825 892
825 893
825 894
825 898
825 899
825 900
825 903
825 904
825 905
825 907
825 910
825 912
825 914
825 915
825 916
825 917
825 919
825 920
825 923
825 924
825 929
825 930
825 931
825 933
825 935
825 936
825 937
825 938
825 939
825 940
825 941
825 942
825 943
825 944
825 945
825 947
825 951
825 952
825 953
825 955
825 957
825 958
825 960
825 961
825 962
825 963
825 964
825 966
825 967
825 969
825 970
825 971
825 972
825 973
825 974
825 975
825 977
825 978
825 981
825 982
825 983
825 984
825 985
825 986
825 987
825 988
825 989
825 990
825 992
825 994
825 995
825 996
825 998
825 999
826 828
826 829
826 830
826 831
826 832
826 835
826 836
826 837
826 838
826 840
826 841
826 842
826 843
826 844
826 845
826 846
826 848
826 849
826 852
826 853
826 854
826 856
826 857
826 858
826 859
826 860
826 861
826 863
826 865
826 868
826 870
826 871
826 874
826 875
826 876
826 877
826 879
826 880
826 881
826 883
826 884
826 887
826 889
826 891
826 893
826 894
826 897
826 898
826 899
826 900
826 901
826 902
826 903
826 904
826 905
826 906
826 907
826 908
826 910
826 913
826 914
826 916
826 918
826 919
826 920
826 921
826 922
826 925
826 926
826 927
826 928
826 930
826 932
826 933
826 934
826 935
826 937
826 938
826 939
826 940
826 942
826 943
826 945
826 948
826 949
826 950
826 952
826 955
826 956
826 958
826 959
826 960
826 961
826 963
826 964
826 965
826 967
826 968
826 970
826 971
826 973
826 975
826 976
826 977
826 978
826 979
826 981
826 982
826 983
826 984
826 985
826 986
826 987
826 989
826 994
826 995
826 996
826 997
827 828
827 829
827 830
827 831
827 832
827 834
827 835
827 838
827 839
827 840
827 842
827 843
827 844
827 850
827 851
827 853
827 854
827 857
827 858
827 859
827 860
827 862
827 863
827 868
827 869
827 870
827 871
827 873
827 874
827 876
827 878
827 880
827 881
827 882
827 883
827 884
827 885
827 886
827 887
827 888
827 890
827 894
827 895
827 896
827 898
827 899
827 901
827 903
827 904
827 905
827 907
827 908
827 910
827 911
827 913
827 914
827 915
827 916
827 918
827 919
827 920
827 921
827 923
827 924
827 925
827 926
827 929
827 930
827 932
827 935
827 938
827 941
827 942
827 943
827 945
827 946
827 950
827 951
827 952
827 953
827 956
827 957
827 958
827 959
827 960
827 963
827 964
827 966
827 968
827 969
827 970
827 971
827 973
827 974
827 976
827 977
827 979
827 981
827 982
827 983
827 984
827 985
827 986
827 987
827 988
827 989
827 991
827 992
827 994
827 995
827 996
827 997
827 999
828 829
828 830
828 831
828 832
828 833
828 834
828 836
828 837
828 838
828 839
828 840
828 841
828 842
828 844
828 845
828 846
828 848
828 849
828 850
828 851
828 852
828 853
828 857
828 858
828 859
828 860
828 862
828 863
828 864
828 865
828 866
828 867
828 870
828 874
828 875
828 877
828 878
828 879
828 882
828 884
828 885
828 886
828 887
828 888
828 889
828 891
828 893
828 894
828 895
828 896
828 897
828 898
828 899
828 901
828 902
828 904
828 905
828 908
828 910
828 911
828 912
828 913
828 914
828 916
828 917
828 920
828 921
828 922
828 924
828 926
828 927
828 928
828 929
828 930
828 931
828 932
828 934
828 935
828 936
828 937
828 938
828 939
828 940
828 941
828 942
828 945
828 946
828 949
828 950
828 951
828 952
828 957
828 958
828 959
828 960
828 963
828 964
828 966
828 967
828 968
828 969
828 970
828 972
828 973
828 974
828 975
828 976
828 977
828 979
828 980
828 984
828 985
828 987
828 988
828 989
828 990
828 991
828 993
828 994
828 995
828 996
828 997
828 998
828 999
829 830
829 832
829 833
829 834
829 839
829 842
829 843
829 844
829 846
829 847
829 848
829 849
829 852
829 854
829 855
829 856
829 858
829 859
829 860
829 862
829 863
829 866
829 868
829 870
829 871
829 873
829 874
829 875
829 876
829 880
829 882
829 883
829 884
829 886
829 888
829 889
829 890
829 892
829 893
829 894
829 895
829 896
829 900
829 901
829 902
829 903
829 905
829 906
829 907
829 909
829 910
829 912
829 913
829 915
829 916
829 917
829 918
829 919
829 920
829 921
829 922
829 923
829 924
829 925
829 926
829 928
829 930
829 931
829 934
829 935
829 936
829 938
829 939
829 940
829 941
829 943
829 944
829 947
829 948
829 949
829 950
829 951
829 952
829 953
829 955
829 957
829 958
829 959
829 960
829 961
829 962
829 963
829 966
829 968
829 970
829 971
829 972
829 975
829 976
829 977
829 980
829 981
829 982
829 983
829 984
829 988
829 990
829 992
829 993
829 994
829 995
829 996
829 997
829 998
830 831
830 832
830 834
830 835
830 836
830 837
830 840
830 842
830 843
830 845
830 846
830 847
830 848
830 849
830 850
830 851
830 853
830 854
830 855
830 856
830 858
830 859
830 863
830 864
830 865
830 866
830 868
830 869
830 871
830 873
830 875
830 876
830 879
830 880
830 881
830 882
830 883
830 884
830 887
830 888
830 889
830 890
830 891
830 893
830 894
830 896
830 897
830 901
830 902
830 904
830 907
830 908
830 909
830 910
830 913
830 914
830 918
830 919
830 920
830 921
830 922
830 923
830 924
830 926
830 927
830 928
830 929
830 930
830 931
830 932
830 933
830 935
830 937
830 940
830 941
830 942
830 943
830 947
830 949
830 951
830 952
830 953
830 954
830 955
830 956
830 958
830 959
830 961
830 962
830 964
830 965
830 968
830 969
830 972
830 973
830 975
830 977
830 978
830 980
830 981
830 982
830 984
830 985
830 986
830 987
830 988
830 989
830 990
830 993
830 994
830 996
830 998
830 999
831 833
831 834
831 835
831 837
831 838
831 839
831 840
831 841
831 844
831 846
831 847
831 848
831 849
831 851
831 854
831 857
831 859
831 860
831 861
831 862
831 866
831 868
831 870
831 871
831 873
831 874
831 875
831 876
831 878
831 880
831 881
831 882
831 884
831 885
831 886
831 888
831 889
831 890
831 891
831 894
831 895
831 896
831 898
831 899
831 902
831 903
831 904
831 905
831 907
831 908
831 910
831 911
831 912
831 913
831 914
831 915
831 919
831 920
831 921
831 922
831 923
831 925
831 926
831 927
831 928
831 929
831 930
831 931
831 933
831 935
831 936
831 937
831 938
831 939
831 940
831 943
831 944
831 945
831 946
831 947
831 948
831 950
831 953
831 954
831 955
831 956
831 959
831 960
831 961
831 962
831 963
831 964
831 966
831 968
831 970
831 973
831 975
831 977
831 979
831 980
831 981
831 982
831 983
831 984
831 986
831 987
831 988
831 989
831 991
831 992
831 993
831 995
831 997
831 998
831 999
832 833
832 834
832 837
832 838
832 840
832 841
832 842
832 844
832 846
832 847
832 848
832 849
832 850
832 852
832 853
832 854
832 855
832 856
832 857
832 859
832 860
832 861
832 862
832 864
832 865
832 866
832 867
832 868
832 870
832 872
832 873
832 877
832 878
832 879
832 880
832 881
832 882
832 885
832 886
832 887
832 888
832 892
832 893
832 894
832 895
832 896
832 897
832 899
832 901
832 904
832 905
832 906
832 908
832 909
832 910
832 914
832 916
832 917
832 918
832 919
832 920
832 921
832 926
832 927
832 928
832 930
832 933
832 934
832 936
832 937
832 939
832 940
832 941
832 942
832 943
832 944
832 945
832 947
832 948
832 952
832 953
832 954
832 955
832 956
832 958
832 959
832 960
832 961
832 964
832 965
832 966
832 967
832 968
832 970
832 971
832 973
832 974
832 975
832 976
832 977
832 979
832 980
832 982
832 983
832 986
832 987
832 988
832 989
832 990
832 992
832 993
832 994
832 995
832 996
832 997
832 998
832 999
833 834
833 835
833 836
833 837
833 838
833 840
833 842
833 843
833 844
833 845
833 846
833 847
833 849
833 850
833 851
833 852
833 853
833 854
833 855
833 856
833 858
833 859
833 860
833 862
833 865
833 866
833 867
833 868
833 870
833 871
833 872
833 874
833 875
833 876
833 877
833 879
833 880
833 881
833 883
833 884
833 885
833 890
833 891
833 892
833 893
833 894
833 895
833 896
833 897
833 898
833 899
833 902
833 905
833 906
833 907
833 908
833 909
833 911
833 912
833 913
833 914
833 915
833 916
833 919
833 922
833 923
833 924
833 925
833 926
833 927
833 929
833 930
833 931
833 932
833 933
833 934
833 935
833 936
833 937
833 939
833 940
833 941
833 943
833 944
833 945
833 947
833 949
833 950
833 951
833 952
833 954
833 955
833 957
833 958
833 963
833 964
833 965
833 966
833 968
833 969
833 970
833 973
833 974
833 975
833 976
833 977
833 978
833 979
833 980
833 981
833 982
833 984
833 985
833 986
833 987
833 988
833 989
833 991
833 992
833 993
833 995
833 996
833 998
833 999
834 835
834 838
834 839
834 840
834 841
834 842
834 843
834 844
834 846
834 848
834 850
834 851
834 852
834 854
834 855
834 857
834 858
834 859
834 861
834 862
834 863
834 865
834 866
834 868
834 871
834 873
834 874
834 875
834 876
834 877
834 878
834 879
834 880
834 881
834 883
834 884
834 886
834 888
834 890
834 891
834 894
834 896
834 898
834 900
834 901
834 902
834 903
834 904
834 905
834 906
834 907
834 908
834 910
834 911
834 912
834 913
834 917
834 918
834 919
834 921
834 923
834 924
834 925
834 926
834 927
834 929
834 931
834 932
834 933
834 934
834 935
834 937
834 939
834 940
834 941
834 945
834 946
834 947
834 948
834 950
834 951
834 952
834 953
834 955
834 956
834 957
834 959
834 961
834 962
834 963
834 964
834 966
834 968
834 969
834 970
834 971
834 972
834 973
834 974
834 976
834 977
834 979
834 980
834 981
834 982
834 983
834 985
834 986
834 988
834 989
834 990
834 991
834 993
834 994
834 995
834 996
834 997
834 998
834 999
835 836
835 837
835 838
835 839
835 840
835 841
835 843
835 845
835 846
835 847
835 848
835 849
835 852
835 853
835 855
835 857
835 858
835 859
835 860
835 861
835 862
835 863
835 866
835 867
835 869
835 871
835 872
835 873
835 874
835 876
835 877
835 878
835 879
835 880
835 881
835 883
835 885
835 886
835 887
835 888
835 889
835 890
835 893
835 894
835 896
835 898
835 900
835 903
835 904
835 907
835 908
835 909
835 910
835 912
835 913
835 915
835 916
835 918
835 919
835 921
835 922
835 923
835 924
835 925
835 926
835 927
835 929
835 931
835 933
835 934
835 935
835 936
835 938
835 940
835 941
835 944
835 945
835 946
835 948
835 950
835 951
835 956
835 958
835 959
835 960
835 961
835 963
835 966
835 967
835 968
835 969
835 970
835 971
835 972
835 974
835 975
835 976
835 977
835 978
835 979
835 980
835 982
835 983
835 984
835 985
835 986
835 987
835 988
835 990
835 992
835 994
835 995
835 996
835 998
835 999
836 837
836 838
836 839
836 840
836 844
836 845
836 846
836 847
836 848
836 849
836 851
836 852
836 853
836 856
836 858
836 859
836 861
836 862
836 863
836 864
836 866
836 867
836 868
836 870
836 871
836 872
836 874
836 875
836 876
836 879
836 881
836 882
836 883
836 885
836 886
836 889
836 891
836 892
836 893
836 894
836 895
836 896
836 898
836 900
836 901
836 902
836 903
836 904
836 905
836 907
836 908
836 909
836 910
836 912
836 914
836 916
836 917
836 918
836 919
836 921
836 922
836 925
836 926
836 927
836 928
836 929
836 930
836 931
836 933
836 934
836 937
836 938
836 939
836 941
836 944
836 945
836 946
836 948
836 950
836 952
836 953
836 954
836 955
836 956
836 957
836 959
836 960
836 961
836 963
836 964
836 965
836 966
836 967
836 968
836 969
836 970
836 971
836 972
836 973
836 977
836 978
836 979
836 982
836 984
836 985
836 986
836 988
836 993
836 994
836 995
836 996
836 997
836 998
836 999
837 840
837 841
837 842
837 843
837 845
837 846
837 849
837 851
837 854
837 855
837 856
837 857
837 859
837 860
837 862
837 863
837 864
837 865
837 866
837 867
837 868
837 871
837 872
837 873
837 874
837 876
837 877
837 878
837 879
837 880
837 881
837 882
837 883
837 885
837 886
837 887
837 888
837 889
837 890
837 891
837 893
837 894
837 895
837 896
837 898
837 899
837 900
837 902
837 903
837 904
837 906
837 909
837 913
837 914
837 915
837 916
837 917
837 918
837 923
837 924
837 925
837 926
837 927
837 928
837 929
837 930
837 931
837 933
837 937
837 938
837 939
837 940
837 941
837 942
837 943
837 944
837 945
837 947
837 948
837 949
837 950
837 951
837 952
837 953
837 956
837 958
837 959
837 960
837 961
837 962
837 963
837 964
837 965
837 966
837 967
837 968
837 969
837 972
837 973
837 974
837 975
837 976
837 978
837 979
837 980
837 983
837 985
837 987
837 990
837 991
837 992
837 994
837 995
837 996
837 997
837 998
837 999
838 843
838 844
838 845
838 846
838 847
838 849
838 850
838 851
838 852
838 854
838 855
838 856
838 857
838 858
838 859
838 861
838 862
838 863
838 864
838 865
838 866
838 867
838 869
838 870
838 871
838 872
838 873
838 874
838 876
838 877
838 878
838 879
838 880
838 881
838 882
838 884
838 885
838 886
838 887
838 888
838 890
838 893
838 896
838 897
838 898
838 899
838 901
838 903
838 906
838 909
838 910
838 912
838 913
838 914
838 915
838 916
838 917
838 920
838 921
838 922
838 923
838 924
838 925
838 927
838 928
838 931
838 932
838 933
838 934
838 936
838 939
838 940
838 941
838 942
838 943
838 944
838 945
838 946
838 948
838 949
838 950
838 953
838 955
838 956
838 957
838 959
838 961
838 962
838 963
838 964
838 965
838 966
838 967
838 968
838 969
838 970
838 971
838 972
838 974
838 975
838 977
838 978
838 979
838 980
838 982
838 984
838 985
838 989
838 991
838 993
838 994
838 995
838 998
838 999
839 840
839 841
839 842
839 843
839 845
839 846
839 849
839 850
839 851
839 852
839 853
839 854
839 855
839 856
839 857
839 858
839 860
839 863
839 865
839 866
839 868
839 869
839 870
839 871
839 872
839 873
839 875
839 877
839 879
839 880
839 881
839 884
839 887
839 888
839 889
839 892
839 893
839 894
839 895
839 896
839 897
839 898
839 899
839 901
839 902
839 904
839 905
839 906
839 907
839 908
839 909
839 910
839 911
839 912
839 913
839 915
839 918
839 920
839 922
839 923
839 924
839 925
839 927
839 930
839 931
839 932
839 933
839 935
839 936
839 937
839 938
839 939
839 940
839 941
839 942
839 943
839 944
839 945
839 946
839 948
839 949
839 950
839 951
839 952
839 953
839 954
839 956
839 957
839 958
839 959
839 960
839 961
839 962
839 963
839 964
839 966
839 967
839 968
839 969
839 970
839 971
839 973
839 974
839 975
839 976
839 977
839 978
839 980
839 982
839 983
839 984
839 985
839 986
839 987
839 988
839 991
839 994
839 995
839 998
839 999
840 841
840 842
840 843
840 844
840 847
840 850
840 852
840 853
840 854
840 856
840 857
840 858
840 859
840 860
840 863
840 864
840 865
840 866
840 868
840 869
840 870
840 871
840 872
840 874
840 875
840 878
840 879
840 880
840 881
840 882
840 883
840 884
840 885
840 887
840 888
840 889
840 890
840 891
840 892
840 893
840 895
840 896
840 897
840 898
840 899
840 900
840 901
840 902
840 907
840 908
840 909
840 910
840 912
840 913
840 914
840 915
840 916
840 917
840 919
840 920
840 921
840 924
840 925
840 926
840 927
840 928
840 929
840 930
840 931
840 932
840 933
840 935
840 936
840 937
840 938
840 939
840 940
840 941
840 943
840 944
840 945
840 946
840 947
840 948
840 949
840 951
840 952
840 953
840 956
840 957
840 958
840 959
840 960
840 963
840 965
840 966
840 969
840 970
840 971
840 972
840 973
840 974
840 976
840 977
840 978
840 979
840 980
840 983
840 984
840 985
840 987
840 988
840 989
840 991
840 992
840 993
840 994
840 995
840 996
840 997
840 998
841 842
841 843
841 844
841 845
841 846
841 847
841 848
841 849
841 850
841 851
841 853
841 854
841 855
841 856
841 857
841 858
841 860
841 861
841 862
841 864
841 865
841 867
841 868
841 869
841 870
841 871
841 872
841 873
841 875
841 876
841 878
841 879
841 880
841 884
841 885
841 886
841 887
841 888
841 889
841 890
841 891
841 892
841 894
841 895
841 897
841 899
841 900
841 901
841 902
841 903
841 904
841 906
841 909
841 910
841 911
841 913
841 914
841 915
841 917
841 918
841 919
841 921
841 922
841 924
841 925
841 926
841 927
841 929
841 930
841 931
841 932
841 934
841 936
841 937
841 938
841 941
841 942
841 943
841 948
841 950
841 952
841 953
841 957
841 959
841 960
841 961
841 962
841 963
841 964
841 965
841 968
841 969
841 970
841 971
841 972
841 973
841 974
841 975
841 976
841 978
841 979
841 981
841 982
841 985
841 988
841 991
841 993
841 995
841 996
841 997
841 999
842 843
842 844
842 846
842 848
842 849
842 850
842 851
842 852
842 853
842 856
842 857
842 858
842 859
842 860
842 861
842 862
842 863
842 864
842 866
842 867
842 868
842 869
842 870
842 871
842 874
842 875
842 876
842 877
842 879
842 880
842 881
842 882
842 883
842 885
842 886
842 887
842 888
842 890
842 891
842 892
842 893
842 894
842 895
842 896
842 897
842 898
842 899
842 901
842 904
842 906
842 907
842 909
842 911
842 912
842 914
842 916
842 917
842 918
842 919
842 920
842 921
842 922
842 924
842 925
842 926
842 927
842 930
842 932
842 933
842 934
842 935
842 938
842 939
842 940
842 941
842 942
842 943
842 945
842 946
842 947
842 948
842 949
842 951
842 952
842 954
842 955
842 958
842 960
842 961
842 962
842 963
842 964
842 965
842 966
842 967
842 968
842 969
842 970
842 972
842 973
842 974
842 975
842 976
842 977
842 978
842 979
842 982
842 983
842 984
842 985
842 986
842 989
842 990
842 991
842 993
842 994
842 996
842 997
843 844
843 845
843 846
843 847
843 848
843 849
843 850
843 852
843 853
843 854
843 856
843 859
843 860
843 861
843 863
843 864
843 866
843 867
843 868
843 869
843 871
843 872
843 873
843 874
843 875
843 876
843 878
843 880
843 881
843 882
843 883
843 885
843 889
843 891
843 892
843 893
843 894
843 897
843 905
843 907
843 908
843 909
843 910
843 911
843 913
843 916
843 917
843 918
843 920
843 923
843 926
843 928
843 929
843 930
843 932
843 934
843 935
843 937
843 938
843 939
843 940
843 942
843 943
843 945
843 946
843 949
843 951
843 953
843 955
843 956
843 957
843 958
843 959
843 960
843 962
843 963
843 964
843 965
843 966
843 967
843 968
843 969
843 970
843 971
843 972
843 974
843 975
843 978
843 979
843 980
843 981
843 982
843 985
843 986
843 987
843 988
843 989
843 990
843 991
843 992
843 994
843 996
843 997
844 845
844 847
844 848
844 850
844 851
844 852
844 853
844 854
844 855
844 856
844 857
844 858
844 859
844 860
844 861
844 863
844 865
844 866
844 867
844 870
844 871
844 872
844 874
844 877
844 878
844 879
844 880
844 882
844 883
844 885
844 890
844 891
844 892
844 893
844 895
844 896
844 897
844 898
844 899
844 900
844 901
844 903
844 905
844 909
844 911
844 912
844 915
844 916
844 917
844 918
844 919
844 920
844 921
844 922
844 923
844 924
844 925
844 927
844 928
844 929
844 930
844 932
844 933
844 935
844 937
844 938
844 941
844 942
844 943
844 944
844 946
844 947
844 949
844 950
844 951
844 952
844 953
844 954
844 955
844 956
844 957
844 959
844 960
844 962
844 963
844 965
844 966
844 967
844 968
844 969
844 970
844 971
844 972
844 973
844 974
844 975
844 976
844 977
844 979
844 980
844 981
844 983
844 984
844 985
844 987
844 988
844 989
844 990
844 991
844 992
844 993
844 994
844 996
844 998
845 848
845 849
845 850
845 853
845 854
845 855
845 856
845 857
845 858
845 861
845 863
845 864
845 865
845 866
845 867
845 868
845 870
845 871
845 872
845 873
845 874
845 875
845 876
845 877
845 878
845 879
845 880
845 881
845 882
845 883
845 884
845 887
845 888
845 889
845 890
845 892
845 893
845 894
845 895
845 896
845 898
845 899
845 901
845 902
845 903
845 904
845 905
845 906
845 907
845 908
845 910
845 911
845 912
845 913
845 915
845 916
845 917
845 918
845 919
845 921
845 922
845 924
845 925
845 926
845 928
845 929
845 930
845 932
845 933
845 934
845 937
845 938
845 939
845 941
845 942
845 945
845 946
845 947
845 949
845 950
845 952
845 953
845 954
845 955
845 956
845 962
845 963
845 964
845 965
845 966
845 967
845 968
845 969
845 970
845 971
845 972
845 974
845 975
845 976
845 977
845 978
845 979
845 980
845 981
845 982
845 983
845 984
845 985
845 986
845 988
845 990
845 991
845 993
845 994
845 996
845 997
845 999
846 849
846 850
846 851
846 852
846 853
846 855
846 857
846 859
846 861
846 862
846 863
846 864
846 867
846 868
846 870
846 871
846 872
846 873
846 876
846 877
846 878
846 881
846 882
846 885
846 886
846 889
846 890
846 891
846 892
846 894
846 895
846 896
846 897
846 898
846 899
846 901
846 902
846 903
846 904
846 905
846 906
846 907
846 908
846 909
846 911
846 915
846 916
846 917
846 918
846 919
846 920
846 922
846 923
846 927
846 929
846 930
846 932
846 933
846 934
846 935
846 936
846 938
846 939
846 942
846 943
846 944
846 945
846 947
846 949
846 951
846 952
846 953
846 954
846 955
846 957
846 958
846 959
846 960
846 961
846 962
846 963
846 964
846 966
846 967
846 969
846 972
846 973
846 975
846 976
846 977
846 979
846 980
846 981
846 983
846 985
846 987
846 988
846 989
846 990
846 991
846 993
846 994
846 996
846 998
846 999
847 848
847 849
847 850
847 851
847 852
847 854
847 855
847 859
847 861
847 863
847 865
847 868
847 869
847 870
847 871
847 874
847 876
847 877
847 878
847 879
847 880
847 881
847 882
847 883
847 884
847 887
847 888
847 892
847 893
847 894
847 895
847 897
847 899
847 901
847 902
847 903
847 904
847 905
847 908
847 909
847 910
847 915
847 916
847 917
847 920
847 921
847 922
847 925
847 926
847 927
847 928
847 929
847 932
847 933
847 934
847 936
847 938
847 939
847 940
847 941
847 942
847 944
847 945
847 946
847 949
847 950
847 952
847 953
847 956
847 958
847 959
847 960
847 961
847 963
847 964
847 965
847 967
847 968
847 969
847 970
847 971
847 972
847 973
847 975
847 978
847 980
847 982
847 984
847 985
847 986
847 988
847 989
847 990
847 992
847 993
847 994
847 995
847 996
847 997
847 998
847 999
848 849
848 851
848 852
848 853
848 855
848 857
848 859
848 860
848 861
848 862
848 863
848 864
848 867
848 868
848 869
848 870
848 872
848 873
848 874
848 875
848 877
848 879
848 880
848 881
848 882
848 885
848 891
848 893
848 895
848 896
848 897
848 898
848 900
848 901
848 902
848 903
848 904
848 906
848 907
848 908
848 909
848 910
848 911
848 912
848 913
848 914
848 915
848 916
848 917
848 918
848 919
848 920
848 921
848 922
848 924
848 925
848 926
848 927
848 929
848 930
848 931
848 932
848 933
848 934
848 935
848 936
848 937
848 938
848 939
848 940
848 941
848 942
848 945
848 946
848 947
848 950
848 951
848 952
848 953
848 954
848 955
848 956
848 958
848 959
848 960
848 961
848 962
848 963
848 967
848 969
848 970
848 971
848 973
848 974
848 976
848 978
848 981
848 983
848 986
848 987
848 988
848 989
848 991
848 992
848 994
848 996
848 998
848 999
849 850
849 851
849 852
849 854
849 858
849 859
849 860
849 861
849 862
849 863
849 864
849 865
849 866
849 867
849 869
849 870
849 871
849 872
849 873
849 875
849 879
849 881
849 882
849 884
849 885
849 886
849 887
849 889
849 890
849 891
849 892
849 893
849 895
849 897
849 900
849 906
849 909
849 910
849 911
849 913
849 916
849 917
849 918
849 919
849 920
849 922
849 923
849 924
849 925
849 929
849 931
849 932
849 933
849 935
849 937
849 938
849 940
849 943
849 944
849 945
849 946
849 947
849 949
849 951
849 952
849 954
849 955
849 956
849 957
849 958
849 959
849 960
849 962
849 963
849 964
849 965
849 966
849 968
849 969
849 970
849 971
849 972
849 973
849 976
849 980
849 981
849 982
849 984
849 985
849 986
849 987
849 989
849 990
849 991
849 992
849 993
849 996
849 997
849 998
850 851
850 853
850 854
850 856
850 859
850 860
850 861
850 862
850 863
850 864
850 867
850 868
850 869
850 870
850 871
850 872
850 874
850 875
850 876
850 877
850 878
850 881
850 882
850 884
850 885
850 887
850 889
850 890
850 892
850 894
850 895
850 896
850 899
850 900
850 901
850 903
850 904
850 905
850 906
850 907
850 908
850 909
850 910
850 911
850 913
850 914
850 915
850 916
850 917
850 918
850 920
850 921
850 922
850 923
850 924
850 926
850 928
850 929
850 930
850 931
850 932
850 933
850 934
850 936
850 937
850 939
850 942
850 943
850 945
850 946
850 947
850 948
850 950
850 951
850 954
850 956
850 957
850 958
850 959
850 962
850 964
850 966
850 967
850 968
850 969
850 972
850 973
850 974
850 975
850 976
850 978
850 979
850 980
850 982
850 983
850 984
850 985
850 986
850 987
850 988
850 989
850 990
850 992
850 995
850 996
850 997
851 852
851 853
851 855
851 856
851 857
851 858
851 861
851 862
851 864
851 866
851 867
851 871
851 872
851 874
851 878
851 879
851 880
851 881
851 882
851 884
851 885
851 886
851 888
851 889
851 890
851 891
851 892
851 894
851 895
851 897
851 898
851 899
851 900
851 901
851 902
851 905
851 906
851 907
851 908
851 910
851 911
851 912
851 914
851 916
851 917
851 918
851 919
851 920
851 922
851 923
851 924
851 925
851 927
851 928
851 932
851 936
851 937
851 938
851 939
851 941
851 943
851 944
851 947
851 950
851 951
851 952
851 953
851 954
851 955
851 957
851 959
851 960
851 963
851 965
851 966
851 969
851 970
851 971
851 972
851 973
851 974
851 976
851 977
851 978
851 979
851 980
851 981
851 983
851 984
851 985
851 986
851 988
851 989
851 991
851 992
851 993
851 994
851 995
851 996
851 997
851 999
852 853
852 854
852 856
852 857
852 858
852 860
852 861
852 863
852 864
852 868
852 872
852 874
852 876
852 877
852 878
852 879
852 880
852 881
852 883
852 884
852 886
852 888
852 889
852 893
852 894
852 895
852 896
852 897
852 899
852 900
852 901
852 902
852 903
852 904
852 905
852 906
852 908
852 912
852 916
852 917
852 919
852 920
852 921
852 923
852 924
852 925
852 926
852 927
852 932
852 933
852 934
852 937
852 940
852 941
852 942
852 946
852 948
852 949
852 951
852 952
852 953
852 955
852 956
852 957
852 958
852 960
852 961
852 962
852 964
852 967
852 968
852 969
852 970
852 972
852 973
852 977
852 980
852 981
852 984
852 985
852 986
852 987
852 990
852 991
852 992
852 993
852 994
852 995
852 997
852 998
853 856
853 857
853 858
853 860
853 861
853 862
853 863
853 864
853 865
853 867
853 868
853 869
853 870
853 871
853 873
853 875
853 877
853 879
853 880
853 882
853 883
853 885
853 887
853 888
853 889
853 890
853 891
853 892
853 893
853 894
853 895
853 897
853 898
853 899
853 900
853 901
853 902
853 904
853 905
853 906
853 911
853 914
853 915
853 916
853 917
853 918
853 919
853 920
853 921
853 922
853 924
853 926
853 927
853 929
853 932
853 934
853 935
853 936
853 937
853 938
853 939
853 941
853 942
853 944
853 945
853 946
853 949
853 951
853 954
853 955
853 957
853 958
853 962
853 963
853 964
853 966
853 967
853 969
853 971
853 972
853 975
853 976
853 978
853 979
853 980
853 982
853 983
853 984
853 985
853 987
853 988
853 989
853 991
853 992
853 993
853 994
853 995
853 996
853 997
853 998
853 999
854 855
854 856
854 857
854 859
854 860
854 862
854 864
854 865
854 868
854 871
854 874
854 876
854 878
854 879
854 880
854 881
854 882
854 883
854 884
854 886
854 887
854 888
854 889
854 890
854 891
854 892
854 894
854 895
854 897
854 898
854 899
854 900
854 902
854 903
854 905
854 906
854 909
854 912
854 913
854 914
854 915
854 916
854 918
854 921
854 923
854 924
854 925
854 931
854 932
854 933
854 934
854 935
854 938
854 939
854 940
854 941
854 942
854 945
854 946
854 947
854 950
854 951
854 952
854 953
854 954
854 957
854 958
854 959
854 961
854 962
854 963
854 964
854 966
854 967
854 969
854 970
854 972
854 973
854 974
854 975
854 976
854 977
854 978
854 979
854 981
854 982
854 983
854 985
854 986
854 987
854 990
854 991
854 992
854 993
854 995
854 997
855 856
855 857
855 858
855 859
855 861
855 862
855 863
855 866
855 868
855 869
855 872
855 875
855 876
855 879
855 880
855 881
855 882
855 883
855 884
855 885
855 886
855 887
855 888
855 891
855 892
855 894
855 895
855 897
855 899
855 901
855 902
855 903
855 904
855 908
855 909
855 910
855 911
855 913
855 915
855 917
855 919
855 920
855 921
855 923
855 928
855 929
855 930
855 931
855 932
855 933
855 934
855 936
855 937
855 939
855 940
855 942
855 943
855 945
855 947
855 950
855 951
855 953
855 954
855 955
855 956
855 957
855 959
855 960
855 964
855 965
855 966
855 967
855 970
855 971
855 972
855 973
855 975
855 979
855 980
855 981
855 983
855 984
855 985
855 987
855 988
855 990
855 991
855 992
855 994
855 995
855 996
855 998
855 999
856 857
856 858
856 861
856 862
856 863
856 864
856 865
856 866
856 867
856 868
856 869
856 873
856 874
856 877
856 878
856 879
856 882
856 883
856 884
856 885
856 886
856 887
856 888
856 889
856 890
856 892
856 894
856 896
856 897
856 898
856 899
856 901
856 902
856 903
856 904
856 905
856 906
856 907
856 908
856 909
856 911
856 913
856 914
856 915
856 916
856 918
856 919
856 921
856 922
856 923
856 925
856 926
856 927
856 929
856 932
856 933
856 935
856 936
856 937
856 938
856 940
856 941
856 942
856 943
856 944
856 945
856 946
856 947
856 949
856 951
856 952
856 953
856 954
856 955
856 956
856 958
856 959
856 960
856 962
856 963
856 964
856 965
856 966
856 967
856 969
856 972
856 973
856 974
856 975
856 976
856 977
856 979
856 980
856 983
856 984
856 985
856 986
856 987
856 988
856 989
856 990
856 991
856 992
856 993
856 994
856 996
856 997
856 998
857 858
857 859
857 860
857 861
857 862
857 863
857 865
857 866
857 868
857 869
857 870
857 871
857 872
857 874
857 875
857 876
857 877
857 878
857 880
857 881
857 885
857 886
857 890
857 891
857 892
857 893
857 895
857 896
857 897
857 898
857 899
857 900
857 901
857 902
857 908
857 910
857 911
857 912
857 913
857 915
857 917
857 918
857 919
857 921
857 922
857 923
857 926
857 927
857 929
857 930
857 931
857 932
857 933
857 934
857 936
857 937
857 938
857 939
857 940
857 941
857 942
857 943
857 946
857 949
857 950
857 952
857 953
857 955
857 956
857 957
857 959
857 960
857 961
857 962
857 963
857 964
857 966
857 968
857 970
857 971
857 972
857 973
857 975
857 977
857 978
857 979
857 980
857 982
857 983
857 984
857 986
857 987
857 988
857 989
857 992
857 993
857 994
857 996
857 997
857 998
857 999
858 859
858 861
858 862
858 863
858 864
858 865
858 866
858 867
858 870
858 874
858 875
858 876
858 877
858 878
858 879
858 880
858 881
858 882
858 883
858 884
858 885
858 886
858 888
858 889
858 892
858 893
858 896
858 898
858 900
858 901
858 902
858 903
858 904
858 905
858 906
858 907
858 909
858 913
858 915
858 916
858 917
858 922
858 923
858 924
858 925
858 926
858 929
858 930
858 931
858 933
858 934
858 935
858 936
858 937
858 938
858 939
858 940
858 941
858 943
858 944
858 946
858 947
858 950
858 951
858 954
858 956
858 957
858 958
858 960
858 961
858 963
858 965
858 966
858 967
858 968
858 969
858 970
858 971
858 972
858 974
858 976
858 977
858 979
858 981
858 982
858 990
858 991
858 992
858 993
858 994
858 995
858 996
858 997
858 998
858 999
859 860
859 862
859 864
859 866
859 867
859 869
859 870
859 871
859 872
859 873
859 875
859 876
859 877
859 880
859 882
859 883
859 884
859 887
859 888
859 889
859 890
859 892
859 894
859 895
859 897
859 898
859 899
859 901
859 902
859 903
859 905
859 906
859 907
859 908
859 909
859 910
859 912
859 913
859 915
859 916
859 917
859 919
859 920
859 921
859 922
859 925
859 926
859 928
859 929
859 930
859 931
859 932
859 933
859 934
859 935
859 936
859 937
859 941
859 942
859 946
859 948
859 949
859 950
859 951
859 953
859 954
859 955
859 957
859 958
859 960
859 961
859 962
859 963
859 964
859 965
859 967
859 969
859 970
859 973
859 975
859 976
859 977
859 979
859 980
859 981
859 982
859 984
859 985
859 986
859 988
859 989
859 990
859 991
859 992
859 993
859 994
859 996
859 998
859 999
860 863
860 864
860 869
860 870
860 871
860 872
860 875
860 876
860 878
860 879
860 880
860 882
860 883
860 884
860 885
860 886
860 888
860 890
860 892
860 893
860 894
860 896
860 897
860 898
860 900
860 902
860 903
860 904
860 905
860 906
860 907
860 908
860 909
860 910
860 912
860 913
860 915
860 916
860 917
860 918
860 919
860 920
860 921
860 922
860 923
860 924
860 925
860 926
860 927
860 930
860 931
860 932
860 934
860 935
860 936
860 937
860 938
860 939
860 942
860 943
860 944
860 945
860 946
860 947
860 948
860 949
860 950
860 951
860 952
860 954
860 956
860 957
860 959
860 960
860 961
860 962
860 963
860 965
860 969
860 970
860 972
860 973
860 974
860 985
860 988
860 989
860 991
860 992
860 993
860 994
860 995
860 996
860 997
860 999
861 862
861 863
861 864
861 865
861 868
861 869
861 870
861 873
861 874
861 875
861 876
861 877
861 879
861 882
861 883
861 884
861 885
861 886
861 887
861 888
861 889
861 892
861 893
861 894
861 895
861 897
861 898
861 899
861 900
861 903
861 904
861 905
861 906
861 908
861 909
861 910
861 911
861 912
861 913
861 914
861 916
861 917
861 918
861 919
861 920
861 921
861 924
861 925
861 926
861 927
861 928
861 929
861 930
861 932
861 934
861 935
861 936
861 937
861 938
861 939
861 940
861 941
861 942
861 943
861 944
861 946
861 947
861 949
861 950
861 951
861 952
861 955
861 958
861 960
861 961
861 965
861 966
861 969
861 970
861 974
861 975
861 976
861 977
861 978
861 979
861 980
861 983
861 984
861 985
861 987
861 989
861 991
861 992
861 995
861 996
861 998
861 999
862 863
862 866
862 867
862 869
862 870
862 874
862 875
862 876
862 878
862 879
862 880
862 881
862 883
862 884
862 885
862 886
862 887
862 889
862 891
862 892
862 893
862 895
862 896
862 898
862 899
862 900
862 901
862 902
862 903
862 905
862 906
862 907
862 909
862 910
862 911
862 912
862 913
862 914
862 916
862 917
862 918
862 919
862 920
862 922
862 924
862 925
862 926
862 927
862 930
862 931
862 932
862 933
862 934
862 935
862 936
862 937
862 938
862 939
862 940
862 941
862 942
862 944
862 945
862 946
862 947
862 948
862 949
862 950
862 952
862 954
862 955
862 957
862 958
862 960
862 961
862 962
862 964
862 965
862 966
862 967
862 968
862 969
862 970
862 971
862 972
862 973
862 975
862 977
862 978
862 979
862 980
862 981
862 983
862 984
862 985
862 986
862 987
862 991
862 992
862 993
862 994
862 995
862 997
863 864
863 865
863 866
863 867
863 868
863 870
863 871
863 872
863 873
863 874
863 876
863 877
863 879
863 880
863 881
863 883
863 884
863 885
863 886
863 887
863 888
863 889
863 891
863 892
863 893
863 894
863 895
863 897
863 898
863 899
863 900
863 901
863 903
863 905
863 906
863 907
863 909
863 910
863 911
863 912
863 913
863 914
863 916
863 917
863 918
863 919
863 920
863 921
863 922
863 926
863 927
863 929
863 932
863 933
863 934
863 936
863 937
863 939
863 941
863 942
863 943
863 944
863 945
863 946
863 948
863 949
863 950
863 951
863 954
863 955
863 956
863 958
863 960
863 963
863 964
863 965
863 966
863 967
863 968
863 970
863 971
863 973
863 974
863 975
863 977
863 978
863 979
863 980
863 981
863 982
863 983
863 984
863 986
863 987
863 988
863 991
863 992
863 994
863 995
863 996
863 997
863 998
863 999
864 865
864 866
864 867
864 868
864 870
864 871
864 872
864 873
864 875
864 876
864 878
864 879
864 880
864 881
864 882
864 883
864 884
864 886
864 887
864 889
864 890
864 891
864 892
864 893
864 895
864 896
864 897
864 898
864 899
864 900
864 901
864 902
864 903
864 904
864 906
864 907
864 908
864 909
864 910
864 911
864 914
864 915
864 916
864 917
864 918
864 919
864 920
864 922
864 923
864 928
864 929
864 931
864 932
864 936
864 937
864 938
864 940
864 941
864 943
864 944
864 945
864 948
864 949
864 950
864 951
864 952
864 955
864 956
864 958
864 960
864 961
864 962
864 963
864 964
864 965
864 966
864 968
864 969
864 971
864 973
864 974
864 975
864 976
864 977
864 979
864 980
864 982
864 983
864 985
864 987
864 988
864 990
864 993
864 994
864 996
864 997
864 998
864 999
865 868
865 871
865 872
865 873
865 874
865 875
865 877
865 878
865 879
865 883
865 884
865 885
865 886
865 887
865 888
865 889
865 892
865 893
865 894
865 895
865 896
865 898
865 899
865 900
865 902
865 903
865 904
865 905
865 906
865 907
865 908
865 909
865 911
865 912
865 914
865 916
865 917
865 918
865 919
865 921
865 922
865 923
865 924
865 927
865 928
865 929
865 931
865 933
865 934
865 935
865 936
865 937
865 938
865 939
865 940
865 942
865 944
865 945
865 947
865 948
865 950
865 951
865 952
865 955
865 956
865 957
865 959
865 960
865 961
865 962
865 964
865 965
865 967
865 969
865 971
865 972
865 973
865 974
865 976
865 977
865 979
865 981
865 982
865 984
865 986
865 987
865 988
865 990
865 996
865 998
865 999
866 867
866 868
866 869
866 870
866 873
866 875
866 876
866 877
866 878
866 879
866 880
866 882
866 883
866 884
866 886
866 887
866 888
866 890
866 891
866 893
866 894
866 895
866 896
866 897
866 898
866 900
866 902
866 903
866 904
866 905
866 907
866 909
866 910
866 911
866 912
866 913
866 917
866 918
866 919
866 921
866 922
866 923
866 924
866 926
866 927
866 928
866 930
866 931
866 932
866 934
866 935
866 936
866 938
866 939
866 940
866 941
866 944
866 945
866 946
866 948
866 951
866 952
866 954
866 956
866 957
866 958
866 959
866 961
866 962
866 963
866 964
866 965
866 966
866 967
866 968
866 970
866 972
866 973
866 974
866 975
866 977
866 981
866 982
866 983
866 984
866 985
866 986
866 988
866 989
866 990
866 991
866 992
866 993
866 994
866 995
866 996
866 997
866 998
867 868
867 870
867 871
867 872
867 873
867 875
867 878
867 879
867 880
867 881
867 883
867 884
867 885
867 886
867 889
867 890
867 891
867 892
867 894
867 896
867 897
867 898
867 899
867 900
867 901
867 903
867 904
867 906
867 907
867 910
867 911
867 914
867 915
867 916
867 918
867 919
867 920
867 921
867 922
867 923
867 924
867 925
867 927
867 928
867 930
867 931
867 932
867 933
867 934
867 935
867 936
867 937
867 938
867 939
867 940
867 941
867 945
867 946
867 947
867 948
867 950
867 951
867 952
867 953
867 954
867 957
867 958
867 960
867 961
867 963
867 964
867 965
867 966
867 967
867 968
867 969
867 970
867 971
867 972
867 973
867 974
867 977
867 978
867 980
867 981
867 983
867 986
867 987
867 989
867 991
867 992
867 993
867 994
867 995
867 996
867 998
868 871
868 872
868 875
868 876
868 877
868 879
868 882
868 883
868 885
868 886
868 887
868 888
868 889
868 891
868 893
868 894
868 895
868 896
868 897
868 899
868 900
868 901
868 903
868 904
868 905
868 906
868 907
868 908
868 910
868 911
868 913
868 914
868 916
868 918
868 919
868 922
868 923
868 924
868 925
868 927
868 928
868 931
868 936
868 938
868 939
868 940
868 941
868 942
868 943
868 944
868 946
868 947
868 948
868 949
868 950
868 951
868 953
868 954
868 955
868 956
868 958
868 960
868 961
868 963
868 964
868 965
868 966
868 967
868 969
868 970
868 972
868 973
868 975
868 976
868 977
868 978
868 979
868 980
868 981
868 982
868 984
868 986
868 988
868 990
868 991
868 992
868 993
868 995
868 996
868 997
868 998
868 999
869 870
869 872
869 873
869 875
869 876
869 877
869 878
869 879
869 880
869 881
869 883
869 885
869 886
869 888
869 890
869 891
869 892
869 893
869 896
869 897
869 898
869 899
869 900
869 901
869 902
869 903
869 904
869 905
869 907
869 908
869 909
869 910
869 913
869 914
869 915
869 916
869 917
869 918
869 921
869 922
869 923
869 925
869 927
869 929
869 930
869 931
869 933
869 934
869 938
869 939
869 940
869 941
869 942
869 944
869 945
869 946
869 948
869 949
869 950
869 952
869 953
869 954
869 956
869 958
869 959
869 962
869 963
869 964
869 965
869 966
869 967
869 968
869 969
869 970
869 972
869 975
869 977
869 978
869 981
869 982
869 983
869 985
869 986
869 987
869 988
869 992
869 993
869 995
869 996
869 997
869 998
869 999
870 871
870 872
870 873
870 874
870 875
870 877
870 879
870 880
870 881
870 884
870 885
870 886
870 888
870 889
870 890
870 891
870 892
870 893
870 898
870 900
870 901
870 902
870 904
870 905
870 906
870 907
870 908
870 909
870 910
870 911
870 912
870 913
870 914
870 915
870 917
870 918
870 919
870 920
870 921
870 922
870 925
870 926
870 927
870 928
870 929
870 930
870 932
870 933
870 935
870 936
870 937
870 938
870 939
870 940
870 941
870 942
870 943
870 945
870 946
870 947
870 948
870 950
870 952
870 953
870 956
870 957
870 958
870 959
870 960
870 961
870 962
870 963
870 964
870 965
870 966
870 967
870 968
870 969
870 970
870 971
870 972
870 973
870 975
870 976
870 977
870 979
870 980
870 981
870 982
870 984
870 985
870 986
870 988
870 989
870 990
870 991
870 993
870 995
870 996
870 997
870 998
870 999
871 872
871 873
871 874
871 876
871 877
871 879
871 880
871 882
871 884
871 885
871 886
871 887
871 890
871 891
871 895
871 896
871 897
871 900
871 901
871 903
871 904
871 905
871 907
871 909
871 911
871 915
871 917
871 919
871 921
871 922
871 923
871 925
871 926
871 927
871 928
871 929
871 930
871 932
871 934
871 936
871 937
871 938
871 939
871 940
871 941
871 944
871 945
871 946
871 947
871 948
871 949
871 950
871 951
871 952
871 953
871 956
871 958
871 959
871 961
871 966
871 967
871 968
871 969
871 970
871 971
871 975
871 976
871 977
871 980
871 981
871 982
871 983
871 985
871 987
871 988
871 989
871 990
871 991
871 992
871 993
871 994
871 995
871 996
871 997
871 998
872 873
872 879
872 880
872 881
872 882
872 883
872 885
872 886
872 887
872 889
872 891
872 893
872 894
872 895
872 897
872 898
872 899
872 901
872 902
872 904
872 907
872 908
872 909
872 910
872 912
872 913
872 914
872 916
872 919
872 920
872 921
872 923
872 926
872 929
872 930
872 931
872 932
872 933
872 934
872 935
872 936
872 939
872 942
872 944
872 945
872 947
872 948
872 949
872 950
872 951
872 952
872 954
872 955
872 956
872 957
872 958
872 959
872 960
872 962
872 963
872 965
872 966
872 967
872 970
872 972
872 973
872 974
872 975
872 977
872 979
872 983
872 985
872 986
872 987
872 988
872 990
872 991
872 992
872 993
872 994
872 995
872 996
872 997
872 998
873 874
873 875
873 877
873 878
873 879
873 880
873 883
873 884
873 885
873 887
873 889
873 890
873 892
873 893
873 894
873 896
873 897
873 898
873 899
873 900
873 901
873 906
873 907
873 908
873 909
873 910
873 911
873 912
873 913
873 914
873 916
873 917
873 919
873 920
873 922
873 926
873 927
873 928
873 930
873 933
873 934
873 935
873 936
873 937
873 938
873 939
873 940
873 941
873 944
873 946
873 947
873 948
873 949
873 950
873 953
873 954
873 956
873 958
873 960
873 963
873 964
873 965
873 966
873 967
873 968
873 969
873 970
873 971
873 972
873 974
873 975
873 977
873 978
873 979
873 980
873 982
873 983
873 984
873 985
873 987
873 990
873 991
873 992
873 994
873 995
873 996
873 997
873 998
874 877
874 879
874 880
874 881
874 882
874 884
874 887
874 890
874 891
874 893
874 894
874 895
874 897
874 898
874 899
874 900
874 901
874 902
874 903
874 904
874 907
874 908
874 909
874 911
874 912
874 913
874 914
874 915
874 916
874 917
874 919
874 920
874 925
874 926
874 927
874 928
874 930
874 933
874 934
874 935
874 938
874 939
874 941
874 942
874 943
874 945
874 946
874 947
874 948
874 949
874 950
874 954
874 955
874 956
874 958
874 961
874 962
874 964
874 965
874 967
874 968
874 969
874 971
874 972
874 973
874 975
874 977
874 979
874 981
874 983
874 984
874 986
874 987
874 988
874 989
874 994
874 995
874 996
874 999
875 876
875 877
875 878
875 879
875 881
875 882
875 883
875 885
875 888
875 890
875 891
875 892
875 893
875 894
875 895
875 896
875 898
875 900
875 901
875 902
875 903
875 906
875 907
875 908
875 909
875 910
875 912
875 913
875 914
875 916
875 917
875 921
875 922
875 925
875 926
875 927
875 929
875 930
875 931
875 933
875 935
875 936
875 937
875 940
875 941
875 942
875 943
875 945
875 946
875 948
875 950
875 951
875 952
875 953
875 954
875 955
875 956
875 957
875 959
875 960
875 961
875 962
875 963
875 966
875 967
875 970
875 972
875 974
875 975
875 976
875 978
875 979
875 985
875 986
875 987
875 988
875 989
875 990
875 991
875 992
875 993
875 994
875 995
875 997
875 998
875 999
876 877
876 879
876 880
876 881
876 883
876 886
876 890
876 891
876 892
876 894
876 895
876 896
876 897
876 898
876 899
876 900
876 901
876 903
876 904
876 905
876 908
876 910
876 911
876 913
876 914
876 915
876 916
876 917
876 918
876 919
876 921
876 924
876 925
876 926
876 928
876 929
876 930
876 931
876 933
876 934
876 935
876 938
876 939
876 940
876 941
876 943
876 944
876 945
876 946
876 947
876 948
876 951
876 952
876 953
876 954
876 955
876 956
876 957
876 958
876 960
876 961
876 962
876 963
876 964
876 965
876 966
876 967
876 969
876 970
876 971
876 973
876 974
876 975
876 976
876 977
876 978
876 979
876 982
876 983
876 985
876 986
876 987
876 988
876 989
876 992
876 993
876 994
876 997
876 999
877 878
877 880
877 882
877 883
877 884
877 886
877 888
877 889
877 891
877 892
877 893
877 894
877 896
877 897
877 898
877 899
877 900
877 901
877 903
877 904
877 906
877 907
877 908
877 911
877 912
877 914
877 915
877 917
877 919
877 920
877 921
877 922
877 923
877 925
877 926
877 928
877 930
877 931
877 932
877 933
877 934
877 935
877 937
877 939
877 940
877 942
877 943
877 945
877 946
877 947
877 948
877 949
877 951
877 952
877 953
877 954
877 955
877 956
877 958
877 960
877 961
877 962
877 963
877 964
877 965
877 969
877 971
877 972
877 974
877 975
877 976
877 977
877 978
877 979
877 980
877 981
877 982
877 985
877 987
877 988
877 989
877 992
877 993
877 994
877 995
877 996
877 997
878 879
878 880
878 881
878 883
878 884
878 885
878 886
878 887
878 888
878 889
878 893
878 895
878 898
878 899
878 900
878 901
878 902
878 903
878 906
878 907
878 908
878 909
878 910
878 911
878 913
878 914
878 916
878 918
878 919
878 920
878 921
878 922
878 924
878 926
878 928
878 929
878 930
878 931
878 932
878 933
878 937
878 938
878 939
878 942
878 944
878 945
878 946
878 948
878 951
878 952
878 953
878 954
878 955
878 956
878 957
878 958
878 959
878 960
878 962
878 963
878 964
878 965
878 967
878 968
878 969
878 971
878 972
878 973
878 974
878 975
878 976
878 978
878 979
878 980
878 983
878 985
878 989
878 991
878 992
878 994
878 996
878 997
878 998
879 880
879 882
879 884
879 886
879 888
879 891
879 892
879 894
879 896
879 897
879 898
879 899
879 900
879 901
879 902
879 903
879 904
879 906
879 908
879 909
879 912
879 913
879 914
879 916
879 918
879 919
879 921
879 923
879 924
879 926
879 927
879 928
879 929
879 931
879 932
879 934
879 936
879 939
879 940
879 942
879 943
879 944
879 947
879 948
879 949
879 952
879 953
879 954
879 956
879 957
879 959
879 960
879 963
879 964
879 965
879 966
879 968
879 969
879 970
879 971
879 972
879 974
879 975
879 976
879 977
879 978
879 979
879 980
879 981
879 982
879 983
879 985
879 986
879 988
879 989
879 990
879 991
879 992
879 994
879 995
879 996
879 997
879 998
880 881
880 883
880 884
880 885
880 886
880 887
880 890
880 891
880 892
880 893
880 894
880 895
880 897
880 899
880 900
880 901
880 902
880 903
880 904
880 905
880 906
880 907
880 908
880 909
880 911
880 912
880 913
880 914
880 915
880 917
880 918
880 920
880 922
880 923
880 924
880 926
880 928
880 929
880 930
880 931
880 932
880 933
880 934
880 935
880 936
880 937
880 938
880 939
880 942
880 943
880 945
880 946
880 949
880 951
880 952
880 953
880 954
880 955
880 956
880 957
880 958
880 959
880 961
880 962
880 963
880 964
880 967
880 970
880 971
880 973
880 974
880 977
880 978
880 981
880 983
880 984
880 985
880 987
880 988
880 989
880 990
880 992
880 993
880 995
880 996
880 999
881 882
881 884
881 885
881 887
881 888
881 889
881 891
881 892
881 893
881 894
881 895
881 896
881 898
881 899
881 900
881 902
881 903
881 904
881 905
881 906
881 907
881 908
881 909
881 910
881 911
881 912
881 913
881 914
881 915
881 916
881 917
881 918
881 919
881 920
881 921
881 922
881 923
881 924
881 925
881 926
881 927
881 929
881 930
881 931
881 932
881 934
881 935
881 937
881 938
881 939
881 940
881 941
881 943
881 944
881 945
881 946
881 947
881 948
881 950
881 952
881 953
881 954
881 955
881 956
881 957
881 958
881 959
881 960
881 961
881 962
881 963
881 965
881 967
881 968
881 969
881 971
881 973
881 975
881 976
881 977
881 978
881 980
881 982
881 983
881 984
881 985
881 986
881 987
881 988
881 989
881 990
881 991
881 993
881 995
881 997
881 998
881 999
882 883
882 884
882 885
882 887
882 892
882 893
882 896
882 897
882 898
882 899
882 900
882 901
882 902
882 904
882 905
882 908
882 909
882 910
882 912
882 916
882 918
882 922
882 923
882 924
882 926
882 930
882 931
882 932
882 933
882 934
882 935
882 936
882 937
882 939
882 941
882 942
882 943
882 944
882 945
882 946
882 947
882 949
882 951
882 954
882 955
882 958
882 960
882 961
882 962
882 963
882 964
882 966
882 967
882 968
882 969
882 972
882 977
882 978
882 983
882 984
882 985
882 987
882 989
882 990
882 992
882 993
882 995
882 996
882 997
882 998
882 999
883 884
883 885
883 886
883 887
883 888
883 889
883 892
883 893
883 895
883 896
883 900
883 901
883 902
883 903
883 904
883 905
883 907
883 908
883 910
883 914
883 915
883 919
883 920
883 924
883 925
883 928
883 929
883 931
883 932
883 933
883 937
883 938
883 941
883 942
883 944
883 945
883 946
883 947
883 948
883 951
883 954
883 955
883 960
883 961
883 963
883 964
883 965
883 967
883 968
883 969
883 970
883 971
883 972
883 973
883 974
883 975
883 979
883 980
883 983
883 984
883 985
883 986
883 987
883 988
883 989
883 991
883 992
883 993
883 994
883 998
884 885
884 886
884 887
884 888
884 889
884 890
884 891
884 893
884 894
884 895
884 896
884 897
884 898
884 901
884 902
884 903
884 904
884 905
884 907
884 909
884 911
884 912
884 913
884 914
884 917
884 918
884 919
884 921
884 922
884 923
884 924
884 926
884 927
884 928
884 929
884 933
884 934
884 935
884 936
884 937
884 940
884 944
884 945
884 946
884 948
884 951
884 954
884 955
884 957
884 959
884 960
884 961
884 962
884 963
884 965
884 966
884 968
884 969
884 970
884 971
884 972
884 973
884 974
884 975
884 976
884 977
884 979
884 980
884 981
884 982
884 984
884 987
884 988
884 989
884 990
884 991
884 992
884 993
884 995
884 996
884 997
884 999
885 886
885 890
885 891
885 892
885 893
885 895
885 898
885 900
885 901
885 902
885 903
885 904
885 905
885 906
885 911
885 916
885 917
885 919
885 920
885 921
885 923
885 924
885 926
885 927
885 929
885 935
885 936
885 937
885 940
885 941
885 942
885 946
885 947
885 951
885 952
885 953
885 954
885 956
885 958
885 959
885 961
885 963
885 964
885 967
885 971
885 972
885 973
885 974
885 975
885 976
885 977
885 978
885 979
885 980
885 981
885 982
885 983
885 984
885 985
885 986
885 987
885 988
885 989
885 990
885 991
885 992
885 993
885 994
885 995
885 996
885 997
885 999
886 888
886 889
886 890
886 892
886 894
886 896
886 897
886 898
886 899
886 900
886 901
886 902
886 903
886 904
886 907
886 908
886 909
886 910
886 911
886 912
886 914
886 915
886 917
886 918
886 920
886 921
886 922
886 923
886 924
886 925
886 926
886 927
886 928
886 929
886 930
886 931
886 932
886 934
886 936
886 937
886 940
886 941
886 943
886 946
886 947
886 948
886 950
886 953
886 955
886 956
886 959
886 960
886 961
886 962
886 964
886 966
886 967
886 968
886 969
886 970
886 971
886 972
886 975
886 977
886 978
886 979
886 980
886 981
886 983
886 986
886 987
886 991
886 992
886 993
886 994
886 995
887 889
887 890
887 891
887 892
887 893
887 894
887 895
887 896
887 898
887 899
887 901
887 902
887 903
887 904
887 906
887 908
887 911
887 912
887 913
887 914
887 915
887 917
887 919
887 920
887 921
887 923
887 924
887 925
887 926
887 927
887 928
887 930
887 931
887 932
887 933
887 934
887 936
887 937
887 938
887 939
887 940
887 941
887 943
887 944
887 945
887 946
887 947
887 948
887 950
887 951
887 952
887 955
887 956
887 957
887 958
887 959
887 960
887 962
887 964
887 965
887 966
887 968
887 969
887 971
887 973
887 975
887 978
887 979
887 980
887 981
887 982
887 983
887 984
887 985
887 986
887 987
887 990
887 991
887 992
887 993
887 994
887 995
887 997
887 999
888 891
888 893
888 894
888 896
888 898
888 899
888 900
888 901
888 904
888 905
888 906
888 907
888 908
888 910
888 911
888 916
888 918
888 920
888 921
888 922
888 924
888 925
888 926
888 927
888 928
888 929
888 930
888 931
888 933
888 935
888 936
888 937
888 938
888 939
888 941
888 943
888 944
888 945
888 946
888 947
888 948
888 950
888 951
888 954
888 956
888 957
888 959
888 960
888 961
888 962
888 963
888 964
888 965
888 966
888 967
888 969
888 970
888 971
888 972
888 973
888 975
888 977
888 978
888 979
888 980
888 981
888 983
888 984
888 988
888 989
888 990
888 991
888 992
888 993
888 994
888 995
888 997
888 998
888 999
889 890
889 891
889 892
889 893
889 895
889 896
889 897
889 899
889 901
889 902
889 903
889 904
889 905
889 907
889 908
889 909
889 910
889 911
889 912
889 913
889 916
889 917
889 918
889 919
889 920
889 923
889 925
889 928
889 929
889 930
889 933
889 934
889 935
889 936
889 937
889 938
889 939
889 940
889 941
889 942
889 943
889 944
889 945
889 947
889 948
889 949
889 950
889 952
889 953
889 954
889 956
889 957
889 958
889 960
889 961
889 962
889 964
889 965
889 966
889 967
889 968
889 969
889 970
889 971
889 972
889 973
889 974
889 975
889 976
889 977
889 978
889 979
889 980
889 981
889 982
889 983
889 984
889 985
889 987
889 988
889 989
889 990
889 991
889 992
889 993
889 994
889 995
889 997
889 998
889 999
890 891
890 892
890 893
890 895
890 896
890 897
890 898
890 899
890 900
890 901
890 902
890 903
890 904
890 905
890 906
890 907
890 908
890 909
890 910
890 912
890 914
890 915
890 916
890 917
890 918
890 919
890 920
890 921
890 922
890 924
890 926
890 928
890 929
890 930
890 931
890 932
890 933
890 935
890 937
890 938
890 939
890 940
890 941
890 942
890 943
890 944
890 946
890 947
890 948
890 949
890 951
890 954
890 955
890 956
890 957
890 958
890 961
890 962
890 964
890 966
890 969
890 970
890 971
890 972
890 974
890 975
890 977
890 979
890 981
890 984
890 985
890 987
890 991
890 992
890 993
890 994
890 996
890 997
890 998
891 892
891 896
891 898
891 900
891 902
891 903
891 904
891 905
891 907
891 909
891 912
891 915
891 916
891 919
891 920
891 921
891 922
891 923
891 926
891 927
891 928
891 929
891 930
891 932
891 934
891 935
891 936
891 937
891 938
891 939
891 941
891 942
891 943
891 944
891 945
891 946
891 947
891 953
891 954
891 955
891 956
891 957
891 958
891 959
891 960
891 961
891 964
891 965
891 969
891 970
891 971
891 972
891 974
891 976
891 978
891 979
891 982
891 983
891 984
891 986
891 989
891 993
891 995
891 996
891 997
891 998
891 999
892 893
892 894
892 895
892 896
892 899
892 900
892 902
892 903
892 906
892 907
892 908
892 911
892 913
892 914
892 916
892 917
892 918
892 919
892 921
892 922
892 925
892 926
892 928
892 929
892 930
892 931
892 932
892 937
892 940
892 941
892 942
892 943
892 944
892 945
892 946
892 947
892 949
892 950
892 952
892 954
892 956
892 959
892 960
892 961
892 962
892 963
892 965
892 966
892 968
892 969
892 970
892 972
892 973
892 975
892 977
892 978
892 980
892 981
892 982
892 984
892 985
892 986
892 987
892 989
892 990
892 992
892 993
892 998
893 894
893 895
893 896
893 897
893 898
893 901
893 904
893 906
893 908
893 909
893 910
893 911
893 912
893 914
893 915
893 916
893 917
893 918
893 920
893 921
893 922
893 923
893 925
893 927
893 929
893 930
893 931
893 932
893 933
893 935
893 938
893 940
893 941
893 942
893 944
893 946
893 947
893 950
893 951
893 952
893 953
893 954
893 955
893 956
893 957
893 958
893 959
893 961
893 963
893 965
893 967
893 969
893 972
893 973
893 974
893 976
893 977
893 978
893 979
893 981
893 982
893 983
893 984
893 985
893 986
893 987
893 989
893 991
893 993
893 994
893 995
893 997
893 999
894 895
894 898
894 899
894 901
894 902
894 903
894 904
894 905
894 908
894 909
894 910
894 913
894 914
894 915
894 916
894 918
894 921
894 923
894 924
894 925
894 929
894 930
894 931
894 932
894 933
894 934
894 935
894 936
894 937
894 938
894 941
894 943
894 944
894 946
894 947
894 948
894 949
894 950
894 951
894 952
894 953
894 954
894 955
894 957
894 958
894 959
894 961
894 962
894 964
894 965
894 967
894 968
894 969
894 970
894 971
894 972
894 973
894 974
894 975
894 976
894 978
894 980
894 981
894 983
894 984
894 985
894 986
894 988
894 989
894 991
894 998
894 999
895 896
895 897
895 899
895 901
895 902
895 905
895 906
895 907
895 908
895 909
895 911
895 912
895 913
895 914
895 915
895 916
895 917
895 918
895 919
895 922
895 923
895 925
895 926
895 927
895 929
895 930
895 931
895 933
895 934
895 936
895 937
895 938
895 939
895 942
895 943
895 945
895 946
895 947
895 948
895 949
895 950
895 951
895 952
895 953
895 955
895 956
895 958
895 962
895 964
895 965
895 967
895 970
895 971
895 973
895 974
895 975
895 979
895 981
895 982
895 983
895 984
895 985
895 986
895 987
895 988
895 990
895 991
895 992
895 993
895 994
895 995
895 996
895 997
895 998
896 897
896 899
896 900
896 902
896 903
896 904
896 906
896 907
896 908
896 909
896 911
896 912
896 913
896 915
896 916
896 917
896 918
896 921
896 922
896 923
896 924
896 926
896 927
896 931
896 932
896 933
896 934
896 936
896 938
896 940
896 942
896 943
896 944
896 945
896 946
896 948
896 950
896 951
896 952
896 953
896 954
896 955
896 956
896 957
896 958
896 959
896 961
896 962
896 964
896 965
896 966
896 968
896 969
896 970
896 971
896 972
896 973
896 975
896 976
896 977
896 978
896 979
896 980
896 983
896 986
896 988
896 989
896 990
896 992
896 993
896 996
896 997
896 998
896 999
897 898
897 899
897 900
897 903
897 904
897 906
897 907
897 908
897 909
897 910
897 913
897 915
897 916
897 918
897 920
897 922
897 923
897 924
897 926
897 929
897 930
897 931
897 932
897 933
897 934
897 935
897 936
897 938
897 939
897 940
897 942
897 944
897 945
897 948
897 949
897 950
897 951
897 954
897 957
897 958
897 959
897 962
897 963
897 964
897 965
897 967
897 968
897 969
897 970
897 971
897 972
897 973
897 974
897 975
897 976
897 978
897 980
897 983
897 984
897 986
897 988
897 991
897 993
897 995
897 998
898 899
898 901
898 902
898 903
898 904
898 906
898 913
898 914
898 915
898 916
898 917
898 918
898 920
898 921
898 923
898 926
898 927
898 929
898 930
898 931
898 932
898 934
898 936
898 937
898 938
898 939
898 940
898 941
898 942
898 943
898 945
898 946
898 949
898 950
898 951
898 952
898 953
898 956
898 957
898 958
898 959
898 961
898 962
898 963
898 965
898 968
898 972
898 973
898 974
898 976
898 978
898 980
898 982
898 984
898 986
898 987
898 988
898 989
898 990
898 992
898 994
898 997
899 901
899 902
899 903
899 905
899 906
899 907
899 908
899 909
899 910
899 911
899 912
899 913
899 914
899 915
899 916
899 918
899 919
899 920
899 922
899 923
899 924
899 925
899 927
899 929
899 931
899 932
899 933
899 936
899 937
899 938
899 939
899 941
899 942
899 943
899 945
899 946
899 948
899 949
899 950
899 952
899 954
899 955
899 956
899 957
899 960
899 961
899 962
899 963
899 964
899 966
899 969
899 970
899 971
899 973
899 974
899 975
899 976
899 977
899 979
899 980
899 981
899 983
899 985
899 986
899 989
899 990
899 991
899 992
899 993
899 994
899 996
899 997
899 998
900 901
900 902
900 903
900 904
900 905
900 907
900 908
900 909
900 910
900 912
900 914
900 915
900 916
900 917
900 918
900 919
900 920
900 924
900 926
900 927
900 930
900 931
900 932
900 933
900 935
900 941
900 942
900 943
900 944
900 945
900 946
900 947
900 948
900 950
900 951
900 953
900 955
900 957
900 958
900 960
900 962
900 963
900 964
900 965
900 966
900 967
900 968
900 972
900 973
900 974
900 975
900 976
900 978
900 979
900 982
900 985
900 986
900 988
900 990
900 991
900 994
900 995
900 997
900 998
900 999
901 904
901 905
901 907
901 909
901 911
901 913
901 915
901 916
901 918
901 919
901 920
901 922
901 924
901 925
901 928
901 934
901 935
901 936
901 937
901 939
901 941
901 942
901 943
901 944
901 948
901 951
901 954
901 955
901 956
901 957
901 958
901 959
901 960
901 961
901 962
901 964
901 965
901 966
901 967
901 969
901 970
901 971
901 972
901 973
901 974
901 975
901 976
901 977
901 979
901 980
901 981
901 982
901 983
901 984
901 985
901 986
901 987
901 988
901 989
901 990
901 992
901 993
901 994
901 996
901 997
901 998
901 999
902 903
902 904
902 905
902 906
902 907
902 908
902 909
902 911
902 912
902 913
902 914
902 916
902 917
902 919
902 920
902 921
902 922
902 923
902 924
902 926
902 927
902 928
902 930
902 931
902 932
902 934
902 937
902 938
902 939
902 940
902 941
902 943
902 945
902 946
902 949
902 950
902 951
902 952
902 953
902 954
902 957
902 958
902 960
902 962
902 963
902 964
902 965
902 966
902 967
902 968
902 971
902 973
902 976
902 977
902 979
902 981
902 983
902 984
902 985
902 986
902 987
902 988
902 990
902 991
902 993
902 994
902 995
902 996
902 998
903 904
903 909
903 911
903 914
903 915
903 917
903 918
903 922
903 923
903 924
903 925
903 926
903 928
903 931
903 932
903 933
903 935
903 938
903 939
903 940
903 943
903 944
903 945
903 946
903 947
903 948
903 949
903 950
903 951
903 953
903 954
903 955
903 958
903 959
903 960
903 961
903 962
903 963
903 964
903 966
903 967
903 968
903 969
903 970
903 972
903 973
903 974
903 975
903 977
903 978
903 979
903 982
903 983
903 984
903 985
903 986
903 987
903 989
903 991
903 992
903 993
903 994
903 995
903 996
903 997
903 998
904 906
904 907
904 908
904 909
904 910
904 911
904 914
904 916
904 919
904 920
904 921
904 922
904 923
904 924
904 927
904 929
904 931
904 932
904 933
904 934
904 935
904 936
904 937
904 938
904 939
904 943
904 945
904 946
904 947
904 948
904 949
904 950
904 951
904 952
904 953
904 954
904 955
904 956
904 957
904 958
904 959
904 960
904 961
904 963
904 964
904 965
904 968
904 970
904 971
904 972
904 973
904 974
904 975
904 977
904 978
904 979
904 980
904 981
904 982
904 984
904 986
904 988
904 989
904 990
904 991
904 992
904 994
904 995
904 997
904 998
904 999
905 907
905 908
905 909
905 911
905 912
905 914
905 917
905 918
905 920
905 921
905 922
905 925
905 926
905 928
905 929
905 935
905 936
905 937
905 939
905 940
905 941
905 943
905 944
905 945
905 947
905 948
905 949
905 950
905 951
905 952
905 954
905 955
905 956
905 957
905 958
905 960
905 961
905 963
905 964
905 965
905 966
905 967
905 968
905 969
905 970
905 971
905 973
905 974
905 975
905 976
905 977
905 980
905 982
905 983
905 984
905 985
905 986
905 989
905 991
905 992
905 993
905 995
905 996
905 997
905 998
906 907
906 909
906 912
906 913
906 914
906 915
906 916
906 917
906 918
906 919
906 920
906 921
906 922
906 923
906 927
906 930
906 932
906 934
906 935
906 937
906 939
906 940
906 941
906 942
906 943
906 945
906 946
906 947
906 948
906 952
906 953
906 956
906 957
906 959
906 961
906 963
906 964
906 965
906 967
906 968
906 969
906 970
906 971
906 972
906 973
906 975
906 976
906 978
906 979
906 980
906 982
906 983
906 984
906 985
906 987
906 988
906 989
906 994
906 995
906 996
906 997
906 999
907 908
907 909
907 910
907 911
907 912
907 913
907 914
907 917
907 918
907 922
907 923
907 924
907 925
907 928
907 929
907 930
907 931
907 932
907 935
907 936
907 937
907 941
907 942
907 943
907 945
907 947
907 948
907 949
907 951
907 952
907 953
907 954
907 957
907 959
907 960
907 961
907 962
907 963
907 964
907 965
907 967
907 968
907 969
907 970
907 971
907 972
907 973
907 974
907 975
907 977
907 979
907 980
907 981
907 983
907 984
907 985
907 987
907 988
907 989
907 990
907 993
907 994
907 995
907 996
907 998
907 999
908 910
908 911
908 912
908 915
908 916
908 917
908 920
908 921
908 923
908 925
908 926
908 928
908 929
908 930
908 932
908 933
908 934
908 936
908 937
908 938
908 939
908 940
908 941
908 942
908 943
908 944
908 945
908 946
908 947
908 948
908 949
908 950
908 952
908 954
908 958
908 959
908 962
908 963
908 964
908 965
908 969
908 970
908 971
908 974
908 975
908 977
908 978
908 979
908 983
908 985
908 986
908 987
908 988
908 990
908 992
908 993
908 994
908 995
908 996
908 997
908 998
908 999
909 910
909 912
909 913
909 914
909 915
909 916
909 918
909 919
909 920
909 921
909 922
909 923
909 924
909 927
909 929
909 930
909 932
909 933
909 936
909 937
909 938
909 940
909 943
909 944
909 945
909 946
909 947
909 948
909 949
909 950
909 951
909 952
909 953
909 954
909 957
909 959
909 960
909 961
909 962
909 963
909 964
909 966
909 967
909 970
909 971
909 974
909 977
909 979
909 980
909 982
909 983
909 984
909 985
909 986
909 988
909 990
909 991
909 993
909 994
909 995
909 996
909 997
909 998
909 999
910 911
910 912
910 913
910 914
910 916
910 918
910 919
910 920
910 922
910 923
910 929
910 930
910 931
910 932
910 933
910 935
910 937
910 938
910 940
910 941
910 943
910 944
910 945
910 946
910 948
910 949
910 950
910 951
910 955
910 956
910 958
910 959
910 960
910 964
910 965
910 968
910 970
910 972
910 973
910 974
910 976
910 978
910 980
910 983
910 985
910 987
910 988
910 989
910 991
910 993
910 994
910 995
910 996
910 997
910 998
910 999
911 912
911 916
911 917
911 919
911 920
911 922
911 923
911 924
911 925
911 926
911 932
911 933
911 934
911 938
911 940
911 941
911 943
911 944
911 945
911 947
911 950
911 953
911 954
911 955
911 956
911 957
911 958
911 961
911 962
911 963
911 964
911 965
911 966
911 967
911 968
911 970
911 971
911 972
911 973
911 974
911 975
911 976
911 977
911 978
911 980
911 981
911 982
911 983
911 985
911 986
911 988
911 989
911 990
911 991
911 994
911 996
911 997
911 998
911 999
912 913
912 914
912 915
912 916
912 919
912 920
912 921
912 923
912 924
912 925
912 926
912 927
912 928
912 930
912 932
912 933
912 934
912 935
912 936
912 938
912 941
912 942
912 943
912 944
912 945
912 946
912 947
912 948
912 949
912 950
912 951
912 953
912 955
912 956
912 957
912 958
912 959
912 960
912 961
912 962
912 963
912 965
912 966
912 967
912 968
912 970
912 973
912 974
912 975
912 977
912 978
912 979
912 980
912 981
912 982
912 983
912 986
912 988
912 990
912 991
912 992
912 993
912 994
912 996
912 999
913 914
913 915
913 916
913 917
913 919
913 921
913 922
913 923
913 925
913 927
913 928
913 929
913 930
913 932
913 933
913 934
913 937
913 938
913 939
913 940
913 941
913 942
913 944
913 945
913 946
913 947
913 950
913 951
913 952
913 953
913 954
913 955
913 956
913 958
913 959
913 961
913 962
913 964
913 965
913 966
913 967
913 968
913 969
913 970
913 974
913 975
913 976
913 977
913 979
913 980
913 981
913 983
913 984
913 985
913 986
913 988
913 989
913 991
913 992
913 993
913 994
913 995
913 996
913 997
913 998
913 999
914 917
914 918
914 919
914 922
914 923
914 924
914 926
914 928
914 929
914 930
914 931
914 932
914 933
914 934
914 936
914 938
914 940
914 941
914 942
914 943
914 944
914 946
914 947
914 948
914 949
914 950
914 951
914 952
914 953
914 955
914 957
914 958
914 960
914 961
914 962
914 965
914 966
914 968
914 969
914 971
914 972
914 974
914 975
914 976
914 977
914 978
914 979
914 980
914 982
914 983
914 985
914 986
914 987
914 988
914 989
914 991
914 994
914 996
914 997
914 998
915 919
915 922
915 923
915 924
915 925
915 926
915 927
915 928
915 931
915 934
915 935
915 936
915 938
915 939
915 944
915 946
915 947
915 949
915 950
915 952
915 953
915 954
915 956
915 957
915 958
915 959
915 960
915 961
915 962
915 963
915 964
915 969
915 970
915 972
915 974
915 976
915 979
915 980
915 982
915 983
915 984
915 985
915 986
915 987
915 988
915 989
915 990
915 991
915 992
915 995
915 998
916 920
916 921
916 922
916 923
916 924
916 925
916 926
916 927
916 929
916 930
916 932
916 934
916 936
916 938
916 939
916 940
916 941
916 942
916 943
916 946
916 948
916 950
916 952
916 955
916 956
916 957
916 958
916 960
916 961
916 962
916 964
916 965
916 966
916 968
916 970
916 971
916 972
916 973
916 974
916 975
916 976
916 978
916 979
916 980
916 981
916 982
916 983
916 984
916 986
916 987
916 989
916 991
916 992
916 994
916 995
916 997
916 998
916 999
917 918
917 920
917 922
917 923
917 925
917 929
917 930
917 931
917 932
917 933
917 936
917 937
917 939
917 940
917 942
917 944
917 945
917 946
917 947
917 948
917 949
917 950
917 951
917 953
917 954
917 955
917 956
917 958
917 959
917 960
917 961
917 962
917 963
917 964
917 965
917 966
917 967
917 968
917 969
917 970
917 972
917 973
917 974
917 975
917 977
917 978
917 979
917 981
917 985
917 987
917 988
917 989
917 990
917 991
917 992
917 993
917 994
917 996
917 999
918 919
918 920
918 923
918 925
918 927
918 929
918 930
918 931
918 932
918 933
918 934
918 935
918 936
918 937
918 939
918 940
918 943
918 945
918 947
918 948
918 949
918 950
918 951
918 953
918 954
918 955
918 956
918 959
918 960
918 961
918 965
918 966
918 967
918 968
918 975
918 976
918 977
918 978
918 979
918 980
918 982
918 984
918 985
918 987
918 988
918 989
918 990
918 992
918 993
918 994
918 995
918 996
918 997
918 998
918 999
919 924
919 925
919 926
919 927
919 928
919 930
919 931
919 932
919 936
919 939
919 940
919 941
919 942
919 944
919 947
919 948
919 949
919 951
919 952
919 953
919 956
919 958
919 960
919 961
919 962
919 963
919 965
919 966
919 967
919 968
919 970
919 972
919 973
919 975
919 976
919 977
919 979
919 980
919 981
919 982
919 984
919 985
919 986
919 988
919 989
919 990
919 991
919 992
919 993
919 995
919 996
919 997
919 998
920 921
920 924
920 927
920 929
920 933
920 940
920 941
920 942
920 943
920 944
920 945
920 946
920 949
920 951
920 952
920 957
920 958
920 959
920 960
920 961
920 962
920 963
920 964
920 965
920 967
920 968
920 970
920 971
920 972
920 973
920 974
920 975
920 980
920 982
920 983
920 984
920 985
920 986
920 987
920 988
920 989
920 991
920 992
920 993
920 994
920 997
921 924
921 925
921 927
921 928
921 929
921 930
921 931
921 932
921 933
921 934
921 936
921 937
921 938
921 941
921 942
921 943
921 944
921 945
921 946
921 947
921 948
921 949
921 950
921 951
921 952
921 953
921 956
921 957
921 958
921 959
921 960
921 961
921 962
921 963
921 965
921 969
921 971
921 972
921 974
921 975
921 978
921 979
921 980
921 981
921 982
921 983
921 984
921 985
921 988
921 989
921 990
921 993
921 994
921 995
921 996
921 997
921 998
922 924
922 925
922 926
922 928
922 929
922 930
922 931
922 932
922 933
922 934
922 935
922 936
922 939
922 940
922 941
922 943
922 944
922 945
922 946
922 947
922 948
922 951
922 952
922 953
922 954
922 956
922 957
922 960
922 961
922 962
922 963
922 964
922 965
922 966
922 967
922 969
922 970
922 974
922 975
922 976
922 980
922 981
922 982
922 983
922 984
922 987
922 988
922 989
922 990
922 991
922 993
922 994
922 995
922 996
922 998
922 999
923 924
923 925
923 926
923 927
923 929
923 930
923 931
923 932
923 933
923 934
923 935
923 936
923 937
923 938
923 939
923 941
923 942
923 945
923 949
923 951
923 954
923 955
923 956
923 957
923 958
923 959
923 961
923 962
923 964
923 965
923 966
923 967
923 968
923 969
923 970
923 973
923 975
923 976
923 977
923 978
923 979
923 981
923 982
923 983
923 984
923 985
923 986
923 987
923 988
923 989
923 990
923 991
923 992
923 994
923 995
923 996
923 997
923 998
923 999
924 926
924 929
924 931
924 932
924 933
924 934
924 935
924 938
924 939
924 940
924 941
924 942
924 943
924 944
924 946
924 947
924 948
924 949
924 950
924 951
924 952
924 953
924 954
924 955
924 959
924 960
924 961
924 962
924 965
924 967
924 968
924 970
924 972
924 973
924 974
924 975
924 976
924 977
924 978
924 981
924 987
924 988
924 991
924 994
924 995
924 996
924 997
924 998
924 999
925 926
925 928
925 930
925 931
925 932
925 936
925 938
925 942
925 943
925 944
925 946
925 948
925 949
925 950
925 951
925 955
925 956
925 957
925 960
925 961
925 962
925 963
925 965
925 966
925 967
925 968
925 970
925 974
925 976
925 979
925 980
925 981
925 982
925 983
925 985
925 988
925 994
925 995
925 996
925 998
925 999
926 928
926 929
926 930
926 931
926 934
926 935
926 937
926 939
926 940
926 941
926 942
926 943
926 944
926 946
926 947
926 948
926 952
926 954
926 955
926 956
926 957
926 959
926 960
926 961
926 963
926 964
926 966
926 967
926 968
926 969
926 970
926 971
926 972
926 973
926 975
926 976
926 977
926 978
926 979
926 981
926 982
926 984
926 985
926 987
926 988
926 989
926 990
926 991
926 992
926 993
926 995
926 996
926 998
926 999
927 928
927 929
927 930
927 931
927 932
927 933
927 935
927 937
927 940
927 941
927 942
927 943
927 945
927 946
927 947
927 948
927 949
927 951
927 952
927 953
927 955
927 957
927 958
927 959
927 960
927 962
927 963
927 965
927 967
927 968
927 975
927 978
927 979
927 980
927 981
927 982
927 983
927 984
927 985
927 986
927 989
927 990
927 991
927 993
927 995
927 996
927 997
927 999
928 930
928 932
928 933
928 934
928 935
928 937
928 941
928 942
928 945
928 946
928 947
928 948
928 950
928 952
928 954
928 955
928 956
928 958
928 960
928 961
928 962
928 963
928 965
928 966
928 967
928 968
928 969
928 970
928 971
928 972
928 974
928 975
928 976
928 977
928 978
928 979
928 980
928 981
928 984
928 985
928 987
928 988
928 990
928 991
928 992
928 995
928 997
928 998
929 930
929 932
929 933
929 935
929 936
929 938
929 939
929 940
929 942
929 947
929 948
929 951
929 952
929 953
929 955
929 956
929 958
929 959
929 960
929 961
929 962
929 964
929 965
929 966
929 967
929 969
929 970
929 971
929 972
929 973
929 974
929 975
929 976
929 977
929 978
929 979
929 981
929 982
929 983
929 984
929 985
929 987
929 988
929 989
929 991
929 992
929 994
929 995
929 996
929 998
929 999
930 931
930 932
930 936
930 940
930 944
930 946
930 948
930 949
930 951
930 952
930 953
930 955
930 956
930 958
930 959
930 963
930 964
930 965
930 966
930 967
930 969
930 970
930 973
930 974
930 975
930 976
930 977
930 978
930 979
930 980
930 981
930 982
930 984
930 985
930 986
930 987
930 988
930 989
930 990
930 991
930 992
930 994
930 995
930 998
930 999
931 933
931 934
931 936
931 937
931 942
931 943
931 944
931 945
931 946
931 948
931 950
931 951
931 954
931 955
931 956
931 957
931 958
931 962
931 963
931 964
931 965
931 966
931 967
931 968
931 969
931 970
931 971
931 973
931 974
931 975
931 977
931 978
931 979
931 980
931 981
931 982
931 983
931 985
931 987
931 988
931 989
931 990
931 991
931 992
931 993
931 995
931 997
931 999
932 933
932 934
932 936
932 937
932 938
932 939
932 940
932 941
932 942
932 943
932 944
932 945
932 946
932 948
932 950
932 951
932 952
932 954
932 955
932 956
932 960
932 962
932 963
932 964
932 965
932 966
932 967
932 969
932 970
932 971
932 973
932 974
932 975
932 976
932 980
932 981
932 984
932 987
932 988
932 989
932 990
932 992
932 993
932 996
932 997
933 937
933 938
933 939
933 940
933 946
933 947
933 949
933 950
933 951
933 952
933 953
933 954
933 955
933 958
933 959
933 960
933 963
933 964
933 965
933 966
933 967
933 968
933 969
933 972
933 974
933 975
933 976
933 977
933 978
933 979
933 980
933 982
933 983
933 984
933 986
933 987
933 988
933 989
933 996
933 997
933 999
934 935
934 936
934 937
934 938
934 939
934 940
934 942
934 943
934 945
934 948
934 949
934 951
934 952
934 954
934 956
934 958
934 959
934 960
934 961
934 963
934 964
934 965
934 966
934 968
934 969
934 971
934 973
934 974
934 976
934 977
934 979
934 980
934 981
934 982
934 984
934 987
934 988
934 989
934 990
934 991
934 992
934 993
934 994
934 995
934 996
934 998
935 936
935 937
935 938
935 939
935 942
935 943
935 944
935 945
935 946
935 947
935 948
935 949
935 953
935 954
935 955
935 956
935 957
935 958
935 959
935 960
935 961
935 964
935 965
935 966
935 968
935 970
935 973
935 975
935 976
935 978
935 981
935 983
935 984
935 987
935 988
935 989
935 990
935 991
935 993
935 995
935 997
935 999
936 938
936 939
936 940
936 941
936 943
936 944
936 945
936 946
936 947
936 948
936 949
936 950
936 954
936 955
936 957
936 960
936 961
936 962
936 965
936 966
936 967
936 969
936 970
936 972
936 974
936 975
936 976
936 977
936 978
936 979
936 980
936 981
936 983
936 986
936 988
936 990
936 991
936 992
936 993
936 994
936 996
936 997
936 999
937 938
937 939
937 940
937 942
937 943
937 953
937 955
937 956
937 957
937 958
937 959
937 960
937 963
937 964
937 965
937 966
937 967
937 968
937 972
937 975
937 976
937 979
937 980
937 982
937 983
937 984
937 986
937 987
937 988
937 990
937 991
937 992
937 993
937 994
937 995
937 997
937 998
937 999
938 939
938 941
938 942
938 943
938 945
938 947
938 948
938 949
938 950
938 951
938 952
938 953
938 955
938 956
938 957
938 959
938 962
938 963
938 964
938 965
938 966
938 967
938 968
938 970
938 971
938 972
938 973
938 975
938 976
938 977
938 978
938 981
938 982
938 983
938 984
938 985
938 989
938 990
938 991
938 993
938 994
938 995
938 996
938 997
938 998
938 999
939 941
939 942
939 944
939 946
939 947
939 948
939 949
939 951
939 952
939 953
939 956
939 957
939 958
939 959
939 960
939 962
939 963
939 965
939 966
939 967
939 968
939 969
939 970
939 971
939 972
939 974
939 976
939 977
939 979
939 983
939 984
939 985
939 987
939 989
939 992
939 994
939 995
939 996
939 999
940 941
940 942
940 943
940 946
940 948
940 949
940 950
940 951
940 952
940 956
940 957
940 959
940 960
940 962
940 963
940 964
940 965
940 966
940 967
940 968
940 970
940 971
940 973
940 974
940 975
940 976
940 977
940 979
940 981
940 985
940 986
940 987
940 988
940 991
940 992
940 993
940 994
940 996
940 997
940 999
941 943
941 945
941 947
941 948
941 949
941 952
941 953
941 954
941 955
941 957
941 959
941 960
941 961
941 962
941 964
941 966
941 967
941 968
941 970
941 972
941 980
941 981
941 982
941 983
941 984
941 985
941 986
941 987
941 988
941 990
941 992
941 993
941 996
941 997
941 998
941 999
942 943
942 944
942 947
942 950
942 952
942 954
942 956
942 957
942 958
942 961
942 964
942 966
942 967
942 969
942 970
942 971
942 972
942 973
942 974
942 976
942 977
942 978
942 979
942 980
942 982
942 983
942 984
942 985
942 986
942 987
942 988
942 990
942 991
942 992
942 993
942 994
942 996
942 999
943 944
943 945
943 946
943 948
943 949
943 951
943 955
943 956
943 958
943 960
943 962
943 963
943 964
943 965
943 966
943 967
943 968
943 969
943 970
943 971
943 973
943 974
943 976
943 978
943 979
943 982
943 983
943 984
943 985
943 986
943 987
943 988
943 989
943 990
943 991
943 992
943 994
943 995
943 997
943 998
944 945
944 949
944 950
944 954
944 955
944 956
944 958
944 959
944 960
944 962
944 963
944 964
944 966
944 967
944 969
944 970
944 971
944 972
944 973
944 974
944 978
944 981
944 982
944 984
944 987
944 992
944 994
944 995
944 997
944 998
944 999
945 946
945 947
945 948
945 949
945 950
945 951
945 952
945 954
945 955
945 956
945 957
945 959
945 961
945 962
945 964
945 965
945 966
945 967
945 968
945 969
945 970
945 971
945 972
945 973
945 974
945 975
945 976
945 977
945 978
945 979
945 980
945 981
945 982
945 983
945 984
945 985
945 987
945 988
945 990
945 991
945 992
945 993
945 994
945 996
945 997
946 947
946 948
946 949
946 950
946 951
946 953
946 956
946 958
946 959
946 960
946 962
946 963
946 964
946 965
946 966
946 968
946 969
946 970
946 971
946 972
946 973
946 977
946 979
946 981
946 982
946 983
946 984
946 985
946 986
946 987
946 988
946 989
946 991
946 992
946 993
946 994
946 998
947 948
947 951
947 952
947 958
947 960
947 961
947 963
947 964
947 965
947 966
947 967
947 968
947 971
947 973
947 974
947 976
947 977
947 979
947 981
947 982
947 984
947 985
947 986
947 987
947 988
947 989
947 990
947 991
947 992
947 993
947 994
947 996
948 949
948 951
948 952
948 953
948 954
948 955
948 956
948 957
948 958
948 960
948 961
948 963
948 965
948 966
948 967
948 970
948 971
948 972
948 973
948 975
948 976
948 977
948 978
948 983
948 985
948 987
948 988
948 989
948 990
948 991
948 992
948 993
948 994
948 995
948 996
948 997
949 950
949 953
949 954
949 955
949 957
949 959
949 961
949 962
949 965
949 966
949 967
949 968
949 969
949 970
949 971
949 972
949 973
949 975
949 977
949 978
949 980
949 981
949 982
949 983
949 984
949 985
949 987
949 989
949 990
949 993
949 995
949 996
949 997
949 998
950 951
950 952
950 955
950 956
950 959
950 960
950 962
950 963
950 964
950 965
950 966
950 968
950 969
950 970
950 972
950 973
950 974
950 975
950 976
950 979
950 981
950 983
950 986
950 987
950 989
950 990
950 991
950 993
950 994
950 995
950 996
950 998
950 999
951 952
951 953
951 954
951 955
951 956
951 958
951 959
951 961
951 962
951 965
951 968
951 971
951 972
951 973
951 974
951 975
951 977
951 978
951 979
951 982
951 983
951 985
951 986
951 988
951 993
951 994
951 996
951 997
951 999
952 953
952 954
952 958
952 959
952 960
952 963
952 965
952 966
952 967
952 968
952 970
952 971
952 973
952 975
952 977
952 978
952 979
952 980
952 982
952 983
952 984
952 985
952 986
952 988
952 990
952 991
952 993
952 995
952 996
952 998
953 954
953 955
953 956
953 957
953 959
953 960
953 961
953 962
953 963
953 964
953 965
953 966
953 968
953 969
953 970
953 971
953 973
953 974
953 976
953 977
953 978
953 979
953 981
953 983
953 984
953 986
953 988
953 989
953 992
953 994
953 995
953 996
953 997
953 998
953 999
954 955
954 956
954 958
954 959
954 960
954 961
954 962
954 964
954 966
954 967
954 968
954 971
954 972
954 973
954 974
954 975
954 978
954 980
954 981
954 982
954 983
954 984
954 985
954 986
954 987
954 989
954 992
954 994
954 995
954 996
954 997
954 999
955 956
955 957
955 958
955 959
955 960
955 961
955 963
955 964
955 965
955 968
955 969
955 970
955 972
955 973
955 974
955 975
955 977
955 978
955 979
955 981
955 983
955 984
955 985
955 986
955 987
955 988
955 989
955 990
955 991
955 992
955 993
955 994
955 995
955 996
955 998
956 959
956 960
956 961
956 963
956 967
956 968
956 969
956 970
956 971
956 973
956 974
956 975
956 977
956 978
956 981
956 982
956 985
956 986
956 987
956 988
956 991
956 992
956 994
956 995
956 996
956 997
956 998
956 999
957 958
957 959
957 961
957 963
957 965
957 966
957 968
957 969
957 970
957 972
957 973
957 974
957 975
957 977
957 979
957 980
957 981
957 982
957 987
957 988
957 989
957 990
957 995
957 996
957 997
957 998
957 999
958 959
958 961
958 962
958 963
958 964
958 965
958 967
958 968
958 969
958 971
958 972
958 973
958 975
958 976
958 977
958 978
958 979
958 980
958 982
958 983
958 984
958 985
958 986
958 987
958 988
958 989
958 990
958 991
958 993
958 995
958 996
958 997
958 998
958 999
959 960
959 961
959 962
959 964
959 965
959 967
959 968
959 969
959 972
959 974
959 976
959 977
959 978
959 979
959 980
959 981
959 982
959 983
959 986
959 987
959 988
959 989
959 990
959 992
959 994
959 995
959 996
959 997
959 998
960 962
960 964
960 965
960 971
960 972
960 973
960 975
960 977
960 978
960 979
960 981
960 983
960 985
960 987
960 988
960 990
960 991
960 993
960 994
960 995
960 996
960 998
960 999
961 962
961 965
961 966
961 967
961 968
961 969
961 970
961 971
961 972
961 973
961 977
961 978
961 979
961 980
961 981
961 982
961 983
961 985
961 987
961 990
961 992
961 993
961 995
961 996
961 997
961 998
961 999
962 963
962 964
962 965
962 966
962 967
962 969
962 971
962 972
962 974
962 975
962 976
962 977
962 978
962 979
962 980
962 982
962 983
962 984
962 987
962 988
962 989
962 991
962 992
962 994
962 995
962 996
962 999
963 965
963 966
963 967
963 971
963 973
963 975
963 976
963 978
963 979
963 980
963 981
963 982
963 984
963 985
963 986
963 987
963 988
963 993
963 994
963 995
963 996
963 997
963 998
963 999
964 965
964 966
964 967
964 968
964 969
964 970
964 971
964 972
964 975
964 976
964 977
964 980
964 981
964 982
964 983
964 984
964 985
964 986
964 987
964 988
964 989
964 990
964 991
964 992
964 993
964 995
965 966
965 967
965 969
965 972
965 974
965 975
965 976
965 978
965 979
965 980
965 981
965 982
965 983
965 984
965 986
965 987
965 988
965 989
965 990
965 991
965 995
965 998
965 999
966 969
966 970
966 972
966 973
966 974
966 976
966 977
966 978
966 982
966 983
966 985
966 987
966 988
966 990
966 991
966 992
966 993
966 994
966 996
966 999
967 968
967 969
967 971
967 973
967 975
967 976
967 978
967 979
967 982
967 984
967 986
967 987
967 989
967 991
967 993
967 994
967 995
967 996
967 997
967 998
967 999
968 970
968 973
968 978
968 979
968 980
968 981
968 982
968 983
968 984
968 985
968 988
968 989
968 990
968 993
968 994
968 995
968 998
968 999
969 970
969 971
969 972
969 973
969 974
969 975
969 976
969 977
969 978
969 980
969 983
969 984
969 985
969 986
969 987
969 988
969 989
969 990
969 991
969 995
969 996
969 997
969 999
970 971
970 972
970 974
970 976
970 978
970 982
970 984
970 985
970 986
970 988
970 989
970 990
970 991
970 993
970 994
970 995
970 999
971 972
971 973
971 974
971 975
971 976
971 977
971 978
971 979
971 980
971 982
971 984
971 985
971 987
971 990
971 991
971 992
971 993
971 994
971 996
971 997
971 999
972 974
972 975
972 976
972 977
972 978
972 979
972 980
972 981
972 982
972 983
972 985
972 986
972 987
972 988
972 991
972 992
972 993
972 994
972 995
972 997
972 999
973 975
973 977
973 980
973 981
973 983
973 984
973 985
973 987
973 988
973 989
973 990
973 993
973 994
973 996
973 998
974 977
974 978
974 979
974 980
974 986
974 987
974 988
974 990
974 991
974 992
974 994
974 995
974 997
974 999
975 976
975 977
975 978
975 979
975 980
975 981
975 982
975 983
975 984
975 987
975 988
975 991
975 992
975 993
975 994
975 996
975 998
975 999
976 978
976 979
976 980
976 982
976 983
976 985
976 986
976 987
976 988
976 989
976 990
976 991
976 992
976 995
976 996
976 997
976 998
976 999
977 978
977 980
977 981
977 982
977 983
977 984
977 985
977 987
977 989
977 991
977 992
977 993
977 994
977 995
977 996
977 997
977 999
978 979
978 980
978 981
978 982
978 983
978 985
978 986
978 988
978 989
978 990
978 993
978 994
978 996
978 997
978 998
978 999
979 980
979 981
979 982
979 983
979 984
979 985
979 987
979 988
979 989
979 990
979 991
979 994
979 995
979 998
979 999
980 981
980 982
980 983
980 984
980 985
980 987
980 990
980 992
980 993
980 995
980 996
980 997
980 998
980 999
981 983
981 984
981 985
981 986
981 987
981 989
981 990
981 991
981 992
981 994
981 995
981 996
981 998
981 999
982 984
982 985
982 986
982 987
982 988
982 989
982 991
982 992
982 994
982 995
982 996
982 998
982 999
983 984
983 985
983 986
983 987
983 989
983 990
983 991
983 992
983 993
983 997
983 998
983 999
984 987
984 988
984 989
984 990
984 991
984 992
984 993
984 997
984 998
985 986
985 987
985 989
985 990
985 991
985 995
985 996
985 997
985 998
985 999
986 989
986 990
986 991
986 992
986 993
986 994
986 997
986 998
986 999
987 989
987 991
987 992
987 993
987 994
987 995
987 997
987 999
988 989
988 992
988 993
988 994
988 995
988 996
988 998
988 999
989 990
989 991
989 995
989 996
989 997
989 999
990 991
990 992
990 993
990 994
990 995
990 997
990 998
990 999
991 992
991 993
991 994
991 996
991 999
992 994
992 995
992 996
992 997
992 998
993 994
993 995
993 997
993 999
994 995
994 996
994 997
994 998
994 999
995 996
995 998
995 999
996 997
996 998
996 999
997 999
